{"type":"FeatureCollection","name":"buildings","features":[{"type":"Feature","id":"way/122023873","properties":{"id":"way/122023873","name":"Stable","class":"outbuilding","building":"shed","ground_elevation_m":32.97,"height_m":8.2,"height_source":"USGS 3DEP lidar VA_NorthernVA_1_B22","height_confidence":"high","height_surveyed":true,"roof_form":"pitched","roof_spread_m":4.35,"source":"openstreetmap","source_date":"2026-09-11","confidence":"medium","surveyed":false},"geometry":{"type":"Polygon","coordinates":[[[-77.0873021,38.707542],[-77.0872144,38.7075],[-77.0871349,38.7074619],[-77.0870659,38.7074289],[-77.0869888,38.7075269],[-77.087225,38.7076401],[-77.0873021,38.707542]]]}},{"type":"Feature","id":"way/122023877","properties":{"id":"way/122023877","name":"Donald W. Reynolds Museum & Education Center","class":"building","building":"yes","ground_elevation_m":35.47,"height_m":3.7,"height_source":"USGS 3DEP lidar VA_NorthernVA_1_B22","height_confidence":"high","height_surveyed":true,"roof_form":"pitched","roof_spread_m":2.09,"source":"openstreetmap","source_date":"2026-09-11","confidence":"medium","surveyed":false},"geometry":{"type":"Polygon","coordinates":[[[-77.0878387,38.7101593],[-77.0876538,38.710189],[-77.0876084,38.7101948],[-77.0875557,38.7099865],[-77.0876127,38.7099777],[-77.0876807,38.7099673],[-77.087786,38.709951],[-77.0878387,38.7101593]]]}},{"type":"Feature","id":"way/189853023","properties":{"id":"way/189853023","name":"Mount Vernon Mansion","class":"residence","building":"detached","ground_elevation_m":38.15,"height_m":10.5,"height_source":"USGS 3DEP lidar VA_NorthernVA_1_B22","height_confidence":"high","height_surveyed":true,"roof_form":"pitched","roof_spread_m":3.35,"source":"openstreetmap","source_date":"2026-09-11","confidence":"medium","surveyed":false},"geometry":{"type":"Polygon","coordinates":[[[-77.0861174,38.7081052],[-77.0860979,38.7080962],[-77.0859962,38.7080447],[-77.0859755,38.7080343],[-77.0861554,38.7078152],[-77.0862025,38.7078389],[-77.0862714,38.7078732],[-77.0862972,38.7078861],[-77.0862851,38.7079009],[-77.0861716,38.7080392],[-77.0861311,38.7080885],[-77.0861174,38.7081052]]]}},{"type":"Feature","id":"way/189853024","properties":{"id":"way/189853024","name":"Greenhouse and Slave Quarters","class":"building","building":"yes","ground_elevation_m":38.27,"height_m":8.7,"height_source":"USGS 3DEP lidar VA_NorthernVA_1_B22","height_confidence":"high","height_surveyed":true,"roof_form":"pitched","roof_spread_m":5.14,"source":"openstreetmap","source_date":"2026-09-11","confidence":"medium","surveyed":false},"geometry":{"type":"Polygon","coordinates":[[[-77.086668,38.7092329],[-77.0861312,38.7089627],[-77.0861709,38.708914],[-77.0863751,38.7090153],[-77.0863902,38.7089997],[-77.0864543,38.7090277],[-77.0865189,38.7090628],[-77.0865065,38.7090754],[-77.0866236,38.7091351],[-77.0867103,38.7091795],[-77.086668,38.7092329]]]}},{"type":"Feature","id":"way/189853025","properties":{"id":"way/189853025","name":"Ann Pamela Cunningham Administration Building","class":"building","building":"yes","ground_elevation_m":37.88,"height_m":7.9,"height_source":"USGS 3DEP lidar VA_NorthernVA_1_B22","height_confidence":"high","height_surveyed":true,"roof_form":"pitched","roof_spread_m":3.18,"source":"openstreetmap","source_date":"2026-09-11","confidence":"medium","surveyed":false},"geometry":{"type":"Polygon","coordinates":[[[-77.0858664,38.7096863],[-77.0857866,38.7097763],[-77.0855776,38.7096741],[-77.0857691,38.7094493],[-77.0858568,38.7093442],[-77.0859614,38.709219],[-77.0860277,38.7092527],[-77.0860468,38.7092299],[-77.0859443,38.7091778],[-77.0859968,38.709115],[-77.0865413,38.7093919],[-77.0864882,38.7094554],[-77.0863547,38.7093875],[-77.0863402,38.7094049],[-77.0862475,38.7093577],[-77.0862037,38.7094102],[-77.0861189,38.7093671],[-77.0861832,38.7092901],[-77.0861134,38.7092546],[-77.0860409,38.7093415],[-77.0860822,38.7093626],[-77.0859272,38.7095481],[-77.0860112,38.7095908],[-77.0859801,38.709628],[-77.0858993,38.7095869],[-77.0858278,38.709666],[-77.0858664,38.7096863]]]}},{"type":"Feature","id":"way/232603468","properties":{"id":"way/232603468","name":null,"class":"outbuilding","building":"shed","ground_elevation_m":39.98,"height_m":3.8,"height_source":"USGS 3DEP lidar VA_NorthernVA_1_B22","height_confidence":"low","height_surveyed":false,"roof_form":"flat","roof_spread_m":0.69,"source":"openstreetmap","source_date":"2026-09-11","confidence":"medium","surveyed":false},"geometry":{"type":"Polygon","coordinates":[[[-77.0838911,38.7100203],[-77.0839229,38.7099786],[-77.0838519,38.7099455],[-77.08382,38.7099872],[-77.0838911,38.7100203]]]}},{"type":"Feature","id":"way/232603472","properties":{"id":"way/232603472","name":null,"class":"building","building":"yes","ground_elevation_m":25.92,"height_m":5.4,"height_source":"USGS 3DEP lidar VA_NorthernVA_1_B22","height_confidence":"high","height_surveyed":true,"roof_form":"pitched","roof_spread_m":2.0,"source":"openstreetmap","source_date":"2026-09-11","confidence":"medium","surveyed":false},"geometry":{"type":"Polygon","coordinates":[[[-77.0884283,38.7113477],[-77.0883829,38.7112929],[-77.0882415,38.7113641],[-77.0882868,38.711419],[-77.0884283,38.7113477]]]}},{"type":"Feature","id":"way/232603477","properties":{"id":"way/232603477","name":null,"class":"outbuilding","building":"shed","ground_elevation_m":26.39,"height_m":4.3,"height_source":"USGS 3DEP lidar VA_NorthernVA_1_B22","height_confidence":"low","height_surveyed":false,"roof_form":"flat","roof_spread_m":1.14,"source":"openstreetmap","source_date":"2026-09-11","confidence":"medium","surveyed":false},"geometry":{"type":"Polygon","coordinates":[[[-77.0881642,38.7113365],[-77.088168,38.7113031],[-77.0880607,38.7112956],[-77.0880569,38.711329],[-77.0881642,38.7113365]]]}},{"type":"Feature","id":"way/232603525","properties":{"id":"way/232603525","name":null,"class":"building","building":"yes","ground_elevation_m":36.72,"height_m":null,"height_source":null,"height_confidence":null,"height_surveyed":null,"roof_form":null,"roof_spread_m":null,"source":"openstreetmap","source_date":"2026-09-11","confidence":"medium","surveyed":false},"geometry":{"type":"Polygon","coordinates":[[[-77.0876084,38.7101948],[-77.0876538,38.710189],[-77.0876645,38.7102501],[-77.0876614,38.7102979],[-77.0876488,38.7103427],[-77.0876201,38.7103922],[-77.0875779,38.7104353],[-77.0875211,38.7104697],[-77.0874597,38.7104949],[-77.087405,38.7105142],[-77.087359,38.710543],[-77.0873253,38.710571],[-77.0872786,38.7106121],[-77.0872393,38.7105861],[-77.0873255,38.7105147],[-77.087379,38.7104812],[-77.087438,38.7104602],[-77.0874943,38.7104372],[-77.0875426,38.7104079],[-77.0875774,38.7103723],[-77.0876017,38.7103305],[-77.0876123,38.7102928],[-77.087615,38.7102509],[-77.0876084,38.7101948]]]}},{"type":"Feature","id":"way/232603556","properties":{"id":"way/232603556","name":null,"class":"building","building":"yes","ground_elevation_m":29.46,"height_m":null,"height_source":null,"height_confidence":null,"height_surveyed":null,"roof_form":null,"roof_spread_m":null,"source":"openstreetmap","source_date":"2026-09-11","confidence":"medium","surveyed":false},"geometry":{"type":"Polygon","coordinates":[[[-77.0888469,38.7101946],[-77.0887928,38.7101242],[-77.0886617,38.7101856],[-77.0887158,38.710256],[-77.0888469,38.7101946]]]}},{"type":"Feature","id":"way/232603589","properties":{"id":"way/232603589","name":null,"class":"building","building":"yes","ground_elevation_m":21.95,"height_m":6.1,"height_source":"USGS 3DEP lidar VA_NorthernVA_1_B22","height_confidence":"high","height_surveyed":true,"roof_form":"pitched","roof_spread_m":3.26,"source":"openstreetmap","source_date":"2026-09-11","confidence":"medium","surveyed":false},"geometry":{"type":"Polygon","coordinates":[[[-77.0885678,38.7108962],[-77.0882575,38.7110401],[-77.0881912,38.710953],[-77.0884081,38.7108525],[-77.0883525,38.7107794],[-77.0884459,38.7107361],[-77.0885678,38.7108962]]]}},{"type":"Feature","id":"way/232603597","properties":{"id":"way/232603597","name":null,"class":"civic","building":"retail","ground_elevation_m":29.78,"height_m":7.1,"height_source":"USGS 3DEP lidar VA_NorthernVA_1_B22","height_confidence":"high","height_surveyed":true,"roof_form":"pitched","roof_spread_m":2.88,"source":"openstreetmap","source_date":"2026-09-11","confidence":"medium","surveyed":false},"geometry":{"type":"Polygon","coordinates":[[[-77.0873242,38.7111974],[-77.0870676,38.7110279],[-77.0871272,38.710973],[-77.0869523,38.7108573],[-77.0869817,38.7108302],[-77.0869574,38.7108141],[-77.0867037,38.7106465],[-77.0867909,38.7105661],[-77.0868142,38.7105447],[-77.0868584,38.710504],[-77.0869545,38.7104154],[-77.0869656,38.7104052],[-77.0872393,38.7105861],[-77.0872786,38.7106121],[-77.0873412,38.7106534],[-77.087431,38.7105806],[-77.0875652,38.7105624],[-77.0876753,38.7106352],[-77.087674,38.7107509],[-77.0876375,38.7107878],[-77.087609,38.7108165],[-77.0875481,38.710775],[-77.0874666,38.710776],[-77.0873344,38.7108978],[-77.0875564,38.7110464],[-77.0875789,38.7110615],[-77.0874263,38.7112038],[-77.0873641,38.7111606],[-77.0873242,38.7111974]]]}},{"type":"Feature","id":"way/232603600","properties":{"id":"way/232603600","name":null,"class":"building","building":"yes","ground_elevation_m":28.3,"height_m":8.1,"height_source":"USGS 3DEP lidar VA_NorthernVA_1_B22","height_confidence":"low","height_surveyed":false,"roof_form":"pitched","roof_spread_m":1.42,"source":"openstreetmap","source_date":"2026-09-11","confidence":"medium","surveyed":false},"geometry":{"type":"Polygon","coordinates":[[[-77.0887159,38.7103407],[-77.0886341,38.7102413],[-77.0885361,38.7102904],[-77.0886179,38.7103898],[-77.0887159,38.7103407]]]}},{"type":"Feature","id":"way/232603611","properties":{"id":"way/232603611","name":null,"class":"building","building":"yes","ground_elevation_m":20.44,"height_m":5.4,"height_source":"USGS 3DEP lidar VA_NorthernVA_1_B22","height_confidence":"high","height_surveyed":true,"roof_form":"pitched","roof_spread_m":2.08,"source":"openstreetmap","source_date":"2026-09-11","confidence":"medium","surveyed":false},"geometry":{"type":"Polygon","coordinates":[[[-77.0888911,38.7109575],[-77.0889209,38.7108905],[-77.0888056,38.7108593],[-77.0887758,38.7109262],[-77.0888911,38.7109575]]]}},{"type":"Feature","id":"way/232603655","properties":{"id":"way/232603655","name":null,"class":"outbuilding","building":"shed","ground_elevation_m":29.93,"height_m":2.9,"height_source":"USGS 3DEP lidar VA_NorthernVA_1_B22","height_confidence":"low","height_surveyed":false,"roof_form":"flat","roof_spread_m":0.87,"source":"openstreetmap","source_date":"2026-09-11","confidence":"medium","surveyed":false},"geometry":{"type":"Polygon","coordinates":[[[-77.0868184,38.7108309],[-77.0868625,38.7107931],[-77.0867916,38.7107427],[-77.0867475,38.7107805],[-77.0868184,38.7108309]]]}},{"type":"Feature","id":"way/232603692","properties":{"id":"way/232603692","name":null,"class":"building","building":"yes","ground_elevation_m":39.66,"height_m":2.9,"height_source":"USGS 3DEP lidar VA_NorthernVA_1_B22","height_confidence":"low","height_surveyed":false,"roof_form":"flat","roof_spread_m":0.15,"source":"openstreetmap","source_date":"2026-09-11","confidence":"medium","surveyed":false},"geometry":{"type":"Polygon","coordinates":[[[-77.0836843,38.7103006],[-77.0837587,38.7101768],[-77.08368,38.710148],[-77.0836056,38.7102718],[-77.0836843,38.7103006]]]}},{"type":"Feature","id":"way/232603699","properties":{"id":"way/232603699","name":null,"class":"outbuilding","building":"garage","ground_elevation_m":40.69,"height_m":4.1,"height_source":"USGS 3DEP lidar VA_NorthernVA_1_B22","height_confidence":"high","height_surveyed":true,"roof_form":"flat","roof_spread_m":0.94,"source":"openstreetmap","source_date":"2026-09-11","confidence":"medium","surveyed":false},"geometry":{"type":"Polygon","coordinates":[[[-77.084283,38.7104175],[-77.0843548,38.7103328],[-77.0843051,38.7103072],[-77.0842333,38.7103918],[-77.084283,38.7104175]]]}},{"type":"Feature","id":"way/232605851","properties":{"id":"way/232605851","name":"Spinning House and Overseer's Quarters","class":"outbuilding","building":"shed","ground_elevation_m":37.98,"height_m":7.6,"height_source":"USGS 3DEP lidar VA_NorthernVA_1_B22","height_confidence":"high","height_surveyed":true,"roof_form":"pitched","roof_spread_m":2.78,"source":"openstreetmap","source_date":"2026-09-11","confidence":"medium","surveyed":false},"geometry":{"type":"Polygon","coordinates":[[[-77.086155,38.7086175],[-77.0862291,38.7085225],[-77.0861658,38.7084925],[-77.0860917,38.7085874],[-77.086155,38.7086175]]]}},{"type":"Feature","id":"way/232605852","properties":{"id":"way/232605852","name":null,"class":"outbuilding","building":"garage","ground_elevation_m":27.8,"height_m":3.5,"height_source":"USGS 3DEP lidar VA_NorthernVA_1_B22","height_confidence":"low","height_surveyed":false,"roof_form":"flat","roof_spread_m":0.8,"source":"openstreetmap","source_date":"2026-09-11","confidence":"medium","surveyed":false},"geometry":{"type":"Polygon","coordinates":[[[-77.0931869,38.7118481],[-77.0932173,38.7118013],[-77.0931029,38.711756],[-77.0930725,38.7118027],[-77.0931869,38.7118481]]]}},{"type":"Feature","id":"way/232605853","properties":{"id":"way/232605853","name":"Wash House","class":"outbuilding","building":"shed","ground_elevation_m":35.99,"height_m":5.9,"height_source":"USGS 3DEP lidar VA_NorthernVA_1_B22","height_confidence":"low","height_surveyed":false,"roof_form":"pitched","roof_spread_m":1.38,"source":"openstreetmap","source_date":"2026-09-11","confidence":"medium","surveyed":false},"geometry":{"type":"Polygon","coordinates":[[[-77.0868235,38.7078137],[-77.0868733,38.7077517],[-77.0868241,38.7077277],[-77.0867744,38.7077898],[-77.0868235,38.7078137]]]}},{"type":"Feature","id":"way/232605854","properties":{"id":"way/232605854","name":null,"class":"building","building":"yes","ground_elevation_m":23.89,"height_m":5.5,"height_source":"USGS 3DEP lidar VA_NorthernVA_1_B22","height_confidence":"high","height_surveyed":true,"roof_form":"pitched","roof_spread_m":2.1,"source":"openstreetmap","source_date":"2026-09-11","confidence":"medium","surveyed":false},"geometry":{"type":"Polygon","coordinates":[[[-77.0904895,38.7109538],[-77.0903445,38.7108614],[-77.0902645,38.7109378],[-77.0903742,38.7110077],[-77.0903983,38.7109848],[-77.0904336,38.7110073],[-77.0904895,38.7109538]]]}},{"type":"Feature","id":"way/232605855","properties":{"id":"way/232605855","name":null,"class":"building","building":"yes","ground_elevation_m":34.25,"height_m":12.8,"height_source":"USGS 3DEP lidar VA_NorthernVA_1_B22","height_confidence":"high","height_surveyed":true,"roof_form":"pitched","roof_spread_m":1.21,"source":"openstreetmap","source_date":"2026-09-11","confidence":"medium","surveyed":false},"geometry":{"type":"Polygon","coordinates":[[[-77.0841884,38.7125419],[-77.0841947,38.7124863],[-77.0842008,38.7124321],[-77.0840827,38.7124239],[-77.0840703,38.7125337],[-77.0841884,38.7125419]]]}},{"type":"Feature","id":"way/232605857","properties":{"id":"way/232605857","name":null,"class":"building","building":"yes","ground_elevation_m":27.1,"height_m":8.2,"height_source":"USGS 3DEP lidar VA_NorthernVA_1_B22","height_confidence":"high","height_surveyed":true,"roof_form":"pitched","roof_spread_m":3.06,"source":"openstreetmap","source_date":"2026-09-11","confidence":"medium","surveyed":false},"geometry":{"type":"Polygon","coordinates":[[[-77.0895345,38.7116366],[-77.0897042,38.7114475],[-77.089562,38.7113698],[-77.0896087,38.7113153],[-77.0896427,38.7112776],[-77.0896563,38.7112647],[-77.089505,38.7111821],[-77.0895356,38.711148],[-77.0893746,38.7110601],[-77.0892844,38.7111606],[-77.0893749,38.71121],[-77.089347,38.7112411],[-77.0893037,38.7112174],[-77.0892136,38.7113179],[-77.0891681,38.711293],[-77.0890817,38.7113892],[-77.0895345,38.7116366]]]}},{"type":"Feature","id":"way/232605859","properties":{"id":"way/232605859","name":null,"class":"building","building":"yes","ground_elevation_m":38.27,"height_m":3.3,"height_source":"USGS 3DEP lidar VA_NorthernVA_1_B22","height_confidence":"high","height_surveyed":true,"roof_form":"flat","roof_spread_m":0.36,"source":"openstreetmap","source_date":"2026-09-11","confidence":"medium","surveyed":false},"geometry":{"type":"Polygon","coordinates":[[[-77.0841155,38.7119637],[-77.084133,38.711835],[-77.0841544,38.7118373],[-77.0841459,38.7118961],[-77.0842674,38.7119068],[-77.0842637,38.7119297],[-77.0843772,38.7119395],[-77.0843749,38.7119579],[-77.0845,38.7119692],[-77.0844888,38.7120589],[-77.0844592,38.7120566],[-77.0844614,38.712036],[-77.0843399,38.7120239],[-77.0843427,38.7120006],[-77.0842327,38.7119908],[-77.084235,38.7119742],[-77.0841155,38.7119637]]]}},{"type":"Feature","id":"way/232605861","properties":{"id":"way/232605861","name":null,"class":"building","building":"yes","ground_elevation_m":15.04,"height_m":5.8,"height_source":"USGS 3DEP lidar VA_NorthernVA_1_B22","height_confidence":"high","height_surveyed":true,"roof_form":"pitched","roof_spread_m":1.85,"source":"openstreetmap","source_date":"2026-09-11","confidence":"medium","surveyed":false},"geometry":{"type":"Polygon","coordinates":[[[-77.0908196,38.7113819],[-77.0908945,38.7112537],[-77.0908028,38.7112211],[-77.0907279,38.7113493],[-77.0908196,38.7113819]]]}},{"type":"Feature","id":"way/232605862","properties":{"id":"way/232605862","name":null,"class":"building","building":"yes","ground_elevation_m":24.46,"height_m":2.0,"height_source":"USGS 3DEP lidar VA_NorthernVA_1_B22","height_confidence":"low","height_surveyed":false,"roof_form":"pitched","roof_spread_m":1.31,"source":"openstreetmap","source_date":"2026-09-11","confidence":"medium","surveyed":false},"geometry":{"type":"Polygon","coordinates":[[[-77.0902533,38.7114665],[-77.0902975,38.7114174],[-77.0899718,38.7112385],[-77.0899275,38.7112876],[-77.0902533,38.7114665]]]}},{"type":"Feature","id":"way/232605863","properties":{"id":"way/232605863","name":"Restrooms","class":"building","building":"yes","ground_elevation_m":2.87,"height_m":2.7,"height_source":"USGS 3DEP lidar VA_NorthernVA_1_B22","height_confidence":"high","height_surveyed":true,"roof_form":"pitched","roof_spread_m":1.75,"source":"openstreetmap","source_date":"2026-09-11","confidence":"medium","surveyed":false},"geometry":{"type":"Polygon","coordinates":[[[-77.0898224,38.7059539],[-77.0898157,38.7059015],[-77.0898073,38.7058358],[-77.0897027,38.7058439],[-77.0897178,38.7059621],[-77.0898224,38.7059539]]]}},{"type":"Feature","id":"way/232605864","properties":{"id":"way/232605864","name":null,"class":"building","building":"yes","ground_elevation_m":37.21,"height_m":4.8,"height_source":"USGS 3DEP lidar VA_NorthernVA_1_B22","height_confidence":"high","height_surveyed":true,"roof_form":"pitched","roof_spread_m":2.11,"source":"openstreetmap","source_date":"2026-09-11","confidence":"medium","surveyed":false},"geometry":{"type":"Polygon","coordinates":[[[-77.0840703,38.7125337],[-77.0840827,38.7124239],[-77.0842008,38.7124321],[-77.0842039,38.7124056],[-77.0843111,38.7124141],[-77.084314,38.7123928],[-77.0844349,38.7124022],[-77.0844419,38.7123335],[-77.0843218,38.7123242],[-77.084319,38.7123489],[-77.0842128,38.71234],[-77.0842093,38.7123667],[-77.0840589,38.712356],[-77.084038,38.7125318],[-77.0840703,38.7125337]]]}},{"type":"Feature","id":"way/232605865","properties":{"id":"way/232605865","name":null,"class":"building","building":"yes","ground_elevation_m":25.38,"height_m":4.8,"height_source":"USGS 3DEP lidar VA_NorthernVA_1_B22","height_confidence":"high","height_surveyed":true,"roof_form":"pitched","roof_spread_m":1.31,"source":"openstreetmap","source_date":"2026-09-11","confidence":"medium","surveyed":false},"geometry":{"type":"Polygon","coordinates":[[[-77.0916095,38.7122164],[-77.09166,38.7121534],[-77.0914405,38.7120463],[-77.09139,38.7121093],[-77.0916095,38.7122164]]]}},{"type":"Feature","id":"way/232605866","properties":{"id":"way/232605866","name":"Blacksmith Shop","class":"outbuilding","building":"shed","ground_elevation_m":37.66,"height_m":5.2,"height_source":"USGS 3DEP lidar VA_NorthernVA_1_B22","height_confidence":"low","height_surveyed":false,"roof_form":"pitched","roof_spread_m":1.56,"source":"openstreetmap","source_date":"2026-09-11","confidence":"medium","surveyed":false},"geometry":{"type":"Polygon","coordinates":[[[-77.0858436,38.7087287],[-77.0858811,38.7086856],[-77.0858039,38.7086447],[-77.0857664,38.7086879],[-77.0858436,38.7087287]]]}},{"type":"Feature","id":"way/232605867","properties":{"id":"way/232605867","name":"Slave Cabin","class":"building","building":"yes","ground_elevation_m":5.0,"height_m":5.7,"height_source":"USGS 3DEP lidar VA_NorthernVA_1_B22","height_confidence":"low","height_surveyed":false,"roof_form":"pitched","roof_spread_m":1.36,"source":"openstreetmap","source_date":"2026-09-11","confidence":"medium","surveyed":false},"geometry":{"type":"Polygon","coordinates":[[[-77.0908983,38.7070469],[-77.0909189,38.7069955],[-77.0908602,38.7069812],[-77.0908396,38.7070326],[-77.0908983,38.7070469]]]}},{"type":"Feature","id":"way/232605868","properties":{"id":"way/232605868","name":null,"class":"building","building":"yes","ground_elevation_m":22.99,"height_m":4.8,"height_source":"USGS 3DEP lidar VA_NorthernVA_1_B22","height_confidence":"high","height_surveyed":true,"roof_form":"flat","roof_spread_m":0.93,"source":"openstreetmap","source_date":"2026-09-11","confidence":"medium","surveyed":false},"geometry":{"type":"Polygon","coordinates":[[[-77.0907046,38.711049],[-77.0908045,38.7109565],[-77.0907369,38.710912],[-77.090637,38.7110046],[-77.0907046,38.711049]]]}},{"type":"Feature","id":"way/232605869","properties":{"id":"way/232605869","name":null,"class":"outbuilding","building":"shed","ground_elevation_m":28.09,"height_m":3.9,"height_source":"USGS 3DEP lidar VA_NorthernVA_1_B22","height_confidence":"low","height_surveyed":false,"roof_form":"flat","roof_spread_m":0.98,"source":"openstreetmap","source_date":"2026-09-11","confidence":"medium","surveyed":false},"geometry":{"type":"Polygon","coordinates":[[[-77.0924442,38.7132471],[-77.092484,38.7131977],[-77.0924106,38.7131618],[-77.0923709,38.7132112],[-77.0924442,38.7132471]]]}},{"type":"Feature","id":"way/232605870","properties":{"id":"way/232605870","name":"Pole Shelter","class":"shelter","building":"roof","ground_elevation_m":1.48,"height_m":2.3,"height_source":"USGS 3DEP lidar VA_NorthernVA_1_B22","height_confidence":"low","height_surveyed":false,"roof_form":"flat","roof_spread_m":0.73,"source":"openstreetmap","source_date":"2026-09-11","confidence":"medium","surveyed":false},"geometry":{"type":"Polygon","coordinates":[[[-77.0892203,38.7052774],[-77.0892091,38.7052156],[-77.0891624,38.7052216],[-77.0891742,38.7052825],[-77.0892203,38.7052774]]]}},{"type":"Feature","id":"way/232605871","properties":{"id":"way/232605871","name":"Servants' Hall","class":"building","building":"yes","ground_elevation_m":38.32,"height_m":7.6,"height_source":"USGS 3DEP lidar VA_NorthernVA_1_B22","height_confidence":"high","height_surveyed":true,"roof_form":"pitched","roof_spread_m":3.99,"source":"openstreetmap","source_date":"2026-09-11","confidence":"medium","surveyed":false},"geometry":{"type":"Polygon","coordinates":[[[-77.0862368,38.7082937],[-77.0862856,38.7082377],[-77.0861641,38.7081732],[-77.0861413,38.7081984],[-77.0861153,38.7082292],[-77.0862368,38.7082937]]]}},{"type":"Feature","id":"way/232605873","properties":{"id":"way/232605873","name":"Stable and Corn Crib","class":"building","building":"yes","ground_elevation_m":3.26,"height_m":5.7,"height_source":"USGS 3DEP lidar VA_NorthernVA_1_B22","height_confidence":"low","height_surveyed":false,"roof_form":"pitched","roof_spread_m":1.83,"source":"openstreetmap","source_date":"2026-09-11","confidence":"medium","surveyed":false},"geometry":{"type":"Polygon","coordinates":[[[-77.0911326,38.7066824],[-77.091125,38.7066754],[-77.0909489,38.7065117],[-77.0908994,38.7065441],[-77.0910831,38.7067148],[-77.0911326,38.7066824]]]}},{"type":"Feature","id":"way/232605874","properties":{"id":"way/232605874","name":"Wharf","class":"shelter","building":"roof","ground_elevation_m":-0.51,"height_m":8.5,"height_source":"USGS 3DEP lidar VA_NorthernVA_1_B22","height_confidence":"high","height_surveyed":true,"roof_form":"pitched","roof_spread_m":3.63,"source":"openstreetmap","source_date":"2026-09-11","confidence":"medium","surveyed":false},"geometry":{"type":"Polygon","coordinates":[[[-77.0881302,38.7048904],[-77.0881499,38.7048249],[-77.0881148,38.7047661],[-77.0880415,38.7047393],[-77.0879898,38.7047577],[-77.0879729,38.7048189],[-77.0880069,38.7048762],[-77.0880796,38.7049075],[-77.0881302,38.7048904]]]}},{"type":"Feature","id":"way/232605875","properties":{"id":"way/232605875","name":null,"class":"building","building":"yes","ground_elevation_m":24.67,"height_m":3.9,"height_source":"USGS 3DEP lidar VA_NorthernVA_1_B22","height_confidence":"low","height_surveyed":false,"roof_form":"pitched","roof_spread_m":1.63,"source":"openstreetmap","source_date":"2026-09-11","confidence":"medium","surveyed":false},"geometry":{"type":"Polygon","coordinates":[[[-77.0917252,38.7119989],[-77.0916908,38.7119349],[-77.091565,38.7119761],[-77.0915994,38.71204],[-77.0917252,38.7119989]]]}},{"type":"Feature","id":"way/232605876","properties":{"id":"way/232605876","name":null,"class":"building","building":"yes","ground_elevation_m":5.37,"height_m":4.0,"height_source":"USGS 3DEP lidar VA_NorthernVA_1_B22","height_confidence":"high","height_surveyed":true,"roof_form":"pitched","roof_spread_m":1.32,"source":"openstreetmap","source_date":"2026-09-11","confidence":"medium","surveyed":false},"geometry":{"type":"Polygon","coordinates":[[[-77.0923218,38.7091073],[-77.0923884,38.7089673],[-77.0922822,38.7089366],[-77.0922156,38.7090766],[-77.0923218,38.7091073]]]}},{"type":"Feature","id":"way/232605877","properties":{"id":"way/232605877","name":null,"class":"building","building":"yes","ground_elevation_m":16.25,"height_m":4.2,"height_source":"USGS 3DEP lidar VA_NorthernVA_1_B22","height_confidence":"high","height_surveyed":true,"roof_form":"pitched","roof_spread_m":1.62,"source":"openstreetmap","source_date":"2026-09-11","confidence":"medium","surveyed":false},"geometry":{"type":"Polygon","coordinates":[[[-77.090653,38.7116713],[-77.0907313,38.7115846],[-77.0906428,38.7115359],[-77.0905645,38.7116226],[-77.090653,38.7116713]]]}},{"type":"Feature","id":"way/232605878","properties":{"id":"way/232605878","name":"Storehouse and Clerk's Quarters","class":"outbuilding","building":"shed","ground_elevation_m":37.77,"height_m":8.5,"height_source":"USGS 3DEP lidar VA_NorthernVA_1_B22","height_confidence":"low","height_surveyed":false,"roof_form":"flat","roof_spread_m":0.63,"source":"openstreetmap","source_date":"2026-09-11","confidence":"medium","surveyed":false},"geometry":{"type":"Polygon","coordinates":[[[-77.0866494,38.7080219],[-77.0867061,38.7079527],[-77.0866521,38.7079258],[-77.0865954,38.707995],[-77.0866494,38.7080219]]]}},{"type":"Feature","id":"way/232605880","properties":{"id":"way/232605880","name":"Dung Repository","class":"shelter","building":"roof","ground_elevation_m":33.27,"height_m":4.2,"height_source":"USGS 3DEP lidar VA_NorthernVA_1_B22","height_confidence":"low","height_surveyed":false,"roof_form":"pitched","roof_spread_m":1.2,"source":"openstreetmap","source_date":"2026-09-11","confidence":"medium","surveyed":false},"geometry":{"type":"Polygon","coordinates":[[[-77.0869039,38.7074867],[-77.0869347,38.7074507],[-77.0868508,38.7074068],[-77.0868199,38.7074427],[-77.0869039,38.7074867]]]}},{"type":"Feature","id":"way/232605881","properties":{"id":"way/232605881","name":null,"class":"building","building":"yes","ground_elevation_m":25.24,"height_m":4.5,"height_source":"USGS 3DEP lidar VA_NorthernVA_1_B22","height_confidence":"high","height_surveyed":true,"roof_form":"pitched","roof_spread_m":1.91,"source":"openstreetmap","source_date":"2026-09-11","confidence":"medium","surveyed":false},"geometry":{"type":"Polygon","coordinates":[[[-77.0899429,38.7117297],[-77.0901567,38.7114947],[-77.0898991,38.7113521],[-77.0897815,38.7114814],[-77.0898504,38.7115195],[-77.0897766,38.7116006],[-77.0898949,38.7116661],[-77.0898725,38.7116907],[-77.0899429,38.7117297]]]}},{"type":"Feature","id":"way/232605882","properties":{"id":"way/232605882","name":"Gardener's House","class":"outbuilding","building":"shed","ground_elevation_m":38.16,"height_m":7.4,"height_source":"USGS 3DEP lidar VA_NorthernVA_1_B22","height_confidence":"low","height_surveyed":false,"roof_form":"pitched","roof_spread_m":1.89,"source":"openstreetmap","source_date":"2026-09-11","confidence":"medium","surveyed":false},"geometry":{"type":"Polygon","coordinates":[[[-77.0863532,38.7083691],[-77.0864106,38.7082966],[-77.0863562,38.7082704],[-77.0862988,38.7083429],[-77.0863532,38.7083691]]]}},{"type":"Feature","id":"way/232605883","properties":{"id":"way/232605883","name":null,"class":"building","building":"yes","ground_elevation_m":27.56,"height_m":3.8,"height_source":"USGS 3DEP lidar VA_NorthernVA_1_B22","height_confidence":"low","height_surveyed":false,"roof_form":"pitched","roof_spread_m":1.67,"source":"openstreetmap","source_date":"2026-09-11","confidence":"medium","surveyed":false},"geometry":{"type":"Polygon","coordinates":[[[-77.0925369,38.7121281],[-77.0926126,38.7120076],[-77.0925564,38.7119861],[-77.0924808,38.7121066],[-77.0925369,38.7121281]]]}},{"type":"Feature","id":"way/232605884","properties":{"id":"way/232605884","name":null,"class":"outbuilding","building":"shed","ground_elevation_m":5.46,"height_m":3.8,"height_source":"USGS 3DEP lidar VA_NorthernVA_1_B22","height_confidence":"low","height_surveyed":false,"roof_form":"pitched","roof_spread_m":1.32,"source":"openstreetmap","source_date":"2026-09-11","confidence":"medium","surveyed":false},"geometry":{"type":"Polygon","coordinates":[[[-77.0849473,38.7070992],[-77.0849188,38.7070522],[-77.0848716,38.7070697],[-77.0849001,38.7071166],[-77.0849473,38.7070992]]]}},{"type":"Feature","id":"way/232605885","properties":{"id":"way/232605885","name":null,"class":"outbuilding","building":"shed","ground_elevation_m":28.15,"height_m":3.7,"height_source":"USGS 3DEP lidar VA_NorthernVA_1_B22","height_confidence":"low","height_surveyed":false,"roof_form":"flat","roof_spread_m":0.83,"source":"openstreetmap","source_date":"2026-09-11","confidence":"medium","surveyed":false},"geometry":{"type":"Polygon","coordinates":[[[-77.0931056,38.7130789],[-77.0931362,38.713038],[-77.0930787,38.7130118],[-77.0930481,38.7130526],[-77.0931056,38.7130789]]]}},{"type":"Feature","id":"way/232605886","properties":{"id":"way/232605886","name":null,"class":"building","building":"yes","ground_elevation_m":37.18,"height_m":10.0,"height_source":"USGS 3DEP lidar VA_NorthernVA_1_B22","height_confidence":"high","height_surveyed":true,"roof_form":"pitched","roof_spread_m":3.03,"source":"openstreetmap","source_date":"2026-09-11","confidence":"medium","surveyed":false},"geometry":{"type":"Polygon","coordinates":[[[-77.0840119,38.7114492],[-77.0839963,38.7111741],[-77.0838555,38.711179],[-77.0838626,38.7113035],[-77.0838991,38.7113023],[-77.0839076,38.7114527],[-77.0840119,38.7114492]]]}},{"type":"Feature","id":"way/232605887","properties":{"id":"way/232605887","name":null,"class":"building","building":"yes","ground_elevation_m":23.0,"height_m":7.2,"height_source":"USGS 3DEP lidar VA_NorthernVA_1_B22","height_confidence":"high","height_surveyed":true,"roof_form":"pitched","roof_spread_m":2.44,"source":"openstreetmap","source_date":"2026-09-11","confidence":"medium","surveyed":false},"geometry":{"type":"Polygon","coordinates":[[[-77.0908294,38.7107512],[-77.0907505,38.7106832],[-77.0907266,38.7107001],[-77.0906891,38.7106678],[-77.0905712,38.710751],[-77.0906191,38.7107923],[-77.0906488,38.7107713],[-77.0907561,38.7108638],[-77.0908268,38.7108139],[-77.090788,38.7107805],[-77.0908294,38.7107512]]]}},{"type":"Feature","id":"way/232605888","properties":{"id":"way/232605888","name":null,"class":"building","building":"yes","ground_elevation_m":38.41,"height_m":7.9,"height_source":"USGS 3DEP lidar VA_NorthernVA_1_B22","height_confidence":"high","height_surveyed":true,"roof_form":"pitched","roof_spread_m":2.18,"source":"openstreetmap","source_date":"2026-09-11","confidence":"medium","surveyed":false},"geometry":{"type":"Polygon","coordinates":[[[-77.0846173,38.7120686],[-77.0846316,38.7119534],[-77.0845031,38.7119437],[-77.0845,38.7119692],[-77.0844888,38.7120589],[-77.0846173,38.7120686]]]}},{"type":"Feature","id":"way/232605889","properties":{"id":"way/232605889","name":"Interpretive Center","class":"outbuilding","building":"shed","ground_elevation_m":38.04,"height_m":8.2,"height_source":"USGS 3DEP lidar VA_NorthernVA_1_B22","height_confidence":"high","height_surveyed":true,"roof_form":"pitched","roof_spread_m":2.05,"source":"openstreetmap","source_date":"2026-09-11","confidence":"medium","surveyed":false},"geometry":{"type":"Polygon","coordinates":[[[-77.0862004,38.7087907],[-77.0862549,38.7087231],[-77.0862123,38.7087022],[-77.0860963,38.7086453],[-77.0860418,38.7087128],[-77.0861196,38.708751],[-77.0862004,38.7087907]]]}},{"type":"Feature","id":"way/232605890","properties":{"id":"way/232605890","name":null,"class":"building","building":"yes","ground_elevation_m":24.26,"height_m":6.6,"height_source":"USGS 3DEP lidar VA_NorthernVA_1_B22","height_confidence":"high","height_surveyed":true,"roof_form":"pitched","roof_spread_m":2.75,"source":"openstreetmap","source_date":"2026-09-11","confidence":"medium","surveyed":false},"geometry":{"type":"Polygon","coordinates":[[[-77.0903864,38.7113312],[-77.0903167,38.7111417],[-77.0901668,38.7111753],[-77.0902175,38.7113131],[-77.090277,38.7112998],[-77.090296,38.7113515],[-77.0903864,38.7113312]]]}},{"type":"Feature","id":"way/232605891","properties":{"id":"way/232605891","name":"Salt House","class":"outbuilding","building":"shed","ground_elevation_m":38.26,"height_m":5.2,"height_source":"USGS 3DEP lidar VA_NorthernVA_1_B22","height_confidence":"low","height_surveyed":false,"roof_form":"pitched","roof_spread_m":1.57,"source":"openstreetmap","source_date":"2026-09-11","confidence":"medium","surveyed":false},"geometry":{"type":"Polygon","coordinates":[[[-77.0862735,38.7084833],[-77.0863121,38.7084336],[-77.0862471,38.7084029],[-77.0862085,38.7084527],[-77.0862735,38.7084833]]]}},{"type":"Feature","id":"way/232605892","properties":{"id":"way/232605892","name":null,"class":"building","building":"yes","ground_elevation_m":38.25,"height_m":7.5,"height_source":"USGS 3DEP lidar VA_NorthernVA_1_B22","height_confidence":"high","height_surveyed":true,"roof_form":"pitched","roof_spread_m":2.12,"source":"openstreetmap","source_date":"2026-09-11","confidence":"medium","surveyed":false},"geometry":{"type":"Polygon","coordinates":[[[-77.0842674,38.7119068],[-77.0842756,38.7118499],[-77.0842838,38.7117935],[-77.0841623,38.7117828],[-77.0841544,38.7118373],[-77.0841459,38.7118961],[-77.0842674,38.7119068]]]}},{"type":"Feature","id":"way/232605893","properties":{"id":"way/232605893","name":null,"class":"shelter","building":"roof","ground_elevation_m":38.0,"height_m":7.2,"height_source":"USGS 3DEP lidar VA_NorthernVA_1_B22","height_confidence":"medium","height_surveyed":true,"roof_form":"pitched","roof_spread_m":3.56,"source":"openstreetmap","source_date":"2026-09-11","confidence":"medium","surveyed":false},"geometry":{"type":"Polygon","coordinates":[[[-77.0862851,38.7079009],[-77.0863091,38.7078954],[-77.0863361,38.7078932],[-77.0863644,38.7078945],[-77.0863925,38.7078999],[-77.0864124,38.7078756],[-77.0863798,38.7078678],[-77.0863508,38.7078645],[-77.0863243,38.707864],[-77.0862955,38.7078668],[-77.0862714,38.7078732],[-77.0862972,38.7078861],[-77.0862851,38.7079009]]]}},{"type":"Feature","id":"way/232605894","properties":{"id":"way/232605894","name":null,"class":"building","building":"yes","ground_elevation_m":25.1,"height_m":5.5,"height_source":"USGS 3DEP lidar VA_NorthernVA_1_B22","height_confidence":"high","height_surveyed":true,"roof_form":"pitched","roof_spread_m":2.06,"source":"openstreetmap","source_date":"2026-09-11","confidence":"medium","surveyed":false},"geometry":{"type":"Polygon","coordinates":[[[-77.0899914,38.7111081],[-77.0899461,38.7109852],[-77.0897329,38.7110332],[-77.0897465,38.71107],[-77.089704,38.7110796],[-77.089717,38.7111148],[-77.0898309,38.7110892],[-77.0898497,38.71114],[-77.0899914,38.7111081]]]}},{"type":"Feature","id":"way/232605897","properties":{"id":"way/232605897","name":null,"class":"outbuilding","building":"garage","ground_elevation_m":27.52,"height_m":3.4,"height_source":"USGS 3DEP lidar VA_NorthernVA_1_B22","height_confidence":"low","height_surveyed":false,"roof_form":"flat","roof_spread_m":0.72,"source":"openstreetmap","source_date":"2026-09-11","confidence":"medium","surveyed":false},"geometry":{"type":"Polygon","coordinates":[[[-77.0936092,38.7134556],[-77.0936451,38.7134107],[-77.0935324,38.713356],[-77.0934966,38.7134009],[-77.0936092,38.7134556]]]}},{"type":"Feature","id":"way/232605898","properties":{"id":"way/232605898","name":"16-Sided Barn","class":"building","building":"yes","ground_elevation_m":3.09,"height_m":9.9,"height_source":"USGS 3DEP lidar VA_NorthernVA_1_B22","height_confidence":"high","height_surveyed":true,"roof_form":"pitched","roof_spread_m":5.41,"source":"openstreetmap","source_date":"2026-09-11","confidence":"medium","surveyed":false},"geometry":{"type":"Polygon","coordinates":[[[-77.0913696,38.7068278],[-77.0914025,38.7068146],[-77.0914286,38.7067907],[-77.0914405,38.7067608],[-77.0914367,38.7067306],[-77.0914142,38.7067002],[-77.0913795,38.7066814],[-77.091342,38.7066754],[-77.0912972,38.7066834],[-77.0912669,38.7067015],[-77.091248,38.7067257],[-77.0912418,38.7067576],[-77.0912528,38.7067891],[-77.0912785,38.7068136],[-77.0913188,38.706829],[-77.0913696,38.7068278]]]}},{"type":"Feature","id":"way/232605899","properties":{"id":"way/232605899","name":"Oxen Paddock","class":"building","building":"yes","ground_elevation_m":23.93,"height_m":4.9,"height_source":"USGS 3DEP lidar VA_NorthernVA_1_B22","height_confidence":"low","height_surveyed":false,"roof_form":"flat","roof_spread_m":1.1,"source":"openstreetmap","source_date":"2026-09-11","confidence":"medium","surveyed":false},"geometry":{"type":"Polygon","coordinates":[[[-77.0895754,38.7076594],[-77.0896346,38.7076094],[-77.0895916,38.7075784],[-77.0895324,38.7076283],[-77.0895754,38.7076594]]]}},{"type":"Feature","id":"way/232605900","properties":{"id":"way/232605900","name":"Kitchen","class":"building","building":"yes","ground_elevation_m":38.11,"height_m":8.1,"height_source":"USGS 3DEP lidar VA_NorthernVA_1_B22","height_confidence":"high","height_surveyed":true,"roof_form":"pitched","roof_spread_m":4.04,"source":"openstreetmap","source_date":"2026-09-11","confidence":"medium","surveyed":false},"geometry":{"type":"Polygon","coordinates":[[[-77.0865159,38.7079611],[-77.0865635,38.7079026],[-77.0864402,38.7078414],[-77.0864124,38.7078756],[-77.0863925,38.7078999],[-77.0865159,38.7079611]]]}},{"type":"Feature","id":"way/232605901","properties":{"id":"way/232605901","name":null,"class":"outbuilding","building":"garage","ground_elevation_m":28.09,"height_m":5.1,"height_source":"USGS 3DEP lidar VA_NorthernVA_1_B22","height_confidence":"low","height_surveyed":false,"roof_form":"flat","roof_spread_m":0.52,"source":"openstreetmap","source_date":"2026-09-11","confidence":"medium","surveyed":false},"geometry":{"type":"Polygon","coordinates":[[[-77.0931174,38.7123146],[-77.0931858,38.7122198],[-77.0931287,38.7121947],[-77.0930602,38.7122895],[-77.0931174,38.7123146]]]}},{"type":"Feature","id":"way/232605902","properties":{"id":"way/232605902","name":null,"class":"building","building":"yes","ground_elevation_m":4.79,"height_m":6.9,"height_source":"USGS 3DEP lidar VA_NorthernVA_1_B22","height_confidence":"high","height_surveyed":true,"roof_form":"pitched","roof_spread_m":2.62,"source":"openstreetmap","source_date":"2026-09-11","confidence":"medium","surveyed":false},"geometry":{"type":"Polygon","coordinates":[[[-77.0926645,38.7089442],[-77.0926157,38.7086766],[-77.0925596,38.7086829],[-77.092549,38.7086252],[-77.0924396,38.7086374],[-77.092499,38.7089626],[-77.0926645,38.7089442]]]}},{"type":"Feature","id":"way/232605903","properties":{"id":"way/232605903","name":null,"class":"building","building":"yes","ground_elevation_m":15.69,"height_m":4.2,"height_source":"USGS 3DEP lidar VA_NorthernVA_1_B22","height_confidence":"high","height_surveyed":true,"roof_form":"flat","roof_spread_m":0.41,"source":"openstreetmap","source_date":"2026-09-11","confidence":"medium","surveyed":false},"geometry":{"type":"Polygon","coordinates":[[[-77.0909064,38.7116631],[-77.0909719,38.7115427],[-77.0908891,38.7115153],[-77.0908237,38.7116358],[-77.0909064,38.7116631]]]}},{"type":"Feature","id":"way/232605904","properties":{"id":"way/232605904","name":null,"class":"outbuilding","building":"shed","ground_elevation_m":14.0,"height_m":null,"height_source":null,"height_confidence":null,"height_surveyed":null,"roof_form":null,"roof_spread_m":null,"source":"openstreetmap","source_date":"2026-09-11","confidence":"medium","surveyed":false},"geometry":{"type":"Polygon","coordinates":[[[-77.0910328,38.7111887],[-77.0910728,38.7111421],[-77.0910108,38.7111096],[-77.0909707,38.7111563],[-77.0910328,38.7111887]]]}},{"type":"Feature","id":"way/232605905","properties":{"id":"way/232605905","name":null,"class":"building","building":"yes","ground_elevation_m":27.76,"height_m":5.1,"height_source":"USGS 3DEP lidar VA_NorthernVA_1_B22","height_confidence":"high","height_surveyed":true,"roof_form":"flat","roof_spread_m":0.38,"source":"openstreetmap","source_date":"2026-09-11","confidence":"medium","surveyed":false},"geometry":{"type":"Polygon","coordinates":[[[-77.0933622,38.7124298],[-77.0934032,38.7123748],[-77.0932822,38.7123199],[-77.0932412,38.712375],[-77.0933622,38.7124298]]]}},{"type":"Feature","id":"way/232605906","properties":{"id":"way/232605906","name":null,"class":"building","building":"yes","ground_elevation_m":25.51,"height_m":4.7,"height_source":"USGS 3DEP lidar VA_NorthernVA_1_B22","height_confidence":"high","height_surveyed":true,"roof_form":"pitched","roof_spread_m":1.39,"source":"openstreetmap","source_date":"2026-09-11","confidence":"medium","surveyed":false},"geometry":{"type":"Polygon","coordinates":[[[-77.091515,38.712336],[-77.0915676,38.7122698],[-77.0913494,38.7121644],[-77.0913216,38.7121993],[-77.0912968,38.7122306],[-77.091515,38.712336]]]}},{"type":"Feature","id":"way/232605907","properties":{"id":"way/232605907","name":null,"class":"outbuilding","building":"shed","ground_elevation_m":1.1,"height_m":1.8,"height_source":"USGS 3DEP lidar VA_NorthernVA_1_B22","height_confidence":"low","height_surveyed":false,"roof_form":"flat","roof_spread_m":0.69,"source":"openstreetmap","source_date":"2026-09-11","confidence":"medium","surveyed":false},"geometry":{"type":"Polygon","coordinates":[[[-77.0894471,38.7050053],[-77.0894905,38.7049744],[-77.0894418,38.7049329],[-77.0893984,38.7049639],[-77.0894471,38.7050053]]]}},{"type":"Feature","id":"way/232605908","properties":{"id":"way/232605908","name":null,"class":"outbuilding","building":"shed","ground_elevation_m":36.73,"height_m":7.1,"height_source":"USGS 3DEP lidar VA_NorthernVA_1_B22","height_confidence":"high","height_surveyed":true,"roof_form":"pitched","roof_spread_m":1.55,"source":"openstreetmap","source_date":"2026-09-11","confidence":"medium","surveyed":false},"geometry":{"type":"Polygon","coordinates":[[[-77.0857401,38.7090872],[-77.0857767,38.7090407],[-77.0858202,38.7089842],[-77.0858607,38.708934],[-77.0857863,38.7088983],[-77.0856657,38.7090515],[-77.0857401,38.7090872]]]}},{"type":"Feature","id":"way/232605909","properties":{"id":"way/232605909","name":null,"class":"shelter","building":"roof","ground_elevation_m":38.15,"height_m":7.0,"height_source":"USGS 3DEP lidar VA_NorthernVA_1_B22","height_confidence":"medium","height_surveyed":true,"roof_form":"pitched","roof_spread_m":3.58,"source":"openstreetmap","source_date":"2026-09-11","confidence":"medium","surveyed":false},"geometry":{"type":"Polygon","coordinates":[[[-77.0861174,38.7081052],[-77.0860979,38.7080962],[-77.0860966,38.7081126],[-77.086098,38.708127],[-77.0861047,38.7081481],[-77.0861146,38.7081657],[-77.0861268,38.7081832],[-77.0861413,38.7081984],[-77.0861641,38.7081732],[-77.086148,38.7081579],[-77.0861395,38.7081444],[-77.0861341,38.7081257],[-77.0861312,38.7081082],[-77.0861311,38.7080885],[-77.0861174,38.7081052]]]}},{"type":"Feature","id":"way/232605910","properties":{"id":"way/232605910","name":"Smokehouse","class":"outbuilding","building":"shed","ground_elevation_m":36.89,"height_m":6.1,"height_source":"USGS 3DEP lidar VA_NorthernVA_1_B22","height_confidence":"low","height_surveyed":false,"roof_form":"pitched","roof_spread_m":1.6,"source":"openstreetmap","source_date":"2026-09-11","confidence":"medium","surveyed":false},"geometry":{"type":"Polygon","coordinates":[[[-77.0867476,38.7079046],[-77.0867903,38.7078563],[-77.0867317,38.7078248],[-77.086689,38.707873],[-77.0867476,38.7079046]]]}},{"type":"Feature","id":"way/232605911","properties":{"id":"way/232605911","name":"Coach House","class":"outbuilding","building":"shed","ground_elevation_m":35.28,"height_m":5.7,"height_source":"USGS 3DEP lidar VA_NorthernVA_1_B22","height_confidence":"low","height_surveyed":false,"roof_form":"pitched","roof_spread_m":1.38,"source":"openstreetmap","source_date":"2026-09-11","confidence":"medium","surveyed":false},"geometry":{"type":"Polygon","coordinates":[[[-77.0868831,38.7077344],[-77.0869287,38.7076807],[-77.0868776,38.7076543],[-77.086832,38.707708],[-77.0868831,38.7077344]]]}},{"type":"Feature","id":"way/232605913","properties":{"id":"way/232605913","name":null,"class":"outbuilding","building":"shed","ground_elevation_m":1.57,"height_m":3.5,"height_source":"USGS 3DEP lidar VA_NorthernVA_1_B22","height_confidence":"low","height_surveyed":false,"roof_form":"pitched","roof_spread_m":1.86,"source":"openstreetmap","source_date":"2026-09-11","confidence":"medium","surveyed":false},"geometry":{"type":"Polygon","coordinates":[[[-77.0882724,38.7054265],[-77.088229,38.7053859],[-77.0881831,38.7054158],[-77.0882265,38.7054564],[-77.0882724,38.7054265]]]}},{"type":"Feature","id":"way/232605914","properties":{"id":"way/232605914","name":"Stable and Corn Crib","class":"building","building":"yes","ground_elevation_m":3.31,"height_m":5.0,"height_source":"USGS 3DEP lidar VA_NorthernVA_1_B22","height_confidence":"low","height_surveyed":false,"roof_form":"pitched","roof_spread_m":1.74,"source":"openstreetmap","source_date":"2026-09-11","confidence":"medium","surveyed":false},"geometry":{"type":"Polygon","coordinates":[[[-77.0913384,38.7065465],[-77.0911527,38.7063741],[-77.091104,38.706406],[-77.0912898,38.7065784],[-77.0913384,38.7065465]]]}},{"type":"Feature","id":"way/232605915","properties":{"id":"way/232605915","name":null,"class":"building","building":"yes","ground_elevation_m":26.48,"height_m":4.6,"height_source":"USGS 3DEP lidar VA_NorthernVA_1_B22","height_confidence":"high","height_surveyed":true,"roof_form":"flat","roof_spread_m":0.98,"source":"openstreetmap","source_date":"2026-09-11","confidence":"medium","surveyed":false},"geometry":{"type":"Polygon","coordinates":[[[-77.0898357,38.7113836],[-77.0896427,38.7112776],[-77.0896087,38.7113153],[-77.0896821,38.7113557],[-77.0896678,38.7113716],[-77.0897315,38.7114066],[-77.089745,38.7113916],[-77.0898008,38.7114223],[-77.0898357,38.7113836]]]}},{"type":"Feature","id":"way/232605916","properties":{"id":"way/232605916","name":null,"class":"outbuilding","building":"shed","ground_elevation_m":1.06,"height_m":5.4,"height_source":"USGS 3DEP lidar VA_NorthernVA_1_B22","height_confidence":"low","height_surveyed":false,"roof_form":"pitched","roof_spread_m":1.22,"source":"openstreetmap","source_date":"2026-09-11","confidence":"medium","surveyed":false},"geometry":{"type":"Polygon","coordinates":[[[-77.0908042,38.7057781],[-77.090751,38.7057317],[-77.0907054,38.7057636],[-77.0907587,38.7058099],[-77.0908042,38.7057781]]]}},{"type":"Feature","id":"way/232715246","properties":{"id":"way/232715246","name":null,"class":"building","building":"yes","ground_elevation_m":28.83,"height_m":3.1,"height_source":"USGS 3DEP lidar VA_NorthernVA_1_B22","height_confidence":"high","height_surveyed":true,"roof_form":"pitched","roof_spread_m":1.44,"source":"openstreetmap","source_date":"2026-09-11","confidence":"medium","surveyed":false},"geometry":{"type":"Polygon","coordinates":[[[-77.0895315,38.7117314],[-77.0894758,38.7117911],[-77.0897505,38.7119473],[-77.0898058,38.711888],[-77.0895315,38.7117314]]]}},{"type":"Feature","id":"way/232715247","properties":{"id":"way/232715247","name":"Ford Orientation Center","class":"civic","building":"government","ground_elevation_m":33.78,"height_m":1.7,"height_source":"USGS 3DEP lidar VA_NorthernVA_1_B22","height_confidence":"high","height_surveyed":true,"roof_form":"pitched","roof_spread_m":1.55,"source":"openstreetmap","source_date":"2026-09-11","confidence":"medium","surveyed":false},"geometry":{"type":"Polygon","coordinates":[[[-77.0862763,38.7101839],[-77.0859547,38.7099603],[-77.086355,38.7096097],[-77.0863953,38.7096377],[-77.0865939,38.7094639],[-77.0867329,38.7095605],[-77.0866902,38.709598],[-77.0867296,38.7096254],[-77.0867355,38.7096367],[-77.086734,38.7096477],[-77.0867298,38.70966],[-77.0867256,38.7096772],[-77.0867148,38.7096979],[-77.0866977,38.7097074],[-77.0868074,38.7097921],[-77.0866669,38.7099142],[-77.0865775,38.7098534],[-77.0865277,38.709892],[-77.0865034,38.7098755],[-77.0864821,38.7098692],[-77.0864608,38.7098659],[-77.0864425,38.7098641],[-77.0864225,38.7098637],[-77.0864002,38.7098667],[-77.0863729,38.7098722],[-77.0863513,38.709881],[-77.0863377,38.7098872],[-77.0863266,38.7098943],[-77.0863183,38.7099013],[-77.0863129,38.7099093],[-77.086309,38.7099218],[-77.0863081,38.7099304],[-77.0863082,38.7099477],[-77.086311,38.7099638],[-77.0863192,38.7099799],[-77.0863306,38.7099984],[-77.086344,38.7100134],[-77.0863687,38.7100313],[-77.0863379,38.7100582],[-77.0863835,38.71009],[-77.0863206,38.7101451],[-77.0862763,38.7101839]]]}},{"type":"Feature","id":"way/232715249","properties":{"id":"way/232715249","name":null,"class":"building","building":"yes","ground_elevation_m":27.55,"height_m":null,"height_source":null,"height_confidence":null,"height_surveyed":null,"roof_form":null,"roof_spread_m":null,"source":"openstreetmap","source_date":"2026-09-11","confidence":"medium","surveyed":false},"geometry":{"type":"Polygon","coordinates":[[[-77.0895877,38.7116712],[-77.0896351,38.7116204],[-77.0899098,38.7117765],[-77.0898637,38.7118259],[-77.0895877,38.7116712]]]}},{"type":"Feature","id":"way/232715250","properties":{"id":"way/232715250","name":"Mount Vernon Post Office","class":"building","building":"yes","ground_elevation_m":28.49,"height_m":4.0,"height_source":"USGS 3DEP lidar VA_NorthernVA_1_B22","height_confidence":"high","height_surveyed":true,"roof_form":"flat","roof_spread_m":0.43,"source":"openstreetmap","source_date":"2026-09-11","confidence":"medium","surveyed":false},"geometry":{"type":"Polygon","coordinates":[[[-77.0893128,38.7127829],[-77.0893203,38.7127004],[-77.0891376,38.7126904],[-77.0891302,38.7127729],[-77.0893128,38.7127829]]]}},{"type":"Feature","id":"way/232715252","properties":{"id":"way/232715252","name":null,"class":"building","building":"yes","ground_elevation_m":28.05,"height_m":3.0,"height_source":"USGS 3DEP lidar VA_NorthernVA_1_B22","height_confidence":"high","height_surveyed":true,"roof_form":"pitched","roof_spread_m":1.88,"source":"openstreetmap","source_date":"2026-09-11","confidence":"medium","surveyed":false},"geometry":{"type":"Polygon","coordinates":[[[-77.0898058,38.711888],[-77.0898637,38.7118259],[-77.0895877,38.7116712],[-77.0895315,38.7117314],[-77.0898058,38.711888]]]}},{"type":"Feature","id":"way/232715254","properties":{"id":"way/232715254","name":"Texas Gate/Main Entrance","class":"building","building":"yes","ground_elevation_m":33.12,"height_m":4.6,"height_source":"USGS 3DEP lidar VA_NorthernVA_1_B22","height_confidence":"low","height_surveyed":false,"roof_form":"pitched","roof_spread_m":1.49,"source":"openstreetmap","source_date":"2026-09-11","confidence":"medium","surveyed":false},"geometry":{"type":"Polygon","coordinates":[[[-77.0865099,38.7103631],[-77.0865228,38.7103509],[-77.0865489,38.7103264],[-77.0864762,38.7102793],[-77.0863893,38.7102229],[-77.0863634,38.7102473],[-77.0863502,38.7102596],[-77.0864387,38.7103169],[-77.0865099,38.7103631]]]}},{"type":"Feature","id":"way/232717204","properties":{"id":"way/232717204","name":"Garden House","class":"building","building":"yes","ground_elevation_m":38.04,"height_m":4.4,"height_source":"USGS 3DEP lidar VA_NorthernVA_1_B22","height_confidence":"low","height_surveyed":false,"roof_form":"pitched","roof_spread_m":1.34,"source":"openstreetmap","source_date":"2026-09-11","confidence":"medium","surveyed":false},"geometry":{"type":"Polygon","coordinates":[[[-77.0871905,38.709318],[-77.0871949,38.7093168],[-77.0871984,38.7093152],[-77.0872017,38.7093132],[-77.0872053,38.70931],[-77.087208,38.709306],[-77.0872097,38.7093015],[-77.08721,38.7092991],[-77.0872098,38.7092956],[-77.0872087,38.7092917],[-77.0872067,38.7092883],[-77.0872036,38.7092847],[-77.0871989,38.7092814],[-77.0871949,38.7092796],[-77.0871909,38.7092785],[-77.0871858,38.7092778],[-77.0871813,38.7092778],[-77.0871773,38.7092783],[-77.0871721,38.7092798],[-77.0871682,38.7092817],[-77.0871651,38.7092838],[-77.087163,38.7092856],[-77.0871605,38.7092886],[-77.0871584,38.7092927],[-77.0871575,38.7092975],[-77.0871579,38.7093018],[-77.087159,38.709305],[-77.0871608,38.7093082],[-77.0871621,38.7093099],[-77.0871645,38.7093122],[-77.0871671,38.7093141],[-77.0871711,38.7093162],[-77.0871762,38.7093179],[-77.0871805,38.7093186],[-77.0871858,38.7093187],[-77.0871905,38.709318]]]}},{"type":"Feature","id":"way/232717208","properties":{"id":"way/232717208","name":"Garden House","class":"building","building":"yes","ground_elevation_m":36.01,"height_m":6.8,"height_source":"USGS 3DEP lidar VA_NorthernVA_1_B22","height_confidence":"low","height_surveyed":false,"roof_form":"pitched","roof_spread_m":1.89,"source":"openstreetmap","source_date":"2026-09-11","confidence":"medium","surveyed":false},"geometry":{"type":"Polygon","coordinates":[[[-77.0881041,38.7082665],[-77.0881095,38.7082647],[-77.0881126,38.708263],[-77.0881161,38.7082603],[-77.088119,38.7082568],[-77.088121,38.7082519],[-77.0881212,38.7082474],[-77.0881206,38.7082443],[-77.0881187,38.7082405],[-77.0881149,38.7082363],[-77.0881098,38.7082331],[-77.0881065,38.7082319],[-77.0881024,38.7082309],[-77.0880999,38.7082307],[-77.0880966,38.7082306],[-77.0880919,38.7082312],[-77.0880877,38.7082324],[-77.0880834,38.7082345],[-77.0880797,38.7082374],[-77.0880767,38.7082411],[-77.0880753,38.7082441],[-77.0880745,38.7082495],[-77.0880751,38.7082529],[-77.0880771,38.7082573],[-77.0880789,38.7082594],[-77.0880823,38.7082624],[-77.088086,38.7082646],[-77.0880889,38.7082657],[-77.0880952,38.708267],[-77.0881007,38.708267],[-77.0881041,38.7082665]]]}},{"type":"Feature","id":"way/232717215","properties":{"id":"way/232717215","name":"Necessary","class":"building","building":"yes","ground_elevation_m":37.41,"height_m":5.5,"height_source":"USGS 3DEP lidar VA_NorthernVA_1_B22","height_confidence":"low","height_surveyed":false,"roof_form":"pitched","roof_spread_m":1.31,"source":"openstreetmap","source_date":"2026-09-11","confidence":"medium","surveyed":false},"geometry":{"type":"Polygon","coordinates":[[[-77.0869712,38.7079829],[-77.0869751,38.707982],[-77.086978,38.7079809],[-77.0869804,38.7079797],[-77.0869833,38.7079778],[-77.0869858,38.7079756],[-77.0869875,38.7079737],[-77.0869899,38.7079695],[-77.0869909,38.7079658],[-77.086991,38.7079634],[-77.0869907,38.7079603],[-77.0869901,38.7079581],[-77.0869888,38.7079553],[-77.0869871,38.7079528],[-77.0869847,38.7079503],[-77.0869809,38.7079475],[-77.086977,38.7079457],[-77.0869729,38.7079444],[-77.0869691,38.7079437],[-77.0869661,38.7079435],[-77.0869619,38.7079437],[-77.0869581,38.7079444],[-77.0869553,38.7079451],[-77.0869518,38.7079466],[-77.0869496,38.7079478],[-77.0869456,38.7079508],[-77.0869429,38.7079541],[-77.0869411,38.7079574],[-77.0869403,38.7079597],[-77.0869398,38.7079635],[-77.0869401,38.7079663],[-77.0869413,38.7079702],[-77.0869433,38.7079736],[-77.0869452,38.7079757],[-77.086947,38.7079773],[-77.0869495,38.7079791],[-77.0869543,38.7079814],[-77.0869572,38.7079824],[-77.0869607,38.7079831],[-77.0869641,38.7079834],[-77.0869679,38.7079834],[-77.0869712,38.7079829]]]}},{"type":"Feature","id":"way/232718150","properties":{"id":"way/232718150","name":"Old Tomb","class":"building","building":"yes","ground_elevation_m":21.86,"height_m":6.2,"height_source":"USGS 3DEP lidar VA_NorthernVA_1_B22","height_confidence":"low","height_surveyed":false,"roof_form":"pitched","roof_spread_m":1.36,"source":"openstreetmap","source_date":"2026-09-11","confidence":"medium","surveyed":false},"geometry":{"type":"Polygon","coordinates":[[[-77.0872886,38.7066291],[-77.0872691,38.7065738],[-77.0871696,38.7065952],[-77.0871891,38.7066505],[-77.0872886,38.7066291]]]}},{"type":"Feature","id":"way/232718151","properties":{"id":"way/232718151","name":"Hog Island Sheep","class":"outbuilding","building":"shed","ground_elevation_m":26.29,"height_m":1.7,"height_source":"USGS 3DEP lidar VA_NorthernVA_1_B22","height_confidence":"low","height_surveyed":false,"roof_form":"flat","roof_spread_m":0.55,"source":"openstreetmap","source_date":"2026-09-11","confidence":"medium","surveyed":false},"geometry":{"type":"Polygon","coordinates":[[[-77.0888239,38.7076779],[-77.0888216,38.7076575],[-77.0888181,38.7076276],[-77.0887766,38.7076305],[-77.0887824,38.7076808],[-77.0888239,38.7076779]]]}},{"type":"Feature","id":"way/232718152","properties":{"id":"way/232718152","name":"Ossabaw Island Hogs","class":"building","building":"yes","ground_elevation_m":32.28,"height_m":1.7,"height_source":"USGS 3DEP lidar VA_NorthernVA_1_B22","height_confidence":"low","height_surveyed":false,"roof_form":"flat","roof_spread_m":0.53,"source":"openstreetmap","source_date":"2026-09-11","confidence":"medium","surveyed":false},"geometry":{"type":"Polygon","coordinates":[[[-77.0884576,38.7081748],[-77.0884523,38.7081533],[-77.0884466,38.7081308],[-77.0883794,38.7081411],[-77.0883904,38.708185],[-77.0884576,38.7081748]]]}},{"type":"Feature","id":"way/232718787","properties":{"id":"way/232718787","name":null,"class":"outbuilding","building":"shed","ground_elevation_m":29.38,"height_m":8.0,"height_source":"USGS 3DEP lidar VA_NorthernVA_1_B22","height_confidence":"low","height_surveyed":false,"roof_form":"pitched","roof_spread_m":1.84,"source":"openstreetmap","source_date":"2026-09-11","confidence":"medium","surveyed":false},"geometry":{"type":"Polygon","coordinates":[[[-77.0959037,38.7133244],[-77.0959545,38.7133005],[-77.0959278,38.713266],[-77.0958769,38.7132899],[-77.0959037,38.7133244]]]}},{"type":"Feature","id":"way/232718788","properties":{"id":"way/232718788","name":null,"class":"outbuilding","building":"shed","ground_elevation_m":28.38,"height_m":2.5,"height_source":"USGS 3DEP lidar VA_NorthernVA_1_B22","height_confidence":"low","height_surveyed":false,"roof_form":"flat","roof_spread_m":0.36,"source":"openstreetmap","source_date":"2026-09-11","confidence":"medium","surveyed":false},"geometry":{"type":"Polygon","coordinates":[[[-77.0928722,38.7127486],[-77.0929008,38.7127207],[-77.0928696,38.7127012],[-77.092841,38.7127291],[-77.0928722,38.7127486]]]}},{"type":"Feature","id":"way/232718796","properties":{"id":"way/232718796","name":null,"class":"outbuilding","building":"shed","ground_elevation_m":29.73,"height_m":6.0,"height_source":"USGS 3DEP lidar VA_NorthernVA_1_B22","height_confidence":"low","height_surveyed":false,"roof_form":"pitched","roof_spread_m":1.9,"source":"openstreetmap","source_date":"2026-09-11","confidence":"medium","surveyed":false},"geometry":{"type":"Polygon","coordinates":[[[-77.0964782,38.7131571],[-77.0964937,38.713116],[-77.0964428,38.7131042],[-77.0964272,38.7131453],[-77.0964782,38.7131571]]]}},{"type":"Feature","id":"way/232718804","properties":{"id":"way/232718804","name":null,"class":"outbuilding","building":"shed","ground_elevation_m":29.44,"height_m":null,"height_source":null,"height_confidence":null,"height_surveyed":null,"roof_form":null,"roof_spread_m":null,"source":"openstreetmap","source_date":"2026-09-11","confidence":"medium","surveyed":false},"geometry":{"type":"Polygon","coordinates":[[[-77.0964119,38.7128764],[-77.096421,38.7128462],[-77.0963858,38.7128398],[-77.0963767,38.7128699],[-77.0964119,38.7128764]]]}},{"type":"Feature","id":"way/232718812","properties":{"id":"way/232718812","name":null,"class":"outbuilding","building":"shed","ground_elevation_m":26.23,"height_m":null,"height_source":null,"height_confidence":null,"height_surveyed":null,"roof_form":null,"roof_spread_m":null,"source":"openstreetmap","source_date":"2026-09-11","confidence":"medium","surveyed":false},"geometry":{"type":"Polygon","coordinates":[[[-77.0921706,38.7125556],[-77.0921545,38.7125264],[-77.092117,38.7125389],[-77.092133,38.7125682],[-77.0921706,38.7125556]]]}},{"type":"Feature","id":"way/232718815","properties":{"id":"way/232718815","name":null,"class":"outbuilding","building":"shed","ground_elevation_m":29.76,"height_m":6.0,"height_source":"USGS 3DEP lidar VA_NorthernVA_1_B22","height_confidence":"low","height_surveyed":false,"roof_form":"pitched","roof_spread_m":1.75,"source":"openstreetmap","source_date":"2026-09-11","confidence":"medium","surveyed":false},"geometry":{"type":"Polygon","coordinates":[[[-77.0964772,38.712974],[-77.0965218,38.7129797],[-77.0965285,38.7129475],[-77.0964839,38.7129419],[-77.0964772,38.712974]]]}},{"type":"Feature","id":"way/334219851","properties":{"id":"way/334219851","name":"George and Martha Washington Tomb","class":"memorial","building":"tomb","ground_elevation_m":21.65,"height_m":2.7,"height_source":"USGS 3DEP lidar VA_NorthernVA_1_B22","height_confidence":"low","height_surveyed":false,"roof_form":"flat","roof_spread_m":1.06,"source":"openstreetmap","source_date":"2026-09-11","confidence":"medium","surveyed":false},"geometry":{"type":"Polygon","coordinates":[[[-77.0887167,38.706886],[-77.0886693,38.7068628],[-77.088729,38.7067893],[-77.0887748,38.7068123],[-77.0887167,38.706886]]]}},{"type":"Feature","id":"way/527651145","properties":{"id":"way/527651145","name":"Icehouse","class":"outbuilding","building":"shed","ground_elevation_m":30.61,"height_m":5.5,"height_source":"USGS 3DEP lidar VA_NorthernVA_1_B22","height_confidence":"low","height_surveyed":false,"roof_form":"pitched","roof_spread_m":1.78,"source":"openstreetmap","source_date":"2026-09-11","confidence":"medium","surveyed":false},"geometry":{"type":"Polygon","coordinates":[[[-77.0865276,38.7070613],[-77.0865014,38.7070409],[-77.0865384,38.7070161],[-77.086563,38.7070369],[-77.0865276,38.7070613]]]}},{"type":"Feature","id":"way/527911949","properties":{"id":"way/527911949","name":"Well House","class":"building","building":"yes","ground_elevation_m":35.5,"height_m":2.9,"height_source":"USGS 3DEP lidar VA_NorthernVA_1_B22","height_confidence":"low","height_surveyed":false,"roof_form":"flat","roof_spread_m":0.39,"source":"openstreetmap","source_date":"2026-09-11","confidence":"medium","surveyed":false},"geometry":{"type":"Polygon","coordinates":[[[-77.0881336,38.7095775],[-77.0880928,38.7095939],[-77.0880718,38.7095657],[-77.0880953,38.7095557],[-77.0881114,38.7095489],[-77.0881336,38.7095775]]]}},{"type":"Feature","id":"way/527914579","properties":{"id":"way/527914579","name":"Fred W. Smith National Library for the Study of George Washington","class":"building","building":"yes","ground_elevation_m":37.39,"height_m":11.7,"height_source":"USGS 3DEP lidar VA_NorthernVA_1_B22","height_confidence":"high","height_surveyed":true,"roof_form":"pitched","roof_spread_m":3.61,"source":"openstreetmap","source_date":"2026-09-11","confidence":"medium","surveyed":false},"geometry":{"type":"Polygon","coordinates":[[[-77.088464,38.7130721],[-77.0883343,38.7127711],[-77.0881801,38.7128116],[-77.0882554,38.7129863],[-77.0881421,38.713016],[-77.0881012,38.7129209],[-77.0879892,38.7129503],[-77.0880312,38.7130479],[-77.0879121,38.7130792],[-77.0877012,38.7125893],[-77.0875185,38.7126371],[-77.0875947,38.7128141],[-77.0877007,38.7130602],[-77.087731,38.7130523],[-77.0877748,38.713154],[-77.0878131,38.7132427],[-77.0879307,38.7132119],[-77.0879197,38.7131862],[-77.0883389,38.7130762],[-77.08835,38.713102],[-77.088464,38.7130721]]]}},{"type":"Feature","id":"way/528121450","properties":{"id":"way/528121450","name":"Necessary","class":"building","building":"yes","ground_elevation_m":38.2,"height_m":null,"height_source":null,"height_confidence":null,"height_surveyed":null,"roof_form":null,"roof_spread_m":null,"source":"openstreetmap","source_date":"2026-09-11","confidence":"medium","surveyed":false},"geometry":{"type":"Polygon","coordinates":[[[-77.08645,38.7085816],[-77.0864526,38.7085798],[-77.0864555,38.7085761],[-77.0864573,38.7085711],[-77.0864546,38.7085643],[-77.0864476,38.7085604],[-77.0864403,38.7085593],[-77.0864324,38.7085618],[-77.0864269,38.7085657],[-77.0864263,38.7085711],[-77.0864269,38.7085773],[-77.0864322,38.7085814],[-77.0864377,38.7085834],[-77.0864457,38.7085828],[-77.08645,38.7085816]]]}},{"type":"Feature","id":"way/528121461","properties":{"id":"way/528121461","name":"Batteau Shed","class":"building","building":"yes","ground_elevation_m":0.69,"height_m":10.3,"height_source":"USGS 3DEP lidar VA_NorthernVA_1_B22","height_confidence":"low","height_surveyed":false,"roof_form":"pitched","roof_spread_m":2.06,"source":"openstreetmap","source_date":"2026-09-11","confidence":"medium","surveyed":false},"geometry":{"type":"Polygon","coordinates":[[[-77.0899802,38.7051624],[-77.090066,38.7050912],[-77.0899078,38.7049908],[-77.0898273,38.705064],[-77.0899802,38.7051624]]]}},{"type":"Feature","id":"way/528128592","properties":{"id":"way/528128592","name":"Chicken Coops","class":"building","building":"yes","ground_elevation_m":31.17,"height_m":null,"height_source":null,"height_confidence":null,"height_surveyed":null,"roof_form":null,"roof_spread_m":null,"source":"openstreetmap","source_date":"2026-09-11","confidence":"medium","surveyed":false},"geometry":{"type":"Polygon","coordinates":[[[-77.0884398,38.7079999],[-77.0884333,38.7079851],[-77.0884109,38.7079927],[-77.0884194,38.7080065],[-77.0884398,38.7079999]]]}},{"type":"Feature","id":"way/528128593","properties":{"id":"way/528128593","name":"Chicken Coops","class":"building","building":"yes","ground_elevation_m":31.14,"height_m":null,"height_source":null,"height_confidence":null,"height_surveyed":null,"roof_form":null,"roof_spread_m":null,"source":"openstreetmap","source_date":"2026-09-11","confidence":"medium","surveyed":false},"geometry":{"type":"Polygon","coordinates":[[[-77.0884225,38.7079647],[-77.0884148,38.70795],[-77.0883928,38.7079557],[-77.0884025,38.7079713],[-77.0884225,38.7079647]]]}},{"type":"Feature","id":"way/528128594","properties":{"id":"way/528128594","name":"DeVos House - Scholar's Residence","class":"building","building":"yes","ground_elevation_m":32.36,"height_m":12.3,"height_source":"USGS 3DEP lidar VA_NorthernVA_1_B22","height_confidence":"high","height_surveyed":true,"roof_form":"pitched","roof_spread_m":3.77,"source":"openstreetmap","source_date":"2026-09-11","confidence":"medium","surveyed":false},"geometry":{"type":"Polygon","coordinates":[[[-77.0886906,38.7137697],[-77.0887496,38.713619],[-77.0888797,38.7136472],[-77.088822,38.7137958],[-77.0886906,38.7137697]]]}},{"type":"Feature","id":"way/673369317","properties":{"id":"way/673369317","name":null,"class":"civic","building":"school","ground_elevation_m":20.49,"height_m":7.0,"height_source":"USGS 3DEP lidar VA_NorthernVA_1_B22","height_confidence":"high","height_surveyed":true,"roof_form":"pitched","roof_spread_m":2.92,"source":"openstreetmap","source_date":"2026-09-11","confidence":"medium","surveyed":false},"geometry":{"type":"Polygon","coordinates":[[[-77.1048319,38.7100583],[-77.1049747,38.7100694],[-77.1050144,38.7097586],[-77.1048952,38.7097493],[-77.1049055,38.7096689],[-77.1048062,38.7096611],[-77.1048178,38.7095712],[-77.1045766,38.7095522],[-77.104558,38.7096961],[-77.1044865,38.7096904],[-77.1045091,38.7095175],[-77.104444,38.7095123],[-77.1044525,38.7094483],[-77.1043194,38.7094376],[-77.1043118,38.709494],[-77.1042531,38.7094892],[-77.104158,38.7101965],[-77.1044032,38.7102166],[-77.1044681,38.7097342],[-77.1045396,38.7097401],[-77.1045352,38.7097727],[-77.1045734,38.7097758],[-77.1046016,38.7097999],[-77.1045793,38.7100179],[-77.1046117,38.7100199],[-77.1046063,38.7100732],[-77.1044507,38.7100635],[-77.1044379,38.7101884],[-77.1046108,38.7101992],[-77.1045974,38.7103302],[-77.104788,38.710342],[-77.104796,38.7103388],[-77.1048319,38.7100583]]]}},{"type":"Feature","id":"way/701491248","properties":{"id":"way/701491248","name":null,"class":"building","building":"yes","ground_elevation_m":14.18,"height_m":10.1,"height_source":"USGS 3DEP lidar VA_NorthernVA_1_B22","height_confidence":"high","height_surveyed":true,"roof_form":"pitched","roof_spread_m":2.46,"source":"openstreetmap","source_date":"2026-09-11","confidence":"medium","surveyed":false},"geometry":{"type":"Polygon","coordinates":[[[-77.1019394,38.7024786],[-77.1019696,38.7024284],[-77.1019987,38.7024389],[-77.1020471,38.7023456],[-77.1021468,38.7023818],[-77.1020644,38.7025238],[-77.1019394,38.7024786]]]}},{"type":"Feature","id":"way/701491254","properties":{"id":"way/701491254","name":null,"class":"building","building":"yes","ground_elevation_m":23.22,"height_m":8.2,"height_source":"USGS 3DEP lidar VA_NorthernVA_1_B22","height_confidence":"high","height_surveyed":true,"roof_form":"pitched","roof_spread_m":4.39,"source":"openstreetmap","source_date":"2026-09-11","confidence":"medium","surveyed":false},"geometry":{"type":"Polygon","coordinates":[[[-77.0966465,38.7058708],[-77.0966509,38.7059434],[-77.096563,38.7059466],[-77.0965646,38.7059721],[-77.0964281,38.7059772],[-77.0964222,38.7058791],[-77.0966465,38.7058708]]]}},{"type":"Feature","id":"way/701491255","properties":{"id":"way/701491255","name":null,"class":"building","building":"yes","ground_elevation_m":24.95,"height_m":8.2,"height_source":"USGS 3DEP lidar VA_NorthernVA_1_B22","height_confidence":"high","height_surveyed":true,"roof_form":"pitched","roof_spread_m":4.56,"source":"openstreetmap","source_date":"2026-09-11","confidence":"medium","surveyed":false},"geometry":{"type":"Polygon","coordinates":[[[-77.0978342,38.7057986],[-77.0979177,38.705785],[-77.0979643,38.7059607],[-77.0978491,38.7059795],[-77.0978211,38.7058738],[-77.0978528,38.7058687],[-77.0978342,38.7057986]]]}},{"type":"Feature","id":"way/701491256","properties":{"id":"way/701491256","name":null,"class":"building","building":"yes","ground_elevation_m":23.03,"height_m":8.5,"height_source":"USGS 3DEP lidar VA_NorthernVA_1_B22","height_confidence":"high","height_surveyed":true,"roof_form":"pitched","roof_spread_m":4.04,"source":"openstreetmap","source_date":"2026-09-11","confidence":"medium","surveyed":false},"geometry":{"type":"Polygon","coordinates":[[[-77.0934172,38.7057821],[-77.0934929,38.7057181],[-77.0935476,38.7057577],[-77.093555,38.7057514],[-77.0936536,38.7058229],[-77.0935705,38.7058932],[-77.0934172,38.7057821]]]}},{"type":"Feature","id":"way/701491257","properties":{"id":"way/701491257","name":null,"class":"building","building":"yes","ground_elevation_m":26.83,"height_m":8.0,"height_source":"USGS 3DEP lidar VA_NorthernVA_1_B22","height_confidence":"high","height_surveyed":true,"roof_form":"pitched","roof_spread_m":4.63,"source":"openstreetmap","source_date":"2026-09-11","confidence":"medium","surveyed":false},"geometry":{"type":"Polygon","coordinates":[[[-77.0987732,38.7057639],[-77.0988741,38.7057275],[-77.0988791,38.7057359],[-77.098926,38.7057192],[-77.0989613,38.7057801],[-77.0989426,38.7057868],[-77.0989696,38.7058347],[-77.0989885,38.705828],[-77.0990131,38.7058709],[-77.098833,38.7059317],[-77.0987782,38.7058381],[-77.09881,38.7058266],[-77.0987732,38.7057639]]]}},{"type":"Feature","id":"way/701491258","properties":{"id":"way/701491258","name":null,"class":"building","building":"yes","ground_elevation_m":24.54,"height_m":8.0,"height_source":"USGS 3DEP lidar VA_NorthernVA_1_B22","height_confidence":"high","height_surveyed":true,"roof_form":"pitched","roof_spread_m":4.32,"source":"openstreetmap","source_date":"2026-09-11","confidence":"medium","surveyed":false},"geometry":{"type":"Polygon","coordinates":[[[-77.0977606,38.7055761],[-77.0977307,38.7055257],[-77.0978323,38.7054886],[-77.0979238,38.7056425],[-77.0978147,38.7056823],[-77.0977555,38.7055828],[-77.0977606,38.7055761]]]}},{"type":"Feature","id":"way/701491259","properties":{"id":"way/701491259","name":null,"class":"building","building":"yes","ground_elevation_m":23.81,"height_m":8.4,"height_source":"USGS 3DEP lidar VA_NorthernVA_1_B22","height_confidence":"high","height_surveyed":true,"roof_form":"pitched","roof_spread_m":4.75,"source":"openstreetmap","source_date":"2026-09-11","confidence":"medium","surveyed":false},"geometry":{"type":"Polygon","coordinates":[[[-77.0934364,38.7054338],[-77.0935264,38.7054246],[-77.0935389,38.7054991],[-77.0935642,38.7054965],[-77.0935821,38.7056035],[-77.0934667,38.7056153],[-77.0934364,38.7054338]]]}},{"type":"Feature","id":"way/701491260","properties":{"id":"way/701491260","name":null,"class":"building","building":"yes","ground_elevation_m":25.1,"height_m":8.3,"height_source":"USGS 3DEP lidar VA_NorthernVA_1_B22","height_confidence":"high","height_surveyed":true,"roof_form":"pitched","roof_spread_m":4.22,"source":"openstreetmap","source_date":"2026-09-11","confidence":"medium","surveyed":false},"geometry":{"type":"Polygon","coordinates":[[[-77.0996738,38.7053742],[-77.0996644,38.7053758],[-77.0996703,38.7054013],[-77.0996775,38.7054],[-77.099693,38.7054482],[-77.0997054,38.7054458],[-77.0997369,38.7055687],[-77.0997245,38.7055717],[-77.0997443,38.7056399],[-77.0996436,38.7056556],[-77.0996236,38.7055877],[-77.0996123,38.7055892],[-77.0995788,38.7054673],[-77.0995922,38.7054648],[-77.0995789,38.7054152],[-77.0995852,38.7054142],[-77.0995792,38.7053929],[-77.0995574,38.7053968],[-77.0995388,38.7053317],[-77.0995464,38.7053304],[-77.099539,38.7053026],[-77.0995523,38.7053002],[-77.0995501,38.7052929],[-77.0995678,38.7052898],[-77.0995662,38.7052844],[-77.0996043,38.7052775],[-77.0996062,38.7052842],[-77.0996267,38.7052805],[-77.0996288,38.7052874],[-77.0996415,38.7052852],[-77.0996495,38.7053132],[-77.0996561,38.7053121],[-77.0996738,38.7053742]]]}},{"type":"Feature","id":"way/701491261","properties":{"id":"way/701491261","name":null,"class":"building","building":"yes","ground_elevation_m":23.08,"height_m":8.8,"height_source":"USGS 3DEP lidar VA_NorthernVA_1_B22","height_confidence":"high","height_surveyed":true,"roof_form":"pitched","roof_spread_m":4.67,"source":"openstreetmap","source_date":"2026-09-11","confidence":"medium","surveyed":false},"geometry":{"type":"Polygon","coordinates":[[[-77.0970485,38.7046939],[-77.0970423,38.7046971],[-77.0970056,38.7046725],[-77.0969965,38.7046808],[-77.096928,38.7046349],[-77.0969178,38.7046442],[-77.0968538,38.7046013],[-77.0969401,38.7045221],[-77.0970004,38.7045624],[-77.0970041,38.704559],[-77.0971129,38.7046319],[-77.0971078,38.7046366],[-77.097151,38.7046654],[-77.0970899,38.7047216],[-77.0970485,38.7046939]]]}},{"type":"Feature","id":"way/701491262","properties":{"id":"way/701491262","name":null,"class":"building","building":"yes","ground_elevation_m":22.29,"height_m":8.2,"height_source":"USGS 3DEP lidar VA_NorthernVA_1_B22","height_confidence":"high","height_surveyed":true,"roof_form":"pitched","roof_spread_m":4.36,"source":"openstreetmap","source_date":"2026-09-11","confidence":"medium","surveyed":false},"geometry":{"type":"Polygon","coordinates":[[[-77.0925105,38.7044664],[-77.0925667,38.7045487],[-77.0924486,38.7045983],[-77.0924355,38.7045792],[-77.0923541,38.7046133],[-77.092311,38.7045501],[-77.0925105,38.7044664]]]}},{"type":"Feature","id":"way/701491263","properties":{"id":"way/701491263","name":null,"class":"building","building":"yes","ground_elevation_m":23.79,"height_m":8.3,"height_source":"USGS 3DEP lidar VA_NorthernVA_1_B22","height_confidence":"high","height_surveyed":true,"roof_form":"pitched","roof_spread_m":4.7,"source":"openstreetmap","source_date":"2026-09-11","confidence":"medium","surveyed":false},"geometry":{"type":"Polygon","coordinates":[[[-77.0965913,38.7050466],[-77.0966212,38.7049773],[-77.0968331,38.7050334],[-77.0967931,38.7051262],[-77.0966657,38.7050924],[-77.0966758,38.705069],[-77.0965913,38.7050466]]]}},{"type":"Feature","id":"way/701491264","properties":{"id":"way/701491264","name":null,"class":"building","building":"yes","ground_elevation_m":26.68,"height_m":7.6,"height_source":"USGS 3DEP lidar VA_NorthernVA_1_B22","height_confidence":"high","height_surveyed":true,"roof_form":"pitched","roof_spread_m":3.28,"source":"openstreetmap","source_date":"2026-09-11","confidence":"medium","surveyed":false},"geometry":{"type":"Polygon","coordinates":[[[-77.0999999,38.7050997],[-77.100046,38.7050245],[-77.10022,38.7050929],[-77.1001754,38.7051657],[-77.0999999,38.7050997]]]}},{"type":"Feature","id":"way/701491265","properties":{"id":"way/701491265","name":null,"class":"building","building":"yes","ground_elevation_m":24.48,"height_m":7.6,"height_source":"USGS 3DEP lidar VA_NorthernVA_1_B22","height_confidence":"high","height_surveyed":true,"roof_form":"pitched","roof_spread_m":3.46,"source":"openstreetmap","source_date":"2026-09-11","confidence":"medium","surveyed":false},"geometry":{"type":"Polygon","coordinates":[[[-77.0955231,38.7070361],[-77.0956122,38.7071001],[-77.0956226,38.7070912],[-77.095676,38.7071296],[-77.0955861,38.7072064],[-77.0954436,38.707104],[-77.0955231,38.7070361]]]}},{"type":"Feature","id":"way/701491266","properties":{"id":"way/701491266","name":null,"class":"building","building":"yes","ground_elevation_m":26.77,"height_m":6.2,"height_source":"USGS 3DEP lidar VA_NorthernVA_1_B22","height_confidence":"high","height_surveyed":true,"roof_form":"pitched","roof_spread_m":1.47,"source":"openstreetmap","source_date":"2026-09-11","confidence":"medium","surveyed":false},"geometry":{"type":"Polygon","coordinates":[[[-77.0994242,38.7071866],[-77.0995076,38.7070397],[-77.0995959,38.7070705],[-77.0995626,38.7071291],[-77.0996371,38.7071551],[-77.0995858,38.7072454],[-77.0994242,38.7071866]]]}},{"type":"Feature","id":"way/701491267","properties":{"id":"way/701491267","name":null,"class":"building","building":"yes","ground_elevation_m":21.95,"height_m":8.2,"height_source":"USGS 3DEP lidar VA_NorthernVA_1_B22","height_confidence":"high","height_surveyed":true,"roof_form":"pitched","roof_spread_m":4.92,"source":"openstreetmap","source_date":"2026-09-11","confidence":"medium","surveyed":false},"geometry":{"type":"Polygon","coordinates":[[[-77.0970213,38.7051671],[-77.0969464,38.7051501],[-77.0970067,38.7049863],[-77.097101,38.7050076],[-77.0970695,38.7050932],[-77.0971856,38.7051194],[-77.0971535,38.7052067],[-77.0970205,38.7051767],[-77.0970213,38.7051671]]]}},{"type":"Feature","id":"way/701491268","properties":{"id":"way/701491268","name":null,"class":"building","building":"yes","ground_elevation_m":25.06,"height_m":10.1,"height_source":"USGS 3DEP lidar VA_NorthernVA_1_B22","height_confidence":"high","height_surveyed":true,"roof_form":"pitched","roof_spread_m":5.89,"source":"openstreetmap","source_date":"2026-09-11","confidence":"medium","surveyed":false},"geometry":{"type":"Polygon","coordinates":[[[-77.098212,38.7050967],[-77.0981844,38.7051264],[-77.0981314,38.7050962],[-77.0982266,38.7049935],[-77.0982733,38.7050201],[-77.0982816,38.7050111],[-77.0983951,38.7050757],[-77.0984103,38.7050593],[-77.0984744,38.7050991],[-77.0983726,38.705209],[-77.0982672,38.705149],[-77.0982799,38.7051353],[-77.098212,38.7050967]]]}},{"type":"Feature","id":"way/701491269","properties":{"id":"way/701491269","name":null,"class":"building","building":"yes","ground_elevation_m":24.83,"height_m":8.2,"height_source":"USGS 3DEP lidar VA_NorthernVA_1_B22","height_confidence":"high","height_surveyed":true,"roof_form":"pitched","roof_spread_m":4.44,"source":"openstreetmap","source_date":"2026-09-11","confidence":"medium","surveyed":false},"geometry":{"type":"Polygon","coordinates":[[[-77.0954146,38.7051358],[-77.0954131,38.7051397],[-77.0953318,38.7051202],[-77.0953631,38.7050399],[-77.09544,38.7050583],[-77.0954447,38.7050463],[-77.0955717,38.7050766],[-77.0955372,38.7051651],[-77.0954146,38.7051358]]]}},{"type":"Feature","id":"way/701491270","properties":{"id":"way/701491270","name":null,"class":"building","building":"yes","ground_elevation_m":24.56,"height_m":8.3,"height_source":"USGS 3DEP lidar VA_NorthernVA_1_B22","height_confidence":"high","height_surveyed":true,"roof_form":"pitched","roof_spread_m":4.85,"source":"openstreetmap","source_date":"2026-09-11","confidence":"medium","surveyed":false},"geometry":{"type":"Polygon","coordinates":[[[-77.0949135,38.705013],[-77.094931,38.7050992],[-77.094851,38.7051092],[-77.0948583,38.7051448],[-77.0947868,38.7051537],[-77.0947795,38.7051174],[-77.0947247,38.7051242],[-77.0947056,38.7050306],[-77.0948401,38.7050138],[-77.0948417,38.705022],[-77.0949135,38.705013]]]}},{"type":"Feature","id":"way/701491271","properties":{"id":"way/701491271","name":null,"class":"building","building":"yes","ground_elevation_m":22.85,"height_m":7.6,"height_source":"USGS 3DEP lidar VA_NorthernVA_1_B22","height_confidence":"high","height_surveyed":true,"roof_form":"pitched","roof_spread_m":4.49,"source":"openstreetmap","source_date":"2026-09-11","confidence":"medium","surveyed":false},"geometry":{"type":"Polygon","coordinates":[[[-77.0922882,38.7050113],[-77.0922826,38.7050163],[-77.0922076,38.7049654],[-77.0922674,38.7049113],[-77.0923359,38.7049577],[-77.092347,38.7049477],[-77.0924794,38.7050376],[-77.092414,38.7050967],[-77.0922882,38.7050113]]]}},{"type":"Feature","id":"way/701491272","properties":{"id":"way/701491272","name":null,"class":"building","building":"yes","ground_elevation_m":24.59,"height_m":7.9,"height_source":"USGS 3DEP lidar VA_NorthernVA_1_B22","height_confidence":"high","height_surveyed":true,"roof_form":"pitched","roof_spread_m":4.72,"source":"openstreetmap","source_date":"2026-09-11","confidence":"medium","surveyed":false},"geometry":{"type":"Polygon","coordinates":[[[-77.0963215,38.7049836],[-77.0962431,38.7049629],[-77.0962789,38.7048798],[-77.096485,38.7049343],[-77.0964463,38.7050241],[-77.0963192,38.7049906],[-77.0963215,38.7049836]]]}},{"type":"Feature","id":"way/701491273","properties":{"id":"way/701491273","name":null,"class":"building","building":"yes","ground_elevation_m":22.44,"height_m":8.0,"height_source":"USGS 3DEP lidar VA_NorthernVA_1_B22","height_confidence":"high","height_surveyed":true,"roof_form":"pitched","roof_spread_m":5.0,"source":"openstreetmap","source_date":"2026-09-11","confidence":"medium","surveyed":false},"geometry":{"type":"Polygon","coordinates":[[[-77.0927707,38.7046314],[-77.0928377,38.7045845],[-77.0929891,38.7047172],[-77.092898,38.704781],[-77.0928063,38.7047006],[-77.0928304,38.7046837],[-77.0927707,38.7046314]]]}},{"type":"Feature","id":"way/701491274","properties":{"id":"way/701491274","name":null,"class":"building","building":"yes","ground_elevation_m":24.96,"height_m":8.3,"height_source":"USGS 3DEP lidar VA_NorthernVA_1_B22","height_confidence":"high","height_surveyed":true,"roof_form":"pitched","roof_spread_m":4.54,"source":"openstreetmap","source_date":"2026-09-11","confidence":"medium","surveyed":false},"geometry":{"type":"Polygon","coordinates":[[[-77.0971132,38.7068913],[-77.0971708,38.7068661],[-77.0972015,38.706909],[-77.0973466,38.7068454],[-77.0973896,38.7069056],[-77.0973172,38.7069374],[-77.0973299,38.7069552],[-77.0971685,38.707026],[-77.0971396,38.7069855],[-77.0971707,38.7069719],[-77.0971132,38.7068913]]]}},{"type":"Feature","id":"way/701491275","properties":{"id":"way/701491275","name":null,"class":"building","building":"yes","ground_elevation_m":25.18,"height_m":8.3,"height_source":"USGS 3DEP lidar VA_NorthernVA_1_B22","height_confidence":"high","height_surveyed":true,"roof_form":"pitched","roof_spread_m":4.83,"source":"openstreetmap","source_date":"2026-09-11","confidence":"medium","surveyed":false},"geometry":{"type":"Polygon","coordinates":[[[-77.095568,38.7047176],[-77.0955982,38.7046509],[-77.095808,38.704709],[-77.0957674,38.7047988],[-77.0956389,38.7047632],[-77.0956493,38.7047402],[-77.095568,38.7047176]]]}},{"type":"Feature","id":"way/701491276","properties":{"id":"way/701491276","name":null,"class":"building","building":"yes","ground_elevation_m":23.22,"height_m":7.9,"height_source":"USGS 3DEP lidar VA_NorthernVA_1_B22","height_confidence":"high","height_surveyed":true,"roof_form":"pitched","roof_spread_m":4.72,"source":"openstreetmap","source_date":"2026-09-11","confidence":"medium","surveyed":false},"geometry":{"type":"Polygon","coordinates":[[[-77.0939793,38.7047769],[-77.0939349,38.7047282],[-77.0939225,38.7047351],[-77.0938407,38.7046453],[-77.0939749,38.7045702],[-77.0940152,38.7046144],[-77.0939783,38.7046351],[-77.0940642,38.7047293],[-77.0939793,38.7047769]]]}},{"type":"Feature","id":"way/701491277","properties":{"id":"way/701491277","name":null,"class":"building","building":"yes","ground_elevation_m":21.8,"height_m":9.5,"height_source":"USGS 3DEP lidar VA_NorthernVA_1_B22","height_confidence":"high","height_surveyed":true,"roof_form":"pitched","roof_spread_m":5.24,"source":"openstreetmap","source_date":"2026-09-11","confidence":"medium","surveyed":false},"geometry":{"type":"Polygon","coordinates":[[[-77.0973041,38.7046645],[-77.0973862,38.7046532],[-77.0973912,38.7046754],[-77.0975273,38.7046568],[-77.0975473,38.7047462],[-77.097401,38.7047663],[-77.0974067,38.7047917],[-77.0973347,38.7048016],[-77.0973041,38.7046645]]]}},{"type":"Feature","id":"way/701491278","properties":{"id":"way/701491278","name":null,"class":"building","building":"yes","ground_elevation_m":23.6,"height_m":8.2,"height_source":"USGS 3DEP lidar VA_NorthernVA_1_B22","height_confidence":"high","height_surveyed":true,"roof_form":"pitched","roof_spread_m":4.89,"source":"openstreetmap","source_date":"2026-09-11","confidence":"medium","surveyed":false},"geometry":{"type":"Polygon","coordinates":[[[-77.0942978,38.7046482],[-77.0944308,38.704636],[-77.0944415,38.7047077],[-77.0943519,38.7047159],[-77.0943555,38.70474],[-77.0942193,38.7047525],[-77.094199,38.7046156],[-77.0942917,38.7046072],[-77.0942978,38.7046482]]]}},{"type":"Feature","id":"way/701491279","properties":{"id":"way/701491279","name":null,"class":"building","building":"yes","ground_elevation_m":21.72,"height_m":10.3,"height_source":"USGS 3DEP lidar VA_NorthernVA_1_B22","height_confidence":"high","height_surveyed":true,"roof_form":"pitched","roof_spread_m":5.29,"source":"openstreetmap","source_date":"2026-09-11","confidence":"medium","surveyed":false},"geometry":{"type":"Polygon","coordinates":[[[-77.0977048,38.7047125],[-77.0977405,38.7047038],[-77.0976965,38.7045939],[-77.0978047,38.7045673],[-77.0978464,38.7046714],[-77.0978695,38.7046657],[-77.0978943,38.7047275],[-77.0977273,38.7047686],[-77.0977048,38.7047125]]]}},{"type":"Feature","id":"way/701491280","properties":{"id":"way/701491280","name":null,"class":"building","building":"yes","ground_elevation_m":23.14,"height_m":9.9,"height_source":"USGS 3DEP lidar VA_NorthernVA_1_B22","height_confidence":"high","height_surveyed":true,"roof_form":"pitched","roof_spread_m":5.46,"source":"openstreetmap","source_date":"2026-09-11","confidence":"medium","surveyed":false},"geometry":{"type":"Polygon","coordinates":[[[-77.0985042,38.7046901],[-77.0986694,38.7045249],[-77.0987268,38.7045601],[-77.0987008,38.7045861],[-77.0987355,38.7046075],[-77.098649,38.7046893],[-77.0986885,38.7047135],[-77.0986755,38.7047265],[-77.0986811,38.7047299],[-77.0986384,38.7047726],[-77.0985042,38.7046901]]]}},{"type":"Feature","id":"way/701491281","properties":{"id":"way/701491281","name":null,"class":"building","building":"yes","ground_elevation_m":23.23,"height_m":8.0,"height_source":"USGS 3DEP lidar VA_NorthernVA_1_B22","height_confidence":"high","height_surveyed":true,"roof_form":"pitched","roof_spread_m":4.48,"source":"openstreetmap","source_date":"2026-09-11","confidence":"medium","surveyed":false},"geometry":{"type":"Polygon","coordinates":[[[-77.0946818,38.7046379],[-77.0946908,38.7046375],[-77.0946787,38.7044934],[-77.0947799,38.7044882],[-77.0947918,38.7046308],[-77.094775,38.7046317],[-77.0947806,38.7046987],[-77.0946872,38.7047035],[-77.0946818,38.7046379]]]}},{"type":"Feature","id":"way/701491282","properties":{"id":"way/701491282","name":null,"class":"building","building":"yes","ground_elevation_m":25.72,"height_m":8.4,"height_source":"USGS 3DEP lidar VA_NorthernVA_1_B22","height_confidence":"high","height_surveyed":true,"roof_form":"pitched","roof_spread_m":4.36,"source":"openstreetmap","source_date":"2026-09-11","confidence":"medium","surveyed":false},"geometry":{"type":"Polygon","coordinates":[[[-77.0978076,38.7070996],[-77.0977945,38.7070756],[-77.0979204,38.7070333],[-77.0979658,38.7071164],[-77.0977584,38.707186],[-77.0977261,38.7071269],[-77.0978076,38.7070996]]]}},{"type":"Feature","id":"way/701491283","properties":{"id":"way/701491283","name":null,"class":"building","building":"yes","ground_elevation_m":24.79,"height_m":8.9,"height_source":"USGS 3DEP lidar VA_NorthernVA_1_B22","height_confidence":"high","height_surveyed":true,"roof_form":"pitched","roof_spread_m":4.9,"source":"openstreetmap","source_date":"2026-09-11","confidence":"medium","surveyed":false},"geometry":{"type":"Polygon","coordinates":[[[-77.095213,38.7040575],[-77.0952429,38.7040062],[-77.0952534,38.70401],[-77.0953137,38.7039064],[-77.0954274,38.7039471],[-77.0953686,38.7040481],[-77.095411,38.7040632],[-77.0953796,38.7041171],[-77.095213,38.7040575]]]}},{"type":"Feature","id":"way/701491284","properties":{"id":"way/701491284","name":null,"class":"building","building":"yes","ground_elevation_m":24.08,"height_m":9.0,"height_source":"USGS 3DEP lidar VA_NorthernVA_1_B22","height_confidence":"high","height_surveyed":true,"roof_form":"pitched","roof_spread_m":4.78,"source":"openstreetmap","source_date":"2026-09-11","confidence":"medium","surveyed":false},"geometry":{"type":"Polygon","coordinates":[[[-77.0991722,38.7031422],[-77.0992958,38.7032201],[-77.0993045,38.7032116],[-77.0993843,38.7032619],[-77.0993003,38.7033438],[-77.0991666,38.7032596],[-77.0991573,38.7032688],[-77.0990875,38.7032248],[-77.0991722,38.7031422]]]}},{"type":"Feature","id":"way/701491285","properties":{"id":"way/701491285","name":null,"class":"building","building":"yes","ground_elevation_m":23.27,"height_m":9.7,"height_source":"USGS 3DEP lidar VA_NorthernVA_1_B22","height_confidence":"high","height_surveyed":true,"roof_form":"pitched","roof_spread_m":5.57,"source":"openstreetmap","source_date":"2026-09-11","confidence":"medium","surveyed":false},"geometry":{"type":"Polygon","coordinates":[[[-77.0964717,38.7038494],[-77.0964829,38.7038518],[-77.096522,38.70374],[-77.0966533,38.7037682],[-77.0966422,38.7038],[-77.0966802,38.7038081],[-77.0966618,38.7038605],[-77.0966219,38.7038519],[-77.0965902,38.7039427],[-77.0964496,38.7039124],[-77.0964717,38.7038494]]]}},{"type":"Feature","id":"way/701491286","properties":{"id":"way/701491286","name":null,"class":"building","building":"yes","ground_elevation_m":25.14,"height_m":7.7,"height_source":"USGS 3DEP lidar VA_NorthernVA_1_B22","height_confidence":"high","height_surveyed":true,"roof_form":"pitched","roof_spread_m":4.03,"source":"openstreetmap","source_date":"2026-09-11","confidence":"medium","surveyed":false},"geometry":{"type":"Polygon","coordinates":[[[-77.0961386,38.7073697],[-77.0961833,38.70729],[-77.096241,38.7073099],[-77.0962496,38.7072945],[-77.096352,38.7073298],[-77.0963434,38.7073451],[-77.0964126,38.7073689],[-77.0963679,38.7074487],[-77.0961386,38.7073697]]]}},{"type":"Feature","id":"way/701491287","properties":{"id":"way/701491287","name":null,"class":"building","building":"yes","ground_elevation_m":27.24,"height_m":7.7,"height_source":"USGS 3DEP lidar VA_NorthernVA_1_B22","height_confidence":"high","height_surveyed":true,"roof_form":"pitched","roof_spread_m":3.95,"source":"openstreetmap","source_date":"2026-09-11","confidence":"medium","surveyed":false},"geometry":{"type":"Polygon","coordinates":[[[-77.09817,38.7072933],[-77.0981587,38.7072899],[-77.0981897,38.7072275],[-77.0982753,38.7072536],[-77.0982436,38.7073176],[-77.0982608,38.7073228],[-77.0981946,38.7074562],[-77.0981031,38.7074282],[-77.09817,38.7072933]]]}},{"type":"Feature","id":"way/701491288","properties":{"id":"way/701491288","name":null,"class":"building","building":"yes","ground_elevation_m":25.29,"height_m":5.9,"height_source":"USGS 3DEP lidar VA_NorthernVA_1_B22","height_confidence":"high","height_surveyed":true,"roof_form":"pitched","roof_spread_m":2.78,"source":"openstreetmap","source_date":"2026-09-11","confidence":"medium","surveyed":false},"geometry":{"type":"Polygon","coordinates":[[[-77.1000597,38.7073975],[-77.1001413,38.7073936],[-77.1001394,38.7073689],[-77.10032,38.7073603],[-77.1003276,38.7074592],[-77.1000654,38.7074717],[-77.1000597,38.7073975]]]}},{"type":"Feature","id":"way/701491289","properties":{"id":"way/701491289","name":null,"class":"building","building":"yes","ground_elevation_m":24.59,"height_m":7.8,"height_source":"USGS 3DEP lidar VA_NorthernVA_1_B22","height_confidence":"high","height_surveyed":true,"roof_form":"pitched","roof_spread_m":4.2,"source":"openstreetmap","source_date":"2026-09-11","confidence":"medium","surveyed":false},"geometry":{"type":"Polygon","coordinates":[[[-77.0965101,38.707005],[-77.0965052,38.7070135],[-77.0963416,38.7069558],[-77.0963847,38.7068808],[-77.0966306,38.7069645],[-77.0965911,38.7070335],[-77.0965101,38.707005]]]}},{"type":"Feature","id":"way/701491290","properties":{"id":"way/701491290","name":null,"class":"building","building":"yes","ground_elevation_m":22.96,"height_m":8.4,"height_source":"USGS 3DEP lidar VA_NorthernVA_1_B22","height_confidence":"high","height_surveyed":true,"roof_form":"pitched","roof_spread_m":4.09,"source":"openstreetmap","source_date":"2026-09-11","confidence":"medium","surveyed":false},"geometry":{"type":"Polygon","coordinates":[[[-77.0987469,38.7030768],[-77.0987972,38.70303],[-77.0987781,38.7030176],[-77.0987772,38.7030275],[-77.0986852,38.7030306],[-77.0986786,38.7029613],[-77.0987695,38.7029544],[-77.0987698,38.7029592],[-77.0988173,38.7029548],[-77.0988539,38.7029838],[-77.0988569,38.7029798],[-77.0989625,38.7030567],[-77.0988561,38.703148],[-77.0987469,38.7030768]]]}},{"type":"Feature","id":"way/701491291","properties":{"id":"way/701491291","name":null,"class":"building","building":"yes","ground_elevation_m":23.76,"height_m":8.7,"height_source":"USGS 3DEP lidar VA_NorthernVA_1_B22","height_confidence":"high","height_surveyed":true,"roof_form":"pitched","roof_spread_m":5.03,"source":"openstreetmap","source_date":"2026-09-11","confidence":"medium","surveyed":false},"geometry":{"type":"Polygon","coordinates":[[[-77.0951687,38.7030633],[-77.0951635,38.7030744],[-77.0951155,38.7030608],[-77.0951452,38.7029969],[-77.0951912,38.70301],[-77.0952344,38.7029164],[-77.0953442,38.7029479],[-77.0953054,38.7030308],[-77.0953193,38.7030443],[-77.0952922,38.7030997],[-77.0951687,38.7030633]]]}},{"type":"Feature","id":"way/701491292","properties":{"id":"way/701491292","name":null,"class":"building","building":"yes","ground_elevation_m":22.48,"height_m":12.2,"height_source":"USGS 3DEP lidar VA_NorthernVA_1_B22","height_confidence":"high","height_surveyed":true,"roof_form":"complex","roof_spread_m":7.75,"source":"openstreetmap","source_date":"2026-09-11","confidence":"medium","surveyed":false},"geometry":{"type":"Polygon","coordinates":[[[-77.0947977,38.70304],[-77.0947756,38.7030318],[-77.0947612,38.7030386],[-77.0947427,38.7030312],[-77.0947354,38.7030186],[-77.0947452,38.7030036],[-77.0947627,38.7029985],[-77.0947145,38.702982],[-77.0947464,38.7029256],[-77.0947976,38.7029455],[-77.0948283,38.7029018],[-77.0949299,38.7029405],[-77.094913,38.7029709],[-77.0949187,38.7029732],[-77.0948551,38.7030745],[-77.0947904,38.7030505],[-77.0947977,38.70304]]]}},{"type":"Feature","id":"way/701491298","properties":{"id":"way/701491298","name":null,"class":"building","building":"yes","ground_elevation_m":27.11,"height_m":8.2,"height_source":"USGS 3DEP lidar VA_NorthernVA_1_B22","height_confidence":"high","height_surveyed":true,"roof_form":"pitched","roof_spread_m":4.98,"source":"openstreetmap","source_date":"2026-09-11","confidence":"medium","surveyed":false},"geometry":{"type":"Polygon","coordinates":[[[-77.0988042,38.7060264],[-77.0988878,38.7060485],[-77.0988402,38.7061594],[-77.0988849,38.7061712],[-77.0988588,38.7062321],[-77.0987017,38.7061906],[-77.0987463,38.7060868],[-77.0987749,38.7060943],[-77.0988042,38.7060264]]]}},{"type":"Feature","id":"way/701491299","properties":{"id":"way/701491299","name":null,"class":"building","building":"yes","ground_elevation_m":22.53,"height_m":9.4,"height_source":"USGS 3DEP lidar VA_NorthernVA_1_B22","height_confidence":"high","height_surveyed":true,"roof_form":"pitched","roof_spread_m":5.05,"source":"openstreetmap","source_date":"2026-09-11","confidence":"medium","surveyed":false},"geometry":{"type":"Polygon","coordinates":[[[-77.0970172,38.7040383],[-77.096992,38.7040429],[-77.0969729,38.703978],[-77.0971469,38.7039465],[-77.0971659,38.7040109],[-77.0971421,38.7040152],[-77.0971741,38.704124],[-77.0971588,38.7041268],[-77.0971712,38.7041688],[-77.0970811,38.7041851],[-77.0970687,38.7041432],[-77.0970492,38.7041468],[-77.0970172,38.7040383]]]}},{"type":"Feature","id":"way/701491300","properties":{"id":"way/701491300","name":null,"class":"building","building":"yes","ground_elevation_m":27.12,"height_m":7.7,"height_source":"USGS 3DEP lidar VA_NorthernVA_1_B22","height_confidence":"high","height_surveyed":true,"roof_form":"pitched","roof_spread_m":2.66,"source":"openstreetmap","source_date":"2026-09-11","confidence":"medium","surveyed":false},"geometry":{"type":"Polygon","coordinates":[[[-77.0996117,38.7040115],[-77.0996939,38.7040404],[-77.0996752,38.704073],[-77.0996919,38.7040789],[-77.0996296,38.7041877],[-77.0995305,38.7041529],[-77.0996117,38.7040115]]]}},{"type":"Feature","id":"way/701491302","properties":{"id":"way/701491302","name":null,"class":"building","building":"yes","ground_elevation_m":25.6,"height_m":9.2,"height_source":"USGS 3DEP lidar VA_NorthernVA_1_B22","height_confidence":"high","height_surveyed":true,"roof_form":"pitched","roof_spread_m":5.64,"source":"openstreetmap","source_date":"2026-09-11","confidence":"medium","surveyed":false},"geometry":{"type":"Polygon","coordinates":[[[-77.0988302,38.7053621],[-77.0988143,38.7053769],[-77.0987075,38.7053063],[-77.0986911,38.7053215],[-77.0986248,38.7052776],[-77.0987137,38.7051951],[-77.0987738,38.7052349],[-77.0987844,38.705225],[-77.0989335,38.7053236],[-77.0988663,38.705386],[-77.0988302,38.7053621]]]}},{"type":"Feature","id":"way/701491303","properties":{"id":"way/701491303","name":null,"class":"building","building":"yes","ground_elevation_m":23.89,"height_m":7.6,"height_source":"USGS 3DEP lidar VA_NorthernVA_1_B22","height_confidence":"high","height_surveyed":true,"roof_form":"pitched","roof_spread_m":4.16,"source":"openstreetmap","source_date":"2026-09-11","confidence":"medium","surveyed":false},"geometry":{"type":"Polygon","coordinates":[[[-77.0933405,38.7052924],[-77.0933346,38.7052806],[-77.0932987,38.7052664],[-77.0933117,38.7052461],[-77.0932265,38.7052129],[-77.0932664,38.7051501],[-77.0933502,38.705183],[-77.0933562,38.7051707],[-77.0935182,38.705236],[-77.0934716,38.7053069],[-77.0934378,38.7052933],[-77.0934214,38.7053183],[-77.0933807,38.7052994],[-77.0933663,38.7053028],[-77.0933405,38.7052924]]]}},{"type":"Feature","id":"way/701491304","properties":{"id":"way/701491304","name":null,"class":"building","building":"yes","ground_elevation_m":23.47,"height_m":8.3,"height_source":"USGS 3DEP lidar VA_NorthernVA_1_B22","height_confidence":"high","height_surveyed":true,"roof_form":"pitched","roof_spread_m":4.52,"source":"openstreetmap","source_date":"2026-09-11","confidence":"medium","surveyed":false},"geometry":{"type":"Polygon","coordinates":[[[-77.0928985,38.7051767],[-77.0931104,38.7051767],[-77.0931157,38.7053121],[-77.0930467,38.7053135],[-77.0930444,38.705266],[-77.0928986,38.7052678],[-77.0928985,38.7051767]]]}},{"type":"Feature","id":"way/701491305","properties":{"id":"way/701491305","name":null,"class":"building","building":"yes","ground_elevation_m":24.4,"height_m":8.1,"height_source":"USGS 3DEP lidar VA_NorthernVA_1_B22","height_confidence":"high","height_surveyed":true,"roof_form":"pitched","roof_spread_m":4.58,"source":"openstreetmap","source_date":"2026-09-11","confidence":"medium","surveyed":false},"geometry":{"type":"Polygon","coordinates":[[[-77.0956674,38.705258],[-77.0957149,38.7051695],[-77.0958391,38.7052104],[-77.0958256,38.7052355],[-77.0959059,38.7052619],[-77.0958719,38.7053253],[-77.0956674,38.705258]]]}},{"type":"Feature","id":"way/701491306","properties":{"id":"way/701491306","name":null,"class":"building","building":"yes","ground_elevation_m":22.89,"height_m":9.3,"height_source":"USGS 3DEP lidar VA_NorthernVA_1_B22","height_confidence":"high","height_surveyed":true,"roof_form":"pitched","roof_spread_m":4.73,"source":"openstreetmap","source_date":"2026-09-11","confidence":"medium","surveyed":false},"geometry":{"type":"Polygon","coordinates":[[[-77.0924716,38.7037083],[-77.0924566,38.7036399],[-77.092547,38.7036278],[-77.0925404,38.7035977],[-77.0926723,38.7035799],[-77.0927,38.7037068],[-77.0925651,38.7037249],[-77.0925589,38.7036965],[-77.0924716,38.7037083]]]}},{"type":"Feature","id":"way/701491307","properties":{"id":"way/701491307","name":null,"class":"building","building":"yes","ground_elevation_m":21.84,"height_m":11.0,"height_source":"USGS 3DEP lidar VA_NorthernVA_1_B22","height_confidence":"high","height_surveyed":true,"roof_form":"pitched","roof_spread_m":3.38,"source":"openstreetmap","source_date":"2026-09-11","confidence":"medium","surveyed":false},"geometry":{"type":"Polygon","coordinates":[[[-77.0927963,38.703657],[-77.0928031,38.7035739],[-77.0927909,38.7035634],[-77.0927909,38.703549],[-77.092806,38.7035411],[-77.0928248,38.7035415],[-77.0928358,38.7035511],[-77.0928371,38.7035576],[-77.0928891,38.7035645],[-77.0928892,38.7035493],[-77.0929021,38.7035403],[-77.092923,38.7035417],[-77.0929296,38.7035498],[-77.0929307,38.7035277],[-77.0930297,38.7035388],[-77.0930267,38.7035528],[-77.0930473,38.7035527],[-77.0930598,38.7035653],[-77.0930578,38.7035824],[-77.0930393,38.7035906],[-77.0930175,38.7037031],[-77.0928833,38.7036876],[-77.092884,38.7036671],[-77.0927963,38.703657]]]}},{"type":"Feature","id":"way/701491308","properties":{"id":"way/701491308","name":null,"class":"building","building":"yes","ground_elevation_m":23.29,"height_m":9.2,"height_source":"USGS 3DEP lidar VA_NorthernVA_1_B22","height_confidence":"high","height_surveyed":true,"roof_form":"pitched","roof_spread_m":4.71,"source":"openstreetmap","source_date":"2026-09-11","confidence":"medium","surveyed":false},"geometry":{"type":"Polygon","coordinates":[[[-77.0974802,38.7036789],[-77.0974663,38.7036908],[-77.0974048,38.7036469],[-77.0975209,38.7035471],[-77.0975834,38.7035917],[-77.0975663,38.7036064],[-77.0976345,38.7036551],[-77.097622,38.7036659],[-77.097656,38.7036902],[-77.0975833,38.7037526],[-77.0974802,38.7036789]]]}},{"type":"Feature","id":"way/701491309","properties":{"id":"way/701491309","name":null,"class":"building","building":"yes","ground_elevation_m":24.68,"height_m":7.7,"height_source":"USGS 3DEP lidar VA_NorthernVA_1_B22","height_confidence":"high","height_surveyed":true,"roof_form":"pitched","roof_spread_m":4.08,"source":"openstreetmap","source_date":"2026-09-11","confidence":"medium","surveyed":false},"geometry":{"type":"Polygon","coordinates":[[[-77.094428,38.705156],[-77.0943387,38.7051631],[-77.0943229,38.705065],[-77.0944149,38.7050564],[-77.0944165,38.705068],[-77.0945771,38.7050515],[-77.0945915,38.7051457],[-77.0945293,38.705151],[-77.0945321,38.7051758],[-77.0945036,38.7051917],[-77.0944687,38.705195],[-77.0944358,38.7051854],[-77.094428,38.705156]]]}},{"type":"Feature","id":"way/701491310","properties":{"id":"way/701491310","name":null,"class":"building","building":"yes","ground_elevation_m":24.11,"height_m":8.7,"height_source":"USGS 3DEP lidar VA_NorthernVA_1_B22","height_confidence":"high","height_surveyed":true,"roof_form":"pitched","roof_spread_m":4.75,"source":"openstreetmap","source_date":"2026-09-11","confidence":"medium","surveyed":false},"geometry":{"type":"Polygon","coordinates":[[[-77.0964204,38.7041506],[-77.0964511,38.7040981],[-77.0964656,38.7041034],[-77.0965251,38.7040021],[-77.0966357,38.7040419],[-77.0965754,38.7041448],[-77.0966152,38.7041592],[-77.0965854,38.70421],[-77.0964204,38.7041506]]]}},{"type":"Feature","id":"way/701491311","properties":{"id":"way/701491311","name":null,"class":"building","building":"yes","ground_elevation_m":19.96,"height_m":8.4,"height_source":"USGS 3DEP lidar VA_NorthernVA_1_B22","height_confidence":"high","height_surveyed":true,"roof_form":"pitched","roof_spread_m":4.15,"source":"openstreetmap","source_date":"2026-09-11","confidence":"medium","surveyed":false},"geometry":{"type":"Polygon","coordinates":[[[-77.0982064,38.7041663],[-77.0981991,38.704173],[-77.0980821,38.7040949],[-77.0980921,38.7040858],[-77.0980511,38.7040585],[-77.098108,38.7040061],[-77.0981537,38.7040366],[-77.0981577,38.7040329],[-77.0981983,38.70406],[-77.0982069,38.704052],[-77.0982782,38.7040995],[-77.0982871,38.7040913],[-77.0983436,38.704129],[-77.0982625,38.7042037],[-77.0982064,38.7041663]]]}},{"type":"Feature","id":"way/701491312","properties":{"id":"way/701491312","name":null,"class":"building","building":"yes","ground_elevation_m":22.53,"height_m":7.9,"height_source":"USGS 3DEP lidar VA_NorthernVA_1_B22","height_confidence":"high","height_surveyed":true,"roof_form":"pitched","roof_spread_m":4.68,"source":"openstreetmap","source_date":"2026-09-11","confidence":"medium","surveyed":false},"geometry":{"type":"Polygon","coordinates":[[[-77.0938053,38.7043083],[-77.093917,38.7042972],[-77.0939374,38.7044521],[-77.0938175,38.7044625],[-77.0938145,38.7044278],[-77.0937906,38.7044288],[-77.0937863,38.7043923],[-77.0938074,38.7043904],[-77.0938035,38.7043558],[-77.0938129,38.7043557],[-77.0938053,38.7043083]]]}},{"type":"Feature","id":"way/701491313","properties":{"id":"way/701491313","name":null,"class":"building","building":"yes","ground_elevation_m":23.07,"height_m":8.2,"height_source":"USGS 3DEP lidar VA_NorthernVA_1_B22","height_confidence":"high","height_surveyed":true,"roof_form":"pitched","roof_spread_m":4.81,"source":"openstreetmap","source_date":"2026-09-11","confidence":"medium","surveyed":false},"geometry":{"type":"Polygon","coordinates":[[[-77.094171,38.7058314],[-77.0942413,38.7058766],[-77.094098,38.7060138],[-77.0940032,38.705953],[-77.0940908,38.7058693],[-77.0941151,38.7058849],[-77.094171,38.7058314]]]}},{"type":"Feature","id":"way/701491314","properties":{"id":"way/701491314","name":null,"class":"building","building":"yes","ground_elevation_m":24.47,"height_m":8.4,"height_source":"USGS 3DEP lidar VA_NorthernVA_1_B22","height_confidence":"high","height_surveyed":true,"roof_form":"pitched","roof_spread_m":4.56,"source":"openstreetmap","source_date":"2026-09-11","confidence":"medium","surveyed":false},"geometry":{"type":"Polygon","coordinates":[[[-77.0972056,38.7060359],[-77.0971872,38.7059645],[-77.0973179,38.7059462],[-77.0973141,38.7059225],[-77.097339,38.7058992],[-77.0973747,38.7058947],[-77.097401,38.7059063],[-77.0974354,38.7060252],[-77.0973016,38.7060449],[-77.0972977,38.7060229],[-77.0972056,38.7060359]]]}},{"type":"Feature","id":"way/701491315","properties":{"id":"way/701491315","name":null,"class":"building","building":"yes","ground_elevation_m":24.07,"height_m":8.5,"height_source":"USGS 3DEP lidar VA_NorthernVA_1_B22","height_confidence":"high","height_surveyed":true,"roof_form":"pitched","roof_spread_m":4.35,"source":"openstreetmap","source_date":"2026-09-11","confidence":"medium","surveyed":false},"geometry":{"type":"Polygon","coordinates":[[[-77.0961718,38.7068244],[-77.0961496,38.7068379],[-77.0960676,38.7067554],[-77.0961606,38.7066986],[-77.0962973,38.706836],[-77.0962264,38.7068793],[-77.0961718,38.7068244]]]}},{"type":"Feature","id":"way/701491316","properties":{"id":"way/701491316","name":null,"class":"building","building":"yes","ground_elevation_m":25.06,"height_m":8.5,"height_source":"USGS 3DEP lidar VA_NorthernVA_1_B22","height_confidence":"high","height_surveyed":true,"roof_form":"pitched","roof_spread_m":4.62,"source":"openstreetmap","source_date":"2026-09-11","confidence":"medium","surveyed":false},"geometry":{"type":"Polygon","coordinates":[[[-77.0975829,38.706681],[-77.097664,38.7067485],[-77.0975018,38.706868],[-77.0974207,38.7068005],[-77.0975829,38.706681]]]}},{"type":"Feature","id":"way/701491317","properties":{"id":"way/701491317","name":null,"class":"building","building":"yes","ground_elevation_m":21.55,"height_m":9.6,"height_source":"USGS 3DEP lidar VA_NorthernVA_1_B22","height_confidence":"high","height_surveyed":true,"roof_form":"pitched","roof_spread_m":5.12,"source":"openstreetmap","source_date":"2026-09-11","confidence":"medium","surveyed":false},"geometry":{"type":"Polygon","coordinates":[[[-77.0911259,38.7043048],[-77.0910824,38.7042754],[-77.0911594,38.7042057],[-77.0912538,38.7042698],[-77.0912588,38.7042653],[-77.0912792,38.7042642],[-77.0912983,38.7042771],[-77.0912953,38.7042798],[-77.0913053,38.704282],[-77.0913398,38.7043055],[-77.0913427,38.7043211],[-77.0913229,38.7043389],[-77.0913353,38.7043474],[-77.0912742,38.7044032],[-77.0913602,38.7044613],[-77.0913027,38.7045135],[-77.0912766,38.7044959],[-77.0912748,38.7044991],[-77.091067,38.7043582],[-77.0911259,38.7043048]]]}},{"type":"Feature","id":"way/701491318","properties":{"id":"way/701491318","name":null,"class":"building","building":"yes","ground_elevation_m":22.64,"height_m":8.1,"height_source":"USGS 3DEP lidar VA_NorthernVA_1_B22","height_confidence":"high","height_surveyed":true,"roof_form":"pitched","roof_spread_m":4.94,"source":"openstreetmap","source_date":"2026-09-11","confidence":"medium","surveyed":false},"geometry":{"type":"Polygon","coordinates":[[[-77.0932797,38.7043415],[-77.0933701,38.7043305],[-77.0933819,38.7044004],[-77.0934092,38.704399],[-77.093424,38.704512],[-77.0932932,38.7045181],[-77.0932753,38.704512],[-77.093259,38.7044962],[-77.0932561,38.7044748],[-77.0932667,38.7044576],[-77.0932932,38.7044455],[-77.0932797,38.7043415]]]}},{"type":"Feature","id":"way/701491319","properties":{"id":"way/701491319","name":null,"class":"building","building":"yes","ground_elevation_m":26.18,"height_m":7.2,"height_source":"USGS 3DEP lidar VA_NorthernVA_1_B22","height_confidence":"high","height_surveyed":true,"roof_form":"pitched","roof_spread_m":3.2,"source":"openstreetmap","source_date":"2026-09-11","confidence":"medium","surveyed":false},"geometry":{"type":"Polygon","coordinates":[[[-77.0998381,38.7044888],[-77.0998851,38.7044126],[-77.1000225,38.7044647],[-77.1000156,38.7044759],[-77.1000542,38.7044905],[-77.1000246,38.7045386],[-77.0999841,38.7045233],[-77.0999737,38.7045402],[-77.0998381,38.7044888]]]}},{"type":"Feature","id":"way/701491320","properties":{"id":"way/701491320","name":null,"class":"building","building":"yes","ground_elevation_m":24.69,"height_m":10.2,"height_source":"USGS 3DEP lidar VA_NorthernVA_1_B22","height_confidence":"high","height_surveyed":true,"roof_form":"pitched","roof_spread_m":5.6,"source":"openstreetmap","source_date":"2026-09-11","confidence":"medium","surveyed":false},"geometry":{"type":"Polygon","coordinates":[[[-77.0958915,38.7042173],[-77.095791,38.7041736],[-77.0958727,38.7040583],[-77.0959463,38.7040903],[-77.0959287,38.7041152],[-77.0960526,38.7041691],[-77.095985,38.7042645],[-77.0959447,38.704247],[-77.095929,38.7042691],[-77.0958746,38.7042455],[-77.0958915,38.7042173]]]}},{"type":"Feature","id":"way/701491321","properties":{"id":"way/701491321","name":null,"class":"building","building":"yes","ground_elevation_m":21.58,"height_m":8.5,"height_source":"USGS 3DEP lidar VA_NorthernVA_1_B22","height_confidence":"high","height_surveyed":true,"roof_form":"pitched","roof_spread_m":5.52,"source":"openstreetmap","source_date":"2026-09-11","confidence":"medium","surveyed":false},"geometry":{"type":"Polygon","coordinates":[[[-77.0938134,38.7041887],[-77.0938065,38.7041907],[-77.0937579,38.7040891],[-77.0938725,38.7040555],[-77.093942,38.7042009],[-77.0938343,38.7042325],[-77.0938134,38.7041887]]]}},{"type":"Feature","id":"way/701491322","properties":{"id":"way/701491322","name":null,"class":"building","building":"yes","ground_elevation_m":22.87,"height_m":7.5,"height_source":"USGS 3DEP lidar VA_NorthernVA_1_B22","height_confidence":"high","height_surveyed":true,"roof_form":"pitched","roof_spread_m":4.24,"source":"openstreetmap","source_date":"2026-09-11","confidence":"medium","surveyed":false},"geometry":{"type":"Polygon","coordinates":[[[-77.0930735,38.7041798],[-77.0930969,38.7041443],[-77.0930433,38.7041225],[-77.0930396,38.7041282],[-77.0929638,38.7040969],[-77.0930049,38.7040358],[-77.0930815,38.7040678],[-77.0930893,38.7040526],[-77.0932513,38.7041182],[-77.0932049,38.7041886],[-77.0931614,38.704171],[-77.0931381,38.7042063],[-77.0930735,38.7041798]]]}},{"type":"Feature","id":"way/701491323","properties":{"id":"way/701491323","name":null,"class":"building","building":"yes","ground_elevation_m":22.63,"height_m":9.5,"height_source":"USGS 3DEP lidar VA_NorthernVA_1_B22","height_confidence":"high","height_surveyed":true,"roof_form":"pitched","roof_spread_m":5.46,"source":"openstreetmap","source_date":"2026-09-11","confidence":"medium","surveyed":false},"geometry":{"type":"Polygon","coordinates":[[[-77.091668,38.7041322],[-77.0916857,38.7040997],[-77.0916855,38.7040721],[-77.0917786,38.704067],[-77.0917608,38.7040302],[-77.0920021,38.7039551],[-77.0920742,38.7040974],[-77.0919981,38.7041211],[-77.091919,38.7040768],[-77.091904,38.7040918],[-77.0918884,38.7040996],[-77.091854,38.7040985],[-77.0918341,38.7041693],[-77.0917545,38.7041577],[-77.091668,38.7041322]]]}},{"type":"Feature","id":"way/701491324","properties":{"id":"way/701491324","name":null,"class":"building","building":"yes","ground_elevation_m":20.77,"height_m":8.6,"height_source":"USGS 3DEP lidar VA_NorthernVA_1_B22","height_confidence":"high","height_surveyed":true,"roof_form":"pitched","roof_spread_m":1.9,"source":"openstreetmap","source_date":"2026-09-11","confidence":"medium","surveyed":false},"geometry":{"type":"Polygon","coordinates":[[[-77.1003961,38.7001401],[-77.1003428,38.7002215],[-77.1001955,38.7001623],[-77.1002066,38.7001453],[-77.1001683,38.7001299],[-77.1001886,38.7000989],[-77.1002257,38.7001139],[-77.1002477,38.7000804],[-77.1003961,38.7001401]]]}},{"type":"Feature","id":"way/701491326","properties":{"id":"way/701491326","name":null,"class":"outbuilding","building":"shed","ground_elevation_m":24.28,"height_m":3.8,"height_source":"USGS 3DEP lidar VA_NorthernVA_1_B22","height_confidence":"low","height_surveyed":false,"roof_form":"flat","roof_spread_m":1.01,"source":"openstreetmap","source_date":"2026-09-11","confidence":"medium","surveyed":false},"geometry":{"type":"Polygon","coordinates":[[[-77.0998993,38.7068496],[-77.0999212,38.7068062],[-77.0999725,38.7068221],[-77.0999702,38.7068266],[-77.0999892,38.7068325],[-77.0999696,38.7068713],[-77.0998993,38.7068496]]]}},{"type":"Feature","id":"way/701491327","properties":{"id":"way/701491327","name":null,"class":"building","building":"yes","ground_elevation_m":22.31,"height_m":9.8,"height_source":"USGS 3DEP lidar VA_NorthernVA_1_B22","height_confidence":"high","height_surveyed":true,"roof_form":"pitched","roof_spread_m":4.96,"source":"openstreetmap","source_date":"2026-09-11","confidence":"medium","surveyed":false},"geometry":{"type":"Polygon","coordinates":[[[-77.09942,38.7027714],[-77.0994391,38.7026995],[-77.0995109,38.7027112],[-77.0995155,38.7026937],[-77.0996894,38.702722],[-77.0996658,38.7028114],[-77.09942,38.7027714]]]}},{"type":"Feature","id":"way/701491328","properties":{"id":"way/701491328","name":null,"class":"building","building":"yes","ground_elevation_m":22.51,"height_m":8.2,"height_source":"USGS 3DEP lidar VA_NorthernVA_1_B22","height_confidence":"high","height_surveyed":true,"roof_form":"pitched","roof_spread_m":4.67,"source":"openstreetmap","source_date":"2026-09-11","confidence":"medium","surveyed":false},"geometry":{"type":"Polygon","coordinates":[[[-77.0962351,38.7059654],[-77.0963112,38.7060021],[-77.0962642,38.7060618],[-77.0962858,38.7060722],[-77.0962106,38.7061678],[-77.096113,38.7061207],[-77.0962351,38.7059654]]]}},{"type":"Feature","id":"way/701491329","properties":{"id":"way/701491329","name":null,"class":"building","building":"yes","ground_elevation_m":25.12,"height_m":8.4,"height_source":"USGS 3DEP lidar VA_NorthernVA_1_B22","height_confidence":"high","height_surveyed":true,"roof_form":"pitched","roof_spread_m":4.47,"source":"openstreetmap","source_date":"2026-09-11","confidence":"medium","surveyed":false},"geometry":{"type":"Polygon","coordinates":[[[-77.0959191,38.7048482],[-77.0959658,38.7047655],[-77.0961683,38.7048358],[-77.0961215,38.7049185],[-77.0959191,38.7048482]]]}},{"type":"Feature","id":"way/701491330","properties":{"id":"way/701491330","name":null,"class":"building","building":"yes","ground_elevation_m":23.93,"height_m":8.2,"height_source":"USGS 3DEP lidar VA_NorthernVA_1_B22","height_confidence":"high","height_surveyed":true,"roof_form":"pitched","roof_spread_m":4.95,"source":"openstreetmap","source_date":"2026-09-11","confidence":"medium","surveyed":false},"geometry":{"type":"Polygon","coordinates":[[[-77.0941026,38.7055091],[-77.0940784,38.7055236],[-77.093993,38.7054361],[-77.0940897,38.7053782],[-77.0942274,38.7055193],[-77.094155,38.7055627],[-77.0941026,38.7055091]]]}},{"type":"Feature","id":"way/701491331","properties":{"id":"way/701491331","name":null,"class":"building","building":"yes","ground_elevation_m":23.84,"height_m":8.1,"height_source":"USGS 3DEP lidar VA_NorthernVA_1_B22","height_confidence":"high","height_surveyed":true,"roof_form":"pitched","roof_spread_m":5.0,"source":"openstreetmap","source_date":"2026-09-11","confidence":"medium","surveyed":false},"geometry":{"type":"Polygon","coordinates":[[[-77.096657,38.7055072],[-77.0966938,38.705415],[-77.0968249,38.7054471],[-77.0968153,38.7054713],[-77.0968978,38.7054915],[-77.0968707,38.7055595],[-77.096657,38.7055072]]]}},{"type":"Feature","id":"way/701491332","properties":{"id":"way/701491332","name":null,"class":"building","building":"yes","ground_elevation_m":24.01,"height_m":8.2,"height_source":"USGS 3DEP lidar VA_NorthernVA_1_B22","height_confidence":"high","height_surveyed":true,"roof_form":"pitched","roof_spread_m":4.65,"source":"openstreetmap","source_date":"2026-09-11","confidence":"medium","surveyed":false},"geometry":{"type":"Polygon","coordinates":[[[-77.0974117,38.70529],[-77.0974059,38.705297],[-77.0972861,38.7052373],[-77.0973513,38.7051569],[-77.0975408,38.7052513],[-77.0974813,38.7053246],[-77.0974117,38.70529]]]}},{"type":"Feature","id":"way/701491333","properties":{"id":"way/701491333","name":null,"class":"building","building":"yes","ground_elevation_m":23.8,"height_m":9.1,"height_source":"USGS 3DEP lidar VA_NorthernVA_1_B22","height_confidence":"high","height_surveyed":true,"roof_form":"pitched","roof_spread_m":4.7,"source":"openstreetmap","source_date":"2026-09-11","confidence":"medium","surveyed":false},"geometry":{"type":"Polygon","coordinates":[[[-77.0973874,38.703295],[-77.0974797,38.7034518],[-77.0973834,38.7034866],[-77.0973257,38.7033887],[-77.0972727,38.7034079],[-77.097238,38.7033491],[-77.0973874,38.703295]]]}},{"type":"Feature","id":"way/701491334","properties":{"id":"way/701491334","name":null,"class":"building","building":"yes","ground_elevation_m":22.85,"height_m":10.7,"height_source":"USGS 3DEP lidar VA_NorthernVA_1_B22","height_confidence":"high","height_surveyed":true,"roof_form":"pitched","roof_spread_m":5.35,"source":"openstreetmap","source_date":"2026-09-11","confidence":"medium","surveyed":false},"geometry":{"type":"Polygon","coordinates":[[[-77.0966634,38.7033872],[-77.0966281,38.7034018],[-77.0966001,38.7033601],[-77.0966348,38.7033458],[-77.0966127,38.703313],[-77.0967335,38.7032632],[-77.0967562,38.7032971],[-77.0967683,38.703292],[-77.0967932,38.7033291],[-77.0967807,38.7033343],[-77.0968006,38.7033639],[-77.096829,38.7033522],[-77.0968688,38.7034115],[-77.0967208,38.7034726],[-77.0966634,38.7033872]]]}},{"type":"Feature","id":"way/701491335","properties":{"id":"way/701491335","name":null,"class":"building","building":"yes","ground_elevation_m":23.68,"height_m":10.4,"height_source":"USGS 3DEP lidar VA_NorthernVA_1_B22","height_confidence":"high","height_surveyed":true,"roof_form":"pitched","roof_spread_m":5.9,"source":"openstreetmap","source_date":"2026-09-11","confidence":"medium","surveyed":false},"geometry":{"type":"Polygon","coordinates":[[[-77.0949746,38.7032884],[-77.0950005,38.7032979],[-77.0950267,38.703254],[-77.0951807,38.7033106],[-77.0951448,38.7033706],[-77.09511,38.7033577],[-77.0950892,38.7033917],[-77.0950812,38.7033887],[-77.0950713,38.7034049],[-77.0950778,38.7034073],[-77.0950524,38.7034503],[-77.094933,38.7034065],[-77.0949551,38.7033696],[-77.0949314,38.7033609],[-77.0949746,38.7032884]]]}},{"type":"Feature","id":"way/701491336","properties":{"id":"way/701491336","name":null,"class":"building","building":"yes","ground_elevation_m":20.67,"height_m":2.9,"height_source":"USGS 3DEP lidar VA_NorthernVA_1_B22","height_confidence":"low","height_surveyed":false,"roof_form":"pitched","roof_spread_m":1.95,"source":"openstreetmap","source_date":"2026-09-11","confidence":"medium","surveyed":false},"geometry":{"type":"Polygon","coordinates":[[[-77.0942769,38.7032256],[-77.0942952,38.703241],[-77.09439,38.7031597],[-77.0944089,38.7031727],[-77.0944316,38.7031547],[-77.0944747,38.7031888],[-77.0944957,38.7031724],[-77.0945187,38.7031912],[-77.0941963,38.7034261],[-77.0941286,38.703369],[-77.0942033,38.7033146],[-77.0941884,38.7033021],[-77.0942161,38.7032819],[-77.0942085,38.7032755],[-77.0942769,38.7032256]]]}},{"type":"Feature","id":"way/701491337","properties":{"id":"way/701491337","name":null,"class":"building","building":"yes","ground_elevation_m":23.42,"height_m":7.4,"height_source":"USGS 3DEP lidar VA_NorthernVA_1_B22","height_confidence":"high","height_surveyed":true,"roof_form":"pitched","roof_spread_m":1.8,"source":"openstreetmap","source_date":"2026-09-11","confidence":"medium","surveyed":false},"geometry":{"type":"Polygon","coordinates":[[[-77.0999829,38.7034087],[-77.1000688,38.7032715],[-77.1001711,38.7033108],[-77.1000852,38.7034481],[-77.0999829,38.7034087]]]}},{"type":"Feature","id":"way/701491338","properties":{"id":"way/701491338","name":null,"class":"building","building":"yes","ground_elevation_m":21.24,"height_m":8.9,"height_source":"USGS 3DEP lidar VA_NorthernVA_1_B22","height_confidence":"high","height_surveyed":true,"roof_form":"pitched","roof_spread_m":4.77,"source":"openstreetmap","source_date":"2026-09-11","confidence":"medium","surveyed":false},"geometry":{"type":"Polygon","coordinates":[[[-77.0977931,38.7032174],[-77.0978562,38.7032878],[-77.0977312,38.7033566],[-77.0977396,38.703366],[-77.0976856,38.7033956],[-77.0976141,38.7033158],[-77.0977931,38.7032174]]]}},{"type":"Feature","id":"way/701491339","properties":{"id":"way/701491339","name":null,"class":"building","building":"yes","ground_elevation_m":22.45,"height_m":7.5,"height_source":"USGS 3DEP lidar VA_NorthernVA_1_B22","height_confidence":"high","height_surveyed":true,"roof_form":"pitched","roof_spread_m":3.99,"source":"openstreetmap","source_date":"2026-09-11","confidence":"medium","surveyed":false},"geometry":{"type":"Polygon","coordinates":[[[-77.1001727,38.7031332],[-77.1002687,38.7029781],[-77.1003595,38.7030126],[-77.1002636,38.7031677],[-77.1001727,38.7031332]]]}},{"type":"Feature","id":"way/701491340","properties":{"id":"way/701491340","name":null,"class":"building","building":"yes","ground_elevation_m":23.47,"height_m":9.4,"height_source":"USGS 3DEP lidar VA_NorthernVA_1_B22","height_confidence":"high","height_surveyed":true,"roof_form":"pitched","roof_spread_m":4.9,"source":"openstreetmap","source_date":"2026-09-11","confidence":"medium","surveyed":false},"geometry":{"type":"Polygon","coordinates":[[[-77.0973162,38.7028978],[-77.0973038,38.7028861],[-77.097364,38.7028547],[-77.0973793,38.7028727],[-77.0974613,38.7028299],[-77.0975558,38.7029308],[-77.0974821,38.7029686],[-77.0974646,38.7029443],[-77.0974307,38.7029602],[-77.0974337,38.7029641],[-77.0973436,38.7030046],[-77.0972773,38.7029261],[-77.0972875,38.7029208],[-77.097283,38.7029157],[-77.0973162,38.7028978]]]}},{"type":"Feature","id":"way/701491341","properties":{"id":"way/701491341","name":null,"class":"building","building":"yes","ground_elevation_m":24.9,"height_m":8.1,"height_source":"USGS 3DEP lidar VA_NorthernVA_1_B22","height_confidence":"high","height_surveyed":true,"roof_form":"pitched","roof_spread_m":4.42,"source":"openstreetmap","source_date":"2026-09-11","confidence":"medium","surveyed":false},"geometry":{"type":"Polygon","coordinates":[[[-77.0953242,38.7046589],[-77.0953121,38.7046693],[-77.0951857,38.7045796],[-77.0952552,38.7045195],[-77.0954503,38.704658],[-77.0953929,38.7047076],[-77.0953242,38.7046589]]]}},{"type":"Feature","id":"way/701491342","properties":{"id":"way/701491342","name":null,"class":"building","building":"yes","ground_elevation_m":26.87,"height_m":7.4,"height_source":"USGS 3DEP lidar VA_NorthernVA_1_B22","height_confidence":"high","height_surveyed":true,"roof_form":"pitched","roof_spread_m":3.83,"source":"openstreetmap","source_date":"2026-09-11","confidence":"medium","surveyed":false},"geometry":{"type":"Polygon","coordinates":[[[-77.0996627,38.7038997],[-77.0997199,38.7038037],[-77.0997424,38.7038119],[-77.0997698,38.703766],[-77.0998658,38.7038011],[-77.0998425,38.7038403],[-77.0998871,38.7038567],[-77.0998454,38.7039267],[-77.0997979,38.7039094],[-77.0997785,38.703942],[-77.0996627,38.7038997]]]}},{"type":"Feature","id":"way/701491343","properties":{"id":"way/701491343","name":null,"class":"building","building":"yes","ground_elevation_m":22.87,"height_m":9.3,"height_source":"USGS 3DEP lidar VA_NorthernVA_1_B22","height_confidence":"high","height_surveyed":true,"roof_form":"pitched","roof_spread_m":4.33,"source":"openstreetmap","source_date":"2026-09-11","confidence":"medium","surveyed":false},"geometry":{"type":"Polygon","coordinates":[[[-77.0989164,38.7038086],[-77.0989825,38.7037051],[-77.0990815,38.7037429],[-77.0989663,38.7039281],[-77.0988626,38.7038928],[-77.0988675,38.7038838],[-77.09886,38.7038806],[-77.0988446,38.7038605],[-77.098882,38.7037963],[-77.0989164,38.7038086]]]}},{"type":"Feature","id":"way/701491344","properties":{"id":"way/701491344","name":null,"class":"building","building":"yes","ground_elevation_m":24.63,"height_m":10.1,"height_source":"USGS 3DEP lidar VA_NorthernVA_1_B22","height_confidence":"high","height_surveyed":true,"roof_form":"pitched","roof_spread_m":5.16,"source":"openstreetmap","source_date":"2026-09-11","confidence":"medium","surveyed":false},"geometry":{"type":"Polygon","coordinates":[[[-77.0953802,38.7037747],[-77.0955704,38.7037174],[-77.095614,38.7038062],[-77.0954238,38.7038635],[-77.0953802,38.7037747]]]}},{"type":"Feature","id":"way/701491345","properties":{"id":"way/701491345","name":null,"class":"building","building":"yes","ground_elevation_m":21.2,"height_m":10.1,"height_source":"USGS 3DEP lidar VA_NorthernVA_1_B22","height_confidence":"high","height_surveyed":true,"roof_form":"pitched","roof_spread_m":4.78,"source":"openstreetmap","source_date":"2026-09-11","confidence":"medium","surveyed":false},"geometry":{"type":"Polygon","coordinates":[[[-77.0977267,38.7038311],[-77.0977923,38.7036991],[-77.0978653,38.7037214],[-77.09785,38.7037521],[-77.0979822,38.7037925],[-77.0979397,38.7038779],[-77.0978056,38.703837],[-77.0977978,38.7038528],[-77.0977267,38.7038311]]]}},{"type":"Feature","id":"way/701491346","properties":{"id":"way/701491346","name":null,"class":"building","building":"yes","ground_elevation_m":22.29,"height_m":7.9,"height_source":"USGS 3DEP lidar VA_NorthernVA_1_B22","height_confidence":"high","height_surveyed":true,"roof_form":"pitched","roof_spread_m":4.25,"source":"openstreetmap","source_date":"2026-09-11","confidence":"medium","surveyed":false},"geometry":{"type":"Polygon","coordinates":[[[-77.0931667,38.7037277],[-77.0932032,38.7036577],[-77.0932855,38.7036841],[-77.0932808,38.7036931],[-77.0934466,38.7037462],[-77.093408,38.7038202],[-77.0932385,38.7037659],[-77.0932453,38.7037529],[-77.0931667,38.7037277]]]}},{"type":"Feature","id":"way/701491347","properties":{"id":"way/701491347","name":null,"class":"building","building":"yes","ground_elevation_m":23.05,"height_m":9.4,"height_source":"USGS 3DEP lidar VA_NorthernVA_1_B22","height_confidence":"high","height_surveyed":true,"roof_form":"pitched","roof_spread_m":4.52,"source":"openstreetmap","source_date":"2026-09-11","confidence":"medium","surveyed":false},"geometry":{"type":"Polygon","coordinates":[[[-77.0969075,38.7035954],[-77.0969308,38.7036447],[-77.0969151,38.7036493],[-77.0969233,38.7036666],[-77.0969538,38.7036578],[-77.0970116,38.7037797],[-77.097002,38.7037825],[-77.097017,38.703814],[-77.0969381,38.7038369],[-77.0969255,38.7038103],[-77.0968862,38.7038217],[-77.0968268,38.7036963],[-77.0968401,38.7036924],[-77.0968328,38.7036771],[-77.0968184,38.7036812],[-77.0967934,38.7036285],[-77.0969075,38.7035954]]]}},{"type":"Feature","id":"way/701491348","properties":{"id":"way/701491348","name":null,"class":"building","building":"yes","ground_elevation_m":24.12,"height_m":10.0,"height_source":"USGS 3DEP lidar VA_NorthernVA_1_B22","height_confidence":"high","height_surveyed":true,"roof_form":"pitched","roof_spread_m":5.59,"source":"openstreetmap","source_date":"2026-09-11","confidence":"medium","surveyed":false},"geometry":{"type":"Polygon","coordinates":[[[-77.0947772,38.7036818],[-77.0948334,38.703589],[-77.0949408,38.7036289],[-77.094923,38.7036583],[-77.0949308,38.7036612],[-77.0949062,38.7037019],[-77.0948998,38.7036996],[-77.0948814,38.7037299],[-77.0948901,38.7037332],[-77.0948566,38.7037885],[-77.0947031,38.7037314],[-77.0947412,38.7036685],[-77.0947772,38.7036818]]]}},{"type":"Feature","id":"way/701491349","properties":{"id":"way/701491349","name":null,"class":"building","building":"yes","ground_elevation_m":23.3,"height_m":10.3,"height_source":"USGS 3DEP lidar VA_NorthernVA_1_B22","height_confidence":"high","height_surveyed":true,"roof_form":"pitched","roof_spread_m":4.89,"source":"openstreetmap","source_date":"2026-09-11","confidence":"medium","surveyed":false},"geometry":{"type":"Polygon","coordinates":[[[-77.09527,38.7023115],[-77.0952813,38.7023175],[-77.0953102,38.7022844],[-77.0954288,38.7023479],[-77.0954348,38.7023409],[-77.0954837,38.702377],[-77.0954963,38.7023658],[-77.095605,38.7024229],[-77.0955531,38.7024837],[-77.0954416,38.7024234],[-77.095449,38.702415],[-77.0954251,38.702402],[-77.0953894,38.7024427],[-77.0954029,38.70245],[-77.0953582,38.7025005],[-77.0953418,38.7024915],[-77.0953244,38.7025107],[-77.0952147,38.7024525],[-77.0952306,38.7024341],[-77.0951941,38.7024147],[-77.0952299,38.702374],[-77.0952202,38.7023688],[-77.09527,38.7023115]]]}},{"type":"Feature","id":"way/701491350","properties":{"id":"way/701491350","name":null,"class":"building","building":"yes","ground_elevation_m":20.98,"height_m":11.1,"height_source":"USGS 3DEP lidar VA_NorthernVA_1_B22","height_confidence":"high","height_surveyed":true,"roof_form":"pitched","roof_spread_m":2.33,"source":"openstreetmap","source_date":"2026-09-11","confidence":"medium","surveyed":false},"geometry":{"type":"Polygon","coordinates":[[[-77.0987482,38.7025415],[-77.0986585,38.7024637],[-77.0988108,38.7023559],[-77.0988885,38.7024234],[-77.0988595,38.7024439],[-77.0988663,38.7024498],[-77.0988261,38.7024781],[-77.0988214,38.702474],[-77.0987912,38.7024953],[-77.098802,38.7025048],[-77.0987482,38.7025415]]]}},{"type":"Feature","id":"way/701491351","properties":{"id":"way/701491351","name":null,"class":"building","building":"yes","ground_elevation_m":19.98,"height_m":11.6,"height_source":"USGS 3DEP lidar VA_NorthernVA_1_B22","height_confidence":"high","height_surveyed":true,"roof_form":"pitched","roof_spread_m":2.85,"source":"openstreetmap","source_date":"2026-09-11","confidence":"medium","surveyed":false},"geometry":{"type":"Polygon","coordinates":[[[-77.0961286,38.7024846],[-77.0961461,38.7024263],[-77.0961647,38.7024298],[-77.0961994,38.7023145],[-77.0963315,38.7023389],[-77.0963211,38.7023737],[-77.0963597,38.7023808],[-77.0963449,38.7024301],[-77.096304,38.7024226],[-77.0962771,38.702512],[-77.0961286,38.7024846]]]}},{"type":"Feature","id":"way/701491352","properties":{"id":"way/701491352","name":null,"class":"building","building":"yes","ground_elevation_m":22.12,"height_m":8.9,"height_source":"USGS 3DEP lidar VA_NorthernVA_1_B22","height_confidence":"high","height_surveyed":true,"roof_form":"pitched","roof_spread_m":4.76,"source":"openstreetmap","source_date":"2026-09-11","confidence":"medium","surveyed":false},"geometry":{"type":"Polygon","coordinates":[[[-77.0963426,38.7032579],[-77.0963805,38.7030943],[-77.0964537,38.7031047],[-77.0964461,38.7031373],[-77.0965851,38.703157],[-77.0965624,38.7032552],[-77.0964232,38.7032354],[-77.0964156,38.7032683],[-77.0963426,38.7032579]]]}},{"type":"Feature","id":"way/701491353","properties":{"id":"way/701491353","name":null,"class":"outbuilding","building":"shed","ground_elevation_m":22.26,"height_m":5.3,"height_source":"USGS 3DEP lidar VA_NorthernVA_1_B22","height_confidence":"high","height_surveyed":true,"roof_form":"pitched","roof_spread_m":3.58,"source":"openstreetmap","source_date":"2026-09-11","confidence":"medium","surveyed":false},"geometry":{"type":"Polygon","coordinates":[[[-77.0946302,38.7031445],[-77.0946899,38.7031696],[-77.0946517,38.7032255],[-77.0945739,38.7031928],[-77.094601,38.7031532],[-77.094619,38.7031608],[-77.0946302,38.7031445]]]}},{"type":"Feature","id":"way/701491354","properties":{"id":"way/701491354","name":null,"class":"building","building":"yes","ground_elevation_m":21.66,"height_m":9.2,"height_source":"USGS 3DEP lidar VA_NorthernVA_1_B22","height_confidence":"high","height_surveyed":true,"roof_form":"pitched","roof_spread_m":5.07,"source":"openstreetmap","source_date":"2026-09-11","confidence":"medium","surveyed":false},"geometry":{"type":"Polygon","coordinates":[[[-77.0960442,38.7027796],[-77.0960356,38.7027907],[-77.0959847,38.7027664],[-77.095994,38.7027543],[-77.0959597,38.7027379],[-77.0959462,38.7027554],[-77.0958838,38.7027256],[-77.0959772,38.7026053],[-77.0960429,38.7026366],[-77.0960276,38.7026563],[-77.0961547,38.7027169],[-77.0960893,38.7028011],[-77.0960442,38.7027796]]]}},{"type":"Feature","id":"way/701491355","properties":{"id":"way/701491355","name":null,"class":"building","building":"yes","ground_elevation_m":20.63,"height_m":8.9,"height_source":"USGS 3DEP lidar VA_NorthernVA_1_B22","height_confidence":"high","height_surveyed":true,"roof_form":"pitched","roof_spread_m":3.0,"source":"openstreetmap","source_date":"2026-09-11","confidence":"medium","surveyed":false},"geometry":{"type":"Polygon","coordinates":[[[-77.099228,38.7017405],[-77.0992171,38.7017636],[-77.0991349,38.7017397],[-77.0991457,38.7017169],[-77.0990946,38.7017021],[-77.0991323,38.7016221],[-77.099315,38.7016751],[-77.0993119,38.7016815],[-77.0994008,38.7017073],[-77.0993658,38.7017815],[-77.099228,38.7017405]]]}},{"type":"Feature","id":"way/701491356","properties":{"id":"way/701491356","name":null,"class":"building","building":"yes","ground_elevation_m":22.45,"height_m":4.4,"height_source":"USGS 3DEP lidar VA_NorthernVA_1_B22","height_confidence":"high","height_surveyed":true,"roof_form":"pitched","roof_spread_m":1.5,"source":"openstreetmap","source_date":"2026-09-11","confidence":"medium","surveyed":false},"geometry":{"type":"Polygon","coordinates":[[[-77.099615,38.7010517],[-77.0997539,38.701092],[-77.0996423,38.7013281],[-77.0995034,38.7012878],[-77.099615,38.7010517]]]}},{"type":"Feature","id":"way/701491357","properties":{"id":"way/701491357","name":null,"class":"building","building":"yes","ground_elevation_m":21.92,"height_m":9.2,"height_source":"USGS 3DEP lidar VA_NorthernVA_1_B22","height_confidence":"high","height_surveyed":true,"roof_form":"pitched","roof_spread_m":4.81,"source":"openstreetmap","source_date":"2026-09-11","confidence":"medium","surveyed":false},"geometry":{"type":"Polygon","coordinates":[[[-77.0968306,38.7029337],[-77.0967894,38.7027602],[-77.0969121,38.7027423],[-77.0969204,38.7027772],[-77.0969435,38.7027738],[-77.0969562,38.7028272],[-77.0969301,38.702831],[-77.0969368,38.7028588],[-77.0969438,38.7028578],[-77.0969575,38.7029152],[-77.0968306,38.7029337]]]}},{"type":"Feature","id":"way/701491358","properties":{"id":"way/701491358","name":null,"class":"building","building":"yes","ground_elevation_m":26.1,"height_m":7.3,"height_source":"USGS 3DEP lidar VA_NorthernVA_1_B22","height_confidence":"high","height_surveyed":true,"roof_form":"pitched","roof_spread_m":1.51,"source":"openstreetmap","source_date":"2026-09-11","confidence":"medium","surveyed":false},"geometry":{"type":"Polygon","coordinates":[[[-77.099504,38.7043445],[-77.0995508,38.7042737],[-77.0997215,38.7043431],[-77.0996746,38.7044138],[-77.099504,38.7043445]]]}},{"type":"Feature","id":"way/701491359","properties":{"id":"way/701491359","name":null,"class":"building","building":"yes","ground_elevation_m":25.05,"height_m":9.8,"height_source":"USGS 3DEP lidar VA_NorthernVA_1_B22","height_confidence":"high","height_surveyed":true,"roof_form":"pitched","roof_spread_m":4.91,"source":"openstreetmap","source_date":"2026-09-11","confidence":"medium","surveyed":false},"geometry":{"type":"Polygon","coordinates":[[[-77.0961298,38.7042714],[-77.0962108,38.7042668],[-77.0962128,38.7042879],[-77.0962343,38.7042866],[-77.096232,38.7042613],[-77.0964389,38.7042495],[-77.0964457,38.7043217],[-77.0964115,38.7043237],[-77.0964142,38.7043524],[-77.0961389,38.7043682],[-77.0961298,38.7042714]]]}},{"type":"Feature","id":"way/701491360","properties":{"id":"way/701491360","name":null,"class":"building","building":"yes","ground_elevation_m":25.51,"height_m":5.9,"height_source":"USGS 3DEP lidar VA_NorthernVA_1_B22","height_confidence":"high","height_surveyed":true,"roof_form":"pitched","roof_spread_m":2.14,"source":"openstreetmap","source_date":"2026-09-11","confidence":"medium","surveyed":false},"geometry":{"type":"Polygon","coordinates":[[[-77.0976398,38.707871],[-77.0976761,38.7077858],[-77.0977866,38.7078147],[-77.0977497,38.7079012],[-77.0977637,38.7079049],[-77.0977301,38.7079838],[-77.0975611,38.7079395],[-77.0975675,38.7079245],[-77.097494,38.7079052],[-77.0975218,38.7078402],[-77.0976398,38.707871]]]}},{"type":"Feature","id":"way/701491361","properties":{"id":"way/701491361","name":null,"class":"building","building":"yes","ground_elevation_m":27.05,"height_m":7.3,"height_source":"USGS 3DEP lidar VA_NorthernVA_1_B22","height_confidence":"high","height_surveyed":true,"roof_form":"pitched","roof_spread_m":1.95,"source":"openstreetmap","source_date":"2026-09-11","confidence":"medium","surveyed":false},"geometry":{"type":"Polygon","coordinates":[[[-77.1001557,38.7042147],[-77.1002305,38.7042436],[-77.1002098,38.7042766],[-77.1002296,38.7042842],[-77.1001605,38.704394],[-77.1000659,38.7043574],[-77.1001557,38.7042147]]]}},{"type":"Feature","id":"way/701491362","properties":{"id":"way/701491362","name":null,"class":"building","building":"yes","ground_elevation_m":22.97,"height_m":8.7,"height_source":"USGS 3DEP lidar VA_NorthernVA_1_B22","height_confidence":"high","height_surveyed":true,"roof_form":"pitched","roof_spread_m":4.67,"source":"openstreetmap","source_date":"2026-09-11","confidence":"medium","surveyed":false},"geometry":{"type":"Polygon","coordinates":[[[-77.0970316,38.7029679],[-77.0970889,38.7029403],[-77.0971076,38.7029641],[-77.0971465,38.7029454],[-77.097262,38.7030928],[-77.0971134,38.7031644],[-77.0970728,38.7031126],[-77.0971252,38.7030874],[-77.0970316,38.7029679]]]}},{"type":"Feature","id":"way/701491363","properties":{"id":"way/701491363","name":null,"class":"building","building":"yes","ground_elevation_m":21.58,"height_m":10.4,"height_source":"USGS 3DEP lidar VA_NorthernVA_1_B22","height_confidence":"high","height_surveyed":true,"roof_form":"pitched","roof_spread_m":4.5,"source":"openstreetmap","source_date":"2026-09-11","confidence":"medium","surveyed":false},"geometry":{"type":"Polygon","coordinates":[[[-77.0985405,38.7026535],[-77.0986628,38.7026452],[-77.0986675,38.7026865],[-77.0986733,38.7026861],[-77.0986784,38.7027318],[-77.0986723,38.7027323],[-77.0986761,38.7027654],[-77.0986935,38.7027642],[-77.0986998,38.7028204],[-77.0985416,38.7028313],[-77.0985352,38.7027742],[-77.0985538,38.7027729],[-77.0985405,38.7026535]]]}},{"type":"Feature","id":"way/701491364","properties":{"id":"way/701491364","name":null,"class":"building","building":"yes","ground_elevation_m":18.01,"height_m":5.9,"height_source":"USGS 3DEP lidar VA_NorthernVA_1_B22","height_confidence":"high","height_surveyed":true,"roof_form":"pitched","roof_spread_m":1.86,"source":"openstreetmap","source_date":"2026-09-11","confidence":"medium","surveyed":false},"geometry":{"type":"Polygon","coordinates":[[[-77.0997569,38.7025032],[-77.0996996,38.7024824],[-77.0998002,38.7023121],[-77.0999465,38.7023652],[-77.0999036,38.7024379],[-77.099882,38.70243],[-77.0998289,38.7025199],[-77.099843,38.7025251],[-77.0998016,38.7025951],[-77.0997201,38.7025656],[-77.0997569,38.7025032]]]}},{"type":"Feature","id":"way/701491365","properties":{"id":"way/701491365","name":null,"class":"building","building":"yes","ground_elevation_m":21.96,"height_m":9.1,"height_source":"USGS 3DEP lidar VA_NorthernVA_1_B22","height_confidence":"high","height_surveyed":true,"roof_form":"pitched","roof_spread_m":2.77,"source":"openstreetmap","source_date":"2026-09-11","confidence":"medium","surveyed":false},"geometry":{"type":"Polygon","coordinates":[[[-77.1002633,38.7009712],[-77.1002655,38.700912],[-77.1002934,38.7009126],[-77.1002975,38.700804],[-77.1003145,38.7008045],[-77.1003161,38.7007633],[-77.1003858,38.7007649],[-77.1003842,38.7008057],[-77.1004149,38.7008064],[-77.1004133,38.7008484],[-77.1004334,38.7008489],[-77.1004317,38.7008932],[-77.1004134,38.7008928],[-77.1004103,38.7009747],[-77.1002633,38.7009712]]]}},{"type":"Feature","id":"way/701491366","properties":{"id":"way/701491366","name":null,"class":"outbuilding","building":"shed","ground_elevation_m":22.26,"height_m":null,"height_source":null,"height_confidence":null,"height_surveyed":null,"roof_form":null,"roof_spread_m":null,"source":"openstreetmap","source_date":"2026-09-11","confidence":"medium","surveyed":false},"geometry":{"type":"Polygon","coordinates":[[[-77.0996012,38.7009182],[-77.0996032,38.7009388],[-77.0995923,38.7009514],[-77.099525,38.700954],[-77.0995222,38.7009227],[-77.0996012,38.7009182]]]}},{"type":"Feature","id":"way/701491367","properties":{"id":"way/701491367","name":null,"class":"building","building":"yes","ground_elevation_m":24.15,"height_m":8.3,"height_source":"USGS 3DEP lidar VA_NorthernVA_1_B22","height_confidence":"high","height_surveyed":true,"roof_form":"pitched","roof_spread_m":4.59,"source":"openstreetmap","source_date":"2026-09-11","confidence":"medium","surveyed":false},"geometry":{"type":"Polygon","coordinates":[[[-77.0968593,38.7059774],[-77.0969097,38.7059741],[-77.0969053,38.7059382],[-77.0969535,38.7059344],[-77.096954,38.7059384],[-77.0969909,38.7059355],[-77.0969951,38.7059694],[-77.0970763,38.7059598],[-77.097086,38.706048],[-77.0970012,38.706054],[-77.0970032,38.706061],[-77.0968701,38.7060723],[-77.0968593,38.7059774]]]}},{"type":"Feature","id":"way/701491368","properties":{"id":"way/701491368","name":null,"class":"building","building":"yes","ground_elevation_m":27.12,"height_m":5.7,"height_source":"USGS 3DEP lidar VA_NorthernVA_1_B22","height_confidence":"high","height_surveyed":true,"roof_form":"pitched","roof_spread_m":2.48,"source":"openstreetmap","source_date":"2026-09-11","confidence":"medium","surveyed":false},"geometry":{"type":"Polygon","coordinates":[[[-77.0981247,38.7065317],[-77.09824,38.7064578],[-77.0982423,38.70646],[-77.0982658,38.7064449],[-77.0982879,38.706446],[-77.0983131,38.7064702],[-77.0983102,38.7064868],[-77.0982856,38.7065026],[-77.0983964,38.7066091],[-77.0982818,38.7066822],[-77.0981247,38.7065317]]]}},{"type":"Feature","id":"way/701491369","properties":{"id":"way/701491369","name":null,"class":"building","building":"yes","ground_elevation_m":22.97,"height_m":8.2,"height_source":"USGS 3DEP lidar VA_NorthernVA_1_B22","height_confidence":"high","height_surveyed":true,"roof_form":"pitched","roof_spread_m":4.75,"source":"openstreetmap","source_date":"2026-09-11","confidence":"medium","surveyed":false},"geometry":{"type":"Polygon","coordinates":[[[-77.0936428,38.7059622],[-77.0936802,38.705897],[-77.0937649,38.7059268],[-77.0937773,38.7059052],[-77.0938987,38.7059479],[-77.0938488,38.7060348],[-77.0936428,38.7059622]]]}},{"type":"Feature","id":"way/701491370","properties":{"id":"way/701491370","name":null,"class":"building","building":"yes","ground_elevation_m":21.05,"height_m":8.4,"height_source":"USGS 3DEP lidar VA_NorthernVA_1_B22","height_confidence":"high","height_surveyed":true,"roof_form":"pitched","roof_spread_m":4.75,"source":"openstreetmap","source_date":"2026-09-11","confidence":"medium","surveyed":false},"geometry":{"type":"Polygon","coordinates":[[[-77.0988272,38.7001172],[-77.098872,38.700175],[-77.0988522,38.7001844],[-77.0989183,38.7002697],[-77.0989496,38.7002548],[-77.0989824,38.7002972],[-77.0988595,38.7003556],[-77.0987832,38.700257],[-77.0987947,38.7002516],[-77.0987732,38.7002238],[-77.0987661,38.7002272],[-77.0987203,38.7001681],[-77.0988272,38.7001172]]]}},{"type":"Feature","id":"way/701491371","properties":{"id":"way/701491371","name":null,"class":"building","building":"yes","ground_elevation_m":21.57,"height_m":5.6,"height_source":"USGS 3DEP lidar VA_NorthernVA_1_B22","height_confidence":"high","height_surveyed":true,"roof_form":"pitched","roof_spread_m":1.9,"source":"openstreetmap","source_date":"2026-09-11","confidence":"medium","surveyed":false},"geometry":{"type":"Polygon","coordinates":[[[-77.0975299,38.700189],[-77.0975504,38.700206],[-77.0976181,38.7001558],[-77.0976217,38.7001588],[-77.0976608,38.7001297],[-77.0976357,38.7001089],[-77.0977035,38.7000586],[-77.0977874,38.7001281],[-77.097821,38.7001032],[-77.0978591,38.7001348],[-77.0978136,38.7001685],[-77.0978632,38.7002096],[-77.0977955,38.7002598],[-77.0977476,38.7002203],[-77.0975947,38.7003338],[-77.0974718,38.7002321],[-77.0975299,38.700189]]]}},{"type":"Feature","id":"way/701491372","properties":{"id":"way/701491372","name":null,"class":"outbuilding","building":"shed","ground_elevation_m":16.35,"height_m":9.1,"height_source":"USGS 3DEP lidar VA_NorthernVA_1_B22","height_confidence":"low","height_surveyed":false,"roof_form":"pitched","roof_spread_m":2.09,"source":"openstreetmap","source_date":"2026-09-11","confidence":"medium","surveyed":false},"geometry":{"type":"Polygon","coordinates":[[[-77.0970905,38.700252],[-77.0971334,38.7002201],[-77.0971743,38.7002539],[-77.0971314,38.7002858],[-77.0970905,38.700252]]]}},{"type":"Feature","id":"way/701491373","properties":{"id":"way/701491373","name":null,"class":"building","building":"yes","ground_elevation_m":20.59,"height_m":9.0,"height_source":"USGS 3DEP lidar VA_NorthernVA_1_B22","height_confidence":"high","height_surveyed":true,"roof_form":"pitched","roof_spread_m":3.54,"source":"openstreetmap","source_date":"2026-09-11","confidence":"medium","surveyed":false},"geometry":{"type":"Polygon","coordinates":[[[-77.0997754,38.7002417],[-77.099748,38.7002517],[-77.0997052,38.7001791],[-77.099719,38.7001741],[-77.0997161,38.7001692],[-77.0997724,38.7001488],[-77.0997749,38.7001531],[-77.0998351,38.7001312],[-77.0998316,38.7001254],[-77.0998924,38.7001034],[-77.0998952,38.7001081],[-77.0999907,38.7000724],[-77.1000336,38.7001454],[-77.1000209,38.70015],[-77.1000532,38.700205],[-77.1000024,38.7002234],[-77.1000051,38.7002279],[-77.0999669,38.7002416],[-77.099973,38.7002519],[-77.0999245,38.7002694],[-77.0999196,38.7002609],[-77.0998804,38.7002751],[-77.0998767,38.7002687],[-77.0998063,38.7002942],[-77.0997754,38.7002417]]]}},{"type":"Feature","id":"way/701491374","properties":{"id":"way/701491374","name":null,"class":"outbuilding","building":"shed","ground_elevation_m":21.71,"height_m":4.4,"height_source":"USGS 3DEP lidar VA_NorthernVA_1_B22","height_confidence":"low","height_surveyed":false,"roof_form":"pitched","roof_spread_m":1.49,"source":"openstreetmap","source_date":"2026-09-11","confidence":"medium","surveyed":false},"geometry":{"type":"Polygon","coordinates":[[[-77.0981851,38.699975],[-77.098228,38.6999452],[-77.0982608,38.6999742],[-77.0982156,38.7000057],[-77.0981851,38.699975]]]}},{"type":"Feature","id":"way/701491376","properties":{"id":"way/701491376","name":null,"class":"building","building":"yes","ground_elevation_m":25.08,"height_m":7.5,"height_source":"USGS 3DEP lidar VA_NorthernVA_1_B22","height_confidence":"high","height_surveyed":true,"roof_form":"pitched","roof_spread_m":3.69,"source":"openstreetmap","source_date":"2026-09-11","confidence":"medium","surveyed":false},"geometry":{"type":"Polygon","coordinates":[[[-77.0966432,38.7074982],[-77.0966333,38.7074808],[-77.0966364,38.7074709],[-77.0966044,38.7074638],[-77.0966071,38.7074562],[-77.0965813,38.7074505],[-77.0965746,38.7074692],[-77.096529,38.7074592],[-77.0965605,38.7073719],[-77.0966335,38.707388],[-77.0966373,38.7073773],[-77.0967166,38.7073949],[-77.0967211,38.7073821],[-77.0968,38.7073996],[-77.0967641,38.707499],[-77.096696,38.707484],[-77.0966919,38.7074951],[-77.0966737,38.7075051],[-77.0966432,38.7074982]]]}},{"type":"Feature","id":"way/701491377","properties":{"id":"way/701491377","name":null,"class":"building","building":"yes","ground_elevation_m":23.59,"height_m":8.2,"height_source":"USGS 3DEP lidar VA_NorthernVA_1_B22","height_confidence":"high","height_surveyed":true,"roof_form":"pitched","roof_spread_m":4.83,"source":"openstreetmap","source_date":"2026-09-11","confidence":"medium","surveyed":false},"geometry":{"type":"Polygon","coordinates":[[[-77.0954665,38.7067948],[-77.0954752,38.7068703],[-77.0954823,38.7068698],[-77.0954827,38.7069551],[-77.0953561,38.706957],[-77.0953553,38.7069246],[-77.0953255,38.7069284],[-77.0953019,38.7068999],[-77.0952966,38.7068757],[-77.0952972,38.7068523],[-77.095305,38.706832],[-77.0953263,38.7068154],[-77.0953492,38.7068151],[-77.0953478,38.7068032],[-77.0954665,38.7067948]]]}},{"type":"Feature","id":"way/701491378","properties":{"id":"way/701491378","name":null,"class":"building","building":"yes","ground_elevation_m":23.77,"height_m":8.4,"height_source":"USGS 3DEP lidar VA_NorthernVA_1_B22","height_confidence":"high","height_surveyed":true,"roof_form":"pitched","roof_spread_m":5.02,"source":"openstreetmap","source_date":"2026-09-11","confidence":"medium","surveyed":false},"geometry":{"type":"Polygon","coordinates":[[[-77.0954651,38.7066348],[-77.0955522,38.7065541],[-77.0956205,38.7065993],[-77.0955642,38.7066515],[-77.0955863,38.7066661],[-77.0954927,38.7067529],[-77.0954045,38.7066945],[-77.0954156,38.7066843],[-77.0953784,38.7066597],[-77.0954302,38.7066116],[-77.0954651,38.7066348]]]}},{"type":"Feature","id":"way/701491379","properties":{"id":"way/701491379","name":null,"class":"outbuilding","building":"shed","ground_elevation_m":25.33,"height_m":2.5,"height_source":"USGS 3DEP lidar VA_NorthernVA_1_B22","height_confidence":"low","height_surveyed":false,"roof_form":"flat","roof_spread_m":0.37,"source":"openstreetmap","source_date":"2026-09-11","confidence":"medium","surveyed":false},"geometry":{"type":"Polygon","coordinates":[[[-77.0998026,38.7066634],[-77.0998625,38.7066838],[-77.099846,38.7067106],[-77.0997869,38.706689],[-77.0998026,38.7066634]]]}},{"type":"Feature","id":"way/701491380","properties":{"id":"way/701491380","name":null,"class":"building","building":"yes","ground_elevation_m":24.01,"height_m":8.5,"height_source":"USGS 3DEP lidar VA_NorthernVA_1_B22","height_confidence":"high","height_surveyed":true,"roof_form":"pitched","roof_spread_m":4.45,"source":"openstreetmap","source_date":"2026-09-11","confidence":"medium","surveyed":false},"geometry":{"type":"Polygon","coordinates":[[[-77.0957883,38.7066217],[-77.0958113,38.7065328],[-77.0960236,38.7065666],[-77.0960006,38.7066554],[-77.0957883,38.7066217]]]}},{"type":"Feature","id":"way/701491385","properties":{"id":"way/701491385","name":null,"class":"building","building":"yes","ground_elevation_m":22.86,"height_m":4.8,"height_source":"USGS 3DEP lidar VA_NorthernVA_1_B22","height_confidence":"high","height_surveyed":true,"roof_form":"pitched","roof_spread_m":1.41,"source":"openstreetmap","source_date":"2026-09-11","confidence":"medium","surveyed":false},"geometry":{"type":"Polygon","coordinates":[[[-77.1002575,38.7011854],[-77.1005759,38.7011887],[-77.100574,38.7012986],[-77.1002556,38.7012953],[-77.1002575,38.7011854]]]}},{"type":"Feature","id":"way/701491386","properties":{"id":"way/701491386","name":null,"class":"building","building":"yes","ground_elevation_m":23.92,"height_m":6.2,"height_source":"USGS 3DEP lidar VA_NorthernVA_1_B22","height_confidence":"high","height_surveyed":true,"roof_form":"pitched","roof_spread_m":1.57,"source":"openstreetmap","source_date":"2026-09-11","confidence":"medium","surveyed":false},"geometry":{"type":"Polygon","coordinates":[[[-77.0993531,38.701148],[-77.0992803,38.7012285],[-77.0992246,38.7011976],[-77.0992127,38.7012107],[-77.0991431,38.7011721],[-77.0991544,38.7011596],[-77.0991028,38.701131],[-77.0991762,38.7010498],[-77.0993531,38.701148]]]}},{"type":"Feature","id":"way/701491387","properties":{"id":"way/701491387","name":null,"class":"building","building":"yes","ground_elevation_m":20.79,"height_m":12.6,"height_source":"USGS 3DEP lidar VA_NorthernVA_1_B22","height_confidence":"high","height_surveyed":true,"roof_form":"pitched","roof_spread_m":3.28,"source":"openstreetmap","source_date":"2026-09-11","confidence":"medium","surveyed":false},"geometry":{"type":"Polygon","coordinates":[[[-77.0962522,38.7021417],[-77.0962673,38.7021418],[-77.0962677,38.7021013],[-77.0962771,38.7021013],[-77.0962772,38.7020878],[-77.0962709,38.7020878],[-77.0962704,38.7020367],[-77.0964358,38.7020376],[-77.0964354,38.7020784],[-77.0964848,38.7021163],[-77.0964398,38.7021499],[-77.0964551,38.7021596],[-77.0964549,38.702183],[-77.0964343,38.7021979],[-77.0964344,38.7022058],[-77.0963486,38.7022052],[-77.0963485,38.7022147],[-77.0962515,38.7022141],[-77.0962522,38.7021417]]]}},{"type":"Feature","id":"way/701491388","properties":{"id":"way/701491388","name":null,"class":"building","building":"yes","ground_elevation_m":20.91,"height_m":9.5,"height_source":"USGS 3DEP lidar VA_NorthernVA_1_B22","height_confidence":"high","height_surveyed":true,"roof_form":"pitched","roof_spread_m":5.51,"source":"openstreetmap","source_date":"2026-09-11","confidence":"medium","surveyed":false},"geometry":{"type":"Polygon","coordinates":[[[-77.0976546,38.7044039],[-77.0976408,38.7044188],[-77.0975717,38.7043792],[-77.0976018,38.704347],[-77.097607,38.7043499],[-77.0976798,38.7042719],[-77.0977462,38.70431],[-77.0977338,38.7043232],[-77.0978475,38.7043883],[-77.0977707,38.7044704],[-77.0976546,38.7044039]]]}},{"type":"Feature","id":"way/701491389","properties":{"id":"way/701491389","name":null,"class":"building","building":"yes","ground_elevation_m":25.23,"height_m":7.6,"height_source":"USGS 3DEP lidar VA_NorthernVA_1_B22","height_confidence":"high","height_surveyed":true,"roof_form":"pitched","roof_spread_m":3.92,"source":"openstreetmap","source_date":"2026-09-11","confidence":"medium","surveyed":false},"geometry":{"type":"Polygon","coordinates":[[[-77.097162,38.7078665],[-77.0971589,38.7078542],[-77.0970933,38.7078261],[-77.0971344,38.7077623],[-77.0972739,38.7078211],[-77.0972893,38.7077982],[-77.0973639,38.7078295],[-77.09728,38.7079553],[-77.0972065,38.7079251],[-77.0972133,38.7079149],[-77.0971769,38.7079],[-77.0971915,38.7078783],[-77.097162,38.7078665]]]}},{"type":"Feature","id":"way/701491390","properties":{"id":"way/701491390","name":null,"class":"building","building":"yes","ground_elevation_m":24.86,"height_m":7.4,"height_source":"USGS 3DEP lidar VA_NorthernVA_1_B22","height_confidence":"high","height_surveyed":true,"roof_form":"pitched","roof_spread_m":3.53,"source":"openstreetmap","source_date":"2026-09-11","confidence":"medium","surveyed":false},"geometry":{"type":"Polygon","coordinates":[[[-77.09762,38.7072441],[-77.0976067,38.7073012],[-77.097616,38.7073073],[-77.0975875,38.7074288],[-77.0974586,38.7074103],[-77.0974734,38.7073472],[-77.0974992,38.7073509],[-77.097514,38.7072878],[-77.0975195,38.7072886],[-77.0975329,38.7072316],[-77.09762,38.7072441]]]}},{"type":"Feature","id":"way/701491391","properties":{"id":"way/701491391","name":null,"class":"building","building":"yes","ground_elevation_m":26.34,"height_m":5.6,"height_source":"USGS 3DEP lidar VA_NorthernVA_1_B22","height_confidence":"high","height_surveyed":true,"roof_form":"pitched","roof_spread_m":2.17,"source":"openstreetmap","source_date":"2026-09-11","confidence":"medium","surveyed":false},"geometry":{"type":"Polygon","coordinates":[[[-77.099725,38.7072628],[-77.0997732,38.7071857],[-77.1000086,38.7072761],[-77.0999386,38.707388],[-77.0998506,38.7073541],[-77.0998723,38.7073193],[-77.099725,38.7072628]]]}},{"type":"Feature","id":"way/701491392","properties":{"id":"way/701491392","name":null,"class":"building","building":"yes","ground_elevation_m":24.78,"height_m":5.6,"height_source":"USGS 3DEP lidar VA_NorthernVA_1_B22","height_confidence":"high","height_surveyed":true,"roof_form":"pitched","roof_spread_m":2.15,"source":"openstreetmap","source_date":"2026-09-11","confidence":"medium","surveyed":false},"geometry":{"type":"Polygon","coordinates":[[[-77.0959382,38.7072894],[-77.0959287,38.7073003],[-77.0958932,38.7072815],[-77.0958622,38.7073174],[-77.0958112,38.7072904],[-77.0958923,38.7071965],[-77.0958322,38.7071647],[-77.0958802,38.707109],[-77.0960287,38.7071877],[-77.0960043,38.7072159],[-77.0960943,38.7072636],[-77.09603,38.707338],[-77.0959382,38.7072894]]]}},{"type":"Feature","id":"way/701491393","properties":{"id":"way/701491393","name":null,"class":"building","building":"yes","ground_elevation_m":23.15,"height_m":8.3,"height_source":"USGS 3DEP lidar VA_NorthernVA_1_B22","height_confidence":"high","height_surveyed":true,"roof_form":"pitched","roof_spread_m":4.42,"source":"openstreetmap","source_date":"2026-09-11","confidence":"medium","surveyed":false},"geometry":{"type":"Polygon","coordinates":[[[-77.0990258,38.7035075],[-77.099069,38.7035244],[-77.0991002,38.7034756],[-77.0990513,38.7034565],[-77.0990896,38.7033964],[-77.0992339,38.7034528],[-77.0991786,38.7035396],[-77.0992021,38.7035488],[-77.0991634,38.7036095],[-77.0991443,38.703602],[-77.0991219,38.7036372],[-77.0990188,38.7035968],[-77.0990355,38.7035707],[-77.0989955,38.7035551],[-77.0990258,38.7035075]]]}},{"type":"Feature","id":"way/701491394","properties":{"id":"way/701491394","name":null,"class":"building","building":"yes","ground_elevation_m":23.9,"height_m":8.8,"height_source":"USGS 3DEP lidar VA_NorthernVA_1_B22","height_confidence":"high","height_surveyed":true,"roof_form":"pitched","roof_spread_m":4.56,"source":"openstreetmap","source_date":"2026-09-11","confidence":"medium","surveyed":false},"geometry":{"type":"Polygon","coordinates":[[[-77.0956483,38.7031924],[-77.0956946,38.7031465],[-77.0957217,38.7031633],[-77.0958097,38.7030759],[-77.0959086,38.703137],[-77.0958218,38.7032232],[-77.0958607,38.7032473],[-77.0958133,38.7032944],[-77.0956483,38.7031924]]]}},{"type":"Feature","id":"way/701491395","properties":{"id":"way/701491395","name":null,"class":"building","building":"yes","ground_elevation_m":25.58,"height_m":7.7,"height_source":"USGS 3DEP lidar VA_NorthernVA_1_B22","height_confidence":"high","height_surveyed":true,"roof_form":"pitched","roof_spread_m":3.94,"source":"openstreetmap","source_date":"2026-09-11","confidence":"medium","surveyed":false},"geometry":{"type":"Polygon","coordinates":[[[-77.0978222,38.707536],[-77.0978517,38.7076886],[-77.0977356,38.7077024],[-77.0977188,38.7076153],[-77.0977084,38.7076165],[-77.0976957,38.7075509],[-77.0978222,38.707536]]]}},{"type":"Feature","id":"way/701491396","properties":{"id":"way/701491396","name":null,"class":"building","building":"yes","ground_elevation_m":24.06,"height_m":8.1,"height_source":"USGS 3DEP lidar VA_NorthernVA_1_B22","height_confidence":"high","height_surveyed":true,"roof_form":"pitched","roof_spread_m":4.41,"source":"openstreetmap","source_date":"2026-09-11","confidence":"medium","surveyed":false},"geometry":{"type":"Polygon","coordinates":[[[-77.0969597,38.7064809],[-77.0969449,38.7063867],[-77.0970795,38.7063737],[-77.0970804,38.7063796],[-77.0971629,38.7063716],[-77.097177,38.706461],[-77.0970935,38.7064691],[-77.0970989,38.7065033],[-77.0970293,38.70651],[-77.0970238,38.7064748],[-77.0969597,38.7064809]]]}},{"type":"Feature","id":"way/701491397","properties":{"id":"way/701491397","name":null,"class":"building","building":"yes","ground_elevation_m":21.35,"height_m":10.1,"height_source":"USGS 3DEP lidar VA_NorthernVA_1_B22","height_confidence":"high","height_surveyed":true,"roof_form":"complex","roof_spread_m":6.03,"source":"openstreetmap","source_date":"2026-09-11","confidence":"medium","surveyed":false},"geometry":{"type":"Polygon","coordinates":[[[-77.0912803,38.7041642],[-77.0913013,38.704143],[-77.0913332,38.7041405],[-77.091356,38.7041563],[-77.0913649,38.7041479],[-77.0913497,38.7041369],[-77.0914002,38.7040941],[-77.0914079,38.7040997],[-77.0914472,38.704066],[-77.0915001,38.704104],[-77.091484,38.7041179],[-77.091506,38.7041337],[-77.0915178,38.7041236],[-77.0915874,38.7041735],[-77.0915748,38.7041842],[-77.0915844,38.7041911],[-77.0915611,38.704211],[-77.0915697,38.7042172],[-77.0915286,38.7042526],[-77.0915159,38.7042435],[-77.0914979,38.704259],[-77.0915217,38.7042757],[-77.0915345,38.7042592],[-77.0916354,38.7043292],[-77.0915745,38.7043833],[-77.091431,38.7042842],[-77.0914459,38.704271],[-77.0913402,38.7041979],[-77.0913081,38.7042023],[-77.0912824,38.7041865],[-77.0912803,38.7041642]]]}},{"type":"Feature","id":"way/701491398","properties":{"id":"way/701491398","name":null,"class":"building","building":"yes","ground_elevation_m":21.29,"height_m":9.3,"height_source":"USGS 3DEP lidar VA_NorthernVA_1_B22","height_confidence":"high","height_surveyed":true,"roof_form":"pitched","roof_spread_m":4.63,"source":"openstreetmap","source_date":"2026-09-11","confidence":"medium","surveyed":false},"geometry":{"type":"Polygon","coordinates":[[[-77.0985376,38.7043671],[-77.098572,38.7043571],[-77.0985964,38.704409],[-77.0984057,38.7044643],[-77.0983994,38.704451],[-77.0983937,38.7044527],[-77.0983697,38.704402],[-77.0984217,38.7043869],[-77.0984108,38.7043638],[-77.0984066,38.7043651],[-77.0983841,38.7043173],[-77.0983928,38.7043148],[-77.0983791,38.7042858],[-77.0984847,38.7042552],[-77.0985376,38.7043671]]]}},{"type":"Feature","id":"way/701491399","properties":{"id":"way/701491399","name":null,"class":"building","building":"yes","ground_elevation_m":23.02,"height_m":6.2,"height_source":"USGS 3DEP lidar VA_NorthernVA_1_B22","height_confidence":"high","height_surveyed":true,"roof_form":"pitched","roof_spread_m":2.93,"source":"openstreetmap","source_date":"2026-09-11","confidence":"medium","surveyed":false},"geometry":{"type":"Polygon","coordinates":[[[-77.0925271,38.7042218],[-77.0926099,38.7043121],[-77.0926217,38.7043054],[-77.0926113,38.7042941],[-77.0927215,38.704232],[-77.0927308,38.7042423],[-77.0927455,38.704234],[-77.0927203,38.7042065],[-77.0927739,38.7041764],[-77.0928459,38.7042549],[-77.0927784,38.7042929],[-77.0927913,38.704307],[-77.0926783,38.7043706],[-77.0926658,38.7043569],[-77.0925991,38.7043944],[-77.0925256,38.7043142],[-77.0925,38.7043286],[-77.0924952,38.7043234],[-77.0924847,38.7043293],[-77.0924382,38.7042787],[-77.0924488,38.7042728],[-77.0924446,38.7042682],[-77.0925271,38.7042218]]]}},{"type":"Feature","id":"way/701491400","properties":{"id":"way/701491400","name":null,"class":"building","building":"yes","ground_elevation_m":24.18,"height_m":8.2,"height_source":"USGS 3DEP lidar VA_NorthernVA_1_B22","height_confidence":"high","height_surveyed":true,"roof_form":"pitched","roof_spread_m":4.38,"source":"openstreetmap","source_date":"2026-09-11","confidence":"medium","surveyed":false},"geometry":{"type":"Polygon","coordinates":[[[-77.0971889,38.7056934],[-77.0970578,38.7056112],[-77.097053,38.7056159],[-77.0969776,38.7055686],[-77.097032,38.7055154],[-77.0971025,38.7055595],[-77.0971156,38.7055467],[-77.097252,38.7056322],[-77.0971889,38.7056934]]]}},{"type":"Feature","id":"way/701491401","properties":{"id":"way/701491401","name":null,"class":"building","building":"yes","ground_elevation_m":27.03,"height_m":8.6,"height_source":"USGS 3DEP lidar VA_NorthernVA_1_B22","height_confidence":"high","height_surveyed":true,"roof_form":"pitched","roof_spread_m":4.98,"source":"openstreetmap","source_date":"2026-09-11","confidence":"medium","surveyed":false},"geometry":{"type":"Polygon","coordinates":[[[-77.098712,38.7056957],[-77.0986525,38.7056522],[-77.0986322,38.7056692],[-77.0985321,38.705596],[-77.0986414,38.7055043],[-77.0987042,38.7055503],[-77.0986781,38.7055723],[-77.0987764,38.7056442],[-77.098712,38.7056957]]]}},{"type":"Feature","id":"way/701491402","properties":{"id":"way/701491402","name":null,"class":"building","building":"yes","ground_elevation_m":21.02,"height_m":9.0,"height_source":"USGS 3DEP lidar VA_NorthernVA_1_B22","height_confidence":"high","height_surveyed":true,"roof_form":"pitched","roof_spread_m":3.35,"source":"openstreetmap","source_date":"2026-09-11","confidence":"medium","surveyed":false},"geometry":{"type":"Polygon","coordinates":[[[-77.0982804,38.7010044],[-77.0984205,38.7009969],[-77.0984275,38.7010769],[-77.0984446,38.701076],[-77.0984524,38.7011651],[-77.098439,38.7011658],[-77.0984411,38.7011899],[-77.0982972,38.7011976],[-77.0982804,38.7010044]]]}},{"type":"Feature","id":"way/701491403","properties":{"id":"way/701491403","name":null,"class":"building","building":"yes","ground_elevation_m":27.11,"height_m":7.1,"height_source":"USGS 3DEP lidar VA_NorthernVA_1_B22","height_confidence":"high","height_surveyed":true,"roof_form":"pitched","roof_spread_m":3.36,"source":"openstreetmap","source_date":"2026-09-11","confidence":"medium","surveyed":false},"geometry":{"type":"Polygon","coordinates":[[[-77.1002162,38.7040713],[-77.1002006,38.7040655],[-77.1002234,38.7040279],[-77.1002632,38.7040428],[-77.1003068,38.703971],[-77.100399,38.7040054],[-77.1003326,38.7041149],[-77.1003095,38.7041062],[-77.1002912,38.7041363],[-77.1001979,38.7041015],[-77.1002162,38.7040713]]]}},{"type":"Feature","id":"way/701491404","properties":{"id":"way/701491404","name":null,"class":"building","building":"yes","ground_elevation_m":20.75,"height_m":8.9,"height_source":"USGS 3DEP lidar VA_NorthernVA_1_B22","height_confidence":"high","height_surveyed":true,"roof_form":"pitched","roof_spread_m":5.15,"source":"openstreetmap","source_date":"2026-09-11","confidence":"medium","surveyed":false},"geometry":{"type":"Polygon","coordinates":[[[-77.0935514,38.7038554],[-77.0936187,38.7038087],[-77.0937727,38.7039451],[-77.0936797,38.7040095],[-77.0935889,38.7039292],[-77.0936146,38.7039114],[-77.0935514,38.7038554]]]}},{"type":"Feature","id":"way/701491405","properties":{"id":"way/701491405","name":null,"class":"building","building":"yes","ground_elevation_m":21.17,"height_m":11.9,"height_source":"USGS 3DEP lidar VA_NorthernVA_1_B22","height_confidence":"high","height_surveyed":true,"roof_form":"pitched","roof_spread_m":2.21,"source":"openstreetmap","source_date":"2026-09-11","confidence":"medium","surveyed":false},"geometry":{"type":"Polygon","coordinates":[[[-77.0984093,38.7013672],[-77.0985302,38.7012909],[-77.0986137,38.7013721],[-77.0986261,38.7013642],[-77.0986914,38.7014277],[-77.0986251,38.7014695],[-77.098618,38.7014627],[-77.0985509,38.701505],[-77.0984093,38.7013672]]]}},{"type":"Feature","id":"way/701491406","properties":{"id":"way/701491406","name":null,"class":"building","building":"yes","ground_elevation_m":24.93,"height_m":7.9,"height_source":"USGS 3DEP lidar VA_NorthernVA_1_B22","height_confidence":"high","height_surveyed":true,"roof_form":"pitched","roof_spread_m":3.76,"source":"openstreetmap","source_date":"2026-09-11","confidence":"medium","surveyed":false},"geometry":{"type":"Polygon","coordinates":[[[-77.0969168,38.7074658],[-77.0969694,38.707393],[-77.097189,38.7074904],[-77.0971363,38.7075632],[-77.0969168,38.7074658]]]}},{"type":"Feature","id":"way/701491407","properties":{"id":"way/701491407","name":null,"class":"building","building":"yes","ground_elevation_m":24.63,"height_m":8.1,"height_source":"USGS 3DEP lidar VA_NorthernVA_1_B22","height_confidence":"high","height_surveyed":true,"roof_form":"pitched","roof_spread_m":4.5,"source":"openstreetmap","source_date":"2026-09-11","confidence":"medium","surveyed":false},"geometry":{"type":"Polygon","coordinates":[[[-77.0951961,38.704353],[-77.095172,38.7043544],[-77.095162,38.704248],[-77.0952804,38.7042411],[-77.0952971,38.7044184],[-77.0952027,38.7044239],[-77.0951961,38.704353]]]}},{"type":"Feature","id":"way/701491408","properties":{"id":"way/701491408","name":null,"class":"building","building":"yes","ground_elevation_m":22.68,"height_m":8.7,"height_source":"USGS 3DEP lidar VA_NorthernVA_1_B22","height_confidence":"high","height_surveyed":true,"roof_form":"pitched","roof_spread_m":4.91,"source":"openstreetmap","source_date":"2026-09-11","confidence":"medium","surveyed":false},"geometry":{"type":"Polygon","coordinates":[[[-77.0946319,38.7042376],[-77.0947532,38.7042345],[-77.0947578,38.7043411],[-77.0947457,38.7043414],[-77.0947484,38.7044054],[-77.0946391,38.7044083],[-77.0946319,38.7042376]]]}},{"type":"Feature","id":"way/701491409","properties":{"id":"way/701491409","name":null,"class":"building","building":"yes","ground_elevation_m":22.32,"height_m":9.8,"height_source":"USGS 3DEP lidar VA_NorthernVA_1_B22","height_confidence":"high","height_surveyed":true,"roof_form":"pitched","roof_spread_m":5.81,"source":"openstreetmap","source_date":"2026-09-11","confidence":"medium","surveyed":false},"geometry":{"type":"Polygon","coordinates":[[[-77.0967625,38.7043678],[-77.0967857,38.7043032],[-77.0968136,38.7043094],[-77.0968499,38.7042079],[-77.0968569,38.7042094],[-77.0968685,38.7041768],[-77.0969329,38.704191],[-77.0969225,38.7042201],[-77.0969681,38.7042302],[-77.0969604,38.7042517],[-77.0969723,38.7042543],[-77.0969494,38.7043184],[-77.0969394,38.7043162],[-77.0969314,38.7043386],[-77.0969569,38.7043442],[-77.0969349,38.7044057],[-77.0967625,38.7043678]]]}},{"type":"Feature","id":"way/701491410","properties":{"id":"way/701491410","name":null,"class":"building","building":"yes","ground_elevation_m":23.77,"height_m":7.5,"height_source":"USGS 3DEP lidar VA_NorthernVA_1_B22","height_confidence":"high","height_surveyed":true,"roof_form":"pitched","roof_spread_m":2.65,"source":"openstreetmap","source_date":"2026-09-11","confidence":"medium","surveyed":false},"geometry":{"type":"Polygon","coordinates":[[[-77.0989765,38.7008613],[-77.0989611,38.7007376],[-77.0991001,38.700727],[-77.0991149,38.7008471],[-77.0991332,38.7008457],[-77.0991429,38.7009241],[-77.0989599,38.700938],[-77.0989506,38.7008633],[-77.0989765,38.7008613]]]}},{"type":"Feature","id":"way/701491411","properties":{"id":"way/701491411","name":null,"class":"building","building":"yes","ground_elevation_m":22.05,"height_m":7.4,"height_source":"USGS 3DEP lidar VA_NorthernVA_1_B22","height_confidence":"high","height_surveyed":true,"roof_form":"pitched","roof_spread_m":3.25,"source":"openstreetmap","source_date":"2026-09-11","confidence":"medium","surveyed":false},"geometry":{"type":"Polygon","coordinates":[[[-77.0995763,38.7007599],[-77.0996335,38.7007602],[-77.0996337,38.7007237],[-77.0997358,38.7007241],[-77.0997349,38.7008487],[-77.099746,38.7008488],[-77.0997456,38.7009154],[-77.0996244,38.700915],[-77.0996248,38.7008495],[-77.0995757,38.7008493],[-77.0995763,38.7007599]]]}},{"type":"Feature","id":"way/701491412","properties":{"id":"way/701491412","name":null,"class":"building","building":"yes","ground_elevation_m":20.46,"height_m":9.8,"height_source":"USGS 3DEP lidar VA_NorthernVA_1_B22","height_confidence":"high","height_surveyed":true,"roof_form":"pitched","roof_spread_m":2.27,"source":"openstreetmap","source_date":"2026-09-11","confidence":"medium","surveyed":false},"geometry":{"type":"Polygon","coordinates":[[[-77.0982761,38.7006838],[-77.0982314,38.7006824],[-77.0982345,38.7006227],[-77.0983717,38.7006271],[-77.0983684,38.7006908],[-77.0983964,38.7006917],[-77.0983908,38.700799],[-77.0984275,38.7008002],[-77.0984231,38.7008834],[-77.0982659,38.7008784],[-77.0982761,38.7006838]]]}},{"type":"Feature","id":"way/701491413","properties":{"id":"way/701491413","name":null,"class":"building","building":"yes","ground_elevation_m":23.1,"height_m":9.0,"height_source":"USGS 3DEP lidar VA_NorthernVA_1_B22","height_confidence":"high","height_surveyed":true,"roof_form":"pitched","roof_spread_m":4.76,"source":"openstreetmap","source_date":"2026-09-11","confidence":"medium","surveyed":false},"geometry":{"type":"Polygon","coordinates":[[[-77.0961442,38.7035842],[-77.0962066,38.7034816],[-77.0962764,38.7035077],[-77.0962675,38.7035223],[-77.0963927,38.7035691],[-77.0963392,38.703657],[-77.0961442,38.7035842]]]}},{"type":"Feature","id":"way/701491414","properties":{"id":"way/701491414","name":null,"class":"building","building":"yes","ground_elevation_m":26.64,"height_m":8.2,"height_source":"USGS 3DEP lidar VA_NorthernVA_1_B22","height_confidence":"high","height_surveyed":true,"roof_form":"pitched","roof_spread_m":4.39,"source":"openstreetmap","source_date":"2026-09-11","confidence":"medium","surveyed":false},"geometry":{"type":"Polygon","coordinates":[[[-77.0982129,38.7056947],[-77.0983053,38.7055374],[-77.0984121,38.7055759],[-77.0983561,38.7056714],[-77.0983408,38.7056658],[-77.0983045,38.7057277],[-77.0982129,38.7056947]]]}},{"type":"Feature","id":"way/701491416","properties":{"id":"way/701491416","name":null,"class":"building","building":"yes","ground_elevation_m":13.32,"height_m":11.2,"height_source":"USGS 3DEP lidar VA_NorthernVA_1_B22","height_confidence":"high","height_surveyed":true,"roof_form":"pitched","roof_spread_m":2.97,"source":"openstreetmap","source_date":"2026-09-11","confidence":"medium","surveyed":false},"geometry":{"type":"Polygon","coordinates":[[[-77.105074,38.701139],[-77.105029,38.7012032],[-77.105062,38.7012174],[-77.1050357,38.7012549],[-77.1050472,38.7012598],[-77.1050494,38.7012685],[-77.1050187,38.7013123],[-77.105008,38.7013137],[-77.1049666,38.7012959],[-77.1049706,38.7012902],[-77.1049518,38.7012821],[-77.1049468,38.7012893],[-77.1049321,38.701283],[-77.1049364,38.7012768],[-77.1048538,38.7012412],[-77.1048904,38.7011891],[-77.1049024,38.7011942],[-77.1049263,38.7011601],[-77.1049141,38.7011549],[-77.1049307,38.7011312],[-77.1049429,38.7011365],[-77.104972,38.7010951],[-77.105074,38.701139]]]}},{"type":"Feature","id":"way/701491417","properties":{"id":"way/701491417","name":null,"class":"building","building":"yes","ground_elevation_m":12.52,"height_m":10.8,"height_source":"USGS 3DEP lidar VA_NorthernVA_1_B22","height_confidence":"high","height_surveyed":true,"roof_form":"pitched","roof_spread_m":2.94,"source":"openstreetmap","source_date":"2026-09-11","confidence":"medium","surveyed":false},"geometry":{"type":"Polygon","coordinates":[[[-77.1043087,38.7010931],[-77.1042377,38.7010615],[-77.1042684,38.7010191],[-77.104234,38.7010039],[-77.1042317,38.7010071],[-77.104162,38.700973],[-77.1041683,38.7009643],[-77.1041731,38.7009664],[-77.1042398,38.7008742],[-77.1042864,38.7008949],[-77.1042926,38.7008863],[-77.1043143,38.7008959],[-77.1043175,38.7008914],[-77.1043445,38.7009068],[-77.1043562,38.7008906],[-77.1044224,38.70092],[-77.1044043,38.7009451],[-77.1044092,38.7009482],[-77.1043087,38.7010931]]]}},{"type":"Feature","id":"way/701491418","properties":{"id":"way/701491418","name":null,"class":"building","building":"yes","ground_elevation_m":11.87,"height_m":10.2,"height_source":"USGS 3DEP lidar VA_NorthernVA_1_B22","height_confidence":"high","height_surveyed":true,"roof_form":"pitched","roof_spread_m":3.1,"source":"openstreetmap","source_date":"2026-09-11","confidence":"medium","surveyed":false},"geometry":{"type":"Polygon","coordinates":[[[-77.1045067,38.7010137],[-77.1046157,38.70106],[-77.1046308,38.7010382],[-77.1047028,38.7010688],[-77.1046865,38.7010924],[-77.1047028,38.7010994],[-77.1046008,38.7012469],[-77.1045243,38.7012144],[-77.1045497,38.7011776],[-77.104521,38.7011654],[-77.1045174,38.7011706],[-77.1044653,38.7011485],[-77.104469,38.701143],[-77.104429,38.701126],[-77.1045067,38.7010137]]]}},{"type":"Feature","id":"way/701491419","properties":{"id":"way/701491419","name":null,"class":"building","building":"yes","ground_elevation_m":10.48,"height_m":10.9,"height_source":"USGS 3DEP lidar VA_NorthernVA_1_B22","height_confidence":"high","height_surveyed":true,"roof_form":"pitched","roof_spread_m":3.6,"source":"openstreetmap","source_date":"2026-09-11","confidence":"medium","surveyed":false},"geometry":{"type":"Polygon","coordinates":[[[-77.1034068,38.7025727],[-77.1033969,38.7025884],[-77.103399,38.7025992],[-77.1033881,38.7026163],[-77.1033768,38.7026201],[-77.1033682,38.7026337],[-77.1033923,38.702643],[-77.1033837,38.7026567],[-77.1033651,38.7026495],[-77.1033656,38.7026555],[-77.1033502,38.70268],[-77.1033384,38.7026821],[-77.103336,38.7026858],[-77.1033298,38.7026833],[-77.1033317,38.7026992],[-77.1033216,38.7027151],[-77.1033125,38.7027162],[-77.1032891,38.7027071],[-77.1032874,38.7027017],[-77.1032132,38.7026729],[-77.1032184,38.7026648],[-77.1031889,38.7026533],[-77.1032134,38.7026145],[-77.1032395,38.7026246],[-77.1032542,38.7026013],[-77.1032699,38.7026074],[-77.1032748,38.7025996],[-77.1032151,38.7025764],[-77.1032531,38.7025161],[-77.1034068,38.7025727]]]}},{"type":"Feature","id":"way/701491420","properties":{"id":"way/701491420","name":null,"class":"building","building":"yes","ground_elevation_m":11.8,"height_m":10.8,"height_source":"USGS 3DEP lidar VA_NorthernVA_1_B22","height_confidence":"high","height_surveyed":true,"roof_form":"pitched","roof_spread_m":3.21,"source":"openstreetmap","source_date":"2026-09-11","confidence":"medium","surveyed":false},"geometry":{"type":"Polygon","coordinates":[[[-77.1040329,38.7009698],[-77.1039605,38.700939],[-77.1039863,38.7009018],[-77.1039558,38.7008888],[-77.1039476,38.7009006],[-77.1039155,38.7008869],[-77.1039236,38.7008752],[-77.103882,38.7008575],[-77.1039468,38.7007642],[-77.1039928,38.7007838],[-77.1040115,38.7007569],[-77.1040657,38.70078],[-77.1040792,38.7007606],[-77.1041401,38.7007866],[-77.1041213,38.7008137],[-77.1041367,38.7008202],[-77.1040329,38.7009698]]]}},{"type":"Feature","id":"way/701491422","properties":{"id":"way/701491422","name":null,"class":"building","building":"yes","ground_elevation_m":11.57,"height_m":12.6,"height_source":"USGS 3DEP lidar VA_NorthernVA_1_B22","height_confidence":"high","height_surveyed":true,"roof_form":"pitched","roof_spread_m":3.24,"source":"openstreetmap","source_date":"2026-09-11","confidence":"medium","surveyed":false},"geometry":{"type":"Polygon","coordinates":[[[-77.1038328,38.7008021],[-77.1037613,38.7007709],[-77.1037794,38.7007454],[-77.1036773,38.7007009],[-77.1037428,38.7006086],[-77.1037861,38.7006274],[-77.103804,38.7006083],[-77.1038206,38.7006155],[-77.1038287,38.7006042],[-77.103874,38.7006239],[-77.1038679,38.7006325],[-77.103933,38.7006609],[-77.1038328,38.7008021]]]}},{"type":"Feature","id":"way/701491423","properties":{"id":"way/701491423","name":null,"class":"building","building":"yes","ground_elevation_m":21.77,"height_m":6.3,"height_source":"USGS 3DEP lidar VA_NorthernVA_1_B22","height_confidence":"high","height_surveyed":true,"roof_form":"flat","roof_spread_m":0.32,"source":"openstreetmap","source_date":"2026-09-11","confidence":"medium","surveyed":false},"geometry":{"type":"Polygon","coordinates":[[[-77.0989799,38.700085],[-77.0990417,38.7000387],[-77.0990024,38.7000065],[-77.09913,38.6999109],[-77.0991946,38.6999639],[-77.0990577,38.7000665],[-77.0991167,38.7001149],[-77.0990643,38.7001542],[-77.0989799,38.700085]]]}},{"type":"Feature","id":"way/701491424","properties":{"id":"way/701491424","name":null,"class":"building","building":"yes","ground_elevation_m":17.48,"height_m":6.6,"height_source":"USGS 3DEP lidar VA_NorthernVA_1_B22","height_confidence":"high","height_surveyed":true,"roof_form":"pitched","roof_spread_m":1.31,"source":"openstreetmap","source_date":"2026-09-11","confidence":"medium","surveyed":false},"geometry":{"type":"Polygon","coordinates":[[[-77.0998744,38.7021925],[-77.099926,38.7020283],[-77.1000103,38.7020446],[-77.099983,38.7021316],[-77.100053,38.7021451],[-77.1000288,38.7022223],[-77.0998744,38.7021925]]]}},{"type":"Feature","id":"way/701491425","properties":{"id":"way/701491425","name":null,"class":"building","building":"yes","ground_elevation_m":20.78,"height_m":11.7,"height_source":"USGS 3DEP lidar VA_NorthernVA_1_B22","height_confidence":"high","height_surveyed":true,"roof_form":"pitched","roof_spread_m":5.39,"source":"openstreetmap","source_date":"2026-09-11","confidence":"medium","surveyed":false},"geometry":{"type":"Polygon","coordinates":[[[-77.0956536,38.7019889],[-77.0956677,38.701979],[-77.0956798,38.7019796],[-77.0956686,38.7019697],[-77.0957212,38.7019316],[-77.0957126,38.7019243],[-77.0957566,38.7018924],[-77.0957328,38.7018875],[-77.0957674,38.7018612],[-77.0957595,38.7018531],[-77.0957606,38.7018355],[-77.0957753,38.7018256],[-77.0957987,38.7018252],[-77.0958068,38.7018328],[-77.0958225,38.7018225],[-77.0959196,38.7019064],[-77.095958,38.7019887],[-77.0958797,38.7020114],[-77.095749,38.702104],[-77.0956387,38.7020088],[-77.0956561,38.7019964],[-77.0956536,38.7019889]]]}},{"type":"Feature","id":"way/701491426","properties":{"id":"way/701491426","name":null,"class":"building","building":"yes","ground_elevation_m":20.91,"height_m":12.7,"height_source":"USGS 3DEP lidar VA_NorthernVA_1_B22","height_confidence":"high","height_surveyed":true,"roof_form":"complex","roof_spread_m":7.59,"source":"openstreetmap","source_date":"2026-09-11","confidence":"medium","surveyed":false},"geometry":{"type":"Polygon","coordinates":[[[-77.0964484,38.7017784],[-77.0965439,38.7017899],[-77.0965303,38.7018587],[-77.0965053,38.7018557],[-77.096493,38.7019184],[-77.0965534,38.7019257],[-77.0965401,38.7019927],[-77.0964826,38.7019858],[-77.0964778,38.7020107],[-77.0963169,38.7019699],[-77.0963454,38.7018388],[-77.0964341,38.7018507],[-77.0964484,38.7017784]]]}},{"type":"Feature","id":"way/701491427","properties":{"id":"way/701491427","name":null,"class":"building","building":"yes","ground_elevation_m":15.93,"height_m":10.6,"height_source":"USGS 3DEP lidar VA_NorthernVA_1_B22","height_confidence":"high","height_surveyed":true,"roof_form":"pitched","roof_spread_m":2.86,"source":"openstreetmap","source_date":"2026-09-11","confidence":"medium","surveyed":false},"geometry":{"type":"Polygon","coordinates":[[[-77.1014667,38.7019968],[-77.1014702,38.7019911],[-77.101465,38.7019816],[-77.101474,38.701967],[-77.1014869,38.7019629],[-77.1015125,38.701921],[-77.1015092,38.7019146],[-77.1015165,38.7019027],[-77.1015264,38.7018987],[-77.101502,38.7018895],[-77.1014979,38.7018829],[-77.1015191,38.7018481],[-77.1015283,38.7018459],[-77.1015551,38.701856],[-77.1015614,38.7018457],[-77.1016574,38.7018817],[-77.1016553,38.7018851],[-77.1016587,38.7018864],[-77.1016309,38.7019319],[-77.1016473,38.701938],[-77.1016294,38.7019672],[-77.1016343,38.701969],[-77.1016308,38.7019747],[-77.1016414,38.7019787],[-77.1016181,38.7020169],[-77.1016006,38.7020104],[-77.1015824,38.7020402],[-77.1014667,38.7019968]]]}},{"type":"Feature","id":"way/701491428","properties":{"id":"way/701491428","name":null,"class":"building","building":"yes","ground_elevation_m":17.93,"height_m":9.8,"height_source":"USGS 3DEP lidar VA_NorthernVA_1_B22","height_confidence":"high","height_surveyed":true,"roof_form":"pitched","roof_spread_m":2.52,"source":"openstreetmap","source_date":"2026-09-11","confidence":"medium","surveyed":false},"geometry":{"type":"Polygon","coordinates":[[[-77.1015231,38.7021505],[-77.1015044,38.70218],[-77.1015114,38.7021827],[-77.101505,38.7021928],[-77.1015114,38.7021954],[-77.1014972,38.7022177],[-77.1014914,38.7022155],[-77.101487,38.7022223],[-77.1014784,38.702219],[-77.1014619,38.7022449],[-77.101475,38.70225],[-77.1014407,38.7023041],[-77.1013074,38.7022521],[-77.1013316,38.7022139],[-77.1013269,38.7022121],[-77.1013459,38.7021822],[-77.1013176,38.7021711],[-77.1013476,38.7021239],[-77.1013806,38.7021367],[-77.1014018,38.7021032],[-77.1015231,38.7021505]]]}},{"type":"Feature","id":"way/701491429","properties":{"id":"way/701491429","name":null,"class":"building","building":"yes","ground_elevation_m":24.03,"height_m":7.8,"height_source":"USGS 3DEP lidar VA_NorthernVA_1_B22","height_confidence":"high","height_surveyed":true,"roof_form":"pitched","roof_spread_m":4.84,"source":"openstreetmap","source_date":"2026-09-11","confidence":"medium","surveyed":false},"geometry":{"type":"Polygon","coordinates":[[[-77.0960213,38.7053812],[-77.0959992,38.7054228],[-77.0959395,38.7054033],[-77.0960116,38.7052677],[-77.0961416,38.7053102],[-77.0961371,38.7053186],[-77.0962135,38.7053436],[-77.0961679,38.7054291],[-77.0960213,38.7053812]]]}},{"type":"Feature","id":"way/701491430","properties":{"id":"way/701491430","name":null,"class":"building","building":"yes","ground_elevation_m":24.43,"height_m":8.5,"height_source":"USGS 3DEP lidar VA_NorthernVA_1_B22","height_confidence":"high","height_surveyed":true,"roof_form":"pitched","roof_spread_m":4.7,"source":"openstreetmap","source_date":"2026-09-11","confidence":"medium","surveyed":false},"geometry":{"type":"Polygon","coordinates":[[[-77.0941387,38.7051307],[-77.094094,38.7051829],[-77.0941317,38.7052028],[-77.0940565,38.7052907],[-77.0939201,38.7052189],[-77.0939953,38.7051311],[-77.0940069,38.7051372],[-77.0940516,38.7050849],[-77.0941387,38.7051307]]]}},{"type":"Feature","id":"way/701491431","properties":{"id":"way/701491431","name":null,"class":"building","building":"yes","ground_elevation_m":23.34,"height_m":9.9,"height_source":"USGS 3DEP lidar VA_NorthernVA_1_B22","height_confidence":"high","height_surveyed":true,"roof_form":"pitched","roof_spread_m":5.24,"source":"openstreetmap","source_date":"2026-09-11","confidence":"medium","surveyed":false},"geometry":{"type":"Polygon","coordinates":[[[-77.0978221,38.7048832],[-77.0979147,38.7048285],[-77.0979958,38.7049128],[-77.0980444,38.7048841],[-77.0980965,38.7049383],[-77.0979286,38.7050374],[-77.0978839,38.7049909],[-77.0979106,38.7049752],[-77.0978221,38.7048832]]]}},{"type":"Feature","id":"way/701491432","properties":{"id":"way/701491432","name":null,"class":"building","building":"yes","ground_elevation_m":25.67,"height_m":6.2,"height_source":"USGS 3DEP lidar VA_NorthernVA_1_B22","height_confidence":"high","height_surveyed":true,"roof_form":"pitched","roof_spread_m":2.76,"source":"openstreetmap","source_date":"2026-09-11","confidence":"medium","surveyed":false},"geometry":{"type":"Polygon","coordinates":[[[-77.0995149,38.7049996],[-77.0995636,38.7049003],[-77.0996089,38.7049138],[-77.0996215,38.7048882],[-77.0997275,38.70492],[-77.0996837,38.7050096],[-77.0996484,38.704999],[-77.099631,38.7050345],[-77.0995149,38.7049996]]]}},{"type":"Feature","id":"way/701491433","properties":{"id":"way/701491433","name":null,"class":"building","building":"yes","ground_elevation_m":22.37,"height_m":8.2,"height_source":"USGS 3DEP lidar VA_NorthernVA_1_B22","height_confidence":"high","height_surveyed":true,"roof_form":"pitched","roof_spread_m":4.49,"source":"openstreetmap","source_date":"2026-09-11","confidence":"medium","surveyed":false},"geometry":{"type":"Polygon","coordinates":[[[-77.0920628,38.7047841],[-77.0920594,38.7047664],[-77.0920723,38.7047538],[-77.0920912,38.7047502],[-77.0920727,38.7046915],[-77.092048,38.7046948],[-77.0920249,38.7046152],[-77.0921424,38.7045961],[-77.0921527,38.704624],[-77.0921646,38.7046229],[-77.0921751,38.7046674],[-77.092211,38.7046605],[-77.0922401,38.7047671],[-77.0922522,38.7047643],[-77.0922693,38.7048333],[-77.0920535,38.7048603],[-77.0920377,38.7047898],[-77.0920628,38.7047841]]]}},{"type":"Feature","id":"way/701491434","properties":{"id":"way/701491434","name":null,"class":"building","building":"yes","ground_elevation_m":22.88,"height_m":7.7,"height_source":"USGS 3DEP lidar VA_NorthernVA_1_B22","height_confidence":"high","height_surveyed":true,"roof_form":"pitched","roof_spread_m":4.23,"source":"openstreetmap","source_date":"2026-09-11","confidence":"medium","surveyed":false},"geometry":{"type":"Polygon","coordinates":[[[-77.0931788,38.704846],[-77.0931664,38.7047597],[-77.0932433,38.704753],[-77.0932402,38.704731],[-77.0934294,38.7047144],[-77.0934449,38.7048226],[-77.0931788,38.704846]]]}},{"type":"Feature","id":"way/701491436","properties":{"id":"way/701491436","name":null,"class":"building","building":"yes","ground_elevation_m":26.94,"height_m":6.1,"height_source":"USGS 3DEP lidar VA_NorthernVA_1_B22","height_confidence":"high","height_surveyed":true,"roof_form":"pitched","roof_spread_m":1.47,"source":"openstreetmap","source_date":"2026-09-11","confidence":"medium","surveyed":false},"geometry":{"type":"Polygon","coordinates":[[[-77.0993081,38.7070668],[-77.099172,38.7070977],[-77.0991196,38.7069561],[-77.0992558,38.7069253],[-77.0993081,38.7070668]]]}},{"type":"Feature","id":"way/701491437","properties":{"id":"way/701491437","name":null,"class":"building","building":"yes","ground_elevation_m":24.74,"height_m":7.6,"height_source":"USGS 3DEP lidar VA_NorthernVA_1_B22","height_confidence":"high","height_surveyed":true,"roof_form":"pitched","roof_spread_m":4.02,"source":"openstreetmap","source_date":"2026-09-11","confidence":"medium","surveyed":false},"geometry":{"type":"Polygon","coordinates":[[[-77.0969301,38.7069839],[-77.0969299,38.7069731],[-77.0970194,38.7069719],[-77.097021,38.7070455],[-77.0969337,38.7070467],[-77.096934,38.7070605],[-77.0967542,38.707063],[-77.0967524,38.7069864],[-77.0969301,38.7069839]]]}},{"type":"Feature","id":"way/701491438","properties":{"id":"way/701491438","name":null,"class":"building","building":"yes","ground_elevation_m":24.5,"height_m":8.2,"height_source":"USGS 3DEP lidar VA_NorthernVA_1_B22","height_confidence":"high","height_surveyed":true,"roof_form":"pitched","roof_spread_m":2.47,"source":"openstreetmap","source_date":"2026-09-11","confidence":"medium","surveyed":false},"geometry":{"type":"Polygon","coordinates":[[[-77.0975903,38.7053162],[-77.097667,38.7052772],[-77.0977082,38.7053269],[-77.097751,38.7053051],[-77.0977898,38.705352],[-77.0977464,38.7053741],[-77.0977775,38.7054117],[-77.0976749,38.7054638],[-77.0975988,38.7053719],[-77.0976253,38.7053584],[-77.0975903,38.7053162]]]}},{"type":"Feature","id":"way/701491439","properties":{"id":"way/701491439","name":null,"class":"building","building":"yes","ground_elevation_m":27.3,"height_m":8.2,"height_source":"USGS 3DEP lidar VA_NorthernVA_1_B22","height_confidence":"high","height_surveyed":true,"roof_form":"pitched","roof_spread_m":4.31,"source":"openstreetmap","source_date":"2026-09-11","confidence":"medium","surveyed":false},"geometry":{"type":"Polygon","coordinates":[[[-77.0983932,38.7062426],[-77.0984646,38.7061827],[-77.0985203,38.7062234],[-77.0985323,38.7062133],[-77.0986322,38.7062863],[-77.0985487,38.7063563],[-77.0983932,38.7062426]]]}},{"type":"Feature","id":"way/701491440","properties":{"id":"way/701491440","name":null,"class":"outbuilding","building":"shed","ground_elevation_m":18.25,"height_m":2.8,"height_source":"USGS 3DEP lidar VA_NorthernVA_1_B22","height_confidence":"low","height_surveyed":false,"roof_form":"flat","roof_spread_m":1.14,"source":"openstreetmap","source_date":"2026-09-11","confidence":"medium","surveyed":false},"geometry":{"type":"Polygon","coordinates":[[[-77.0955978,38.7062733],[-77.0956433,38.7062633],[-77.0956568,38.706301],[-77.0956113,38.706311],[-77.0955978,38.7062733]]]}},{"type":"Feature","id":"way/701491441","properties":{"id":"way/701491441","name":null,"class":"building","building":"yes","ground_elevation_m":25.16,"height_m":5.4,"height_source":"USGS 3DEP lidar VA_NorthernVA_1_B22","height_confidence":"high","height_surveyed":true,"roof_form":"pitched","roof_spread_m":1.92,"source":"openstreetmap","source_date":"2026-09-11","confidence":"medium","surveyed":false},"geometry":{"type":"Polygon","coordinates":[[[-77.0999119,38.7067917],[-77.099879,38.7068592],[-77.0997727,38.7068275],[-77.0998168,38.7067368],[-77.0998598,38.7067497],[-77.0998485,38.7067728],[-77.0999119,38.7067917]]]}},{"type":"Feature","id":"way/701491442","properties":{"id":"way/701491442","name":null,"class":"building","building":"yes","ground_elevation_m":27.67,"height_m":7.8,"height_source":"USGS 3DEP lidar VA_NorthernVA_1_B22","height_confidence":"high","height_surveyed":true,"roof_form":"pitched","roof_spread_m":3.47,"source":"openstreetmap","source_date":"2026-09-11","confidence":"medium","surveyed":false},"geometry":{"type":"Polygon","coordinates":[[[-77.0984556,38.7067895],[-77.0984792,38.7067308],[-77.0984658,38.7067275],[-77.0985148,38.7066055],[-77.0986163,38.7066306],[-77.0985437,38.7068112],[-77.0984556,38.7067895]]]}},{"type":"Feature","id":"way/701491443","properties":{"id":"way/701491443","name":null,"class":"building","building":"yes","ground_elevation_m":23.12,"height_m":8.0,"height_source":"USGS 3DEP lidar VA_NorthernVA_1_B22","height_confidence":"high","height_surveyed":true,"roof_form":"pitched","roof_spread_m":4.72,"source":"openstreetmap","source_date":"2026-09-11","confidence":"medium","surveyed":false},"geometry":{"type":"Polygon","coordinates":[[[-77.096636,38.7064579],[-77.0966264,38.7064316],[-77.0967574,38.7064022],[-77.0967916,38.7064959],[-77.0965761,38.7065442],[-77.0965515,38.7064769],[-77.096636,38.7064579]]]}},{"type":"Feature","id":"way/701491444","properties":{"id":"way/701491444","name":null,"class":"outbuilding","building":"shed","ground_elevation_m":0.82,"height_m":3.5,"height_source":"USGS 3DEP lidar VA_NorthernVA_1_B22","height_confidence":"low","height_surveyed":false,"roof_form":"flat","roof_spread_m":0.63,"source":"openstreetmap","source_date":"2026-09-11","confidence":"medium","surveyed":false},"geometry":{"type":"Polygon","coordinates":[[[-77.0960826,38.7005928],[-77.0961502,38.7005706],[-77.0961653,38.7005986],[-77.0960976,38.7006209],[-77.0960826,38.7005928]]]}},{"type":"Feature","id":"way/701491445","properties":{"id":"way/701491445","name":null,"class":"building","building":"yes","ground_elevation_m":19.28,"height_m":14.2,"height_source":"USGS 3DEP lidar VA_NorthernVA_1_B22","height_confidence":"high","height_surveyed":true,"roof_form":"complex","roof_spread_m":7.05,"source":"openstreetmap","source_date":"2026-09-11","confidence":"medium","surveyed":false},"geometry":{"type":"Polygon","coordinates":[[[-77.0971836,38.7005511],[-77.0972116,38.7005311],[-77.0971919,38.7005143],[-77.0972802,38.7004513],[-77.0972487,38.7004242],[-77.0973054,38.7003836],[-77.0973226,38.7003984],[-77.0974036,38.7003406],[-77.097527,38.7004467],[-77.0973536,38.7005705],[-77.0973325,38.7005524],[-77.097296,38.7005786],[-77.0973081,38.700589],[-77.0972512,38.7006296],[-77.0971966,38.7005828],[-77.0972096,38.7005735],[-77.0971836,38.7005511]]]}},{"type":"Feature","id":"way/701491446","properties":{"id":"way/701491446","name":null,"class":"building","building":"yes","ground_elevation_m":22.13,"height_m":10.1,"height_source":"USGS 3DEP lidar VA_NorthernVA_1_B22","height_confidence":"high","height_surveyed":true,"roof_form":"pitched","roof_spread_m":3.35,"source":"openstreetmap","source_date":"2026-09-11","confidence":"medium","surveyed":false},"geometry":{"type":"Polygon","coordinates":[[[-77.0989525,38.7005716],[-77.0989656,38.7005682],[-77.0989164,38.7004527],[-77.0990608,38.7004149],[-77.0991414,38.7006042],[-77.0989839,38.7006454],[-77.0989525,38.7005716]]]}},{"type":"Feature","id":"way/701491447","properties":{"id":"way/701491447","name":null,"class":"building","building":"yes","ground_elevation_m":21.7,"height_m":7.8,"height_source":"USGS 3DEP lidar VA_NorthernVA_1_B22","height_confidence":"high","height_surveyed":true,"roof_form":"pitched","roof_spread_m":3.45,"source":"openstreetmap","source_date":"2026-09-11","confidence":"medium","surveyed":false},"geometry":{"type":"Polygon","coordinates":[[[-77.0996017,38.7004012],[-77.0997255,38.7003989],[-77.0997326,38.7006032],[-77.099608,38.7006056],[-77.0996017,38.7004012]]]}},{"type":"Feature","id":"way/701491448","properties":{"id":"way/701491448","name":null,"class":"building","building":"yes","ground_elevation_m":20.49,"height_m":11.3,"height_source":"USGS 3DEP lidar VA_NorthernVA_1_B22","height_confidence":"high","height_surveyed":true,"roof_form":"pitched","roof_spread_m":3.05,"source":"openstreetmap","source_date":"2026-09-11","confidence":"medium","surveyed":false},"geometry":{"type":"Polygon","coordinates":[[[-77.0987451,38.7016069],[-77.0987873,38.7015281],[-77.0989272,38.7015741],[-77.0989355,38.7015585],[-77.099006,38.7015817],[-77.0989556,38.7016758],[-77.0988846,38.7016524],[-77.0988666,38.701686],[-77.0988142,38.7016688],[-77.098832,38.7016355],[-77.0987451,38.7016069]]]}},{"type":"Feature","id":"way/701491449","properties":{"id":"way/701491449","name":null,"class":"building","building":"yes","ground_elevation_m":21.46,"height_m":9.0,"height_source":"USGS 3DEP lidar VA_NorthernVA_1_B22","height_confidence":"high","height_surveyed":true,"roof_form":"pitched","roof_spread_m":2.25,"source":"openstreetmap","source_date":"2026-09-11","confidence":"medium","surveyed":false},"geometry":{"type":"Polygon","coordinates":[[[-77.097966,38.6999483],[-77.0979444,38.6999616],[-77.0979465,38.6999732],[-77.097941,38.6999789],[-77.097923,38.6999765],[-77.0978923,38.6999943],[-77.0978985,38.700001],[-77.0978498,38.7000297],[-77.0977635,38.6999466],[-77.0978871,38.6998678],[-77.0978938,38.6998743],[-77.0979076,38.6998653],[-77.0978791,38.699833],[-77.0979302,38.6998033],[-77.0980541,38.6999261],[-77.0980813,38.6999094],[-77.0981214,38.6999494],[-77.0981156,38.699953],[-77.098132,38.6999684],[-77.0981257,38.6999723],[-77.0981589,38.700005],[-77.0980758,38.7000568],[-77.097966,38.6999483]]]}},{"type":"Feature","id":"way/701491450","properties":{"id":"way/701491450","name":null,"class":"building","building":"yes","ground_elevation_m":25.63,"height_m":7.6,"height_source":"USGS 3DEP lidar VA_NorthernVA_1_B22","height_confidence":"high","height_surveyed":true,"roof_form":"pitched","roof_spread_m":3.61,"source":"openstreetmap","source_date":"2026-09-11","confidence":"medium","surveyed":false},"geometry":{"type":"Polygon","coordinates":[[[-77.0979691,38.7062569],[-77.0980633,38.7062285],[-77.0981221,38.7063481],[-77.0981152,38.7063502],[-77.0981425,38.7064057],[-77.0980552,38.706432],[-77.0979691,38.7062569]]]}},{"type":"Feature","id":"way/701491451","properties":{"id":"way/701491451","name":null,"class":"building","building":"yes","ground_elevation_m":22.16,"height_m":12.2,"height_source":"USGS 3DEP lidar VA_NorthernVA_1_B22","height_confidence":"high","height_surveyed":true,"roof_form":"pitched","roof_spread_m":5.3,"source":"openstreetmap","source_date":"2026-09-11","confidence":"medium","surveyed":false},"geometry":{"type":"Polygon","coordinates":[[[-77.0954469,38.7021394],[-77.0955165,38.7020549],[-77.0956169,38.7021103],[-77.0955696,38.7021645],[-77.0955823,38.7021727],[-77.0955444,38.7022116],[-77.0955331,38.7022057],[-77.0955108,38.702229],[-77.0956404,38.7023036],[-77.0955887,38.7023626],[-77.095333,38.7022243],[-77.0953276,38.702206],[-77.0954026,38.7021171],[-77.0954469,38.7021394]]]}},{"type":"Feature","id":"way/701491452","properties":{"id":"way/701491452","name":null,"class":"outbuilding","building":"service","ground_elevation_m":21.09,"height_m":3.3,"height_source":"USGS 3DEP lidar VA_NorthernVA_1_B22","height_confidence":"low","height_surveyed":false,"roof_form":"flat","roof_spread_m":0.7,"source":"openstreetmap","source_date":"2026-09-11","confidence":"medium","surveyed":false},"geometry":{"type":"Polygon","coordinates":[[[-77.0972422,38.7022231],[-77.0972646,38.7022512],[-77.0972172,38.7022746],[-77.0972571,38.7023244],[-77.0972187,38.7023433],[-77.0971752,38.7022889],[-77.0972017,38.7022758],[-77.0971829,38.7022523],[-77.0972422,38.7022231]]]}},{"type":"Feature","id":"way/701491453","properties":{"id":"way/701491453","name":null,"class":"building","building":"yes","ground_elevation_m":23.91,"height_m":9.1,"height_source":"USGS 3DEP lidar VA_NorthernVA_1_B22","height_confidence":"high","height_surveyed":true,"roof_form":"pitched","roof_spread_m":5.08,"source":"openstreetmap","source_date":"2026-09-11","confidence":"medium","surveyed":false},"geometry":{"type":"Polygon","coordinates":[[[-77.0957504,38.7035558],[-77.0957454,38.7035618],[-77.0956088,38.7034911],[-77.0956254,38.7034714],[-77.0956124,38.7034646],[-77.095603,38.7034758],[-77.0955327,38.7034393],[-77.0955978,38.7033621],[-77.0956678,38.7033984],[-77.0956616,38.7034058],[-77.095675,38.7034127],[-77.0956837,38.7034023],[-77.0958262,38.7034761],[-77.0958039,38.7035026],[-77.0958378,38.7035202],[-77.0957903,38.7035765],[-77.0957504,38.7035558]]]}},{"type":"Feature","id":"way/701491454","properties":{"id":"way/701491454","name":null,"class":"building","building":"yes","ground_elevation_m":22.86,"height_m":7.8,"height_source":"USGS 3DEP lidar VA_NorthernVA_1_B22","height_confidence":"high","height_surveyed":true,"roof_form":"pitched","roof_spread_m":4.24,"source":"openstreetmap","source_date":"2026-09-11","confidence":"medium","surveyed":false},"geometry":{"type":"Polygon","coordinates":[[[-77.0962605,38.7064326],[-77.0962674,38.7064288],[-77.0961606,38.7063102],[-77.0962446,38.7062637],[-77.0963987,38.7064348],[-77.0963078,38.7064851],[-77.0962605,38.7064326]]]}},{"type":"Feature","id":"way/701491455","properties":{"id":"way/701491455","name":null,"class":"building","building":"yes","ground_elevation_m":25.81,"height_m":5.7,"height_source":"USGS 3DEP lidar VA_NorthernVA_1_B22","height_confidence":"high","height_surveyed":true,"roof_form":"pitched","roof_spread_m":2.61,"source":"openstreetmap","source_date":"2026-09-11","confidence":"medium","surveyed":false},"geometry":{"type":"Polygon","coordinates":[[[-77.0995982,38.7064675],[-77.09961,38.7064469],[-77.0995494,38.7064257],[-77.0996047,38.7063287],[-77.0997224,38.70637],[-77.0997486,38.7063241],[-77.0997321,38.7063183],[-77.0997751,38.706243],[-77.0998586,38.7062722],[-77.0998039,38.7063682],[-77.0997811,38.7063602],[-77.0997659,38.7063869],[-77.0997581,38.7063842],[-77.0997039,38.7064792],[-77.0996966,38.7064766],[-77.0996846,38.7064977],[-77.0995982,38.7064675]]]}},{"type":"Feature","id":"way/701491456","properties":{"id":"way/701491456","name":null,"class":"building","building":"yes","ground_elevation_m":24.15,"height_m":7.4,"height_source":"USGS 3DEP lidar VA_NorthernVA_1_B22","height_confidence":"high","height_surveyed":true,"roof_form":"pitched","roof_spread_m":3.94,"source":"openstreetmap","source_date":"2026-09-11","confidence":"medium","surveyed":false},"geometry":{"type":"Polygon","coordinates":[[[-77.0998714,38.7064636],[-77.0998921,38.7064287],[-77.0999606,38.7064536],[-77.0999683,38.7064406],[-77.099965,38.7064388],[-77.1000452,38.7063036],[-77.100116,38.7063292],[-77.1001215,38.70632],[-77.1002511,38.7063672],[-77.1002685,38.7063379],[-77.1003358,38.7063624],[-77.100273,38.7064682],[-77.1002169,38.7064477],[-77.1001933,38.7064871],[-77.1001461,38.7064698],[-77.1001343,38.7064896],[-77.1000456,38.7064574],[-77.1000396,38.7064673],[-77.1000008,38.7064532],[-77.0999728,38.7065005],[-77.0998714,38.7064636]]]}},{"type":"Feature","id":"way/701491457","properties":{"id":"way/701491457","name":null,"class":"building","building":"yes","ground_elevation_m":24.35,"height_m":8.6,"height_source":"USGS 3DEP lidar VA_NorthernVA_1_B22","height_confidence":"high","height_surveyed":true,"roof_form":"pitched","roof_spread_m":4.43,"source":"openstreetmap","source_date":"2026-09-11","confidence":"medium","surveyed":false},"geometry":{"type":"Polygon","coordinates":[[[-77.0973529,38.7063724],[-77.0973439,38.7063392],[-77.097471,38.706318],[-77.0974991,38.7064211],[-77.0972812,38.7064575],[-77.0972622,38.7063875],[-77.0973529,38.7063724]]]}},{"type":"Feature","id":"way/701491458","properties":{"id":"way/701491458","name":null,"class":"outbuilding","building":"shed","ground_elevation_m":20.45,"height_m":3.0,"height_source":"USGS 3DEP lidar VA_NorthernVA_1_B22","height_confidence":"low","height_surveyed":false,"roof_form":"flat","roof_spread_m":1.17,"source":"openstreetmap","source_date":"2026-09-11","confidence":"medium","surveyed":false},"geometry":{"type":"Polygon","coordinates":[[[-77.0997826,38.699979],[-77.099814,38.7000303],[-77.0997792,38.7000434],[-77.0997477,38.6999919],[-77.0997826,38.699979]]]}},{"type":"Feature","id":"way/701491459","properties":{"id":"way/701491459","name":null,"class":"building","building":"yes","ground_elevation_m":20.2,"height_m":9.4,"height_source":"USGS 3DEP lidar VA_NorthernVA_1_B22","height_confidence":"high","height_surveyed":true,"roof_form":"pitched","roof_spread_m":3.86,"source":"openstreetmap","source_date":"2026-09-11","confidence":"medium","surveyed":false},"geometry":{"type":"Polygon","coordinates":[[[-77.099022,38.7024123],[-77.0990673,38.7023494],[-77.099155,38.7023882],[-77.0991817,38.702351],[-77.0993285,38.7024159],[-77.0992691,38.7024983],[-77.0991863,38.7024617],[-77.0991807,38.7024695],[-77.0991232,38.7024441],[-77.0991162,38.7024539],[-77.099022,38.7024123]]]}},{"type":"Feature","id":"way/701491460","properties":{"id":"way/701491460","name":null,"class":"building","building":"yes","ground_elevation_m":23.32,"height_m":6.0,"height_source":"USGS 3DEP lidar VA_NorthernVA_1_B22","height_confidence":"high","height_surveyed":true,"roof_form":"pitched","roof_spread_m":1.54,"source":"openstreetmap","source_date":"2026-09-11","confidence":"medium","surveyed":false},"geometry":{"type":"Polygon","coordinates":[[[-77.1001437,38.7057574],[-77.1000849,38.7058567],[-77.0999143,38.7057947],[-77.0999731,38.7056954],[-77.1001437,38.7057574]]]}},{"type":"Feature","id":"way/701491461","properties":{"id":"way/701491461","name":null,"class":"building","building":"yes","ground_elevation_m":23.26,"height_m":7.8,"height_source":"USGS 3DEP lidar VA_NorthernVA_1_B22","height_confidence":"high","height_surveyed":true,"roof_form":"pitched","roof_spread_m":4.68,"source":"openstreetmap","source_date":"2026-09-11","confidence":"medium","surveyed":false},"geometry":{"type":"Polygon","coordinates":[[[-77.0942752,38.7056967],[-77.0942689,38.7056957],[-77.0942964,38.7055897],[-77.0944102,38.7056079],[-77.0943681,38.7057699],[-77.0942607,38.7057527],[-77.0942752,38.7056967]]]}},{"type":"Feature","id":"way/701491462","properties":{"id":"way/701491462","name":null,"class":"building","building":"yes","ground_elevation_m":25.75,"height_m":4.7,"height_source":"USGS 3DEP lidar VA_NorthernVA_1_B22","height_confidence":"high","height_surveyed":true,"roof_form":"pitched","roof_spread_m":1.54,"source":"openstreetmap","source_date":"2026-09-11","confidence":"medium","surveyed":false},"geometry":{"type":"Polygon","coordinates":[[[-77.0998434,38.7036656],[-77.099898,38.7035763],[-77.0998862,38.7035719],[-77.0999228,38.7035121],[-77.1000541,38.7035613],[-77.1000155,38.7036244],[-77.1000059,38.7036208],[-77.0999532,38.7037068],[-77.0998434,38.7036656]]]}},{"type":"Feature","id":"way/701491463","properties":{"id":"way/701491463","name":null,"class":"building","building":"yes","ground_elevation_m":21.69,"height_m":5.8,"height_source":"USGS 3DEP lidar VA_NorthernVA_1_B22","height_confidence":"high","height_surveyed":true,"roof_form":"pitched","roof_spread_m":2.06,"source":"openstreetmap","source_date":"2026-09-11","confidence":"medium","surveyed":false},"geometry":{"type":"Polygon","coordinates":[[[-77.0976483,38.7025858],[-77.0979184,38.7024509],[-77.0979781,38.7025243],[-77.0978969,38.7025649],[-77.0979301,38.7026058],[-77.097819,38.7026613],[-77.0977909,38.7026268],[-77.0977132,38.7026655],[-77.0976483,38.7025858]]]}},{"type":"Feature","id":"way/701491464","properties":{"id":"way/701491464","name":null,"class":"building","building":"yes","ground_elevation_m":22.76,"height_m":9.9,"height_source":"USGS 3DEP lidar VA_NorthernVA_1_B22","height_confidence":"high","height_surveyed":true,"roof_form":"pitched","roof_spread_m":2.77,"source":"openstreetmap","source_date":"2026-09-11","confidence":"medium","surveyed":false},"geometry":{"type":"Polygon","coordinates":[[[-77.097046,38.7024281],[-77.0970701,38.7024565],[-77.097092,38.702445],[-77.0971292,38.7024888],[-77.0971145,38.7024965],[-77.0971775,38.7025706],[-77.097043,38.7026408],[-77.0969961,38.7025856],[-77.0970121,38.7025772],[-77.0969473,38.7025011],[-77.0969615,38.7024937],[-77.0969489,38.7024788],[-77.097046,38.7024281]]]}},{"type":"Feature","id":"way/701491465","properties":{"id":"way/701491465","name":null,"class":"building","building":"yes","ground_elevation_m":23.6,"height_m":10.3,"height_source":"USGS 3DEP lidar VA_NorthernVA_1_B22","height_confidence":"high","height_surveyed":true,"roof_form":"pitched","roof_spread_m":4.94,"source":"openstreetmap","source_date":"2026-09-11","confidence":"medium","surveyed":false},"geometry":{"type":"Polygon","coordinates":[[[-77.0952623,38.7026079],[-77.0953149,38.7026292],[-77.0953169,38.7026262],[-77.0954456,38.7026778],[-77.0954248,38.7027095],[-77.0954449,38.7027176],[-77.0954213,38.7027537],[-77.0954038,38.7027467],[-77.0953804,38.7027826],[-77.0953322,38.7027632],[-77.0953295,38.7027675],[-77.0952515,38.7027375],[-77.0952537,38.7027333],[-77.0952019,38.7027153],[-77.0952623,38.7026079]]]}},{"type":"Feature","id":"way/701491466","properties":{"id":"way/701491466","name":null,"class":"building","building":"yes","ground_elevation_m":21.68,"height_m":9.9,"height_source":"USGS 3DEP lidar VA_NorthernVA_1_B22","height_confidence":"high","height_surveyed":true,"roof_form":"pitched","roof_spread_m":1.95,"source":"openstreetmap","source_date":"2026-09-11","confidence":"medium","surveyed":false},"geometry":{"type":"Polygon","coordinates":[[[-77.0959289,38.7016502],[-77.0959218,38.7016283],[-77.0959359,38.7016255],[-77.095929,38.701604],[-77.0959977,38.7015904],[-77.0960055,38.7016144],[-77.0960169,38.7016122],[-77.0960293,38.7016504],[-77.0960612,38.7016441],[-77.0960626,38.7016483],[-77.0961577,38.7016294],[-77.0961816,38.7017035],[-77.0961444,38.7017108],[-77.0961494,38.7017264],[-77.0960936,38.7017375],[-77.096103,38.7017668],[-77.0959558,38.701796],[-77.0959465,38.7017674],[-77.0959016,38.7017764],[-77.0958893,38.7017381],[-77.0958578,38.7017445],[-77.0958335,38.701669],[-77.0959289,38.7016502]]]}},{"type":"Feature","id":"way/701491467","properties":{"id":"way/701491467","name":null,"class":"building","building":"yes","ground_elevation_m":20.18,"height_m":6.6,"height_source":"USGS 3DEP lidar VA_NorthernVA_1_B22","height_confidence":"high","height_surveyed":true,"roof_form":"pitched","roof_spread_m":3.19,"source":"openstreetmap","source_date":"2026-09-11","confidence":"medium","surveyed":false},"geometry":{"type":"Polygon","coordinates":[[[-77.0996555,38.7018263],[-77.09966,38.7017337],[-77.0997503,38.7017364],[-77.0997505,38.7017304],[-77.0999171,38.7017354],[-77.0999123,38.701834],[-77.0996555,38.7018263]]]}},{"type":"Feature","id":"way/701491468","properties":{"id":"way/701491468","name":null,"class":"building","building":"yes","ground_elevation_m":21.81,"height_m":6.8,"height_source":"USGS 3DEP lidar VA_NorthernVA_1_B22","height_confidence":"high","height_surveyed":true,"roof_form":"pitched","roof_spread_m":1.68,"source":"openstreetmap","source_date":"2026-09-11","confidence":"medium","surveyed":false},"geometry":{"type":"Polygon","coordinates":[[[-77.1000597,38.7018134],[-77.1000762,38.7017205],[-77.1001561,38.7017293],[-77.1001587,38.701715],[-77.1002158,38.7017212],[-77.1002132,38.7017353],[-77.1002907,38.7017438],[-77.1002743,38.7018368],[-77.1000597,38.7018134]]]}},{"type":"Feature","id":"way/701491469","properties":{"id":"way/701491469","name":null,"class":"building","building":"yes","ground_elevation_m":24.03,"height_m":8.2,"height_source":"USGS 3DEP lidar VA_NorthernVA_1_B22","height_confidence":"high","height_surveyed":true,"roof_form":"pitched","roof_spread_m":4.8,"source":"openstreetmap","source_date":"2026-09-11","confidence":"medium","surveyed":false},"geometry":{"type":"Polygon","coordinates":[[[-77.0963834,38.7054789],[-77.0963984,38.7054404],[-77.0962759,38.705411],[-77.096302,38.7053441],[-77.0963882,38.7053648],[-77.0963969,38.7053425],[-77.0965253,38.7053733],[-77.0964898,38.7054644],[-77.0964507,38.705455],[-77.0964364,38.7054916],[-77.0963834,38.7054789]]]}},{"type":"Feature","id":"way/701491470","properties":{"id":"way/701491470","name":null,"class":"building","building":"yes","ground_elevation_m":22.89,"height_m":8.2,"height_source":"USGS 3DEP lidar VA_NorthernVA_1_B22","height_confidence":"high","height_surveyed":true,"roof_form":"pitched","roof_spread_m":4.72,"source":"openstreetmap","source_date":"2026-09-11","confidence":"medium","surveyed":false},"geometry":{"type":"Polygon","coordinates":[[[-77.0926956,38.705074],[-77.0927003,38.7050685],[-77.0928092,38.7051259],[-77.0927422,38.705204],[-77.0925605,38.7051083],[-77.0926229,38.7050357],[-77.0926956,38.705074]]]}},{"type":"Feature","id":"way/701491471","properties":{"id":"way/701491471","name":null,"class":"building","building":"yes","ground_elevation_m":11.13,"height_m":8.2,"height_source":"USGS 3DEP lidar VA_NorthernVA_1_B22","height_confidence":"high","height_surveyed":true,"roof_form":"pitched","roof_spread_m":4.35,"source":"openstreetmap","source_date":"2026-09-11","confidence":"medium","surveyed":false},"geometry":{"type":"Polygon","coordinates":[[[-77.1035856,38.7031255],[-77.1036333,38.7031259],[-77.1036335,38.7031126],[-77.1036858,38.7031131],[-77.1036856,38.7031271],[-77.1038064,38.7031281],[-77.1038053,38.7032133],[-77.1037273,38.7032127],[-77.1037272,38.70322],[-77.1035844,38.7032189],[-77.1035856,38.7031255]]]}},{"type":"Feature","id":"way/701491473","properties":{"id":"way/701491473","name":null,"class":"building","building":"yes","ground_elevation_m":21.09,"height_m":11.5,"height_source":"USGS 3DEP lidar VA_NorthernVA_1_B22","height_confidence":"high","height_surveyed":true,"roof_form":"pitched","roof_spread_m":5.19,"source":"openstreetmap","source_date":"2026-09-11","confidence":"medium","surveyed":false},"geometry":{"type":"Polygon","coordinates":[[[-77.101632,38.7030602],[-77.1016257,38.7030698],[-77.1016094,38.7030631],[-77.1016158,38.7030536],[-77.1015331,38.7030288],[-77.1015732,38.7029697],[-77.101621,38.7029884],[-77.1016877,38.7028822],[-77.1018064,38.7029314],[-77.101785,38.702963],[-77.1018181,38.7029768],[-77.1017841,38.7030271],[-77.101751,38.7030133],[-77.1017229,38.7030549],[-77.1017408,38.703072],[-77.1017309,38.7030901],[-77.1017018,38.7030887],[-77.101632,38.7030602]]]}},{"type":"Feature","id":"way/701491475","properties":{"id":"way/701491475","name":null,"class":"building","building":"yes","ground_elevation_m":26.15,"height_m":7.1,"height_source":"USGS 3DEP lidar VA_NorthernVA_1_B22","height_confidence":"high","height_surveyed":true,"roof_form":"pitched","roof_spread_m":2.25,"source":"openstreetmap","source_date":"2026-09-11","confidence":"medium","surveyed":false},"geometry":{"type":"Polygon","coordinates":[[[-77.1010737,38.7049174],[-77.1010662,38.704911],[-77.1011284,38.7048058],[-77.1012244,38.7048407],[-77.1011589,38.7049516],[-77.1011364,38.7049435],[-77.1011187,38.7049735],[-77.1010543,38.7049501],[-77.1010737,38.7049174]]]}},{"type":"Feature","id":"way/701491478","properties":{"id":"way/701491478","name":null,"class":"building","building":"yes","ground_elevation_m":14.17,"height_m":5.7,"height_source":"USGS 3DEP lidar VA_NorthernVA_1_B22","height_confidence":"high","height_surveyed":true,"roof_form":"pitched","roof_spread_m":2.46,"source":"openstreetmap","source_date":"2026-09-11","confidence":"medium","surveyed":false},"geometry":{"type":"Polygon","coordinates":[[[-77.1043649,38.7080811],[-77.1042102,38.708023],[-77.1042698,38.7079256],[-77.1043131,38.7079419],[-77.1043491,38.7078831],[-77.1044796,38.7079322],[-77.104438,38.7080002],[-77.1044188,38.707993],[-77.1043649,38.7080811]]]}},{"type":"Feature","id":"way/701491479","properties":{"id":"way/701491479","name":null,"class":"building","building":"yes","ground_elevation_m":22.13,"height_m":8.7,"height_source":"USGS 3DEP lidar VA_NorthernVA_1_B22","height_confidence":"high","height_surveyed":true,"roof_form":"pitched","roof_spread_m":4.23,"source":"openstreetmap","source_date":"2026-09-11","confidence":"medium","surveyed":false},"geometry":{"type":"Polygon","coordinates":[[[-77.1013013,38.7035276],[-77.1012957,38.7035254],[-77.1013543,38.7034322],[-77.101455,38.7034711],[-77.1014326,38.7035066],[-77.1014652,38.7035192],[-77.1014336,38.7035695],[-77.1014032,38.7035578],[-77.1013642,38.7036199],[-77.1012669,38.7035823],[-77.1013013,38.7035276]]]}},{"type":"Feature","id":"way/701491480","properties":{"id":"way/701491480","name":null,"class":"building","building":"yes","ground_elevation_m":10.94,"height_m":8.1,"height_source":"USGS 3DEP lidar VA_NorthernVA_1_B22","height_confidence":"high","height_surveyed":true,"roof_form":"pitched","roof_spread_m":4.26,"source":"openstreetmap","source_date":"2026-09-11","confidence":"medium","surveyed":false},"geometry":{"type":"Polygon","coordinates":[[[-77.1031926,38.7035278],[-77.1032071,38.7035312],[-77.1032202,38.7034999],[-77.1032114,38.7034976],[-77.1032344,38.7034427],[-77.1033373,38.7034692],[-77.103314,38.703525],[-77.1033343,38.7035302],[-77.10329,38.7036358],[-77.1031747,38.7036062],[-77.1031893,38.7035714],[-77.1031758,38.7035679],[-77.1031926,38.7035278]]]}},{"type":"Feature","id":"way/701491483","properties":{"id":"way/701491483","name":null,"class":"building","building":"yes","ground_elevation_m":12.09,"height_m":10.2,"height_source":"USGS 3DEP lidar VA_NorthernVA_1_B22","height_confidence":"high","height_surveyed":true,"roof_form":"pitched","roof_spread_m":5.47,"source":"openstreetmap","source_date":"2026-09-11","confidence":"medium","surveyed":false},"geometry":{"type":"Polygon","coordinates":[[[-77.1025972,38.7035292],[-77.1026516,38.7034439],[-77.1026575,38.7034462],[-77.1026778,38.7034143],[-77.1026672,38.7033901],[-77.1026763,38.7033696],[-77.1027062,38.7033629],[-77.1027162,38.7033668],[-77.1027371,38.703334],[-77.1027618,38.7033436],[-77.1027847,38.7033078],[-77.1028858,38.7033473],[-77.1027895,38.7034984],[-77.1027744,38.7034925],[-77.102752,38.7035277],[-77.1027281,38.7035183],[-77.1026964,38.703568],[-77.1025972,38.7035292]]]}},{"type":"Feature","id":"way/701491487","properties":{"id":"way/701491487","name":null,"class":"building","building":"yes","ground_elevation_m":10.18,"height_m":8.5,"height_source":"USGS 3DEP lidar VA_NorthernVA_1_B22","height_confidence":"high","height_surveyed":true,"roof_form":"pitched","roof_spread_m":3.17,"source":"openstreetmap","source_date":"2026-09-11","confidence":"medium","surveyed":false},"geometry":{"type":"Polygon","coordinates":[[[-77.1046923,38.7025837],[-77.1047008,38.7025721],[-77.1045977,38.7025258],[-77.1046528,38.7024506],[-77.1047144,38.7024783],[-77.1047198,38.7024709],[-77.1048464,38.7025278],[-77.104786,38.7026103],[-77.1047484,38.7025934],[-77.1047398,38.7026051],[-77.1046923,38.7025837]]]}},{"type":"Feature","id":"way/701491490","properties":{"id":"way/701491490","name":null,"class":"outbuilding","building":"shed","ground_elevation_m":9.6,"height_m":5.1,"height_source":"USGS 3DEP lidar VA_NorthernVA_1_B22","height_confidence":"low","height_surveyed":false,"roof_form":"pitched","roof_spread_m":1.55,"source":"openstreetmap","source_date":"2026-09-11","confidence":"medium","surveyed":false},"geometry":{"type":"Polygon","coordinates":[[[-77.1042736,38.703273],[-77.1043054,38.7033063],[-77.104227,38.7033523],[-77.1041952,38.7033191],[-77.1042736,38.703273]]]}},{"type":"Feature","id":"way/701491491","properties":{"id":"way/701491491","name":null,"class":"building","building":"yes","ground_elevation_m":15.05,"height_m":10.3,"height_source":"USGS 3DEP lidar VA_NorthernVA_1_B22","height_confidence":"high","height_surveyed":true,"roof_form":"pitched","roof_spread_m":4.76,"source":"openstreetmap","source_date":"2026-09-11","confidence":"medium","surveyed":false},"geometry":{"type":"Polygon","coordinates":[[[-77.1020662,38.7032486],[-77.1021113,38.7031732],[-77.1021076,38.7031719],[-77.1021943,38.7030268],[-77.1023209,38.7030733],[-77.1022564,38.7031813],[-77.1022128,38.7031653],[-77.102191,38.7032018],[-77.1021999,38.7032051],[-77.1021545,38.7032811],[-77.1020662,38.7032486]]]}},{"type":"Feature","id":"way/701491492","properties":{"id":"way/701491492","name":null,"class":"building","building":"yes","ground_elevation_m":11.76,"height_m":11.9,"height_source":"USGS 3DEP lidar VA_NorthernVA_1_B22","height_confidence":"high","height_surveyed":true,"roof_form":"pitched","roof_spread_m":3.74,"source":"openstreetmap","source_date":"2026-09-11","confidence":"medium","surveyed":false},"geometry":{"type":"Polygon","coordinates":[[[-77.1046415,38.7017763],[-77.1046774,38.7017223],[-77.1046708,38.7017196],[-77.1046929,38.7016862],[-77.1045971,38.7016471],[-77.1046087,38.7016296],[-77.1045977,38.7016251],[-77.1046356,38.701568],[-77.1047693,38.7016225],[-77.1047748,38.7016143],[-77.1048755,38.7016554],[-77.1048045,38.7017623],[-77.104821,38.701769],[-77.104779,38.7018323],[-77.1046415,38.7017763]]]}},{"type":"Feature","id":"way/701491496","properties":{"id":"way/701491496","name":null,"class":"building","building":"yes","ground_elevation_m":20.72,"height_m":7.2,"height_source":"USGS 3DEP lidar VA_NorthernVA_1_B22","height_confidence":"high","height_surveyed":true,"roof_form":"pitched","roof_spread_m":1.92,"source":"openstreetmap","source_date":"2026-09-11","confidence":"medium","surveyed":false},"geometry":{"type":"Polygon","coordinates":[[[-77.1021203,38.7043742],[-77.1021389,38.7043442],[-77.1021241,38.7043385],[-77.1021897,38.7042329],[-77.1022828,38.7042684],[-77.1022154,38.7043769],[-77.1021943,38.7043688],[-77.1021775,38.704396],[-77.1021203,38.7043742]]]}},{"type":"Feature","id":"way/701491499","properties":{"id":"way/701491499","name":null,"class":"building","building":"yes","ground_elevation_m":10.62,"height_m":7.8,"height_source":"USGS 3DEP lidar VA_NorthernVA_1_B22","height_confidence":"high","height_surveyed":true,"roof_form":"pitched","roof_spread_m":4.14,"source":"openstreetmap","source_date":"2026-09-11","confidence":"medium","surveyed":false},"geometry":{"type":"Polygon","coordinates":[[[-77.1041378,38.7029265],[-77.1041065,38.7029236],[-77.1041196,38.7028374],[-77.1041924,38.7028441],[-77.1041933,38.7028383],[-77.1043443,38.7028524],[-77.10433,38.7029469],[-77.1042821,38.7029424],[-77.1042801,38.7029553],[-77.1042231,38.70295],[-77.1042251,38.7029368],[-77.1041981,38.7029342],[-77.1041919,38.7029752],[-77.1041313,38.7029695],[-77.1041378,38.7029265]]]}},{"type":"Feature","id":"way/701491501","properties":{"id":"way/701491501","name":null,"class":"building","building":"yes","ground_elevation_m":11.37,"height_m":10.2,"height_source":"USGS 3DEP lidar VA_NorthernVA_1_B22","height_confidence":"high","height_surveyed":true,"roof_form":"pitched","roof_spread_m":4.19,"source":"openstreetmap","source_date":"2026-09-11","confidence":"medium","surveyed":false},"geometry":{"type":"Polygon","coordinates":[[[-77.1030036,38.7028724],[-77.1030438,38.7028068],[-77.1030527,38.7028101],[-77.103104,38.7027263],[-77.103216,38.7027685],[-77.1031244,38.7029179],[-77.1030036,38.7028724]]]}},{"type":"Feature","id":"way/701491504","properties":{"id":"way/701491504","name":null,"class":"building","building":"yes","ground_elevation_m":20.52,"height_m":7.5,"height_source":"USGS 3DEP lidar VA_NorthernVA_1_B22","height_confidence":"high","height_surveyed":true,"roof_form":"pitched","roof_spread_m":3.43,"source":"openstreetmap","source_date":"2026-09-11","confidence":"medium","surveyed":false},"geometry":{"type":"Polygon","coordinates":[[[-77.1007801,38.7008911],[-77.1007417,38.700876],[-77.1007661,38.700838],[-77.1007918,38.7008481],[-77.100838,38.7007761],[-77.1009318,38.7008131],[-77.1008597,38.7009255],[-77.1008546,38.7009235],[-77.1008189,38.7009791],[-77.1007428,38.7009491],[-77.1007801,38.7008911]]]}},{"type":"Feature","id":"way/701491506","properties":{"id":"way/701491506","name":null,"class":"building","building":"yes","ground_elevation_m":26.56,"height_m":6.4,"height_source":"USGS 3DEP lidar VA_NorthernVA_1_B22","height_confidence":"high","height_surveyed":true,"roof_form":"pitched","roof_spread_m":3.14,"source":"openstreetmap","source_date":"2026-09-11","confidence":"medium","surveyed":false},"geometry":{"type":"Polygon","coordinates":[[[-77.1025916,38.7085232],[-77.1026615,38.7084663],[-77.1025959,38.7084169],[-77.1026617,38.7083634],[-77.1027399,38.7084224],[-77.1026907,38.7084624],[-77.1028103,38.7085526],[-77.1027239,38.708623],[-77.1025916,38.7085232]]]}},{"type":"Feature","id":"way/701491508","properties":{"id":"way/701491508","name":null,"class":"building","building":"yes","ground_elevation_m":13.85,"height_m":8.0,"height_source":"USGS 3DEP lidar VA_NorthernVA_1_B22","height_confidence":"high","height_surveyed":true,"roof_form":"pitched","roof_spread_m":3.69,"source":"openstreetmap","source_date":"2026-09-11","confidence":"medium","surveyed":false},"geometry":{"type":"Polygon","coordinates":[[[-77.1047123,38.7085034],[-77.1047562,38.7084285],[-77.1047659,38.708432],[-77.1047998,38.7083744],[-77.1049522,38.7084293],[-77.104894,38.7085286],[-77.1048533,38.708514],[-77.1048339,38.7085471],[-77.1047123,38.7085034]]]}},{"type":"Feature","id":"way/701491509","properties":{"id":"way/701491509","name":null,"class":"building","building":"yes","ground_elevation_m":23.9,"height_m":6.2,"height_source":"USGS 3DEP lidar VA_NorthernVA_1_B22","height_confidence":"high","height_surveyed":true,"roof_form":"pitched","roof_spread_m":1.52,"source":"openstreetmap","source_date":"2026-09-11","confidence":"medium","surveyed":false},"geometry":{"type":"Polygon","coordinates":[[[-77.1019917,38.7083732],[-77.1020112,38.7083693],[-77.1020097,38.7083646],[-77.1021227,38.7083421],[-77.1021682,38.7084825],[-77.1020569,38.7085046],[-77.1020554,38.7085001],[-77.1020346,38.7085057],[-77.1019917,38.7083732]]]}},{"type":"Feature","id":"way/701491510","properties":{"id":"way/701491510","name":null,"class":"building","building":"yes","ground_elevation_m":25.2,"height_m":6.3,"height_source":"USGS 3DEP lidar VA_NorthernVA_1_B22","height_confidence":"high","height_surveyed":true,"roof_form":"pitched","roof_spread_m":2.95,"source":"openstreetmap","source_date":"2026-09-11","confidence":"medium","surveyed":false},"geometry":{"type":"Polygon","coordinates":[[[-77.1033499,38.7083985],[-77.10333,38.7083963],[-77.1033554,38.7082554],[-77.103495,38.7082709],[-77.1034803,38.7083523],[-77.1035116,38.7083558],[-77.1035005,38.7084171],[-77.1034505,38.7084116],[-77.1034398,38.7084709],[-77.1033388,38.7084597],[-77.1033499,38.7083985]]]}},{"type":"Feature","id":"way/701491511","properties":{"id":"way/701491511","name":null,"class":"building","building":"yes","ground_elevation_m":17.04,"height_m":5.2,"height_source":"USGS 3DEP lidar VA_NorthernVA_1_B22","height_confidence":"high","height_surveyed":true,"roof_form":"pitched","roof_spread_m":2.16,"source":"openstreetmap","source_date":"2026-09-11","confidence":"medium","surveyed":false},"geometry":{"type":"Polygon","coordinates":[[[-77.1040512,38.708361],[-77.1041062,38.7082764],[-77.1040886,38.7082693],[-77.104133,38.7082012],[-77.1042794,38.7082596],[-77.10418,38.7084124],[-77.1040512,38.708361]]]}},{"type":"Feature","id":"way/701491512","properties":{"id":"way/701491512","name":null,"class":"building","building":"yes","ground_elevation_m":25.82,"height_m":5.9,"height_source":"USGS 3DEP lidar VA_NorthernVA_1_B22","height_confidence":"high","height_surveyed":true,"roof_form":"pitched","roof_spread_m":1.59,"source":"openstreetmap","source_date":"2026-09-11","confidence":"medium","surveyed":false},"geometry":{"type":"Polygon","coordinates":[[[-77.1025611,38.7089456],[-77.1026028,38.7090017],[-77.1026431,38.7089834],[-77.1027051,38.7090673],[-77.1026518,38.7090916],[-77.1026408,38.7090768],[-77.1025331,38.7091258],[-77.1024403,38.7090006],[-77.1025611,38.7089456]]]}},{"type":"Feature","id":"way/701491514","properties":{"id":"way/701491514","name":null,"class":"building","building":"yes","ground_elevation_m":25.48,"height_m":7.5,"height_source":"USGS 3DEP lidar VA_NorthernVA_1_B22","height_confidence":"high","height_surveyed":true,"roof_form":"pitched","roof_spread_m":3.81,"source":"openstreetmap","source_date":"2026-09-11","confidence":"medium","surveyed":false},"geometry":{"type":"Polygon","coordinates":[[[-77.1036698,38.7090171],[-77.1036543,38.7090115],[-77.1037184,38.7089037],[-77.1038245,38.7089424],[-77.1037696,38.7090346],[-77.1037782,38.7090378],[-77.1037478,38.7090888],[-77.1036487,38.7090526],[-77.1036698,38.7090171]]]}},{"type":"Feature","id":"way/701491515","properties":{"id":"way/701491515","name":null,"class":"outbuilding","building":"shed","ground_elevation_m":25.8,"height_m":4.2,"height_source":"USGS 3DEP lidar VA_NorthernVA_1_B22","height_confidence":"low","height_surveyed":false,"roof_form":"flat","roof_spread_m":0.49,"source":"openstreetmap","source_date":"2026-09-11","confidence":"medium","surveyed":false},"geometry":{"type":"Polygon","coordinates":[[[-77.1030748,38.7090061],[-77.1030916,38.709035],[-77.1030429,38.7090585],[-77.1030218,38.7090316],[-77.1030748,38.7090061]]]}},{"type":"Feature","id":"way/701491516","properties":{"id":"way/701491516","name":null,"class":"building","building":"yes","ground_elevation_m":23.66,"height_m":5.3,"height_source":"USGS 3DEP lidar VA_NorthernVA_1_B22","height_confidence":"high","height_surveyed":true,"roof_form":"pitched","roof_spread_m":1.9,"source":"openstreetmap","source_date":"2026-09-11","confidence":"medium","surveyed":false},"geometry":{"type":"Polygon","coordinates":[[[-77.1038274,38.7086609],[-77.1038357,38.7086641],[-77.1038717,38.7086078],[-77.1040013,38.7086584],[-77.1039591,38.7087247],[-77.1039171,38.7087083],[-77.103854,38.7088076],[-77.1037565,38.708771],[-77.1038274,38.7086609]]]}},{"type":"Feature","id":"way/701491518","properties":{"id":"way/701491518","name":null,"class":"building","building":"yes","ground_elevation_m":21.56,"height_m":6.1,"height_source":"USGS 3DEP lidar VA_NorthernVA_1_B22","height_confidence":"high","height_surveyed":true,"roof_form":"pitched","roof_spread_m":1.61,"source":"openstreetmap","source_date":"2026-09-11","confidence":"medium","surveyed":false},"geometry":{"type":"Polygon","coordinates":[[[-77.1021281,38.7059574],[-77.1021342,38.705948],[-77.1020237,38.7059042],[-77.1020777,38.7058206],[-77.1021835,38.7058626],[-77.1021906,38.7058516],[-77.1022716,38.7058837],[-77.1022045,38.7059877],[-77.1021281,38.7059574]]]}},{"type":"Feature","id":"way/701491519","properties":{"id":"way/701491519","name":null,"class":"building","building":"yes","ground_elevation_m":25.99,"height_m":6.1,"height_source":"USGS 3DEP lidar VA_NorthernVA_1_B22","height_confidence":"high","height_surveyed":true,"roof_form":"pitched","roof_spread_m":1.52,"source":"openstreetmap","source_date":"2026-09-11","confidence":"medium","surveyed":false},"geometry":{"type":"Polygon","coordinates":[[[-77.1028356,38.7093268],[-77.1027284,38.7093756],[-77.1026377,38.7092533],[-77.1027449,38.7092045],[-77.1028356,38.7093268]]]}},{"type":"Feature","id":"way/701491520","properties":{"id":"way/701491520","name":null,"class":"building","building":"yes","ground_elevation_m":22.11,"height_m":6.5,"height_source":"USGS 3DEP lidar VA_NorthernVA_1_B22","height_confidence":"high","height_surveyed":true,"roof_form":"pitched","roof_spread_m":1.43,"source":"openstreetmap","source_date":"2026-09-11","confidence":"medium","surveyed":false},"geometry":{"type":"Polygon","coordinates":[[[-77.1004136,38.7058698],[-77.1004305,38.7058443],[-77.1004654,38.7058583],[-77.1003952,38.7059653],[-77.1003405,38.705943],[-77.1003365,38.7059491],[-77.1002967,38.7059329],[-77.1003,38.7059279],[-77.100243,38.7059077],[-77.1002983,38.7058234],[-77.1004136,38.7058698]]]}},{"type":"Feature","id":"way/701491522","properties":{"id":"way/701491522","name":null,"class":"building","building":"yes","ground_elevation_m":26.06,"height_m":7.4,"height_source":"USGS 3DEP lidar VA_NorthernVA_1_B22","height_confidence":"high","height_surveyed":true,"roof_form":"pitched","roof_spread_m":3.12,"source":"openstreetmap","source_date":"2026-09-11","confidence":"medium","surveyed":false},"geometry":{"type":"Polygon","coordinates":[[[-77.1014641,38.7055726],[-77.1016384,38.7056366],[-77.1015936,38.7057115],[-77.1014508,38.7056591],[-77.101461,38.7056419],[-77.1014296,38.7056304],[-77.1014641,38.7055726]]]}},{"type":"Feature","id":"way/701491523","properties":{"id":"way/701491523","name":null,"class":"building","building":"yes","ground_elevation_m":13.87,"height_m":8.0,"height_source":"USGS 3DEP lidar VA_NorthernVA_1_B22","height_confidence":"high","height_surveyed":true,"roof_form":"pitched","roof_spread_m":3.67,"source":"openstreetmap","source_date":"2026-09-11","confidence":"medium","surveyed":false},"geometry":{"type":"Polygon","coordinates":[[[-77.1029381,38.7056772],[-77.1029409,38.7056689],[-77.1028998,38.705653],[-77.1029397,38.7055896],[-77.1029712,38.7056017],[-77.1029896,38.7055724],[-77.1030387,38.7055914],[-77.1030201,38.7056209],[-77.1031069,38.7056544],[-77.1030624,38.7057252],[-77.1029381,38.7056772]]]}},{"type":"Feature","id":"way/701491524","properties":{"id":"way/701491524","name":null,"class":"building","building":"yes","ground_elevation_m":10.27,"height_m":8.2,"height_source":"USGS 3DEP lidar VA_NorthernVA_1_B22","height_confidence":"high","height_surveyed":true,"roof_form":"pitched","roof_spread_m":2.82,"source":"openstreetmap","source_date":"2026-09-11","confidence":"medium","surveyed":false},"geometry":{"type":"Polygon","coordinates":[[[-77.1040229,38.7055496],[-77.1041345,38.7055944],[-77.1040443,38.7057325],[-77.1039444,38.7056924],[-77.1039848,38.7056307],[-77.103973,38.705626],[-77.1040229,38.7055496]]]}},{"type":"Feature","id":"way/701491525","properties":{"id":"way/701491525","name":null,"class":"building","building":"yes","ground_elevation_m":12.77,"height_m":12.0,"height_source":"USGS 3DEP lidar VA_NorthernVA_1_B22","height_confidence":"high","height_surveyed":true,"roof_form":"pitched","roof_spread_m":3.67,"source":"openstreetmap","source_date":"2026-09-11","confidence":"medium","surveyed":false},"geometry":{"type":"Polygon","coordinates":[[[-77.1048561,38.7015563],[-77.1047432,38.7015068],[-77.1047626,38.7014795],[-77.1047435,38.7014711],[-77.1047648,38.7014413],[-77.1047818,38.7014488],[-77.1047975,38.7014268],[-77.1047497,38.7014058],[-77.1047889,38.7013509],[-77.1049765,38.7014332],[-77.1049665,38.7014473],[-77.1050002,38.7014621],[-77.1049708,38.7015032],[-77.1049841,38.701509],[-77.1049432,38.7015662],[-77.104928,38.7015595],[-77.1049378,38.7015458],[-77.1048813,38.701521],[-77.1048561,38.7015563]]]}},{"type":"Feature","id":"way/701491526","properties":{"id":"way/701491526","name":null,"class":"building","building":"yes","ground_elevation_m":10.41,"height_m":9.7,"height_source":"USGS 3DEP lidar VA_NorthernVA_1_B22","height_confidence":"high","height_surveyed":true,"roof_form":"pitched","roof_spread_m":2.34,"source":"openstreetmap","source_date":"2026-09-11","confidence":"medium","surveyed":false},"geometry":{"type":"Polygon","coordinates":[[[-77.103566,38.702465],[-77.1034022,38.7023918],[-77.103457,38.7023165],[-77.1034737,38.702324],[-77.1034969,38.702292],[-77.1035906,38.7023338],[-77.1035805,38.7023476],[-77.1036343,38.7023717],[-77.1035935,38.7024278],[-77.1036233,38.7024411],[-77.1036092,38.7024605],[-77.103579,38.702447],[-77.103566,38.702465]]]}},{"type":"Feature","id":"way/701491527","properties":{"id":"way/701491527","name":null,"class":"building","building":"yes","ground_elevation_m":10.93,"height_m":10.5,"height_source":"USGS 3DEP lidar VA_NorthernVA_1_B22","height_confidence":"high","height_surveyed":true,"roof_form":"pitched","roof_spread_m":3.71,"source":"openstreetmap","source_date":"2026-09-11","confidence":"medium","surveyed":false},"geometry":{"type":"Polygon","coordinates":[[[-77.1037164,38.7021962],[-77.1036919,38.7021964],[-77.1036826,38.7022024],[-77.1036555,38.7022027],[-77.1036475,38.7021966],[-77.1035552,38.7021974],[-77.1035551,38.7021914],[-77.1035158,38.7021917],[-77.1035146,38.7021054],[-77.1035263,38.7021053],[-77.1035259,38.7020762],[-77.1035802,38.7020758],[-77.1035805,38.7020978],[-77.1036161,38.7020975],[-77.1036162,38.7021101],[-77.1036282,38.70211],[-77.1036276,38.7020619],[-77.1037142,38.7020611],[-77.1037156,38.7021587],[-77.1037212,38.7021586],[-77.1037213,38.7021713],[-77.1037161,38.7021714],[-77.1037164,38.7021962]]]}},{"type":"Feature","id":"way/701491528","properties":{"id":"way/701491528","name":null,"class":"building","building":"yes","ground_elevation_m":14.57,"height_m":9.4,"height_source":"USGS 3DEP lidar VA_NorthernVA_1_B22","height_confidence":"high","height_surveyed":true,"roof_form":"pitched","roof_spread_m":3.93,"source":"openstreetmap","source_date":"2026-09-11","confidence":"medium","surveyed":false},"geometry":{"type":"Polygon","coordinates":[[[-77.1016547,38.7016883],[-77.1016851,38.7016381],[-77.1016568,38.7016276],[-77.1016768,38.7015945],[-77.1016973,38.7016021],[-77.1017028,38.7015929],[-77.1016947,38.7015899],[-77.1017027,38.7015767],[-77.1017119,38.7015801],[-77.1017236,38.7015607],[-77.1017391,38.7015664],[-77.1017548,38.7015403],[-77.1018645,38.7015809],[-77.1018474,38.7016092],[-77.101867,38.7016165],[-77.1018269,38.7016829],[-77.1018545,38.7016932],[-77.1018204,38.7017497],[-77.1016547,38.7016883]]]}},{"type":"Feature","id":"way/701491531","properties":{"id":"way/701491531","name":null,"class":"building","building":"yes","ground_elevation_m":10.94,"height_m":7.7,"height_source":"USGS 3DEP lidar VA_NorthernVA_1_B22","height_confidence":"high","height_surveyed":true,"roof_form":"pitched","roof_spread_m":4.1,"source":"openstreetmap","source_date":"2026-09-11","confidence":"medium","surveyed":false},"geometry":{"type":"Polygon","coordinates":[[[-77.1037528,38.7059891],[-77.1037834,38.7059412],[-77.1037792,38.7059336],[-77.1038456,38.7058294],[-77.1039372,38.7058653],[-77.1038748,38.7059631],[-77.1038855,38.7059673],[-77.1038478,38.7060263],[-77.1037528,38.7059891]]]}},{"type":"Feature","id":"way/701491533","properties":{"id":"way/701491533","name":null,"class":"building","building":"yes","ground_elevation_m":9.77,"height_m":7.5,"height_source":"USGS 3DEP lidar VA_NorthernVA_1_B22","height_confidence":"high","height_surveyed":true,"roof_form":"pitched","roof_spread_m":3.56,"source":"openstreetmap","source_date":"2026-09-11","confidence":"medium","surveyed":false},"geometry":{"type":"Polygon","coordinates":[[[-77.1049447,38.704858],[-77.1049939,38.7047799],[-77.1051798,38.7048519],[-77.1051306,38.70493],[-77.1049447,38.704858]]]}},{"type":"Feature","id":"way/701491536","properties":{"id":"way/701491536","name":null,"class":"building","building":"yes","ground_elevation_m":9.15,"height_m":8.4,"height_source":"USGS 3DEP lidar VA_NorthernVA_1_B22","height_confidence":"high","height_surveyed":true,"roof_form":"pitched","roof_spread_m":3.01,"source":"openstreetmap","source_date":"2026-09-11","confidence":"medium","surveyed":false},"geometry":{"type":"Polygon","coordinates":[[[-77.1045426,38.7047183],[-77.1045912,38.7046371],[-77.1046622,38.7046631],[-77.1046659,38.704657],[-77.1047725,38.7046961],[-77.1047214,38.7047814],[-77.1045426,38.7047183]]]}},{"type":"Feature","id":"way/701491537","properties":{"id":"way/701491537","name":null,"class":"building","building":"yes","ground_elevation_m":9.57,"height_m":8.2,"height_source":"USGS 3DEP lidar VA_NorthernVA_1_B22","height_confidence":"high","height_surveyed":true,"roof_form":"pitched","roof_spread_m":2.96,"source":"openstreetmap","source_date":"2026-09-11","confidence":"medium","surveyed":false},"geometry":{"type":"Polygon","coordinates":[[[-77.1038151,38.7047272],[-77.1039053,38.7045902],[-77.1039998,38.7046285],[-77.1039621,38.7046857],[-77.1039734,38.7046903],[-77.1039209,38.70477],[-77.1038151,38.7047272]]]}},{"type":"Feature","id":"way/701491538","properties":{"id":"way/701491538","name":null,"class":"building","building":"yes","ground_elevation_m":24.76,"height_m":6.0,"height_source":"USGS 3DEP lidar VA_NorthernVA_1_B22","height_confidence":"high","height_surveyed":true,"roof_form":"pitched","roof_spread_m":1.71,"source":"openstreetmap","source_date":"2026-09-11","confidence":"medium","surveyed":false},"geometry":{"type":"Polygon","coordinates":[[[-77.1031208,38.7097712],[-77.1032232,38.7097869],[-77.1032295,38.7097618],[-77.1033025,38.7097729],[-77.1032717,38.7098965],[-77.1032121,38.7098873],[-77.103211,38.7098915],[-77.1031617,38.7098839],[-77.1031632,38.7098777],[-77.1030968,38.7098677],[-77.1031208,38.7097712]]]}},{"type":"Feature","id":"way/701491539","properties":{"id":"way/701491539","name":null,"class":"building","building":"yes","ground_elevation_m":9.22,"height_m":7.1,"height_source":"USGS 3DEP lidar VA_NorthernVA_1_B22","height_confidence":"high","height_surveyed":true,"roof_form":"pitched","roof_spread_m":1.21,"source":"openstreetmap","source_date":"2026-09-11","confidence":"medium","surveyed":false},"geometry":{"type":"Polygon","coordinates":[[[-77.1035955,38.705109],[-77.1036888,38.7051444],[-77.1036178,38.7052591],[-77.1035246,38.7052236],[-77.1035955,38.705109]]]}},{"type":"Feature","id":"way/701491540","properties":{"id":"way/701491540","name":null,"class":"building","building":"yes","ground_elevation_m":9.45,"height_m":8.4,"height_source":"USGS 3DEP lidar VA_NorthernVA_1_B22","height_confidence":"high","height_surveyed":true,"roof_form":"pitched","roof_spread_m":2.37,"source":"openstreetmap","source_date":"2026-09-11","confidence":"medium","surveyed":false},"geometry":{"type":"Polygon","coordinates":[[[-77.1042966,38.7051117],[-77.1043089,38.7051164],[-77.1043437,38.7050607],[-77.1044348,38.7050956],[-77.1043498,38.7052321],[-77.1042462,38.7051925],[-77.1042966,38.7051117]]]}},{"type":"Feature","id":"way/701491541","properties":{"id":"way/701491541","name":null,"class":"building","building":"yes","ground_elevation_m":25.39,"height_m":7.4,"height_source":"USGS 3DEP lidar VA_NorthernVA_1_B22","height_confidence":"high","height_surveyed":true,"roof_form":"pitched","roof_spread_m":2.07,"source":"openstreetmap","source_date":"2026-09-11","confidence":"medium","surveyed":false},"geometry":{"type":"Polygon","coordinates":[[[-77.101608,38.705167],[-77.1016918,38.7050293],[-77.1017853,38.7050642],[-77.1017176,38.7051755],[-77.1016955,38.7051672],[-77.1016794,38.7051936],[-77.101608,38.705167]]]}},{"type":"Feature","id":"way/701491543","properties":{"id":"way/701491543","name":null,"class":"building","building":"yes","ground_elevation_m":18.82,"height_m":7.1,"height_source":"USGS 3DEP lidar VA_NorthernVA_1_B22","height_confidence":"high","height_surveyed":true,"roof_form":"pitched","roof_spread_m":1.79,"source":"openstreetmap","source_date":"2026-09-11","confidence":"medium","surveyed":false},"geometry":{"type":"Polygon","coordinates":[[[-77.1023052,38.7050563],[-77.1023896,38.7049172],[-77.1024846,38.7049531],[-77.1023993,38.7050917],[-77.1023052,38.7050563]]]}},{"type":"Feature","id":"way/701491544","properties":{"id":"way/701491544","name":null,"class":"building","building":"yes","ground_elevation_m":23.9,"height_m":5.8,"height_source":"USGS 3DEP lidar VA_NorthernVA_1_B22","height_confidence":"high","height_surveyed":true,"roof_form":"pitched","roof_spread_m":2.13,"source":"openstreetmap","source_date":"2026-09-11","confidence":"medium","surveyed":false},"geometry":{"type":"Polygon","coordinates":[[[-77.1018103,38.7048755],[-77.1018646,38.7047899],[-77.1018465,38.7047828],[-77.1018856,38.7047212],[-77.1020211,38.7047741],[-77.1019803,38.7048382],[-77.1019673,38.7048331],[-77.1019145,38.7049161],[-77.1018103,38.7048755]]]}},{"type":"Feature","id":"way/701491545","properties":{"id":"way/701491545","name":null,"class":"building","building":"yes","ground_elevation_m":26.34,"height_m":7.0,"height_source":"USGS 3DEP lidar VA_NorthernVA_1_B22","height_confidence":"high","height_surveyed":true,"roof_form":"pitched","roof_spread_m":3.07,"source":"openstreetmap","source_date":"2026-09-11","confidence":"medium","surveyed":false},"geometry":{"type":"Polygon","coordinates":[[[-77.1007935,38.7048312],[-77.1007597,38.7048184],[-77.1007956,38.7047601],[-77.1009715,38.7048265],[-77.1009251,38.7049019],[-77.1007853,38.7048491],[-77.1007935,38.7048312]]]}},{"type":"Feature","id":"way/701491549","properties":{"id":"way/701491549","name":null,"class":"building","building":"yes","ground_elevation_m":22.51,"height_m":7.4,"height_source":"USGS 3DEP lidar VA_NorthernVA_1_B22","height_confidence":"high","height_surveyed":true,"roof_form":"pitched","roof_spread_m":1.59,"source":"openstreetmap","source_date":"2026-09-11","confidence":"medium","surveyed":false},"geometry":{"type":"Polygon","coordinates":[[[-77.1016286,38.7040141],[-77.1017323,38.7040551],[-77.101684,38.7041299],[-77.1016724,38.7041253],[-77.1016302,38.7041907],[-77.1015382,38.7041543],[-77.1016286,38.7040141]]]}},{"type":"Feature","id":"way/701491551","properties":{"id":"way/701491551","name":null,"class":"building","building":"yes","ground_elevation_m":11.42,"height_m":8.3,"height_source":"USGS 3DEP lidar VA_NorthernVA_1_B22","height_confidence":"high","height_surveyed":true,"roof_form":"pitched","roof_spread_m":4.29,"source":"openstreetmap","source_date":"2026-09-11","confidence":"medium","surveyed":false},"geometry":{"type":"Polygon","coordinates":[[[-77.1039065,38.7032522],[-77.1039936,38.703202],[-77.1040273,38.703238],[-77.1040673,38.7032149],[-77.1041042,38.7032543],[-77.1041278,38.7032407],[-77.10416,38.7032749],[-77.1041429,38.7032848],[-77.1041843,38.7033289],[-77.1041326,38.7033587],[-77.1041174,38.7033426],[-77.1040271,38.7033946],[-77.1039438,38.7033059],[-77.1039523,38.703301],[-77.1039065,38.7032522]]]}},{"type":"Feature","id":"way/701491552","properties":{"id":"way/701491552","name":null,"class":"building","building":"yes","ground_elevation_m":9.57,"height_m":7.6,"height_source":"USGS 3DEP lidar VA_NorthernVA_1_B22","height_confidence":"high","height_surveyed":true,"roof_form":"pitched","roof_spread_m":4.15,"source":"openstreetmap","source_date":"2026-09-11","confidence":"medium","surveyed":false},"geometry":{"type":"Polygon","coordinates":[[[-77.1047756,38.7034013],[-77.1046688,38.7033602],[-77.1047082,38.7032975],[-77.1046968,38.7032932],[-77.1047431,38.7032195],[-77.1048408,38.7032571],[-77.1048111,38.7033044],[-77.1048339,38.7033132],[-77.1047756,38.7034013]]]}},{"type":"Feature","id":"way/701491555","properties":{"id":"way/701491555","name":null,"class":"outbuilding","building":"shed","ground_elevation_m":21.36,"height_m":6.3,"height_source":"USGS 3DEP lidar VA_NorthernVA_1_B22","height_confidence":"low","height_surveyed":false,"roof_form":"flat","roof_spread_m":0.57,"source":"openstreetmap","source_date":"2026-09-11","confidence":"medium","surveyed":false},"geometry":{"type":"Polygon","coordinates":[[[-77.1023885,38.7072263],[-77.1024299,38.7072508],[-77.1024011,38.7072807],[-77.102358,38.7072551],[-77.1023885,38.7072263]]]}},{"type":"Feature","id":"way/701491559","properties":{"id":"way/701491559","name":null,"class":"building","building":"yes","ground_elevation_m":23.78,"height_m":6.0,"height_source":"USGS 3DEP lidar VA_NorthernVA_1_B22","height_confidence":"high","height_surveyed":true,"roof_form":"pitched","roof_spread_m":2.41,"source":"openstreetmap","source_date":"2026-09-11","confidence":"medium","surveyed":false},"geometry":{"type":"Polygon","coordinates":[[[-77.1007058,38.7033058],[-77.1007419,38.7032468],[-77.1007165,38.7032373],[-77.1007705,38.7031489],[-77.1007807,38.7031528],[-77.1008201,38.7030883],[-77.1009424,38.7031341],[-77.1008976,38.7032076],[-77.100863,38.7031947],[-77.1008164,38.7032709],[-77.1008341,38.7032775],[-77.1007962,38.7033396],[-77.1007058,38.7033058]]]}},{"type":"Feature","id":"way/701491561","properties":{"id":"way/701491561","name":null,"class":"building","building":"yes","ground_elevation_m":12.08,"height_m":9.9,"height_source":"USGS 3DEP lidar VA_NorthernVA_1_B22","height_confidence":"high","height_surveyed":true,"roof_form":"pitched","roof_spread_m":3.05,"source":"openstreetmap","source_date":"2026-09-11","confidence":"medium","surveyed":false},"geometry":{"type":"Polygon","coordinates":[[[-77.1023914,38.7018159],[-77.1025018,38.7018636],[-77.1024689,38.7019103],[-77.1024957,38.7019219],[-77.1024995,38.7019358],[-77.1024806,38.7019602],[-77.1024659,38.7019653],[-77.1024362,38.7019524],[-77.102424,38.7019697],[-77.1024053,38.7019616],[-77.1023913,38.7019815],[-77.1024131,38.7019909],[-77.1023686,38.702054],[-77.1022575,38.7020059],[-77.1023914,38.7018159]]]}},{"type":"Feature","id":"way/701491562","properties":{"id":"way/701491562","name":null,"class":"building","building":"yes","ground_elevation_m":23.87,"height_m":10.7,"height_source":"USGS 3DEP lidar VA_NorthernVA_1_B22","height_confidence":"high","height_surveyed":true,"roof_form":"pitched","roof_spread_m":3.34,"source":"openstreetmap","source_date":"2026-09-11","confidence":"medium","surveyed":false},"geometry":{"type":"Polygon","coordinates":[[[-77.1010868,38.7019516],[-77.101084,38.7019562],[-77.1009624,38.7019077],[-77.1009734,38.7018914],[-77.1009501,38.7018818],[-77.1010112,38.7017824],[-77.1011589,38.7018377],[-77.1011511,38.7018505],[-77.1012004,38.7018687],[-77.1011389,38.7019709],[-77.1010868,38.7019516]]]}},{"type":"Feature","id":"way/701491563","properties":{"id":"way/701491563","name":null,"class":"building","building":"yes","ground_elevation_m":11.25,"height_m":8.3,"height_source":"USGS 3DEP lidar VA_NorthernVA_1_B22","height_confidence":"high","height_surveyed":true,"roof_form":"pitched","roof_spread_m":3.67,"source":"openstreetmap","source_date":"2026-09-11","confidence":"medium","surveyed":false},"geometry":{"type":"Polygon","coordinates":[[[-77.103199,38.7047533],[-77.1031928,38.704751],[-77.1032592,38.7046451],[-77.1033492,38.7046797],[-77.1033268,38.7047154],[-77.1033716,38.7047327],[-77.10333,38.7047989],[-77.1032783,38.704779],[-77.1032563,38.7048142],[-77.1031794,38.7047846],[-77.103199,38.7047533]]]}},{"type":"Feature","id":"way/701491564","properties":{"id":"way/701491564","name":null,"class":"building","building":"yes","ground_elevation_m":22.5,"height_m":7.8,"height_source":"USGS 3DEP lidar VA_NorthernVA_1_B22","height_confidence":"high","height_surveyed":true,"roof_form":"pitched","roof_spread_m":2.72,"source":"openstreetmap","source_date":"2026-09-11","confidence":"medium","surveyed":false},"geometry":{"type":"Polygon","coordinates":[[[-77.1016853,38.7039144],[-77.1017755,38.7037751],[-77.1018693,38.7038124],[-77.1017791,38.7039516],[-77.1016853,38.7039144]]]}},{"type":"Feature","id":"way/701491566","properties":{"id":"way/701491566","name":null,"class":"building","building":"yes","ground_elevation_m":9.91,"height_m":7.4,"height_source":"USGS 3DEP lidar VA_NorthernVA_1_B22","height_confidence":"high","height_surveyed":true,"roof_form":"pitched","roof_spread_m":4.04,"source":"openstreetmap","source_date":"2026-09-11","confidence":"medium","surveyed":false},"geometry":{"type":"Polygon","coordinates":[[[-77.103926,38.7039054],[-77.1039212,38.7039124],[-77.1037571,38.7038402],[-77.1037994,38.7037789],[-77.1038654,38.7038068],[-77.1038727,38.7037962],[-77.1039654,38.7038324],[-77.1039782,38.7038104],[-77.104072,38.7038464],[-77.1040566,38.7038739],[-77.1040526,38.7038723],[-77.1040063,38.7039394],[-77.103926,38.7039054]]]}},{"type":"Feature","id":"way/701491567","properties":{"id":"way/701491567","name":null,"class":"building","building":"yes","ground_elevation_m":26.41,"height_m":7.3,"height_source":"USGS 3DEP lidar VA_NorthernVA_1_B22","height_confidence":"high","height_surveyed":true,"roof_form":"pitched","roof_spread_m":3.39,"source":"openstreetmap","source_date":"2026-09-11","confidence":"medium","surveyed":false},"geometry":{"type":"Polygon","coordinates":[[[-77.1004132,38.7037983],[-77.1004611,38.7037238],[-77.100555,38.7037609],[-77.1004834,38.7038721],[-77.1004617,38.7038635],[-77.1004441,38.7038908],[-77.1003517,38.7038542],[-77.1003691,38.7038272],[-77.1003491,38.7038192],[-77.1003729,38.7037824],[-77.1004132,38.7037983]]]}},{"type":"Feature","id":"way/701491569","properties":{"id":"way/701491569","name":null,"class":"building","building":"yes","ground_elevation_m":23.95,"height_m":7.6,"height_source":"USGS 3DEP lidar VA_NorthernVA_1_B22","height_confidence":"high","height_surveyed":true,"roof_form":"pitched","roof_spread_m":1.61,"source":"openstreetmap","source_date":"2026-09-11","confidence":"medium","surveyed":false},"geometry":{"type":"Polygon","coordinates":[[[-77.1011035,38.7038333],[-77.1011889,38.7036939],[-77.1012828,38.7037313],[-77.1012547,38.7037746],[-77.1012772,38.7037837],[-77.1012802,38.7038003],[-77.1012734,38.7038126],[-77.1012522,38.7038192],[-77.1012313,38.7038121],[-77.1011967,38.7038692],[-77.1011035,38.7038333]]]}},{"type":"Feature","id":"way/701491570","properties":{"id":"way/701491570","name":null,"class":"building","building":"yes","ground_elevation_m":9.69,"height_m":7.6,"height_source":"USGS 3DEP lidar VA_NorthernVA_1_B22","height_confidence":"high","height_surveyed":true,"roof_form":"pitched","roof_spread_m":4.16,"source":"openstreetmap","source_date":"2026-09-11","confidence":"medium","surveyed":false},"geometry":{"type":"Polygon","coordinates":[[[-77.1044942,38.7034169],[-77.1046144,38.7034629],[-77.1046034,38.7034806],[-77.1047061,38.7035198],[-77.1046189,38.7036599],[-77.1044967,38.7036132],[-77.1045437,38.7035376],[-77.1045566,38.7035425],[-77.1045834,38.7034995],[-77.1045632,38.7034918],[-77.1045602,38.7034966],[-77.1045475,38.7034917],[-77.10455,38.7034877],[-77.1045025,38.7034734],[-77.1045052,38.703469],[-77.1044701,38.7034556],[-77.1044942,38.7034169]]]}},{"type":"Feature","id":"way/701491571","properties":{"id":"way/701491571","name":null,"class":"building","building":"yes","ground_elevation_m":9.33,"height_m":8.2,"height_source":"USGS 3DEP lidar VA_NorthernVA_1_B22","height_confidence":"high","height_surveyed":true,"roof_form":"pitched","roof_spread_m":2.77,"source":"openstreetmap","source_date":"2026-09-11","confidence":"medium","surveyed":false},"geometry":{"type":"Polygon","coordinates":[[[-77.1041733,38.704012],[-77.1042259,38.7039256],[-77.104404,38.7039922],[-77.1043575,38.7040686],[-77.1042753,38.7040378],[-77.1042692,38.7040478],[-77.1041733,38.704012]]]}},{"type":"Feature","id":"way/701491574","properties":{"id":"way/701491574","name":null,"class":"building","building":"yes","ground_elevation_m":11.82,"height_m":6.4,"height_source":"USGS 3DEP lidar VA_NorthernVA_1_B22","height_confidence":"high","height_surveyed":true,"roof_form":"pitched","roof_spread_m":2.51,"source":"openstreetmap","source_date":"2026-09-11","confidence":"medium","surveyed":false},"geometry":{"type":"Polygon","coordinates":[[[-77.1045572,38.707352],[-77.1046443,38.7073821],[-77.104626,38.7074147],[-77.104609,38.7074088],[-77.1046003,38.7074242],[-77.1046888,38.7074547],[-77.1046399,38.7075418],[-77.1045748,38.7075194],[-77.1045724,38.7075237],[-77.1045303,38.7075092],[-77.1045327,38.7075048],[-77.1044813,38.707487],[-77.1045572,38.707352]]]}},{"type":"Feature","id":"way/701491575","properties":{"id":"way/701491575","name":null,"class":"building","building":"yes","ground_elevation_m":16.29,"height_m":6.9,"height_source":"USGS 3DEP lidar VA_NorthernVA_1_B22","height_confidence":"high","height_surveyed":true,"roof_form":"pitched","roof_spread_m":1.63,"source":"openstreetmap","source_date":"2026-09-11","confidence":"medium","surveyed":false},"geometry":{"type":"Polygon","coordinates":[[[-77.1037226,38.7070214],[-77.1036827,38.7071222],[-77.103498,38.7070773],[-77.1035379,38.7069766],[-77.1037226,38.7070214]]]}},{"type":"Feature","id":"way/701491577","properties":{"id":"way/701491577","name":null,"class":"building","building":"yes","ground_elevation_m":26.64,"height_m":6.9,"height_source":"USGS 3DEP lidar VA_NorthernVA_1_B22","height_confidence":"high","height_surveyed":true,"roof_form":"pitched","roof_spread_m":1.96,"source":"openstreetmap","source_date":"2026-09-11","confidence":"medium","surveyed":false},"geometry":{"type":"Polygon","coordinates":[[[-77.1006248,38.704615],[-77.1007166,38.7046513],[-77.1006012,38.7048308],[-77.1005093,38.7047945],[-77.1006248,38.704615]]]}},{"type":"Feature","id":"way/701491578","properties":{"id":"way/701491578","name":null,"class":"building","building":"yes","ground_elevation_m":16.51,"height_m":4.9,"height_source":"USGS 3DEP lidar VA_NorthernVA_1_B22","height_confidence":"high","height_surveyed":true,"roof_form":"pitched","roof_spread_m":1.78,"source":"openstreetmap","source_date":"2026-09-11","confidence":"medium","surveyed":false},"geometry":{"type":"Polygon","coordinates":[[[-77.1025269,38.7048488],[-77.1024204,38.7048084],[-77.1024747,38.7047207],[-77.1024662,38.7047174],[-77.1025042,38.7046561],[-77.1026317,38.7047045],[-77.1025927,38.7047676],[-77.1025801,38.7047628],[-77.1025269,38.7048488]]]}},{"type":"Feature","id":"way/701491580","properties":{"id":"way/701491580","name":null,"class":"building","building":"yes","ground_elevation_m":19.9,"height_m":5.6,"height_source":"USGS 3DEP lidar VA_NorthernVA_1_B22","height_confidence":"high","height_surveyed":true,"roof_form":"pitched","roof_spread_m":2.11,"source":"openstreetmap","source_date":"2026-09-11","confidence":"medium","surveyed":false},"geometry":{"type":"Polygon","coordinates":[[[-77.1008823,38.7061544],[-77.1008879,38.7061473],[-77.1008496,38.7061283],[-77.1009085,38.706055],[-77.1011006,38.7061498],[-77.101036,38.7062302],[-77.1008823,38.7061544]]]}},{"type":"Feature","id":"way/701491581","properties":{"id":"way/701491581","name":null,"class":"building","building":"yes","ground_elevation_m":10.07,"height_m":8.3,"height_source":"USGS 3DEP lidar VA_NorthernVA_1_B22","height_confidence":"high","height_surveyed":true,"roof_form":"pitched","roof_spread_m":3.8,"source":"openstreetmap","source_date":"2026-09-11","confidence":"medium","surveyed":false},"geometry":{"type":"Polygon","coordinates":[[[-77.1037418,38.7048391],[-77.1036537,38.704806],[-77.1036801,38.704763],[-77.1038128,38.7048131],[-77.103789,38.7048519],[-77.1038507,38.7048751],[-77.1037642,38.7050159],[-77.1036578,38.7049759],[-77.1037418,38.7048391]]]}},{"type":"Feature","id":"way/701491582","properties":{"id":"way/701491582","name":null,"class":"building","building":"yes","ground_elevation_m":9.04,"height_m":7.3,"height_source":"USGS 3DEP lidar VA_NorthernVA_1_B22","height_confidence":"high","height_surveyed":true,"roof_form":"pitched","roof_spread_m":3.92,"source":"openstreetmap","source_date":"2026-09-11","confidence":"medium","surveyed":false},"geometry":{"type":"Polygon","coordinates":[[[-77.1047783,38.7055211],[-77.104719,38.7056185],[-77.1047067,38.7056139],[-77.1046749,38.7056662],[-77.1045812,38.7056311],[-77.1046723,38.7054814],[-77.1047783,38.7055211]]]}},{"type":"Feature","id":"way/701491584","properties":{"id":"way/701491584","name":null,"class":"building","building":"yes","ground_elevation_m":26.5,"height_m":5.7,"height_source":"USGS 3DEP lidar VA_NorthernVA_1_B22","height_confidence":"high","height_surveyed":true,"roof_form":"pitched","roof_spread_m":1.97,"source":"openstreetmap","source_date":"2026-09-11","confidence":"medium","surveyed":false},"geometry":{"type":"Polygon","coordinates":[[[-77.1012277,38.7055018],[-77.1011767,38.7055861],[-77.101066,38.705545],[-77.1010594,38.7055559],[-77.1009799,38.7055264],[-77.1010429,38.705422],[-77.1011197,38.7054505],[-77.1011141,38.7054597],[-77.1012277,38.7055018]]]}},{"type":"Feature","id":"way/701491586","properties":{"id":"way/701491586","name":null,"class":"building","building":"yes","ground_elevation_m":17.55,"height_m":9.5,"height_source":"USGS 3DEP lidar VA_NorthernVA_1_B22","height_confidence":"high","height_surveyed":true,"roof_form":"pitched","roof_spread_m":3.69,"source":"openstreetmap","source_date":"2026-09-11","confidence":"medium","surveyed":false},"geometry":{"type":"Polygon","coordinates":[[[-77.1026795,38.7055762],[-77.1027189,38.7055039],[-77.1027005,38.7054953],[-77.1027157,38.705474],[-77.1027327,38.7054816],[-77.1027594,38.7054385],[-77.1027981,38.7054533],[-77.1028167,38.7054234],[-77.1028661,38.7054422],[-77.1028486,38.7054703],[-77.1028576,38.7054738],[-77.1027904,38.705582],[-77.102769,38.7055739],[-77.1027507,38.7056033],[-77.1026795,38.7055762]]]}},{"type":"Feature","id":"way/701491587","properties":{"id":"way/701491587","name":null,"class":"building","building":"yes","ground_elevation_m":17.87,"height_m":5.0,"height_source":"USGS 3DEP lidar VA_NorthernVA_1_B22","height_confidence":"high","height_surveyed":true,"roof_form":"pitched","roof_spread_m":2.12,"source":"openstreetmap","source_date":"2026-09-11","confidence":"medium","surveyed":false},"geometry":{"type":"Polygon","coordinates":[[[-77.1014572,38.7068696],[-77.1014429,38.706833],[-77.1015328,38.7068115],[-77.101577,38.7069249],[-77.101494,38.7069448],[-77.1015007,38.7069604],[-77.1014477,38.706974],[-77.1014431,38.7069632],[-77.1013128,38.7069966],[-77.1012815,38.7069114],[-77.1014572,38.7068696]]]}},{"type":"Feature","id":"way/701491588","properties":{"id":"way/701491588","name":null,"class":"building","building":"yes","ground_elevation_m":10.69,"height_m":7.1,"height_source":"USGS 3DEP lidar VA_NorthernVA_1_B22","height_confidence":"high","height_surveyed":true,"roof_form":"pitched","roof_spread_m":4.02,"source":"openstreetmap","source_date":"2026-09-11","confidence":"medium","surveyed":false},"geometry":{"type":"Polygon","coordinates":[[[-77.1048473,38.706965],[-77.1048916,38.7068969],[-77.1049314,38.7069128],[-77.1049435,38.7068942],[-77.1050713,38.7069453],[-77.1050132,38.7070346],[-77.1049021,38.7069902],[-77.1049038,38.7069876],[-77.1048473,38.706965]]]}},{"type":"Feature","id":"way/701491589","properties":{"id":"way/701491589","name":null,"class":"building","building":"yes","ground_elevation_m":11.12,"height_m":6.2,"height_source":"USGS 3DEP lidar VA_NorthernVA_1_B22","height_confidence":"high","height_surveyed":true,"roof_form":"pitched","roof_spread_m":1.87,"source":"openstreetmap","source_date":"2026-09-11","confidence":"medium","surveyed":false},"geometry":{"type":"Polygon","coordinates":[[[-77.1046413,38.7068904],[-77.1045347,38.7068495],[-77.104587,38.706766],[-77.1047539,38.7068302],[-77.1047019,38.7069133],[-77.104695,38.7069107],[-77.1046781,38.7069376],[-77.1046246,38.706917],[-77.1046413,38.7068904]]]}},{"type":"Feature","id":"way/701491591","properties":{"id":"way/701491591","name":null,"class":"building","building":"yes","ground_elevation_m":15.94,"height_m":6.4,"height_source":"USGS 3DEP lidar VA_NorthernVA_1_B22","height_confidence":"high","height_surveyed":true,"roof_form":"pitched","roof_spread_m":1.55,"source":"openstreetmap","source_date":"2026-09-11","confidence":"medium","surveyed":false},"geometry":{"type":"Polygon","coordinates":[[[-77.101966,38.7068889],[-77.1018834,38.7068026],[-77.1020397,38.7067107],[-77.1021224,38.7067971],[-77.101966,38.7068889]]]}},{"type":"Feature","id":"way/701491592","properties":{"id":"way/701491592","name":null,"class":"building","building":"yes","ground_elevation_m":11.23,"height_m":4.9,"height_source":"USGS 3DEP lidar VA_NorthernVA_1_B22","height_confidence":"high","height_surveyed":true,"roof_form":"pitched","roof_spread_m":1.82,"source":"openstreetmap","source_date":"2026-09-11","confidence":"medium","surveyed":false},"geometry":{"type":"Polygon","coordinates":[[[-77.1023781,38.7027246],[-77.1023327,38.7027081],[-77.1024042,38.7025875],[-77.1025355,38.7026354],[-77.1024711,38.7027438],[-77.102543,38.70277],[-77.1025041,38.7028357],[-77.1023463,38.7027782],[-77.1023781,38.7027246]]]}},{"type":"Feature","id":"way/701491593","properties":{"id":"way/701491593","name":null,"class":"building","building":"yes","ground_elevation_m":10.96,"height_m":8.0,"height_source":"USGS 3DEP lidar VA_NorthernVA_1_B22","height_confidence":"high","height_surveyed":true,"roof_form":"pitched","roof_spread_m":3.98,"source":"openstreetmap","source_date":"2026-09-11","confidence":"medium","surveyed":false},"geometry":{"type":"Polygon","coordinates":[[[-77.1038977,38.7028009],[-77.1038928,38.7028035],[-77.1038659,38.7027724],[-77.1038503,38.7027807],[-77.1038256,38.7027522],[-77.1037966,38.7027677],[-77.1037619,38.7027278],[-77.103905,38.7026516],[-77.1039892,38.7027487],[-77.1039853,38.7027507],[-77.1040258,38.7027974],[-77.1039361,38.7028452],[-77.1038977,38.7028009]]]}},{"type":"Feature","id":"way/701491594","properties":{"id":"way/701491594","name":null,"class":"building","building":"yes","ground_elevation_m":9.58,"height_m":7.8,"height_source":"USGS 3DEP lidar VA_NorthernVA_1_B22","height_confidence":"high","height_surveyed":true,"roof_form":"pitched","roof_spread_m":4.11,"source":"openstreetmap","source_date":"2026-09-11","confidence":"medium","surveyed":false},"geometry":{"type":"Polygon","coordinates":[[[-77.1050106,38.7027588],[-77.1050236,38.7027543],[-77.1049969,38.7026886],[-77.1051143,38.7026592],[-77.1051522,38.7027525],[-77.1051261,38.702759],[-77.1051477,38.7028119],[-77.1050429,38.7028381],[-77.1050106,38.7027588]]]}},{"type":"Feature","id":"way/701491595","properties":{"id":"way/701491595","name":null,"class":"building","building":"yes","ground_elevation_m":13.19,"height_m":7.3,"height_source":"USGS 3DEP lidar VA_NorthernVA_1_B22","height_confidence":"high","height_surveyed":true,"roof_form":"pitched","roof_spread_m":3.63,"source":"openstreetmap","source_date":"2026-09-11","confidence":"medium","surveyed":false},"geometry":{"type":"Polygon","coordinates":[[[-77.1029416,38.7042144],[-77.1028545,38.7043569],[-77.1027574,38.7043205],[-77.1027772,38.7042881],[-77.102742,38.7042749],[-77.1027795,38.7042135],[-77.1028161,38.7042272],[-77.1028459,38.7041785],[-77.1029416,38.7042144]]]}},{"type":"Feature","id":"way/701491597","properties":{"id":"way/701491597","name":null,"class":"building","building":"yes","ground_elevation_m":9.24,"height_m":8.4,"height_source":"USGS 3DEP lidar VA_NorthernVA_1_B22","height_confidence":"high","height_surveyed":true,"roof_form":"pitched","roof_spread_m":2.69,"source":"openstreetmap","source_date":"2026-09-11","confidence":"medium","surveyed":false},"geometry":{"type":"Polygon","coordinates":[[[-77.1049099,38.7042917],[-77.1049166,38.7042815],[-77.1048352,38.7042484],[-77.1048846,38.7041737],[-77.1050575,38.7042438],[-77.1050014,38.7043288],[-77.1049099,38.7042917]]]}},{"type":"Feature","id":"way/701491599","properties":{"id":"way/701491599","name":null,"class":"building","building":"yes","ground_elevation_m":19.92,"height_m":9.9,"height_source":"USGS 3DEP lidar VA_NorthernVA_1_B22","height_confidence":"high","height_surveyed":true,"roof_form":"pitched","roof_spread_m":3.35,"source":"openstreetmap","source_date":"2026-09-11","confidence":"medium","surveyed":false},"geometry":{"type":"Polygon","coordinates":[[[-77.1011353,38.702464],[-77.1012062,38.7023489],[-77.1012421,38.7023625],[-77.1012622,38.7023298],[-77.1013816,38.702375],[-77.1013712,38.702392],[-77.101379,38.702395],[-77.1013476,38.7024459],[-77.1013414,38.7024436],[-77.1013269,38.7024672],[-77.1013763,38.7024859],[-77.1013417,38.7025421],[-77.1011353,38.702464]]]}},{"type":"Feature","id":"way/701491600","properties":{"id":"way/701491600","name":null,"class":"building","building":"yes","ground_elevation_m":10.67,"height_m":8.4,"height_source":"USGS 3DEP lidar VA_NorthernVA_1_B22","height_confidence":"high","height_surveyed":true,"roof_form":"pitched","roof_spread_m":3.31,"source":"openstreetmap","source_date":"2026-09-11","confidence":"medium","surveyed":false},"geometry":{"type":"Polygon","coordinates":[[[-77.1037859,38.7025502],[-77.1037963,38.7025155],[-77.1037791,38.7025123],[-77.1037908,38.7024733],[-77.103811,38.7024771],[-77.1038385,38.702386],[-77.1039441,38.7024056],[-77.1039267,38.7024635],[-77.1039367,38.7024653],[-77.1039045,38.7025721],[-77.1037859,38.7025502]]]}},{"type":"Feature","id":"way/701491601","properties":{"id":"way/701491601","name":null,"class":"building","building":"yes","ground_elevation_m":21.94,"height_m":7.7,"height_source":"USGS 3DEP lidar VA_NorthernVA_1_B22","height_confidence":"high","height_surveyed":true,"roof_form":"pitched","roof_spread_m":3.48,"source":"openstreetmap","source_date":"2026-09-11","confidence":"medium","surveyed":false},"geometry":{"type":"Polygon","coordinates":[[[-77.1007919,38.7023066],[-77.1009095,38.7021128],[-77.1010275,38.7021573],[-77.1009826,38.7022347],[-77.1010082,38.7022438],[-77.1009763,38.7022991],[-77.1009435,38.7022875],[-77.1008999,38.7023484],[-77.1007919,38.7023066]]]}},{"type":"Feature","id":"way/701491604","properties":{"id":"way/701491604","name":null,"class":"building","building":"yes","ground_elevation_m":22.71,"height_m":7.4,"height_source":"USGS 3DEP lidar VA_NorthernVA_1_B22","height_confidence":"high","height_surveyed":true,"roof_form":"pitched","roof_spread_m":1.76,"source":"openstreetmap","source_date":"2026-09-11","confidence":"medium","surveyed":false},"geometry":{"type":"Polygon","coordinates":[[[-77.102128,38.7053559],[-77.1021465,38.7053263],[-77.1021347,38.7053218],[-77.1022011,38.7052153],[-77.1022967,38.7052519],[-77.1022289,38.7053607],[-77.1022065,38.7053521],[-77.1021895,38.7053794],[-77.102128,38.7053559]]]}},{"type":"Feature","id":"way/701491605","properties":{"id":"way/701491605","name":null,"class":"building","building":"yes","ground_elevation_m":26.14,"height_m":5.3,"height_source":"USGS 3DEP lidar VA_NorthernVA_1_B22","height_confidence":"high","height_surveyed":true,"roof_form":"pitched","roof_spread_m":1.81,"source":"openstreetmap","source_date":"2026-09-11","confidence":"medium","surveyed":false},"geometry":{"type":"Polygon","coordinates":[[[-77.1004665,38.7053234],[-77.1004002,38.7052959],[-77.1003901,38.7053108],[-77.1003458,38.7052924],[-77.100353,38.7052818],[-77.1003189,38.7052676],[-77.1003146,38.7052739],[-77.1002615,38.7052519],[-77.1003292,38.7051517],[-77.1003824,38.7051737],[-77.1003922,38.7051592],[-77.1005369,38.7052193],[-77.1004665,38.7053234]]]}},{"type":"Feature","id":"way/701491608","properties":{"id":"way/701491608","name":null,"class":"building","building":"yes","ground_elevation_m":9.9,"height_m":6.9,"height_source":"USGS 3DEP lidar VA_NorthernVA_1_B22","height_confidence":"high","height_surveyed":true,"roof_form":"pitched","roof_spread_m":3.46,"source":"openstreetmap","source_date":"2026-09-11","confidence":"medium","surveyed":false},"geometry":{"type":"Polygon","coordinates":[[[-77.1037721,38.7043169],[-77.1037296,38.7043825],[-77.1036637,38.7043564],[-77.1036601,38.7043621],[-77.1034791,38.7042902],[-77.103523,38.7042222],[-77.1037721,38.7043169]]]}},{"type":"Feature","id":"way/701491609","properties":{"id":"way/701491609","name":null,"class":"building","building":"yes","ground_elevation_m":24.62,"height_m":5.5,"height_source":"USGS 3DEP lidar VA_NorthernVA_1_B22","height_confidence":"high","height_surveyed":true,"roof_form":"pitched","roof_spread_m":2.24,"source":"openstreetmap","source_date":"2026-09-11","confidence":"medium","surveyed":false},"geometry":{"type":"Polygon","coordinates":[[[-77.1006064,38.7036498],[-77.100495,38.703607],[-77.1005483,38.7035218],[-77.1005346,38.7035165],[-77.1005734,38.7034545],[-77.1007128,38.703508],[-77.1006755,38.7035678],[-77.100661,38.7035623],[-77.1006064,38.7036498]]]}},{"type":"Feature","id":"way/701491614","properties":{"id":"way/701491614","name":null,"class":"building","building":"yes","ground_elevation_m":10.98,"height_m":8.1,"height_source":"USGS 3DEP lidar VA_NorthernVA_1_B22","height_confidence":"high","height_surveyed":true,"roof_form":"pitched","roof_spread_m":2.81,"source":"openstreetmap","source_date":"2026-09-11","confidence":"medium","surveyed":false},"geometry":{"type":"Polygon","coordinates":[[[-77.1034391,38.7053278],[-77.1035392,38.7053663],[-77.1034969,38.7054337],[-77.1035044,38.7054366],[-77.1034596,38.7055081],[-77.1033521,38.7054667],[-77.1034391,38.7053278]]]}},{"type":"Feature","id":"way/701491615","properties":{"id":"way/701491615","name":null,"class":"building","building":"yes","ground_elevation_m":23.96,"height_m":5.6,"height_source":"USGS 3DEP lidar VA_NorthernVA_1_B22","height_confidence":"high","height_surveyed":true,"roof_form":"pitched","roof_spread_m":1.65,"source":"openstreetmap","source_date":"2026-09-11","confidence":"medium","surveyed":false},"geometry":{"type":"Polygon","coordinates":[[[-77.1022459,38.7081987],[-77.1023302,38.7081138],[-77.1024856,38.7082073],[-77.102402,38.7082926],[-77.1022459,38.7081987]]]}},{"type":"Feature","id":"way/701491616","properties":{"id":"way/701491616","name":null,"class":"building","building":"yes","ground_elevation_m":12.54,"height_m":6.0,"height_source":"USGS 3DEP lidar VA_NorthernVA_1_B22","height_confidence":"high","height_surveyed":true,"roof_form":"pitched","roof_spread_m":2.48,"source":"openstreetmap","source_date":"2026-09-11","confidence":"medium","surveyed":false},"geometry":{"type":"Polygon","coordinates":[[[-77.1051392,38.7081856],[-77.1050747,38.7082889],[-77.1049671,38.7082477],[-77.1049623,38.7082555],[-77.1048746,38.7082219],[-77.104944,38.7081108],[-77.1051392,38.7081856]]]}},{"type":"Feature","id":"way/701491617","properties":{"id":"way/701491617","name":null,"class":"building","building":"yes","ground_elevation_m":12.58,"height_m":10.4,"height_source":"USGS 3DEP lidar VA_NorthernVA_1_B22","height_confidence":"high","height_surveyed":true,"roof_form":"pitched","roof_spread_m":3.82,"source":"openstreetmap","source_date":"2026-09-11","confidence":"medium","surveyed":false},"geometry":{"type":"Polygon","coordinates":[[[-77.102148,38.7022536],[-77.1021816,38.7021991],[-77.1021957,38.7022044],[-77.1022118,38.7021784],[-77.1022036,38.7021753],[-77.1022203,38.7021482],[-77.1022065,38.702143],[-77.1022353,38.7020948],[-77.102397,38.7021561],[-77.102308,38.7023004],[-77.1022673,38.702285],[-77.1022604,38.7022962],[-77.102148,38.7022536]]]}},{"type":"Feature","id":"way/701491618","properties":{"id":"way/701491618","name":null,"class":"building","building":"yes","ground_elevation_m":10.85,"height_m":9.5,"height_source":"USGS 3DEP lidar VA_NorthernVA_1_B22","height_confidence":"high","height_surveyed":true,"roof_form":"pitched","roof_spread_m":5.41,"source":"openstreetmap","source_date":"2026-09-11","confidence":"medium","surveyed":false},"geometry":{"type":"Polygon","coordinates":[[[-77.102891,38.7018666],[-77.1029084,38.7018423],[-77.1028739,38.7018286],[-77.1029088,38.7017739],[-77.1029532,38.7017914],[-77.1029728,38.7017746],[-77.1030656,38.7018119],[-77.1030769,38.7017947],[-77.1031363,38.7018185],[-77.1031211,38.7018419],[-77.1031888,38.701869],[-77.1031473,38.7019326],[-77.1030829,38.7019067],[-77.1030638,38.701936],[-77.102891,38.7018666]]]}},{"type":"Feature","id":"way/701491620","properties":{"id":"way/701491620","name":null,"class":"building","building":"yes","ground_elevation_m":11.03,"height_m":12.8,"height_source":"USGS 3DEP lidar VA_NorthernVA_1_B22","height_confidence":"high","height_surveyed":true,"roof_form":"pitched","roof_spread_m":3.24,"source":"openstreetmap","source_date":"2026-09-11","confidence":"medium","surveyed":false},"geometry":{"type":"Polygon","coordinates":[[[-77.1045103,38.700571],[-77.104565,38.7005001],[-77.1046051,38.7005175],[-77.1046142,38.7005046],[-77.104665,38.7005266],[-77.1046726,38.7005159],[-77.1047142,38.7005339],[-77.1047076,38.7005432],[-77.1047578,38.700565],[-77.1046965,38.7006517],[-77.1045103,38.700571]]]}},{"type":"Feature","id":"way/701491621","properties":{"id":"way/701491621","name":null,"class":"building","building":"yes","ground_elevation_m":11.29,"height_m":9.9,"height_source":"USGS 3DEP lidar VA_NorthernVA_1_B22","height_confidence":"high","height_surveyed":true,"roof_form":"pitched","roof_spread_m":2.64,"source":"openstreetmap","source_date":"2026-09-11","confidence":"medium","surveyed":false},"geometry":{"type":"Polygon","coordinates":[[[-77.1025635,38.7016217],[-77.1025666,38.7016436],[-77.1026183,38.701639],[-77.1026164,38.7016255],[-77.1027551,38.7016132],[-77.1027661,38.7016891],[-77.102717,38.7016935],[-77.102721,38.7017209],[-77.102573,38.701734],[-77.1025738,38.7017394],[-77.102507,38.7017454],[-77.10249,38.7016282],[-77.1025635,38.7016217]]]}},{"type":"Feature","id":"way/701491627","properties":{"id":"way/701491627","name":null,"class":"building","building":"yes","ground_elevation_m":10.91,"height_m":7.5,"height_source":"USGS 3DEP lidar VA_NorthernVA_1_B22","height_confidence":"high","height_surveyed":true,"roof_form":"pitched","roof_spread_m":3.77,"source":"openstreetmap","source_date":"2026-09-11","confidence":"medium","surveyed":false},"geometry":{"type":"Polygon","coordinates":[[[-77.1023455,38.7006038],[-77.10235,38.7004901],[-77.1022741,38.7004882],[-77.102276,38.7004412],[-77.1023509,38.700443],[-77.1023522,38.7004085],[-77.102458,38.7004111],[-77.1024571,38.7004331],[-77.1024718,38.7004335],[-77.1024684,38.7005194],[-77.1024516,38.700519],[-77.1024481,38.7006063],[-77.1023455,38.7006038]]]}},{"type":"Feature","id":"way/701491628","properties":{"id":"way/701491628","name":null,"class":"building","building":"yes","ground_elevation_m":12.02,"height_m":8.3,"height_source":"USGS 3DEP lidar VA_NorthernVA_1_B22","height_confidence":"high","height_surveyed":true,"roof_form":"pitched","roof_spread_m":1.69,"source":"openstreetmap","source_date":"2026-09-11","confidence":"medium","surveyed":false},"geometry":{"type":"Polygon","coordinates":[[[-77.1030357,38.7050371],[-77.1030537,38.7050073],[-77.1030488,38.7050055],[-77.1031138,38.7048978],[-77.1032098,38.7049333],[-77.1031455,38.7050401],[-77.1031372,38.705037],[-77.1031186,38.7050677],[-77.1030357,38.7050371]]]}},{"type":"Feature","id":"way/701491631","properties":{"id":"way/701491631","name":null,"class":"building","building":"yes","ground_elevation_m":8.85,"height_m":7.5,"height_source":"USGS 3DEP lidar VA_NorthernVA_1_B22","height_confidence":"high","height_surveyed":true,"roof_form":"flat","roof_spread_m":0.85,"source":"openstreetmap","source_date":"2026-09-11","confidence":"medium","surveyed":false},"geometry":{"type":"Polygon","coordinates":[[[-77.1044703,38.7048347],[-77.1045545,38.7048671],[-77.1044854,38.7049774],[-77.1044011,38.7049449],[-77.1044703,38.7048347]]]}},{"type":"Feature","id":"way/701491632","properties":{"id":"way/701491632","name":null,"class":"building","building":"yes","ground_elevation_m":15.65,"height_m":5.8,"height_source":"USGS 3DEP lidar VA_NorthernVA_1_B22","height_confidence":"high","height_surveyed":true,"roof_form":"pitched","roof_spread_m":1.77,"source":"openstreetmap","source_date":"2026-09-11","confidence":"medium","surveyed":false},"geometry":{"type":"Polygon","coordinates":[[[-77.1021767,38.7064589],[-77.1021496,38.7064651],[-77.1021908,38.7065751],[-77.1020607,38.706605],[-77.1020065,38.7064606],[-77.1021176,38.706435],[-77.1021064,38.706405],[-77.1021525,38.7063943],[-77.1021767,38.7064589]]]}},{"type":"Feature","id":"way/701491634","properties":{"id":"way/701491634","name":null,"class":"outbuilding","building":"shed","ground_elevation_m":10.16,"height_m":3.2,"height_source":"USGS 3DEP lidar VA_NorthernVA_1_B22","height_confidence":"low","height_surveyed":false,"roof_form":"flat","roof_spread_m":0.68,"source":"openstreetmap","source_date":"2026-09-11","confidence":"medium","surveyed":false},"geometry":{"type":"Polygon","coordinates":[[[-77.1032828,38.7006554],[-77.1033567,38.7006579],[-77.1033536,38.7007124],[-77.1032798,38.7007098],[-77.1032828,38.7006554]]]}},{"type":"Feature","id":"way/701491635","properties":{"id":"way/701491635","name":null,"class":"building","building":"yes","ground_elevation_m":20.49,"height_m":8.0,"height_source":"USGS 3DEP lidar VA_NorthernVA_1_B22","height_confidence":"high","height_surveyed":true,"roof_form":"pitched","roof_spread_m":2.53,"source":"openstreetmap","source_date":"2026-09-11","confidence":"medium","surveyed":false},"geometry":{"type":"Polygon","coordinates":[[[-77.1004453,38.7006224],[-77.1004463,38.7005542],[-77.1004791,38.7005545],[-77.1004794,38.7005297],[-77.1004543,38.7005295],[-77.1004553,38.7004653],[-77.1004771,38.7004655],[-77.1004775,38.7004346],[-77.1005783,38.7004355],[-77.1005755,38.7006241],[-77.1004453,38.7006224]]]}},{"type":"Feature","id":"way/701491639","properties":{"id":"way/701491639","name":null,"class":"outbuilding","building":"shed","ground_elevation_m":12.44,"height_m":3.0,"height_source":"USGS 3DEP lidar VA_NorthernVA_1_B22","height_confidence":"low","height_surveyed":false,"roof_form":"flat","roof_spread_m":0.81,"source":"openstreetmap","source_date":"2026-09-11","confidence":"medium","surveyed":false},"geometry":{"type":"Polygon","coordinates":[[[-77.1034496,38.7067602],[-77.1034951,38.706768],[-77.1034822,38.7068142],[-77.1034365,38.7068066],[-77.1034496,38.7067602]]]}},{"type":"Feature","id":"way/701491641","properties":{"id":"way/701491641","name":null,"class":"building","building":"yes","ground_elevation_m":12.46,"height_m":6.2,"height_source":"USGS 3DEP lidar VA_NorthernVA_1_B22","height_confidence":"high","height_surveyed":true,"roof_form":"pitched","roof_spread_m":2.49,"source":"openstreetmap","source_date":"2026-09-11","confidence":"medium","surveyed":false},"geometry":{"type":"Polygon","coordinates":[[[-77.10302,38.7061827],[-77.1031316,38.7062241],[-77.1031385,38.7062127],[-77.1032154,38.7062412],[-77.1031513,38.7063474],[-77.1030707,38.7063176],[-77.1030778,38.7063057],[-77.1029699,38.7062658],[-77.10302,38.7061827]]]}},{"type":"Feature","id":"way/701491644","properties":{"id":"way/701491644","name":null,"class":"outbuilding","building":"shed","ground_elevation_m":25.62,"height_m":null,"height_source":null,"height_confidence":null,"height_surveyed":null,"roof_form":null,"roof_spread_m":null,"source":"openstreetmap","source_date":"2026-09-11","confidence":"medium","surveyed":false},"geometry":{"type":"Polygon","coordinates":[[[-77.1027303,38.7083426],[-77.1026627,38.7083264],[-77.1026737,38.7082986],[-77.1027412,38.7083148],[-77.1027303,38.7083426]]]}},{"type":"Feature","id":"way/701491645","properties":{"id":"way/701491645","name":null,"class":"building","building":"yes","ground_elevation_m":24.18,"height_m":4.2,"height_source":"USGS 3DEP lidar VA_NorthernVA_1_B22","height_confidence":"low","height_surveyed":false,"roof_form":"flat","roof_spread_m":1.17,"source":"openstreetmap","source_date":"2026-09-11","confidence":"medium","surveyed":false},"geometry":{"type":"Polygon","coordinates":[[[-77.1025016,38.7082206],[-77.1025856,38.7082478],[-77.1025389,38.7083363],[-77.1024501,38.7083075],[-77.1025016,38.7082206]]]}},{"type":"Feature","id":"way/701491648","properties":{"id":"way/701491648","name":null,"class":"building","building":"yes","ground_elevation_m":21.78,"height_m":6.8,"height_source":"USGS 3DEP lidar VA_NorthernVA_1_B22","height_confidence":"high","height_surveyed":true,"roof_form":"pitched","roof_spread_m":1.61,"source":"openstreetmap","source_date":"2026-09-11","confidence":"medium","surveyed":false},"geometry":{"type":"Polygon","coordinates":[[[-77.1009166,38.7074894],[-77.1010506,38.7073239],[-77.1011656,38.7073811],[-77.1010605,38.707511],[-77.1010321,38.7074969],[-77.1010033,38.7075325],[-77.1009166,38.7074894]]]}},{"type":"Feature","id":"way/701491649","properties":{"id":"way/701491649","name":null,"class":"building","building":"yes","ground_elevation_m":21.21,"height_m":5.5,"height_source":"USGS 3DEP lidar VA_NorthernVA_1_B22","height_confidence":"high","height_surveyed":true,"roof_form":"pitched","roof_spread_m":1.72,"source":"openstreetmap","source_date":"2026-09-11","confidence":"medium","surveyed":false},"geometry":{"type":"Polygon","coordinates":[[[-77.1023143,38.7073638],[-77.1024094,38.7074382],[-77.1022731,38.7075452],[-77.102178,38.7074707],[-77.1023143,38.7073638]]]}},{"type":"Feature","id":"way/701491650","properties":{"id":"way/701491650","name":null,"class":"building","building":"yes","ground_elevation_m":18.67,"height_m":5.7,"height_source":"USGS 3DEP lidar VA_NorthernVA_1_B22","height_confidence":"high","height_surveyed":true,"roof_form":"pitched","roof_spread_m":1.72,"source":"openstreetmap","source_date":"2026-09-11","confidence":"medium","surveyed":false},"geometry":{"type":"Polygon","coordinates":[[[-77.1033252,38.7069555],[-77.1033249,38.7070628],[-77.1031518,38.7070624],[-77.1031519,38.7070381],[-77.1031264,38.707038],[-77.1031267,38.7069551],[-77.1033252,38.7069555]]]}},{"type":"Feature","id":"way/701491651","properties":{"id":"way/701491651","name":null,"class":"building","building":"yes","ground_elevation_m":22.49,"height_m":5.7,"height_source":"USGS 3DEP lidar VA_NorthernVA_1_B22","height_confidence":"high","height_surveyed":true,"roof_form":"pitched","roof_spread_m":2.02,"source":"openstreetmap","source_date":"2026-09-11","confidence":"medium","surveyed":false},"geometry":{"type":"Polygon","coordinates":[[[-77.1006716,38.7068032],[-77.100796,38.7068702],[-77.1007455,38.7069279],[-77.100708,38.7069077],[-77.1006285,38.7069985],[-77.1005415,38.7069517],[-77.1006716,38.7068032]]]}},{"type":"Feature","id":"way/701491653","properties":{"id":"way/701491653","name":null,"class":"building","building":"yes","ground_elevation_m":9.57,"height_m":7.9,"height_source":"USGS 3DEP lidar VA_NorthernVA_1_B22","height_confidence":"high","height_surveyed":true,"roof_form":"pitched","roof_spread_m":3.52,"source":"openstreetmap","source_date":"2026-09-11","confidence":"medium","surveyed":false},"geometry":{"type":"Polygon","coordinates":[[[-77.1048165,38.7030213],[-77.1048653,38.7030402],[-77.104886,38.7030074],[-77.1048926,38.70301],[-77.1049096,38.7029829],[-77.1049987,38.7030174],[-77.1049908,38.70303],[-77.104996,38.703032],[-77.1049887,38.7030435],[-77.104984,38.7030416],[-77.1049743,38.7030569],[-77.104979,38.7030588],[-77.104972,38.7030699],[-77.1049678,38.7030683],[-77.1049654,38.703072],[-77.1049804,38.7030778],[-77.104926,38.7031642],[-77.1047656,38.7031021],[-77.1048165,38.7030213]]]}},{"type":"Feature","id":"way/701491654","properties":{"id":"way/701491654","name":null,"class":"building","building":"yes","ground_elevation_m":25.74,"height_m":7.3,"height_source":"USGS 3DEP lidar VA_NorthernVA_1_B22","height_confidence":"high","height_surveyed":true,"roof_form":"pitched","roof_spread_m":3.8,"source":"openstreetmap","source_date":"2026-09-11","confidence":"medium","surveyed":false},"geometry":{"type":"Polygon","coordinates":[[[-77.1032129,38.708059],[-77.1032048,38.7080666],[-77.103162,38.7080384],[-77.1031738,38.7080275],[-77.1031053,38.707983],[-77.1031349,38.7079555],[-77.1031049,38.7079356],[-77.1031575,38.7078896],[-77.1034016,38.708053],[-77.1033184,38.7081293],[-77.1032129,38.708059]]]}},{"type":"Feature","id":"way/701491655","properties":{"id":"way/701491655","name":null,"class":"building","building":"yes","ground_elevation_m":19.38,"height_m":7.1,"height_source":"USGS 3DEP lidar VA_NorthernVA_1_B22","height_confidence":"high","height_surveyed":true,"roof_form":"pitched","roof_spread_m":3.55,"source":"openstreetmap","source_date":"2026-09-11","confidence":"medium","surveyed":false},"geometry":{"type":"Polygon","coordinates":[[[-77.10144,38.7080161],[-77.101477,38.7079445],[-77.1015142,38.7079568],[-77.1015214,38.707943],[-77.1016606,38.7079846],[-77.1016217,38.7080644],[-77.1015067,38.70803],[-77.1015039,38.7080364],[-77.10144,38.7080161]]]}},{"type":"Feature","id":"way/701491657","properties":{"id":"way/701491657","name":null,"class":"building","building":"yes","ground_elevation_m":11.74,"height_m":7.8,"height_source":"USGS 3DEP lidar VA_NorthernVA_1_B22","height_confidence":"high","height_surveyed":true,"roof_form":"pitched","roof_spread_m":3.99,"source":"openstreetmap","source_date":"2026-09-11","confidence":"medium","surveyed":false},"geometry":{"type":"Polygon","coordinates":[[[-77.1028912,38.7040784],[-77.1029454,38.7039934],[-77.1029004,38.7039758],[-77.1029235,38.7039395],[-77.1029651,38.7039558],[-77.1029845,38.7039253],[-77.1030923,38.7039675],[-77.103029,38.704067],[-77.1030209,38.7040639],[-77.1029876,38.7041161],[-77.1028912,38.7040784]]]}},{"type":"Feature","id":"way/701491658","properties":{"id":"way/701491658","name":null,"class":"building","building":"yes","ground_elevation_m":9.01,"height_m":8.0,"height_source":"USGS 3DEP lidar VA_NorthernVA_1_B22","height_confidence":"high","height_surveyed":true,"roof_form":"pitched","roof_spread_m":4.65,"source":"openstreetmap","source_date":"2026-09-11","confidence":"medium","surveyed":false},"geometry":{"type":"Polygon","coordinates":[[[-77.1049933,38.7039878],[-77.1050163,38.7039965],[-77.1050467,38.7039473],[-77.1051437,38.7039841],[-77.1051,38.7040548],[-77.1051398,38.7040699],[-77.1051046,38.7041268],[-77.105029,38.704098],[-77.1050221,38.704109],[-77.1049381,38.704077],[-77.1049933,38.7039878]]]}},{"type":"Feature","id":"way/701491660","properties":{"id":"way/701491660","name":null,"class":"building","building":"yes","ground_elevation_m":13.74,"height_m":8.4,"height_source":"USGS 3DEP lidar VA_NorthernVA_1_B22","height_confidence":"high","height_surveyed":true,"roof_form":"pitched","roof_spread_m":3.52,"source":"openstreetmap","source_date":"2026-09-11","confidence":"medium","surveyed":false},"geometry":{"type":"Polygon","coordinates":[[[-77.1026911,38.7061812],[-77.102708,38.706152],[-77.1026692,38.7061381],[-77.1027225,38.7060474],[-77.1028503,38.706093],[-77.1028359,38.7061178],[-77.1028818,38.7061342],[-77.102842,38.7062026],[-77.1028084,38.7061905],[-77.1027749,38.7062226],[-77.1027394,38.7062078],[-77.1027436,38.7062022],[-77.1026911,38.7061812]]]}},{"type":"Feature","id":"way/701491661","properties":{"id":"way/701491661","name":null,"class":"building","building":"yes","ground_elevation_m":9.07,"height_m":7.2,"height_source":"USGS 3DEP lidar VA_NorthernVA_1_B22","height_confidence":"high","height_surveyed":true,"roof_form":"pitched","roof_spread_m":4.08,"source":"openstreetmap","source_date":"2026-09-11","confidence":"medium","surveyed":false},"geometry":{"type":"Polygon","coordinates":[[[-77.1042591,38.7061837],[-77.1043571,38.7060259],[-77.1044465,38.70606],[-77.1043825,38.706163],[-77.1043771,38.706161],[-77.104343,38.7062158],[-77.1042591,38.7061837]]]}},{"type":"Feature","id":"way/701491662","properties":{"id":"way/701491662","name":null,"class":"building","building":"yes","ground_elevation_m":11.87,"height_m":9.9,"height_source":"USGS 3DEP lidar VA_NorthernVA_1_B22","height_confidence":"high","height_surveyed":true,"roof_form":"pitched","roof_spread_m":4.22,"source":"openstreetmap","source_date":"2026-09-11","confidence":"medium","surveyed":false},"geometry":{"type":"Polygon","coordinates":[[[-77.103042,38.7030459],[-77.1029512,38.7031947],[-77.1028382,38.7031523],[-77.102892,38.7030643],[-77.1028864,38.7030621],[-77.1029234,38.7030014],[-77.103042,38.7030459]]]}},{"type":"Feature","id":"way/701491664","properties":{"id":"way/701491664","name":null,"class":"outbuilding","building":"shed","ground_elevation_m":9.27,"height_m":3.1,"height_source":"USGS 3DEP lidar VA_NorthernVA_1_B22","height_confidence":"low","height_surveyed":false,"roof_form":"pitched","roof_spread_m":1.65,"source":"openstreetmap","source_date":"2026-09-11","confidence":"medium","surveyed":false},"geometry":{"type":"Polygon","coordinates":[[[-77.1047078,38.7031771],[-77.1046557,38.703157],[-77.1046729,38.7031296],[-77.1046528,38.7031219],[-77.1046671,38.7030991],[-77.1047438,38.7031286],[-77.1047078,38.7031771]]]}},{"type":"Feature","id":"way/701491665","properties":{"id":"way/701491665","name":null,"class":"building","building":"yes","ground_elevation_m":13.28,"height_m":8.2,"height_source":"USGS 3DEP lidar VA_NorthernVA_1_B22","height_confidence":"high","height_surveyed":true,"roof_form":"pitched","roof_spread_m":3.77,"source":"openstreetmap","source_date":"2026-09-11","confidence":"medium","surveyed":false},"geometry":{"type":"Polygon","coordinates":[[[-77.1041979,38.7073738],[-77.1042733,38.7072477],[-77.1043991,38.707294],[-77.104325,38.7074139],[-77.1042526,38.7073872],[-77.1042492,38.7073927],[-77.1041979,38.7073738]]]}},{"type":"Feature","id":"way/701491667","properties":{"id":"way/701491667","name":null,"class":"building","building":"yes","ground_elevation_m":23.19,"height_m":7.0,"height_source":"USGS 3DEP lidar VA_NorthernVA_1_B22","height_confidence":"high","height_surveyed":true,"roof_form":"pitched","roof_spread_m":3.24,"source":"openstreetmap","source_date":"2026-09-11","confidence":"medium","surveyed":false},"geometry":{"type":"Polygon","coordinates":[[[-77.1025206,38.7073395],[-77.1024428,38.707261],[-77.1025851,38.7071743],[-77.1025954,38.7071847],[-77.1026511,38.7071508],[-77.1027232,38.7072236],[-77.1025822,38.7073122],[-77.1025759,38.7073059],[-77.1025206,38.7073395]]]}},{"type":"Feature","id":"way/701491669","properties":{"id":"way/701491669","name":null,"class":"building","building":"yes","ground_elevation_m":11.22,"height_m":4.6,"height_source":"USGS 3DEP lidar VA_NorthernVA_1_B22","height_confidence":"high","height_surveyed":true,"roof_form":"pitched","roof_spread_m":1.67,"source":"openstreetmap","source_date":"2026-09-11","confidence":"medium","surveyed":false},"geometry":{"type":"Polygon","coordinates":[[[-77.1045148,38.7073209],[-77.1045523,38.707252],[-77.1046453,38.7072832],[-77.1046077,38.707352],[-77.1045148,38.7073209]]]}},{"type":"Feature","id":"way/701491671","properties":{"id":"way/701491671","name":null,"class":"building","building":"yes","ground_elevation_m":9.21,"height_m":8.0,"height_source":"USGS 3DEP lidar VA_NorthernVA_1_B22","height_confidence":"high","height_surveyed":true,"roof_form":"pitched","roof_spread_m":2.87,"source":"openstreetmap","source_date":"2026-09-11","confidence":"medium","surveyed":false},"geometry":{"type":"Polygon","coordinates":[[[-77.104533,38.7037518],[-77.1044851,38.7038281],[-77.1044704,38.7038224],[-77.1044321,38.7038834],[-77.1043384,38.7038472],[-77.1044245,38.7037101],[-77.104533,38.7037518]]]}},{"type":"Feature","id":"way/701491673","properties":{"id":"way/701491673","name":null,"class":"building","building":"yes","ground_elevation_m":14.46,"height_m":8.9,"height_source":"USGS 3DEP lidar VA_NorthernVA_1_B22","height_confidence":"high","height_surveyed":true,"roof_form":"pitched","roof_spread_m":2.74,"source":"openstreetmap","source_date":"2026-09-11","confidence":"medium","surveyed":false},"geometry":{"type":"Polygon","coordinates":[[[-77.1029541,38.7051385],[-77.1030468,38.7051755],[-77.1029576,38.7053126],[-77.1028649,38.7052756],[-77.1029541,38.7051385]]]}},{"type":"Feature","id":"way/701491676","properties":{"id":"way/701491676","name":null,"class":"building","building":"yes","ground_elevation_m":9.97,"height_m":8.2,"height_source":"USGS 3DEP lidar VA_NorthernVA_1_B22","height_confidence":"high","height_surveyed":true,"roof_form":"pitched","roof_spread_m":4.3,"source":"openstreetmap","source_date":"2026-09-11","confidence":"medium","surveyed":false},"geometry":{"type":"Polygon","coordinates":[[[-77.1040934,38.7054418],[-77.1041497,38.7053494],[-77.1041621,38.705354],[-77.1041911,38.7053064],[-77.1043207,38.7053549],[-77.1042989,38.7053907],[-77.1043142,38.7053964],[-77.1042662,38.7054752],[-77.1042122,38.705455],[-77.1041967,38.7054805],[-77.1040934,38.7054418]]]}},{"type":"Feature","id":"way/701491677","properties":{"id":"way/701491677","name":null,"class":"building","building":"yes","ground_elevation_m":26.39,"height_m":5.4,"height_source":"USGS 3DEP lidar VA_NorthernVA_1_B22","height_confidence":"high","height_surveyed":true,"roof_form":"pitched","roof_spread_m":2.03,"source":"openstreetmap","source_date":"2026-09-11","confidence":"medium","surveyed":false},"geometry":{"type":"Polygon","coordinates":[[[-77.1006857,38.7053922],[-77.1006816,38.7053991],[-77.1006047,38.7053711],[-77.1006674,38.7052651],[-77.1007469,38.7052939],[-77.1007381,38.7053089],[-77.1008458,38.705348],[-77.100796,38.7054323],[-77.1006857,38.7053922]]]}},{"type":"Feature","id":"way/701491678","properties":{"id":"way/701491678","name":null,"class":"building","building":"yes","ground_elevation_m":9.07,"height_m":7.1,"height_source":"USGS 3DEP lidar VA_NorthernVA_1_B22","height_confidence":"high","height_surveyed":true,"roof_form":"pitched","roof_spread_m":3.36,"source":"openstreetmap","source_date":"2026-09-11","confidence":"medium","surveyed":false},"geometry":{"type":"Polygon","coordinates":[[[-77.1048244,38.7052433],[-77.1049341,38.7052839],[-77.1048917,38.7053542],[-77.1048848,38.7053516],[-77.1048396,38.7054267],[-77.1047358,38.7053884],[-77.1047394,38.7053823],[-77.1047193,38.7053749],[-77.1047328,38.7053525],[-77.104754,38.7053603],[-77.1048244,38.7052433]]]}},{"type":"Feature","id":"way/701491679","properties":{"id":"way/701491679","name":null,"class":"building","building":"yes","ground_elevation_m":14.62,"height_m":7.2,"height_source":"USGS 3DEP lidar VA_NorthernVA_1_B22","height_confidence":"high","height_surveyed":true,"roof_form":"pitched","roof_spread_m":2.5,"source":"openstreetmap","source_date":"2026-09-11","confidence":"medium","surveyed":false},"geometry":{"type":"Polygon","coordinates":[[[-77.1027,38.7045991],[-77.1026068,38.7045651],[-77.1026887,38.7044274],[-77.1027719,38.7044577],[-77.1027842,38.7044622],[-77.1027,38.7045991]]]}},{"type":"Feature","id":"way/701491680","properties":{"id":"way/701491680","name":null,"class":"building","building":"yes","ground_elevation_m":10.64,"height_m":5.6,"height_source":"USGS 3DEP lidar VA_NorthernVA_1_B22","height_confidence":"high","height_surveyed":true,"roof_form":"pitched","roof_spread_m":2.26,"source":"openstreetmap","source_date":"2026-09-11","confidence":"medium","surveyed":false},"geometry":{"type":"Polygon","coordinates":[[[-77.1033401,38.704545],[-77.1033935,38.7044574],[-77.1033815,38.7044529],[-77.1034179,38.7043932],[-77.1035515,38.7044432],[-77.1035138,38.704505],[-77.1035004,38.7045],[-77.1034483,38.7045855],[-77.1033401,38.704545]]]}},{"type":"Feature","id":"way/701491681","properties":{"id":"way/701491681","name":null,"class":"building","building":"yes","ground_elevation_m":10.89,"height_m":7.5,"height_source":"USGS 3DEP lidar VA_NorthernVA_1_B22","height_confidence":"high","height_surveyed":true,"roof_form":"pitched","roof_spread_m":4.13,"source":"openstreetmap","source_date":"2026-09-11","confidence":"medium","surveyed":false},"geometry":{"type":"Polygon","coordinates":[[[-77.103949,38.7060675],[-77.1040086,38.7059725],[-77.104086,38.7060023],[-77.1040813,38.7060097],[-77.1041952,38.7060535],[-77.1041404,38.7061411],[-77.103949,38.7060675]]]}},{"type":"Feature","id":"way/701491682","properties":{"id":"way/701491682","name":null,"class":"building","building":"yes","ground_elevation_m":20.85,"height_m":5.6,"height_source":"USGS 3DEP lidar VA_NorthernVA_1_B22","height_confidence":"high","height_surveyed":true,"roof_form":"pitched","roof_spread_m":1.33,"source":"openstreetmap","source_date":"2026-09-11","confidence":"medium","surveyed":false},"geometry":{"type":"Polygon","coordinates":[[[-77.1005577,38.7060312],[-77.1006163,38.7059331],[-77.1007802,38.7059933],[-77.1007216,38.7060913],[-77.1005577,38.7060312]]]}},{"type":"Feature","id":"way/701491683","properties":{"id":"way/701491683","name":null,"class":"building","building":"yes","ground_elevation_m":15.22,"height_m":8.9,"height_source":"USGS 3DEP lidar VA_NorthernVA_1_B22","height_confidence":"high","height_surveyed":true,"roof_form":"pitched","roof_spread_m":4.16,"source":"openstreetmap","source_date":"2026-09-11","confidence":"medium","surveyed":false},"geometry":{"type":"Polygon","coordinates":[[[-77.1024476,38.7060861],[-77.1024699,38.7060482],[-77.102361,38.7060088],[-77.1024058,38.7059329],[-77.1024486,38.7059484],[-77.1024465,38.705952],[-77.1025817,38.706001],[-77.1025168,38.7061112],[-77.1024476,38.7060861]]]}},{"type":"Feature","id":"way/701491684","properties":{"id":"way/701491684","name":null,"class":"building","building":"yes","ground_elevation_m":9.86,"height_m":7.9,"height_source":"USGS 3DEP lidar VA_NorthernVA_1_B22","height_confidence":"high","height_surveyed":true,"roof_form":"pitched","roof_spread_m":4.16,"source":"openstreetmap","source_date":"2026-09-11","confidence":"medium","surveyed":false},"geometry":{"type":"Polygon","coordinates":[[[-77.1049946,38.7060984],[-77.1050926,38.705953],[-77.1051846,38.7059911],[-77.1050853,38.7061359],[-77.1049946,38.7060984]]]}},{"type":"Feature","id":"way/701491685","properties":{"id":"way/701491685","name":null,"class":"building","building":"yes","ground_elevation_m":26.39,"height_m":5.7,"height_source":"USGS 3DEP lidar VA_NorthernVA_1_B22","height_confidence":"high","height_surveyed":true,"roof_form":"pitched","roof_spread_m":2.54,"source":"openstreetmap","source_date":"2026-09-11","confidence":"medium","surveyed":false},"geometry":{"type":"Polygon","coordinates":[[[-77.1035918,38.7093802],[-77.1035075,38.7093503],[-77.1035415,38.7092916],[-77.1034467,38.7092579],[-77.1034828,38.7091955],[-77.1035476,38.7092185],[-77.1035857,38.7091527],[-77.1036998,38.7091932],[-77.1035918,38.7093802]]]}},{"type":"Feature","id":"way/701491686","properties":{"id":"way/701491686","name":null,"class":"building","building":"yes","ground_elevation_m":24.95,"height_m":7.4,"height_source":"USGS 3DEP lidar VA_NorthernVA_1_B22","height_confidence":"high","height_surveyed":true,"roof_form":"pitched","roof_spread_m":1.79,"source":"openstreetmap","source_date":"2026-09-11","confidence":"medium","surveyed":false},"geometry":{"type":"Polygon","coordinates":[[[-77.1012658,38.7046226],[-77.1012494,38.7046163],[-77.1013155,38.704511],[-77.1014071,38.7045462],[-77.1013213,38.704683],[-77.1012461,38.704654],[-77.1012658,38.7046226]]]}},{"type":"Feature","id":"way/701491687","properties":{"id":"way/701491687","name":null,"class":"building","building":"yes","ground_elevation_m":23.09,"height_m":7.9,"height_source":"USGS 3DEP lidar VA_NorthernVA_1_B22","height_confidence":"high","height_surveyed":true,"roof_form":"pitched","roof_spread_m":2.99,"source":"openstreetmap","source_date":"2026-09-11","confidence":"medium","surveyed":false},"geometry":{"type":"Polygon","coordinates":[[[-77.1019644,38.7046252],[-77.1019822,38.7045979],[-77.1019706,38.7045933],[-77.10204,38.7044864],[-77.1021327,38.7045234],[-77.1020849,38.704597],[-77.1021211,38.7046114],[-77.1020818,38.704672],[-77.1019644,38.7046252]]]}},{"type":"Feature","id":"way/701491689","properties":{"id":"way/701491689","name":null,"class":"building","building":"yes","ground_elevation_m":10.0,"height_m":7.6,"height_source":"USGS 3DEP lidar VA_NorthernVA_1_B22","height_confidence":"high","height_surveyed":true,"roof_form":"pitched","roof_spread_m":3.94,"source":"openstreetmap","source_date":"2026-09-11","confidence":"medium","surveyed":false},"geometry":{"type":"Polygon","coordinates":[[[-77.1040199,38.7036255],[-77.1040152,38.7036247],[-77.1040616,38.7034701],[-77.104161,38.7034871],[-77.1041176,38.7036428],[-77.1041095,38.7036414],[-77.1040942,38.7036964],[-77.1040044,38.7036811],[-77.1040199,38.7036255]]]}},{"type":"Feature","id":"way/701491692","properties":{"id":"way/701491692","name":null,"class":"building","building":"yes","ground_elevation_m":19.76,"height_m":5.5,"height_source":"USGS 3DEP lidar VA_NorthernVA_1_B22","height_confidence":"high","height_surveyed":true,"roof_form":"pitched","roof_spread_m":1.64,"source":"openstreetmap","source_date":"2026-09-11","confidence":"medium","surveyed":false},"geometry":{"type":"Polygon","coordinates":[[[-77.1017381,38.7079033],[-77.1016842,38.7078612],[-77.1018225,38.7077527],[-77.10192,38.7078291],[-77.1017527,38.7079603],[-77.101709,38.7079261],[-77.1017381,38.7079033]]]}},{"type":"Feature","id":"way/701491693","properties":{"id":"way/701491693","name":null,"class":"outbuilding","building":"shed","ground_elevation_m":19.19,"height_m":2.0,"height_source":"USGS 3DEP lidar VA_NorthernVA_1_B22","height_confidence":"low","height_surveyed":false,"roof_form":"flat","roof_spread_m":0.39,"source":"openstreetmap","source_date":"2026-09-11","confidence":"medium","surveyed":false},"geometry":{"type":"Polygon","coordinates":[[[-77.1014996,38.7079135],[-77.1014877,38.7079394],[-77.1014555,38.7079425],[-77.1014366,38.7079215],[-77.1014498,38.7078972],[-77.1014822,38.7078935],[-77.1014996,38.7079135]]]}},{"type":"Feature","id":"way/701491694","properties":{"id":"way/701491694","name":null,"class":"building","building":"yes","ground_elevation_m":21.3,"height_m":6.7,"height_source":"USGS 3DEP lidar VA_NorthernVA_1_B22","height_confidence":"high","height_surveyed":true,"roof_form":"pitched","roof_spread_m":3.3,"source":"openstreetmap","source_date":"2026-09-11","confidence":"medium","surveyed":false},"geometry":{"type":"Polygon","coordinates":[[[-77.1005063,38.7066105],[-77.1004137,38.7065652],[-77.100487,38.706473],[-77.1006371,38.7065464],[-77.1006224,38.7065648],[-77.1006969,38.7066012],[-77.1006492,38.7066613],[-77.1005809,38.7066279],[-77.1005695,38.7066422],[-77.1005625,38.7066388],[-77.1005448,38.7066611],[-77.1004881,38.7066333],[-77.1005063,38.7066105]]]}},{"type":"Feature","id":"way/701491695","properties":{"id":"way/701491695","name":null,"class":"building","building":"yes","ground_elevation_m":11.53,"height_m":8.0,"height_source":"USGS 3DEP lidar VA_NorthernVA_1_B22","height_confidence":"high","height_surveyed":true,"roof_form":"pitched","roof_spread_m":4.09,"source":"openstreetmap","source_date":"2026-09-11","confidence":"medium","surveyed":false},"geometry":{"type":"Polygon","coordinates":[[[-77.103913,38.706617],[-77.1039658,38.7065348],[-77.1040457,38.7065664],[-77.1040498,38.7065599],[-77.1041719,38.7066081],[-77.104111,38.706703],[-77.1040493,38.7066786],[-77.1040534,38.7066724],[-77.103913,38.706617]]]}},{"type":"Feature","id":"way/701491700","properties":{"id":"way/701491700","name":null,"class":"building","building":"yes","ground_elevation_m":9.5,"height_m":7.9,"height_source":"USGS 3DEP lidar VA_NorthernVA_1_B22","height_confidence":"high","height_surveyed":true,"roof_form":"pitched","roof_spread_m":4.2,"source":"openstreetmap","source_date":"2026-09-11","confidence":"medium","surveyed":false},"geometry":{"type":"Polygon","coordinates":[[[-77.104069,38.7045336],[-77.1039868,38.7045013],[-77.1039812,38.7045101],[-77.103886,38.7044728],[-77.1039348,38.7043966],[-77.1039966,38.7044209],[-77.1040085,38.7044022],[-77.1041241,38.7044476],[-77.104069,38.7045336]]]}},{"type":"Feature","id":"way/701491701","properties":{"id":"way/701491701","name":null,"class":"building","building":"yes","ground_elevation_m":25.87,"height_m":6.2,"height_source":"USGS 3DEP lidar VA_NorthernVA_1_B22","height_confidence":"high","height_surveyed":true,"roof_form":"pitched","roof_spread_m":3.4,"source":"openstreetmap","source_date":"2026-09-11","confidence":"medium","surveyed":false},"geometry":{"type":"Polygon","coordinates":[[[-77.103359,38.7095084],[-77.1033208,38.7094932],[-77.1033514,38.709446],[-77.103515,38.7095112],[-77.1034337,38.7096364],[-77.1034137,38.7096284],[-77.103376,38.7096865],[-77.1032894,38.7096519],[-77.1033249,38.7095972],[-77.1033061,38.7095897],[-77.103359,38.7095084]]]}},{"type":"Feature","id":"way/701491702","properties":{"id":"way/701491702","name":null,"class":"building","building":"yes","ground_elevation_m":25.8,"height_m":7.4,"height_source":"USGS 3DEP lidar VA_NorthernVA_1_B22","height_confidence":"high","height_surveyed":true,"roof_form":"pitched","roof_spread_m":3.74,"source":"openstreetmap","source_date":"2026-09-11","confidence":"medium","surveyed":false},"geometry":{"type":"Polygon","coordinates":[[[-77.1028029,38.7094512],[-77.1029089,38.7094053],[-77.1030077,38.709545],[-77.1030491,38.709527],[-77.1030819,38.7095733],[-77.1029364,38.7096367],[-77.1028946,38.7095773],[-77.1028794,38.709584],[-77.1028505,38.7095435],[-77.1028643,38.7095374],[-77.1028029,38.7094512]]]}},{"type":"Feature","id":"way/701491704","properties":{"id":"way/701491704","name":null,"class":"building","building":"yes","ground_elevation_m":19.41,"height_m":8.0,"height_source":"USGS 3DEP lidar VA_NorthernVA_1_B22","height_confidence":"high","height_surveyed":true,"roof_form":"pitched","roof_spread_m":1.28,"source":"openstreetmap","source_date":"2026-09-11","confidence":"medium","surveyed":false},"geometry":{"type":"Polygon","coordinates":[[[-77.10149,38.701086],[-77.1015742,38.7011171],[-77.1015097,38.7012242],[-77.1015225,38.7012289],[-77.1014873,38.7012873],[-77.1013904,38.7012515],[-77.10149,38.701086]]]}},{"type":"Feature","id":"way/701491706","properties":{"id":"way/701491706","name":null,"class":"building","building":"yes","ground_elevation_m":10.46,"height_m":8.3,"height_source":"USGS 3DEP lidar VA_NorthernVA_1_B22","height_confidence":"high","height_surveyed":true,"roof_form":"pitched","roof_spread_m":3.6,"source":"openstreetmap","source_date":"2026-09-11","confidence":"medium","surveyed":false},"geometry":{"type":"Polygon","coordinates":[[[-77.1041733,38.702239],[-77.1041189,38.7023144],[-77.1040142,38.702268],[-77.1040041,38.7022819],[-77.1039582,38.7022615],[-77.1039665,38.70225],[-77.103926,38.702232],[-77.1039841,38.7021514],[-77.1041098,38.7022071],[-77.1041077,38.70221],[-77.1041733,38.702239]]]}},{"type":"Feature","id":"way/701491710","properties":{"id":"way/701491710","name":null,"class":"building","building":"yes","ground_elevation_m":19.96,"height_m":5.1,"height_source":"USGS 3DEP lidar VA_NorthernVA_1_B22","height_confidence":"high","height_surveyed":true,"roof_form":"pitched","roof_spread_m":1.57,"source":"openstreetmap","source_date":"2026-09-11","confidence":"medium","surveyed":false},"geometry":{"type":"Polygon","coordinates":[[[-77.1007649,38.7076742],[-77.1008266,38.7076008],[-77.1008617,38.7076189],[-77.1008772,38.7076006],[-77.1010411,38.7076852],[-77.100964,38.7077769],[-77.1007649,38.7076742]]]}},{"type":"Feature","id":"way/701491711","properties":{"id":"way/701491711","name":null,"class":"building","building":"yes","ground_elevation_m":20.81,"height_m":7.2,"height_source":"USGS 3DEP lidar VA_NorthernVA_1_B22","height_confidence":"high","height_surveyed":true,"roof_form":"pitched","roof_spread_m":1.67,"source":"openstreetmap","source_date":"2026-09-11","confidence":"medium","surveyed":false},"geometry":{"type":"Polygon","coordinates":[[[-77.1036466,38.7076325],[-77.1037131,38.7076569],[-77.103718,38.7076487],[-77.1037545,38.7076621],[-77.1037502,38.7076695],[-77.1038155,38.7076934],[-77.1037624,38.7077825],[-77.103655,38.7077433],[-77.1036383,38.7077713],[-77.1035772,38.707749],[-77.1036466,38.7076325]]]}},{"type":"Feature","id":"way/701491713","properties":{"id":"way/701491713","name":null,"class":"building","building":"yes","ground_elevation_m":10.75,"height_m":8.3,"height_source":"USGS 3DEP lidar VA_NorthernVA_1_B22","height_confidence":"high","height_surveyed":true,"roof_form":"pitched","roof_spread_m":3.53,"source":"openstreetmap","source_date":"2026-09-11","confidence":"medium","surveyed":false},"geometry":{"type":"Polygon","coordinates":[[[-77.1029857,38.7005715],[-77.1029943,38.7004674],[-77.1030137,38.7004684],[-77.1030176,38.7004196],[-77.1030012,38.7004188],[-77.1030065,38.7003537],[-77.1031178,38.7003593],[-77.1031121,38.7004288],[-77.1031587,38.7004312],[-77.1031536,38.7004934],[-77.1031161,38.7004915],[-77.103109,38.7005777],[-77.1029857,38.7005715]]]}},{"type":"Feature","id":"way/701491716","properties":{"id":"way/701491716","name":null,"class":"building","building":"yes","ground_elevation_m":8.81,"height_m":7.8,"height_source":"USGS 3DEP lidar VA_NorthernVA_1_B22","height_confidence":"high","height_surveyed":true,"roof_form":"pitched","roof_spread_m":4.31,"source":"openstreetmap","source_date":"2026-09-11","confidence":"medium","surveyed":false},"geometry":{"type":"Polygon","coordinates":[[[-77.1049145,38.7050865],[-77.1048716,38.7050705],[-77.1048994,38.7050246],[-77.1049135,38.7050299],[-77.1049272,38.7050257],[-77.1049445,38.7050321],[-77.1049395,38.7050404],[-77.1049489,38.7050439],[-77.1049836,38.7049866],[-77.1050765,38.7050212],[-77.1049841,38.7051736],[-77.1048843,38.7051364],[-77.1049145,38.7050865]]]}},{"type":"Feature","id":"way/701491717","properties":{"id":"way/701491717","name":null,"class":"building","building":"yes","ground_elevation_m":10.83,"height_m":11.5,"height_source":"USGS 3DEP lidar VA_NorthernVA_1_B22","height_confidence":"high","height_surveyed":true,"roof_form":"pitched","roof_spread_m":2.81,"source":"openstreetmap","source_date":"2026-09-11","confidence":"medium","surveyed":false},"geometry":{"type":"Polygon","coordinates":[[[-77.1047694,38.7007051],[-77.1048325,38.7006177],[-77.104974,38.7006805],[-77.1049628,38.7006961],[-77.1050047,38.7007147],[-77.1049529,38.7007865],[-77.1047694,38.7007051]]]}},{"type":"Feature","id":"way/701491718","properties":{"id":"way/701491718","name":null,"class":"building","building":"yes","ground_elevation_m":20.88,"height_m":6.0,"height_source":"USGS 3DEP lidar VA_NorthernVA_1_B22","height_confidence":"high","height_surveyed":true,"roof_form":"pitched","roof_spread_m":1.81,"source":"openstreetmap","source_date":"2026-09-11","confidence":"medium","surveyed":false},"geometry":{"type":"Polygon","coordinates":[[[-77.102068,38.7075588],[-77.1021648,38.7076332],[-77.1020286,38.7077421],[-77.1019317,38.7076676],[-77.102068,38.7075588]]]}},{"type":"Feature","id":"way/701491720","properties":{"id":"way/701491720","name":null,"class":"building","building":"yes","ground_elevation_m":11.62,"height_m":7.3,"height_source":"USGS 3DEP lidar VA_NorthernVA_1_B22","height_confidence":"high","height_surveyed":true,"roof_form":"pitched","roof_spread_m":2.2,"source":"openstreetmap","source_date":"2026-09-11","confidence":"medium","surveyed":false},"geometry":{"type":"Polygon","coordinates":[[[-77.1020898,38.7007796],[-77.102151,38.7006992],[-77.1024545,38.700848],[-77.1024032,38.7009194],[-77.1020898,38.7007796]]]}},{"type":"Feature","id":"way/701491721","properties":{"id":"way/701491721","name":null,"class":"building","building":"yes","ground_elevation_m":18.51,"height_m":5.9,"height_source":"USGS 3DEP lidar VA_NorthernVA_1_B22","height_confidence":"high","height_surveyed":true,"roof_form":"pitched","roof_spread_m":2.19,"source":"openstreetmap","source_date":"2026-09-11","confidence":"medium","surveyed":false},"geometry":{"type":"Polygon","coordinates":[[[-77.1019424,38.7036],[-77.1018523,38.7035654],[-77.1019179,38.7034604],[-77.1021132,38.7035353],[-77.1020458,38.7036432],[-77.1020162,38.7036319],[-77.1019629,38.7037171],[-77.1018873,38.7036881],[-77.1019424,38.7036]]]}},{"type":"Feature","id":"way/701491724","properties":{"id":"way/701491724","name":null,"class":"building","building":"yes","ground_elevation_m":11.72,"height_m":11.8,"height_source":"USGS 3DEP lidar VA_NorthernVA_1_B22","height_confidence":"high","height_surveyed":true,"roof_form":"pitched","roof_spread_m":2.86,"source":"openstreetmap","source_date":"2026-09-11","confidence":"medium","surveyed":false},"geometry":{"type":"Polygon","coordinates":[[[-77.1041696,38.7004236],[-77.1042297,38.7003377],[-77.1042814,38.7003599],[-77.1042939,38.700342],[-77.1043324,38.7003585],[-77.1043208,38.700375],[-77.1043706,38.7003964],[-77.1043588,38.7004133],[-77.1044016,38.7004316],[-77.1043523,38.7005021],[-77.1041696,38.7004236]]]}},{"type":"Feature","id":"way/701491729","properties":{"id":"way/701491729","name":null,"class":"building","building":"yes","ground_elevation_m":11.17,"height_m":11.2,"height_source":"USGS 3DEP lidar VA_NorthernVA_1_B22","height_confidence":"high","height_surveyed":true,"roof_form":"pitched","roof_spread_m":2.58,"source":"openstreetmap","source_date":"2026-09-11","confidence":"medium","surveyed":false},"geometry":{"type":"Polygon","coordinates":[[[-77.1038542,38.700363],[-77.1039042,38.7002924],[-77.1039486,38.7003117],[-77.1039609,38.7002944],[-77.1040058,38.7003139],[-77.104012,38.7003052],[-77.1040603,38.7003262],[-77.1040535,38.7003358],[-77.1040994,38.7003558],[-77.1040377,38.7004429],[-77.1038542,38.700363]]]}},{"type":"Feature","id":"way/701491732","properties":{"id":"way/701491732","name":null,"class":"building","building":"yes","ground_elevation_m":10.42,"height_m":6.5,"height_source":"USGS 3DEP lidar VA_NorthernVA_1_B22","height_confidence":"high","height_surveyed":true,"roof_form":"pitched","roof_spread_m":1.92,"source":"openstreetmap","source_date":"2026-09-11","confidence":"medium","surveyed":false},"geometry":{"type":"Polygon","coordinates":[[[-77.1047992,38.7063868],[-77.1048273,38.706339],[-77.104815,38.7063346],[-77.1048327,38.7063044],[-77.1048459,38.7063092],[-77.104879,38.7062531],[-77.1049835,38.7062909],[-77.1049046,38.7064249],[-77.1047992,38.7063868]]]}},{"type":"Feature","id":"way/701491733","properties":{"id":"way/701491733","name":null,"class":"building","building":"yes","ground_elevation_m":18.07,"height_m":4.7,"height_source":"USGS 3DEP lidar VA_NorthernVA_1_B22","height_confidence":"high","height_surveyed":true,"roof_form":"pitched","roof_spread_m":2.14,"source":"openstreetmap","source_date":"2026-09-11","confidence":"medium","surveyed":false},"geometry":{"type":"Polygon","coordinates":[[[-77.1016768,38.7062567],[-77.1017088,38.706164],[-77.1017708,38.7061771],[-77.1017818,38.7061453],[-77.1018481,38.7061594],[-77.1018423,38.7061765],[-77.1019018,38.7061891],[-77.1018905,38.7062221],[-77.1019673,38.7062384],[-77.1019292,38.7063487],[-77.1018387,38.7063295],[-77.1018511,38.7062936],[-77.1016768,38.7062567]]]}},{"type":"Feature","id":"way/701491734","properties":{"id":"way/701491734","name":null,"class":"building","building":"yes","ground_elevation_m":20.58,"height_m":5.9,"height_source":"USGS 3DEP lidar VA_NorthernVA_1_B22","height_confidence":"high","height_surveyed":true,"roof_form":"pitched","roof_spread_m":1.46,"source":"openstreetmap","source_date":"2026-09-11","confidence":"medium","surveyed":false},"geometry":{"type":"Polygon","coordinates":[[[-77.101136,38.707221],[-77.1012418,38.7070965],[-77.1013568,38.7071565],[-77.101251,38.707281],[-77.101136,38.707221]]]}},{"type":"Feature","id":"way/701491735","properties":{"id":"way/701491735","name":null,"class":"building","building":"yes","ground_elevation_m":14.69,"height_m":6.5,"height_source":"USGS 3DEP lidar VA_NorthernVA_1_B22","height_confidence":"high","height_surveyed":true,"roof_form":"pitched","roof_spread_m":1.59,"source":"openstreetmap","source_date":"2026-09-11","confidence":"medium","surveyed":false},"geometry":{"type":"Polygon","coordinates":[[[-77.1039875,38.707299],[-77.1039877,38.7073053],[-77.1038095,38.7072357],[-77.103871,38.707139],[-77.1040795,38.7072204],[-77.1040211,38.7073121],[-77.1039875,38.707299]]]}},{"type":"Feature","id":"way/701491736","properties":{"id":"way/701491736","name":null,"class":"building","building":"yes","ground_elevation_m":24.2,"height_m":6.1,"height_source":"USGS 3DEP lidar VA_NorthernVA_1_B22","height_confidence":"high","height_surveyed":true,"roof_form":"pitched","roof_spread_m":2.34,"source":"openstreetmap","source_date":"2026-09-11","confidence":"medium","surveyed":false},"geometry":{"type":"Polygon","coordinates":[[[-77.100376,38.7072196],[-77.1004247,38.7071597],[-77.1003769,38.7071358],[-77.1003901,38.7071196],[-77.1003753,38.7071121],[-77.1004091,38.7070707],[-77.1004233,38.7070778],[-77.1004362,38.7070621],[-77.1004796,38.7070839],[-77.100497,38.707064],[-77.1005995,38.7071152],[-77.1005623,38.707161],[-77.1005685,38.7071641],[-77.1005434,38.707195],[-77.100537,38.7071918],[-77.1004743,38.7072688],[-77.100376,38.7072196]]]}},{"type":"Feature","id":"way/701491738","properties":{"id":"way/701491738","name":null,"class":"building","building":"yes","ground_elevation_m":25.16,"height_m":5.1,"height_source":"USGS 3DEP lidar VA_NorthernVA_1_B22","height_confidence":"high","height_surveyed":true,"roof_form":"pitched","roof_spread_m":2.14,"source":"openstreetmap","source_date":"2026-09-11","confidence":"medium","surveyed":false},"geometry":{"type":"Polygon","coordinates":[[[-77.1023099,38.7087541],[-77.1022649,38.7087739],[-77.1022185,38.7087092],[-77.1023495,38.7086515],[-77.1023881,38.7087053],[-77.1023987,38.7087006],[-77.1024777,38.7088107],[-77.102381,38.7088533],[-77.1023099,38.7087541]]]}},{"type":"Feature","id":"way/701491742","properties":{"id":"way/701491742","name":null,"class":"building","building":"yes","ground_elevation_m":11.63,"height_m":7.7,"height_source":"USGS 3DEP lidar VA_NorthernVA_1_B22","height_confidence":"high","height_surveyed":true,"roof_form":"pitched","roof_spread_m":3.75,"source":"openstreetmap","source_date":"2026-09-11","confidence":"medium","surveyed":false},"geometry":{"type":"Polygon","coordinates":[[[-77.103384,38.7063958],[-77.1033008,38.7063622],[-77.1033403,38.7063021],[-77.1033867,38.7063208],[-77.1033928,38.7063113],[-77.1035178,38.7063617],[-77.1034732,38.7064295],[-77.1034784,38.7064316],[-77.1034548,38.7064675],[-77.1033616,38.7064299],[-77.103384,38.7063958]]]}},{"type":"Feature","id":"way/701491743","properties":{"id":"way/701491743","name":null,"class":"building","building":"yes","ground_elevation_m":19.16,"height_m":5.6,"height_source":"USGS 3DEP lidar VA_NorthernVA_1_B22","height_confidence":"high","height_surveyed":true,"roof_form":"pitched","roof_spread_m":2.2,"source":"openstreetmap","source_date":"2026-09-11","confidence":"medium","surveyed":false},"geometry":{"type":"Polygon","coordinates":[[[-77.1012066,38.7063817],[-77.1012485,38.7062508],[-77.1013182,38.7062645],[-77.1013105,38.7062884],[-77.1014134,38.7063087],[-77.1014241,38.706275],[-77.101486,38.7062872],[-77.1014583,38.7063738],[-77.1013999,38.7063624],[-77.1013827,38.7064163],[-77.1012066,38.7063817]]]}},{"type":"Feature","id":"way/701491744","properties":{"id":"way/701491744","name":null,"class":"building","building":"yes","ground_elevation_m":14.48,"height_m":8.6,"height_source":"USGS 3DEP lidar VA_NorthernVA_1_B22","height_confidence":"high","height_surveyed":true,"roof_form":"pitched","roof_spread_m":4.25,"source":"openstreetmap","source_date":"2026-09-11","confidence":"medium","surveyed":false},"geometry":{"type":"Polygon","coordinates":[[[-77.1025027,38.703658],[-77.102524,38.7036659],[-77.1025284,38.7036586],[-77.1026399,38.7037],[-77.1025368,38.7038704],[-77.102404,38.7038211],[-77.1025027,38.703658]]]}},{"type":"Feature","id":"way/701491745","properties":{"id":"way/701491745","name":null,"class":"building","building":"yes","ground_elevation_m":10.91,"height_m":8.4,"height_source":"USGS 3DEP lidar VA_NorthernVA_1_B22","height_confidence":"high","height_surveyed":true,"roof_form":"pitched","roof_spread_m":4.05,"source":"openstreetmap","source_date":"2026-09-11","confidence":"medium","surveyed":false},"geometry":{"type":"Polygon","coordinates":[[[-77.103307,38.7032782],[-77.1032767,38.703257],[-77.1033202,38.703219],[-77.1033364,38.7032303],[-77.1033573,38.703212],[-77.1033691,38.7032203],[-77.103399,38.7031941],[-77.1034892,38.7032573],[-77.1033971,38.703338],[-77.1033896,38.7033327],[-77.10334,38.7033761],[-77.1032596,38.7033197],[-77.103307,38.7032782]]]}},{"type":"Feature","id":"way/701491747","properties":{"id":"way/701491747","name":null,"class":"building","building":"yes","ground_elevation_m":11.38,"height_m":7.8,"height_source":"USGS 3DEP lidar VA_NorthernVA_1_B22","height_confidence":"high","height_surveyed":true,"roof_form":"pitched","roof_spread_m":4.53,"source":"openstreetmap","source_date":"2026-09-11","confidence":"medium","surveyed":false},"geometry":{"type":"Polygon","coordinates":[[[-77.1036207,38.7064843],[-77.1036686,38.7064128],[-77.1037992,38.7064664],[-77.1037957,38.7064716],[-77.1038419,38.7064906],[-77.1037974,38.706557],[-77.1036207,38.7064843]]]}},{"type":"Feature","id":"way/701491749","properties":{"id":"way/701491749","name":null,"class":"building","building":"yes","ground_elevation_m":10.89,"height_m":8.9,"height_source":"USGS 3DEP lidar VA_NorthernVA_1_B22","height_confidence":"high","height_surveyed":true,"roof_form":"pitched","roof_spread_m":2.79,"source":"openstreetmap","source_date":"2026-09-11","confidence":"medium","surveyed":false},"geometry":{"type":"Polygon","coordinates":[[[-77.1025637,38.7023348],[-77.1026112,38.7022592],[-77.1028605,38.7023493],[-77.1028079,38.702438],[-77.1027296,38.702409],[-77.1027359,38.7023984],[-77.1025637,38.7023348]]]}},{"type":"Feature","id":"way/701491752","properties":{"id":"way/701491752","name":null,"class":"building","building":"yes","ground_elevation_m":15.38,"height_m":4.8,"height_source":"USGS 3DEP lidar VA_NorthernVA_1_B22","height_confidence":"high","height_surveyed":true,"roof_form":"pitched","roof_spread_m":2.14,"source":"openstreetmap","source_date":"2026-09-11","confidence":"medium","surveyed":false},"geometry":{"type":"Polygon","coordinates":[[[-77.1040135,38.7079047],[-77.1040205,38.7078921],[-77.1039102,38.7078541],[-77.1039679,38.7077513],[-77.1041709,38.7078213],[-77.1041334,38.7078882],[-77.1041534,38.7078951],[-77.1041262,38.7079435],[-77.1040135,38.7079047]]]}},{"type":"Feature","id":"way/701491753","properties":{"id":"way/701491753","name":null,"class":"building","building":"yes","ground_elevation_m":26.07,"height_m":6.0,"height_source":"USGS 3DEP lidar VA_NorthernVA_1_B22","height_confidence":"high","height_surveyed":true,"roof_form":"pitched","roof_spread_m":2.27,"source":"openstreetmap","source_date":"2026-09-11","confidence":"medium","surveyed":false},"geometry":{"type":"Polygon","coordinates":[[[-77.1028048,38.7078832],[-77.1027429,38.7077497],[-77.1028597,38.7077165],[-77.1028947,38.707792],[-77.1029367,38.70778],[-77.1029645,38.7078401],[-77.10292,38.7078527],[-77.1029337,38.7078823],[-77.1028443,38.7079077],[-77.1028296,38.7078761],[-77.1028048,38.7078832]]]}},{"type":"Feature","id":"way/701491757","properties":{"id":"way/701491757","name":null,"class":"building","building":"yes","ground_elevation_m":21.94,"height_m":6.2,"height_source":"USGS 3DEP lidar VA_NorthernVA_1_B22","height_confidence":"high","height_surveyed":true,"roof_form":"pitched","roof_spread_m":2.17,"source":"openstreetmap","source_date":"2026-09-11","confidence":"medium","surveyed":false},"geometry":{"type":"Polygon","coordinates":[[[-77.1027292,38.7070605],[-77.1027739,38.7070482],[-77.1027709,38.7070415],[-77.1029432,38.7069941],[-77.1029889,38.7070961],[-77.102823,38.7071417],[-77.1028173,38.707129],[-77.1027661,38.7071431],[-77.1027292,38.7070605]]]}},{"type":"Feature","id":"way/701491758","properties":{"id":"way/701491758","name":null,"class":"building","building":"yes","ground_elevation_m":11.04,"height_m":8.2,"height_source":"USGS 3DEP lidar VA_NorthernVA_1_B22","height_confidence":"high","height_surveyed":true,"roof_form":"pitched","roof_spread_m":4.31,"source":"openstreetmap","source_date":"2026-09-11","confidence":"medium","surveyed":false},"geometry":{"type":"Polygon","coordinates":[[[-77.1030982,38.7037572],[-77.1030799,38.7037498],[-77.1031047,38.7037123],[-77.1031193,38.7037182],[-77.1031404,38.7036862],[-77.103248,38.7037298],[-77.103183,38.7038284],[-77.1031762,38.7038256],[-77.1031408,38.7038795],[-77.1030435,38.70384],[-77.1030982,38.7037572]]]}},{"type":"Feature","id":"way/701491759","properties":{"id":"way/701491759","name":null,"class":"building","building":"yes","ground_elevation_m":23.15,"height_m":7.7,"height_source":"USGS 3DEP lidar VA_NorthernVA_1_B22","height_confidence":"high","height_surveyed":true,"roof_form":"pitched","roof_spread_m":1.62,"source":"openstreetmap","source_date":"2026-09-11","confidence":"medium","surveyed":false},"geometry":{"type":"Polygon","coordinates":[[[-77.1013973,38.704406],[-77.1014164,38.7043734],[-77.1014084,38.7043706],[-77.1014707,38.704264],[-77.1015629,38.704297],[-77.1014992,38.704406],[-77.1014771,38.7043981],[-77.1014594,38.7044283],[-77.1013973,38.704406]]]}},{"type":"Feature","id":"way/701491761","properties":{"id":"way/701491761","name":null,"class":"building","building":"yes","ground_elevation_m":16.81,"height_m":10.5,"height_source":"USGS 3DEP lidar VA_NorthernVA_1_B22","height_confidence":"high","height_surveyed":true,"roof_form":"pitched","roof_spread_m":2.85,"source":"openstreetmap","source_date":"2026-09-11","confidence":"medium","surveyed":false},"geometry":{"type":"Polygon","coordinates":[[[-77.1017694,38.7027063],[-77.1018017,38.7026526],[-77.1018626,38.7026752],[-77.1019172,38.7025795],[-77.1020373,38.7026239],[-77.1020159,38.7026593],[-77.1020532,38.7026731],[-77.1020263,38.7027176],[-77.1019949,38.702706],[-77.1019769,38.7027358],[-77.1019686,38.7027328],[-77.1019451,38.7027717],[-77.1017694,38.7027063]]]}},{"type":"Feature","id":"way/701491762","properties":{"id":"way/701491762","name":null,"class":"building","building":"yes","ground_elevation_m":22.66,"height_m":4.9,"height_source":"USGS 3DEP lidar VA_NorthernVA_1_B22","height_confidence":"high","height_surveyed":true,"roof_form":"pitched","roof_spread_m":1.6,"source":"openstreetmap","source_date":"2026-09-11","confidence":"medium","surveyed":false},"geometry":{"type":"Polygon","coordinates":[[[-77.1004957,38.7027153],[-77.1005927,38.7025523],[-77.1006433,38.7025707],[-77.1006798,38.7025094],[-77.10066,38.7025022],[-77.1007022,38.7024314],[-77.1009325,38.7025156],[-77.1008965,38.7025761],[-77.1008171,38.7025471],[-77.100792,38.7025891],[-77.1008301,38.702603],[-77.1007668,38.7027094],[-77.1006524,38.7026676],[-77.1006011,38.7027538],[-77.1004957,38.7027153]]]}},{"type":"Feature","id":"way/701491764","properties":{"id":"way/701491764","name":null,"class":"building","building":"yes","ground_elevation_m":10.67,"height_m":8.6,"height_source":"USGS 3DEP lidar VA_NorthernVA_1_B22","height_confidence":"high","height_surveyed":true,"roof_form":"pitched","roof_spread_m":4.57,"source":"openstreetmap","source_date":"2026-09-11","confidence":"medium","surveyed":false},"geometry":{"type":"Polygon","coordinates":[[[-77.1045883,38.7027044],[-77.1046684,38.702764],[-77.1045894,38.7028292],[-77.1046039,38.7028399],[-77.1045644,38.7028725],[-77.1045507,38.7028622],[-77.1045192,38.7028882],[-77.1044331,38.7028242],[-77.1045285,38.7027456],[-77.1045336,38.7027495],[-77.1045883,38.7027044]]]}},{"type":"Feature","id":"way/701491768","properties":{"id":"way/701491768","name":null,"class":"outbuilding","building":"shed","ground_elevation_m":26.03,"height_m":3.1,"height_source":"USGS 3DEP lidar VA_NorthernVA_1_B22","height_confidence":"low","height_surveyed":false,"roof_form":"flat","roof_spread_m":0.79,"source":"openstreetmap","source_date":"2026-09-11","confidence":"medium","surveyed":false},"geometry":{"type":"Polygon","coordinates":[[[-77.1029915,38.7089158],[-77.1030181,38.7089476],[-77.1029452,38.7089873],[-77.1029175,38.7089561],[-77.1029915,38.7089158]]]}},{"type":"Feature","id":"way/701491769","properties":{"id":"way/701491769","name":null,"class":"building","building":"yes","ground_elevation_m":14.43,"height_m":7.1,"height_source":"USGS 3DEP lidar VA_NorthernVA_1_B22","height_confidence":"high","height_surveyed":true,"roof_form":"pitched","roof_spread_m":3.68,"source":"openstreetmap","source_date":"2026-09-11","confidence":"medium","surveyed":false},"geometry":{"type":"Polygon","coordinates":[[[-77.1046436,38.7086079],[-77.1047322,38.7086382],[-77.1047148,38.7086694],[-77.1047272,38.7086736],[-77.1046672,38.7087813],[-77.1045663,38.7087468],[-77.1046436,38.7086079]]]}},{"type":"Feature","id":"way/701491770","properties":{"id":"way/701491770","name":null,"class":"outbuilding","building":"shed","ground_elevation_m":11.55,"height_m":3.4,"height_source":"USGS 3DEP lidar VA_NorthernVA_1_B22","height_confidence":"low","height_surveyed":false,"roof_form":"flat","roof_spread_m":0.73,"source":"openstreetmap","source_date":"2026-09-11","confidence":"medium","surveyed":false},"geometry":{"type":"Polygon","coordinates":[[[-77.1049946,38.7087408],[-77.1050493,38.7087244],[-77.1050659,38.7087584],[-77.1050112,38.7087748],[-77.1049946,38.7087408]]]}},{"type":"Feature","id":"way/701491771","properties":{"id":"way/701491771","name":null,"class":"building","building":"yes","ground_elevation_m":25.81,"height_m":7.0,"height_source":"USGS 3DEP lidar VA_NorthernVA_1_B22","height_confidence":"high","height_surveyed":true,"roof_form":"pitched","roof_spread_m":3.53,"source":"openstreetmap","source_date":"2026-09-11","confidence":"medium","surveyed":false},"geometry":{"type":"Polygon","coordinates":[[[-77.1030581,38.7086155],[-77.1032272,38.7085491],[-77.1032699,38.7086158],[-77.1032368,38.7086288],[-77.1032434,38.7086392],[-77.1031074,38.7086926],[-77.1030581,38.7086155]]]}},{"type":"Feature","id":"way/701491773","properties":{"id":"way/701491773","name":null,"class":"building","building":"yes","ground_elevation_m":10.06,"height_m":6.9,"height_source":"USGS 3DEP lidar VA_NorthernVA_1_B22","height_confidence":"high","height_surveyed":true,"roof_form":"pitched","roof_spread_m":3.22,"source":"openstreetmap","source_date":"2026-09-11","confidence":"medium","surveyed":false},"geometry":{"type":"Polygon","coordinates":[[[-77.1044303,38.7058782],[-77.104519,38.7057357],[-77.1046267,38.7057757],[-77.104585,38.7058448],[-77.1045791,38.7058426],[-77.1045343,38.7059167],[-77.1044303,38.7058782]]]}},{"type":"Feature","id":"way/701491774","properties":{"id":"way/701491774","name":null,"class":"building","building":"yes","ground_elevation_m":24.55,"height_m":5.9,"height_source":"USGS 3DEP lidar VA_NorthernVA_1_B22","height_confidence":"high","height_surveyed":true,"roof_form":"pitched","roof_spread_m":1.66,"source":"openstreetmap","source_date":"2026-09-11","confidence":"medium","surveyed":false},"geometry":{"type":"Polygon","coordinates":[[[-77.1017537,38.7058008],[-77.1017485,38.705809],[-77.1017338,38.7058135],[-77.1017156,38.7058064],[-77.1017117,38.7057935],[-77.1017165,38.7057859],[-77.1016924,38.7057775],[-77.1017793,38.7056405],[-77.101862,38.7056726],[-77.1018294,38.705724],[-77.1018492,38.7057317],[-77.1018555,38.7057218],[-77.1019607,38.7057627],[-77.1018945,38.7058671],[-77.1018159,38.7058366],[-77.1018217,38.7058273],[-77.1017537,38.7058008]]]}},{"type":"Feature","id":"way/701491778","properties":{"id":"way/701491778","name":null,"class":"building","building":"yes","ground_elevation_m":11.18,"height_m":7.8,"height_source":"USGS 3DEP lidar VA_NorthernVA_1_B22","height_confidence":"high","height_surveyed":true,"roof_form":"pitched","roof_spread_m":4.01,"source":"openstreetmap","source_date":"2026-09-11","confidence":"medium","surveyed":false},"geometry":{"type":"Polygon","coordinates":[[[-77.1030931,38.700714],[-77.10309,38.7007749],[-77.1030984,38.7007752],[-77.1030963,38.7008176],[-77.1031424,38.700819],[-77.1031386,38.7008961],[-77.1030934,38.7008947],[-77.103093,38.7009031],[-77.1029804,38.7008997],[-77.1029869,38.7007691],[-77.1029968,38.7007694],[-77.1029997,38.7007111],[-77.1030931,38.700714]]]}},{"type":"Feature","id":"way/701491780","properties":{"id":"way/701491780","name":null,"class":"building","building":"yes","ground_elevation_m":24.43,"height_m":5.8,"height_source":"USGS 3DEP lidar VA_NorthernVA_1_B22","height_confidence":"high","height_surveyed":true,"roof_form":"pitched","roof_spread_m":1.86,"source":"openstreetmap","source_date":"2026-09-11","confidence":"medium","surveyed":false},"geometry":{"type":"Polygon","coordinates":[[[-77.1018212,38.7052341],[-77.1018953,38.7051118],[-77.1019412,38.7051289],[-77.1019179,38.7051674],[-77.1019836,38.7051918],[-77.1019897,38.7051817],[-77.1020679,38.705212],[-77.1020036,38.7053162],[-77.1019273,38.7052873],[-77.1019342,38.7052761],[-77.1018212,38.7052341]]]}},{"type":"Feature","id":"way/701491847","properties":{"id":"way/701491847","name":null,"class":"building","building":"yes","ground_elevation_m":10.53,"height_m":11.0,"height_source":"USGS 3DEP lidar VA_NorthernVA_1_B22","height_confidence":"high","height_surveyed":true,"roof_form":"pitched","roof_spread_m":2.69,"source":"openstreetmap","source_date":"2026-09-11","confidence":"medium","surveyed":false},"geometry":{"type":"Polygon","coordinates":[[[-77.1036011,38.7015687],[-77.1034294,38.7014965],[-77.103499,38.7013958],[-77.1036707,38.701468],[-77.1036011,38.7015687]]]}},{"type":"Feature","id":"way/701491848","properties":{"id":"way/701491848","name":null,"class":"building","building":"yes","ground_elevation_m":13.1,"height_m":10.2,"height_source":"USGS 3DEP lidar VA_NorthernVA_1_B22","height_confidence":"high","height_surveyed":true,"roof_form":"pitched","roof_spread_m":2.9,"source":"openstreetmap","source_date":"2026-09-11","confidence":"medium","surveyed":false},"geometry":{"type":"Polygon","coordinates":[[[-77.1018518,38.7013639],[-77.1018906,38.7012912],[-77.101861,38.7012815],[-77.1018842,38.701238],[-77.1019214,38.7012501],[-77.1019383,38.7012184],[-77.1020555,38.7012568],[-77.1020369,38.7012916],[-77.1020512,38.7012963],[-77.102016,38.7013624],[-77.1020575,38.7013786],[-77.1020261,38.7014304],[-77.1018518,38.7013639]]]}},{"type":"Feature","id":"way/701491849","properties":{"id":"way/701491849","name":null,"class":"outbuilding","building":"garage","ground_elevation_m":21.18,"height_m":4.1,"height_source":"USGS 3DEP lidar VA_NorthernVA_1_B22","height_confidence":"low","height_surveyed":false,"roof_form":"flat","roof_spread_m":1.09,"source":"openstreetmap","source_date":"2026-09-11","confidence":"medium","surveyed":false},"geometry":{"type":"Polygon","coordinates":[[[-77.1036007,38.7076388],[-77.1035658,38.7076991],[-77.1034928,38.7076731],[-77.1035277,38.7076128],[-77.1036007,38.7076388]]]}},{"type":"Feature","id":"way/701491851","properties":{"id":"way/701491851","name":null,"class":"building","building":"yes","ground_elevation_m":23.02,"height_m":6.4,"height_source":"USGS 3DEP lidar VA_NorthernVA_1_B22","height_confidence":"high","height_surveyed":true,"roof_form":"pitched","roof_spread_m":1.74,"source":"openstreetmap","source_date":"2026-09-11","confidence":"medium","surveyed":false},"geometry":{"type":"Polygon","coordinates":[[[-77.1031949,38.707658],[-77.1032098,38.7075273],[-77.103282,38.7075324],[-77.1032832,38.7075219],[-77.1033232,38.7075247],[-77.103322,38.7075352],[-77.1033946,38.7075403],[-77.1033837,38.707636],[-77.1033245,38.7076318],[-77.1033205,38.7076668],[-77.1031949,38.707658]]]}},{"type":"Feature","id":"way/701491852","properties":{"id":"way/701491852","name":null,"class":"building","building":"yes","ground_elevation_m":11.5,"height_m":6.4,"height_source":"USGS 3DEP lidar VA_NorthernVA_1_B22","height_confidence":"high","height_surveyed":true,"roof_form":"pitched","roof_spread_m":1.93,"source":"openstreetmap","source_date":"2026-09-11","confidence":"medium","surveyed":false},"geometry":{"type":"Polygon","coordinates":[[[-77.1048648,38.7074782],[-77.1049308,38.7075034],[-77.1049183,38.7075234],[-77.1050154,38.7075605],[-77.1049637,38.7076434],[-77.1049592,38.7076416],[-77.1049507,38.7076552],[-77.1047923,38.7075946],[-77.1048648,38.7074782]]]}},{"type":"Feature","id":"way/701491853","properties":{"id":"way/701491853","name":null,"class":"outbuilding","building":"shed","ground_elevation_m":24.73,"height_m":2.5,"height_source":"USGS 3DEP lidar VA_NorthernVA_1_B22","height_confidence":"low","height_surveyed":false,"roof_form":"flat","roof_spread_m":0.58,"source":"openstreetmap","source_date":"2026-09-11","confidence":"medium","surveyed":false},"geometry":{"type":"Polygon","coordinates":[[[-77.1032953,38.7097435],[-77.1032414,38.7097198],[-77.1032613,38.709692],[-77.1033151,38.7097157],[-77.1032953,38.7097435]]]}},{"type":"Feature","id":"way/701491854","properties":{"id":"way/701491854","name":null,"class":"building","building":"yes","ground_elevation_m":11.39,"height_m":7.6,"height_source":"USGS 3DEP lidar VA_NorthernVA_1_B22","height_confidence":"high","height_surveyed":true,"roof_form":"pitched","roof_spread_m":3.82,"source":"openstreetmap","source_date":"2026-09-11","confidence":"medium","surveyed":false},"geometry":{"type":"Polygon","coordinates":[[[-77.1031918,38.7057683],[-77.1032857,38.7056139],[-77.1033765,38.7056478],[-77.103315,38.7057489],[-77.1033074,38.705746],[-77.103275,38.7057994],[-77.1031918,38.7057683]]]}},{"type":"Feature","id":"way/701491856","properties":{"id":"way/701491856","name":null,"class":"building","building":"yes","ground_elevation_m":9.56,"height_m":7.8,"height_source":"USGS 3DEP lidar VA_NorthernVA_1_B22","height_confidence":"high","height_surveyed":true,"roof_form":"pitched","roof_spread_m":3.44,"source":"openstreetmap","source_date":"2026-09-11","confidence":"medium","surveyed":false},"geometry":{"type":"Polygon","coordinates":[[[-77.1032365,38.7011929],[-77.1031872,38.7012619],[-77.1029725,38.7011677],[-77.1030213,38.7010985],[-77.1032365,38.7011929]]]}},{"type":"Feature","id":"way/701491858","properties":{"id":"way/701491858","name":null,"class":"building","building":"yes","ground_elevation_m":17.9,"height_m":8.3,"height_source":"USGS 3DEP lidar VA_NorthernVA_1_B22","height_confidence":"high","height_surveyed":true,"roof_form":"pitched","roof_spread_m":2.66,"source":"openstreetmap","source_date":"2026-09-11","confidence":"medium","surveyed":false},"geometry":{"type":"Polygon","coordinates":[[[-77.1022571,38.7041279],[-77.1023445,38.703991],[-77.1024395,38.7040282],[-77.1024217,38.7040561],[-77.1024579,38.7040702],[-77.1023883,38.7041793],[-77.1022571,38.7041279]]]}},{"type":"Feature","id":"way/701491859","properties":{"id":"way/701491859","name":null,"class":"building","building":"yes","ground_elevation_m":24.62,"height_m":6.0,"height_source":"USGS 3DEP lidar VA_NorthernVA_1_B22","height_confidence":"high","height_surveyed":true,"roof_form":"pitched","roof_spread_m":2.07,"source":"openstreetmap","source_date":"2026-09-11","confidence":"medium","surveyed":false},"geometry":{"type":"Polygon","coordinates":[[[-77.1009581,38.70409],[-77.1010121,38.7040034],[-77.1009958,38.7039972],[-77.1010334,38.703937],[-77.1011672,38.7039882],[-77.1011293,38.704049],[-77.1011167,38.7040441],[-77.101063,38.7041302],[-77.1009581,38.70409]]]}},{"type":"Feature","id":"way/701491870","properties":{"id":"way/701491870","name":null,"class":"building","building":"yes","ground_elevation_m":11.23,"height_m":4.2,"height_source":"USGS 3DEP lidar VA_NorthernVA_1_B22","height_confidence":"low","height_surveyed":false,"roof_form":"flat","roof_spread_m":0.2,"source":"openstreetmap","source_date":"2026-09-11","confidence":"medium","surveyed":false},"geometry":{"type":"Polygon","coordinates":[[[-77.1028332,38.7022236],[-77.1028666,38.7021675],[-77.1027534,38.702126],[-77.1027197,38.7021825],[-77.1026372,38.7021522],[-77.1027108,38.7020291],[-77.102792,38.7020589],[-77.1027628,38.7021079],[-77.1027816,38.7021147],[-77.1027878,38.7021043],[-77.1028641,38.7021323],[-77.1028582,38.7021421],[-77.1028783,38.7021495],[-77.1029074,38.7021007],[-77.1028152,38.7020669],[-77.1028415,38.7020225],[-77.1030191,38.7020876],[-77.1029185,38.7022563],[-77.1028332,38.7022236]]]}},{"type":"Feature","id":"way/701491874","properties":{"id":"way/701491874","name":null,"class":"outbuilding","building":"shed","ground_elevation_m":10.86,"height_m":3.3,"height_source":"USGS 3DEP lidar VA_NorthernVA_1_B22","height_confidence":"low","height_surveyed":false,"roof_form":"pitched","roof_spread_m":1.63,"source":"openstreetmap","source_date":"2026-09-11","confidence":"medium","surveyed":false},"geometry":{"type":"Polygon","coordinates":[[[-77.1026677,38.7020177],[-77.1026242,38.7020753],[-77.1025977,38.7020642],[-77.1026198,38.7020318],[-77.1026111,38.7020281],[-77.1026291,38.7020016],[-77.1026677,38.7020177]]]}},{"type":"Feature","id":"way/701492087","properties":{"id":"way/701492087","name":null,"class":"building","building":"yes","ground_elevation_m":10.95,"height_m":7.6,"height_source":"USGS 3DEP lidar VA_NorthernVA_1_B22","height_confidence":"high","height_surveyed":true,"roof_form":"pitched","roof_spread_m":3.07,"source":"openstreetmap","source_date":"2026-09-11","confidence":"medium","surveyed":false},"geometry":{"type":"Polygon","coordinates":[[[-77.1022926,38.7002927],[-77.1023048,38.7001024],[-77.1024184,38.7001069],[-77.1024141,38.7001727],[-77.1024205,38.700173],[-77.1024125,38.7002974],[-77.1022926,38.7002927]]]}},{"type":"Feature","id":"way/701492089","properties":{"id":"way/701492089","name":null,"class":"building","building":"yes","ground_elevation_m":9.5,"height_m":12.2,"height_source":"USGS 3DEP lidar VA_NorthernVA_1_B22","height_confidence":"high","height_surveyed":true,"roof_form":"pitched","roof_spread_m":3.01,"source":"openstreetmap","source_date":"2026-09-11","confidence":"medium","surveyed":false},"geometry":{"type":"Polygon","coordinates":[[[-77.1047038,38.6999559],[-77.1046558,38.7000271],[-77.1046118,38.7000089],[-77.1046003,38.700026],[-77.1045558,38.7000076],[-77.1045508,38.7000151],[-77.1045,38.699994],[-77.1045058,38.6999855],[-77.1044607,38.6999668],[-77.1045194,38.6998796],[-77.1047038,38.6999559]]]}},{"type":"Feature","id":"way/701492102","properties":{"id":"way/701492102","name":null,"class":"building","building":"yes","ground_elevation_m":13.66,"height_m":8.0,"height_source":"USGS 3DEP lidar VA_NorthernVA_1_B22","height_confidence":"high","height_surveyed":true,"roof_form":"pitched","roof_spread_m":3.03,"source":"openstreetmap","source_date":"2026-09-11","confidence":"medium","surveyed":false},"geometry":{"type":"Polygon","coordinates":[[[-77.1015904,38.7000909],[-77.1015965,38.7001878],[-77.1015537,38.7001895],[-77.1015542,38.7001965],[-77.1013973,38.7002027],[-77.1014031,38.700294],[-77.1013146,38.7002975],[-77.1013022,38.7001022],[-77.1015904,38.7000909]]]}},{"type":"Feature","id":"way/701492273","properties":{"id":"way/701492273","name":null,"class":"building","building":"yes","ground_elevation_m":8.73,"height_m":12.2,"height_source":"USGS 3DEP lidar VA_NorthernVA_1_B22","height_confidence":"high","height_surveyed":true,"roof_form":"pitched","roof_spread_m":3.02,"source":"openstreetmap","source_date":"2026-09-11","confidence":"medium","surveyed":false},"geometry":{"type":"Polygon","coordinates":[[[-77.1049977,38.7000927],[-77.1049467,38.7001633],[-77.1049043,38.7001444],[-77.1048918,38.7001615],[-77.1048467,38.7001415],[-77.1048409,38.7001496],[-77.1047929,38.7001282],[-77.1047997,38.7001189],[-77.1047563,38.7000997],[-77.1048188,38.7000132],[-77.1049977,38.7000927]]]}},{"type":"Feature","id":"way/701492274","properties":{"id":"way/701492274","name":null,"class":"building","building":"yes","ground_elevation_m":11.37,"height_m":11.6,"height_source":"USGS 3DEP lidar VA_NorthernVA_1_B22","height_confidence":"high","height_surveyed":true,"roof_form":"pitched","roof_spread_m":2.89,"source":"openstreetmap","source_date":"2026-09-11","confidence":"medium","surveyed":false},"geometry":{"type":"Polygon","coordinates":[[[-77.1036323,38.7001391],[-77.1036504,38.6999787],[-77.103702,38.6999823],[-77.1037808,38.6999877],[-77.1037759,38.7000305],[-77.1037917,38.7000316],[-77.1037874,38.7000703],[-77.1037715,38.7000692],[-77.1037668,38.7001113],[-77.1037444,38.7001098],[-77.1037402,38.7001465],[-77.1036323,38.7001391]]]}},{"type":"Feature","id":"way/701492287","properties":{"id":"way/701492287","name":null,"class":"building","building":"yes","ground_elevation_m":10.7,"height_m":4.4,"height_source":"USGS 3DEP lidar VA_NorthernVA_1_B22","height_confidence":"high","height_surveyed":true,"roof_form":"pitched","roof_spread_m":1.28,"source":"openstreetmap","source_date":"2026-09-11","confidence":"medium","surveyed":false},"geometry":{"type":"Polygon","coordinates":[[[-77.1030064,38.7001836],[-77.103011,38.7000767],[-77.1031144,38.7000795],[-77.1031184,38.6999841],[-77.1032564,38.6999878],[-77.1032528,38.7000721],[-77.1032721,38.7000726],[-77.1032697,38.7001306],[-77.1032498,38.7001301],[-77.1032472,38.7001899],[-77.1030064,38.7001836]]]}},{"type":"Feature","id":"way/701494703","properties":{"id":"way/701494703","name":null,"class":"building","building":"yes","ground_elevation_m":25.34,"height_m":7.7,"height_source":"USGS 3DEP lidar VA_NorthernVA_1_B22","height_confidence":"high","height_surveyed":true,"roof_form":"pitched","roof_spread_m":1.71,"source":"openstreetmap","source_date":"2026-09-11","confidence":"medium","surveyed":false},"geometry":{"type":"Polygon","coordinates":[[[-77.1007842,38.7043793],[-77.1008148,38.7043274],[-77.100811,38.7043233],[-77.1008736,38.7042172],[-77.1009692,38.7042519],[-77.1009045,38.7043616],[-77.1008965,38.7043587],[-77.1008666,38.7044092],[-77.1007842,38.7043793]]]}},{"type":"Feature","id":"way/707931257","properties":{"id":"way/707931257","name":null,"class":"building","building":"yes","ground_elevation_m":27.96,"height_m":4.5,"height_source":"USGS 3DEP lidar VA_NorthernVA_1_B22","height_confidence":"high","height_surveyed":true,"roof_form":"pitched","roof_spread_m":1.44,"source":"openstreetmap","source_date":"2026-09-11","confidence":"medium","surveyed":false},"geometry":{"type":"Polygon","coordinates":[[[-77.0875432,38.7108848],[-77.0874735,38.7109467],[-77.0873938,38.7108917],[-77.0874636,38.7108297],[-77.0875432,38.7108848]]]}},{"type":"Feature","id":"way/707931262","properties":{"id":"way/707931262","name":null,"class":"building","building":"yes","ground_elevation_m":27.81,"height_m":6.3,"height_source":"USGS 3DEP lidar VA_NorthernVA_1_B22","height_confidence":"high","height_surveyed":true,"roof_form":"pitched","roof_spread_m":2.07,"source":"openstreetmap","source_date":"2026-09-11","confidence":"medium","surveyed":false},"geometry":{"type":"Polygon","coordinates":[[[-77.0999495,38.7106511],[-77.1000031,38.7105061],[-77.1001313,38.7105352],[-77.1000778,38.7106802],[-77.0999495,38.7106511]]]}},{"type":"Feature","id":"way/707931263","properties":{"id":"way/707931263","name":null,"class":"building","building":"yes","ground_elevation_m":23.9,"height_m":7.8,"height_source":"USGS 3DEP lidar VA_NorthernVA_1_B22","height_confidence":"high","height_surveyed":true,"roof_form":"pitched","roof_spread_m":4.13,"source":"openstreetmap","source_date":"2026-09-11","confidence":"medium","surveyed":false},"geometry":{"type":"Polygon","coordinates":[[[-77.0991596,38.7108922],[-77.0991393,38.7108873],[-77.0991637,38.7108257],[-77.0992497,38.7108466],[-77.0992277,38.7109023],[-77.0992762,38.7109141],[-77.0992558,38.7109658],[-77.099232,38.71096],[-77.0992054,38.7110271],[-77.0991149,38.7110051],[-77.0991596,38.7108922]]]}},{"type":"Feature","id":"way/707931264","properties":{"id":"way/707931264","name":null,"class":"building","building":"yes","ground_elevation_m":27.73,"height_m":5.7,"height_source":"USGS 3DEP lidar VA_NorthernVA_1_B22","height_confidence":"high","height_surveyed":true,"roof_form":"pitched","roof_spread_m":1.76,"source":"openstreetmap","source_date":"2026-09-11","confidence":"medium","surveyed":false},"geometry":{"type":"Polygon","coordinates":[[[-77.0998394,38.7109328],[-77.0998947,38.7107746],[-77.100002,38.7107975],[-77.0999467,38.7109558],[-77.0998394,38.7109328]]]}},{"type":"Feature","id":"way/707931265","properties":{"id":"way/707931265","name":null,"class":"building","building":"yes","ground_elevation_m":26.49,"height_m":6.0,"height_source":"USGS 3DEP lidar VA_NorthernVA_1_B22","height_confidence":"high","height_surveyed":true,"roof_form":"pitched","roof_spread_m":2.73,"source":"openstreetmap","source_date":"2026-09-11","confidence":"medium","surveyed":false},"geometry":{"type":"Polygon","coordinates":[[[-77.0994277,38.7100324],[-77.0995278,38.7100558],[-77.099515,38.7100893],[-77.0995303,38.7100929],[-77.0995081,38.7101514],[-77.0995668,38.710165],[-77.0995427,38.7102284],[-77.0993687,38.7101878],[-77.0994277,38.7100324]]]}},{"type":"Feature","id":"way/707931266","properties":{"id":"way/707931266","name":null,"class":"outbuilding","building":"shed","ground_elevation_m":24.01,"height_m":3.1,"height_source":"USGS 3DEP lidar VA_NorthernVA_1_B22","height_confidence":"low","height_surveyed":false,"roof_form":"flat","roof_spread_m":0.78,"source":"openstreetmap","source_date":"2026-09-11","confidence":"medium","surveyed":false},"geometry":{"type":"Polygon","coordinates":[[[-77.0976967,38.7101294],[-77.0977543,38.7101347],[-77.0977485,38.7101733],[-77.0976909,38.710168],[-77.0976967,38.7101294]]]}},{"type":"Feature","id":"way/707931267","properties":{"id":"way/707931267","name":null,"class":"building","building":"yes","ground_elevation_m":27.34,"height_m":5.9,"height_source":"USGS 3DEP lidar VA_NorthernVA_1_B22","height_confidence":"high","height_surveyed":true,"roof_form":"pitched","roof_spread_m":1.42,"source":"openstreetmap","source_date":"2026-09-11","confidence":"medium","surveyed":false},"geometry":{"type":"Polygon","coordinates":[[[-77.0993146,38.7076244],[-77.0993737,38.7077583],[-77.0992547,38.7077906],[-77.0991955,38.7076567],[-77.0993146,38.7076244]]]}},{"type":"Feature","id":"way/707931268","properties":{"id":"way/707931268","name":null,"class":"building","building":"yes","ground_elevation_m":27.49,"height_m":7.0,"height_source":"USGS 3DEP lidar VA_NorthernVA_1_B22","height_confidence":"high","height_surveyed":true,"roof_form":"pitched","roof_spread_m":3.96,"source":"openstreetmap","source_date":"2026-09-11","confidence":"medium","surveyed":false},"geometry":{"type":"Polygon","coordinates":[[[-77.0974343,38.7104768],[-77.0974788,38.7105362],[-77.0974597,38.7105449],[-77.0975309,38.7106401],[-77.0974368,38.7106833],[-77.0973912,38.7106224],[-77.0973825,38.7106263],[-77.0973498,38.7105826],[-77.0973953,38.7105617],[-77.0973581,38.7105119],[-77.0974343,38.7104768]]]}},{"type":"Feature","id":"way/707931269","properties":{"id":"way/707931269","name":null,"class":"building","building":"yes","ground_elevation_m":26.2,"height_m":6.2,"height_source":"USGS 3DEP lidar VA_NorthernVA_1_B22","height_confidence":"high","height_surveyed":true,"roof_form":"pitched","roof_spread_m":2.42,"source":"openstreetmap","source_date":"2026-09-11","confidence":"medium","surveyed":false},"geometry":{"type":"Polygon","coordinates":[[[-77.0993127,38.7104496],[-77.0993687,38.7103038],[-77.0994933,38.7103332],[-77.0994373,38.710479],[-77.0993127,38.7104496]]]}},{"type":"Feature","id":"way/707931270","properties":{"id":"way/707931270","name":null,"class":"building","building":"yes","ground_elevation_m":27.63,"height_m":7.0,"height_source":"USGS 3DEP lidar VA_NorthernVA_1_B22","height_confidence":"high","height_surveyed":true,"roof_form":"pitched","roof_spread_m":3.57,"source":"openstreetmap","source_date":"2026-09-11","confidence":"medium","surveyed":false},"geometry":{"type":"Polygon","coordinates":[[[-77.1000895,38.7104051],[-77.1001089,38.7103532],[-77.1000591,38.7103417],[-77.1000781,38.7102912],[-77.1000901,38.710294],[-77.1001151,38.7102272],[-77.1002195,38.7102512],[-77.1001776,38.7103627],[-77.1001944,38.7103665],[-77.1001728,38.7104243],[-77.1000895,38.7104051]]]}},{"type":"Feature","id":"way/707931271","properties":{"id":"way/707931271","name":null,"class":"building","building":"yes","ground_elevation_m":25.37,"height_m":6.0,"height_source":"USGS 3DEP lidar VA_NorthernVA_1_B22","height_confidence":"high","height_surveyed":true,"roof_form":"pitched","roof_spread_m":2.41,"source":"openstreetmap","source_date":"2026-09-11","confidence":"medium","surveyed":false},"geometry":{"type":"Polygon","coordinates":[[[-77.0974418,38.7100154],[-77.0974732,38.7098667],[-77.097605,38.7098838],[-77.0975736,38.7100325],[-77.0974418,38.7100154]]]}},{"type":"Feature","id":"way/707931272","properties":{"id":"way/707931272","name":null,"class":"building","building":"yes","ground_elevation_m":26.32,"height_m":6.6,"height_source":"USGS 3DEP lidar VA_NorthernVA_1_B22","height_confidence":"high","height_surveyed":true,"roof_form":"pitched","roof_spread_m":1.76,"source":"openstreetmap","source_date":"2026-09-11","confidence":"medium","surveyed":false},"geometry":{"type":"Polygon","coordinates":[[[-77.0977287,38.7096399],[-77.0977001,38.7097129],[-77.0976593,38.7097031],[-77.0976308,38.709776],[-77.0975052,38.7097459],[-77.0975624,38.7095999],[-77.0977287,38.7096399]]]}},{"type":"Feature","id":"way/707931273","properties":{"id":"way/707931273","name":null,"class":"building","building":"yes","ground_elevation_m":25.96,"height_m":7.1,"height_source":"USGS 3DEP lidar VA_NorthernVA_1_B22","height_confidence":"high","height_surveyed":true,"roof_form":"pitched","roof_spread_m":2.19,"source":"openstreetmap","source_date":"2026-09-11","confidence":"medium","surveyed":false},"geometry":{"type":"Polygon","coordinates":[[[-77.0977766,38.7093719],[-77.097723,38.7095132],[-77.097606,38.709486],[-77.0976595,38.7093447],[-77.0977766,38.7093719]]]}},{"type":"Feature","id":"way/707931274","properties":{"id":"way/707931274","name":null,"class":"outbuilding","building":"shed","ground_elevation_m":23.79,"height_m":4.3,"height_source":"USGS 3DEP lidar VA_NorthernVA_1_B22","height_confidence":"low","height_surveyed":false,"roof_form":"flat","roof_spread_m":0.89,"source":"openstreetmap","source_date":"2026-09-11","confidence":"medium","surveyed":false},"geometry":{"type":"Polygon","coordinates":[[[-77.0999219,38.708189],[-77.0999739,38.7082122],[-77.0999497,38.7082454],[-77.0999433,38.7082425],[-77.0998977,38.7082221],[-77.0999219,38.708189]]]}},{"type":"Feature","id":"way/707931275","properties":{"id":"way/707931275","name":null,"class":"building","building":"yes","ground_elevation_m":25.5,"height_m":7.1,"height_source":"USGS 3DEP lidar VA_NorthernVA_1_B22","height_confidence":"high","height_surveyed":true,"roof_form":"pitched","roof_spread_m":3.54,"source":"openstreetmap","source_date":"2026-09-11","confidence":"medium","surveyed":false},"geometry":{"type":"Polygon","coordinates":[[[-77.0999228,38.7112031],[-77.0999069,38.711199],[-77.0998827,38.711256],[-77.0998017,38.7112349],[-77.0998243,38.7111817],[-77.0997751,38.7111689],[-77.0997967,38.7111178],[-77.0998044,38.7111198],[-77.0998322,38.7110543],[-77.0999706,38.7110903],[-77.0999228,38.7112031]]]}},{"type":"Feature","id":"way/707931276","properties":{"id":"way/707931276","name":null,"class":"building","building":"yes","ground_elevation_m":25.82,"height_m":6.3,"height_source":"USGS 3DEP lidar VA_NorthernVA_1_B22","height_confidence":"high","height_surveyed":true,"roof_form":"pitched","roof_spread_m":1.68,"source":"openstreetmap","source_date":"2026-09-11","confidence":"medium","surveyed":false},"geometry":{"type":"Polygon","coordinates":[[[-77.0975436,38.7101703],[-77.0975417,38.71018],[-77.0975793,38.7101846],[-77.0975648,38.7102573],[-77.0975293,38.710253],[-77.0975166,38.7103177],[-77.0973891,38.7103022],[-77.0974182,38.7101551],[-77.0975436,38.7101703]]]}},{"type":"Feature","id":"way/707931277","properties":{"id":"way/707931277","name":null,"class":"building","building":"yes","ground_elevation_m":26.38,"height_m":7.6,"height_source":"USGS 3DEP lidar VA_NorthernVA_1_B22","height_confidence":"high","height_surveyed":true,"roof_form":"pitched","roof_spread_m":3.02,"source":"openstreetmap","source_date":"2026-09-11","confidence":"medium","surveyed":false},"geometry":{"type":"Polygon","coordinates":[[[-77.0995696,38.7096476],[-77.0996062,38.7095544],[-77.0995961,38.7095429],[-77.0996026,38.7095257],[-77.0996211,38.7095161],[-77.0996438,38.709521],[-77.0996507,38.7095337],[-77.0996776,38.7095397],[-77.099687,38.7095155],[-77.0998143,38.7095432],[-77.099753,38.7096907],[-77.0995696,38.7096476]]]}},{"type":"Feature","id":"way/707931278","properties":{"id":"way/707931278","name":null,"class":"building","building":"yes","ground_elevation_m":25.61,"height_m":7.0,"height_source":"USGS 3DEP lidar VA_NorthernVA_1_B22","height_confidence":"high","height_surveyed":true,"roof_form":"pitched","roof_spread_m":2.87,"source":"openstreetmap","source_date":"2026-09-11","confidence":"medium","surveyed":false},"geometry":{"type":"Polygon","coordinates":[[[-77.0990255,38.7079431],[-77.0991254,38.7079701],[-77.0990655,38.7081061],[-77.0989656,38.7080791],[-77.0990255,38.7079431]]]}},{"type":"Feature","id":"way/707931279","properties":{"id":"way/707931279","name":null,"class":"building","building":"yes","ground_elevation_m":25.64,"height_m":6.4,"height_source":"USGS 3DEP lidar VA_NorthernVA_1_B22","height_confidence":"high","height_surveyed":true,"roof_form":"pitched","roof_spread_m":1.31,"source":"openstreetmap","source_date":"2026-09-11","confidence":"medium","surveyed":false},"geometry":{"type":"Polygon","coordinates":[[[-77.0999866,38.7079601],[-77.0999091,38.7080895],[-77.0997845,38.7080436],[-77.0998621,38.7079143],[-77.0999866,38.7079601]]]}},{"type":"Feature","id":"way/707931280","properties":{"id":"way/707931280","name":null,"class":"building","building":"yes","ground_elevation_m":22.05,"height_m":6.2,"height_source":"USGS 3DEP lidar VA_NorthernVA_1_B22","height_confidence":"high","height_surveyed":true,"roof_form":"pitched","roof_spread_m":1.54,"source":"openstreetmap","source_date":"2026-09-11","confidence":"medium","surveyed":false},"geometry":{"type":"Polygon","coordinates":[[[-77.0999932,38.7088657],[-77.1001091,38.7087426],[-77.1002188,38.708806],[-77.1001029,38.7089291],[-77.0999932,38.7088657]]]}},{"type":"Feature","id":"way/707931281","properties":{"id":"way/707931281","name":null,"class":"building","building":"yes","ground_elevation_m":25.03,"height_m":6.4,"height_source":"USGS 3DEP lidar VA_NorthernVA_1_B22","height_confidence":"high","height_surveyed":true,"roof_form":"pitched","roof_spread_m":1.62,"source":"openstreetmap","source_date":"2026-09-11","confidence":"medium","surveyed":false},"geometry":{"type":"Polygon","coordinates":[[[-77.0979426,38.7086816],[-77.0980263,38.7085526],[-77.0981486,38.7086014],[-77.0980649,38.7087303],[-77.0979426,38.7086816]]]}},{"type":"Feature","id":"way/707931282","properties":{"id":"way/707931282","name":null,"class":"building","building":"yes","ground_elevation_m":27.88,"height_m":6.1,"height_source":"USGS 3DEP lidar VA_NorthernVA_1_B22","height_confidence":"high","height_surveyed":true,"roof_form":"pitched","roof_spread_m":1.54,"source":"openstreetmap","source_date":"2026-09-11","confidence":"medium","surveyed":false},"geometry":{"type":"Polygon","coordinates":[[[-77.0988601,38.7076831],[-77.0987859,38.7076031],[-77.0989318,38.7075199],[-77.099006,38.7075999],[-77.0988601,38.7076831]]]}},{"type":"Feature","id":"way/707931283","properties":{"id":"way/707931283","name":null,"class":"building","building":"yes","ground_elevation_m":23.88,"height_m":6.5,"height_source":"USGS 3DEP lidar VA_NorthernVA_1_B22","height_confidence":"high","height_surveyed":true,"roof_form":"pitched","roof_spread_m":1.68,"source":"openstreetmap","source_date":"2026-09-11","confidence":"medium","surveyed":false},"geometry":{"type":"Polygon","coordinates":[[[-77.098309,38.7109084],[-77.0983164,38.7109114],[-77.0983679,38.7108326],[-77.0984568,38.7108683],[-77.098428,38.7109124],[-77.098482,38.7109341],[-77.0984608,38.7109665],[-77.0984789,38.7109737],[-77.0984203,38.7110665],[-77.0982503,38.7109982],[-77.098309,38.7109084]]]}},{"type":"Feature","id":"way/707931284","properties":{"id":"way/707931284","name":null,"class":"building","building":"yes","ground_elevation_m":26.6,"height_m":6.4,"height_source":"USGS 3DEP lidar VA_NorthernVA_1_B22","height_confidence":"high","height_surveyed":true,"roof_form":"pitched","roof_spread_m":3.47,"source":"openstreetmap","source_date":"2026-09-11","confidence":"medium","surveyed":false},"geometry":{"type":"Polygon","coordinates":[[[-77.1012002,38.7117008],[-77.1011533,38.7116626],[-77.1011386,38.7116718],[-77.1010822,38.7116285],[-77.1010778,38.711632],[-77.1010004,38.7115729],[-77.1010057,38.7115688],[-77.1009587,38.7115312],[-77.1010348,38.7114724],[-77.1010617,38.7114938],[-77.1010744,38.7114835],[-77.1010963,38.7115024],[-77.1011151,38.7114885],[-77.101155,38.7115204],[-77.1011582,38.711518],[-77.1011801,38.7115367],[-77.1011709,38.7115533],[-77.101158,38.711563],[-77.1012127,38.7116069],[-77.1012164,38.711604],[-77.1012723,38.7116495],[-77.1012002,38.7117008]]]}},{"type":"Feature","id":"way/707931285","properties":{"id":"way/707931285","name":null,"class":"building","building":"yes","ground_elevation_m":21.78,"height_m":6.0,"height_source":"USGS 3DEP lidar VA_NorthernVA_1_B22","height_confidence":"high","height_surveyed":true,"roof_form":"pitched","roof_spread_m":1.68,"source":"openstreetmap","source_date":"2026-09-11","confidence":"medium","surveyed":false},"geometry":{"type":"Polygon","coordinates":[[[-77.1030165,38.7108474],[-77.1030447,38.7108345],[-77.1030252,38.7108083],[-77.1031163,38.7107665],[-77.1032366,38.7109277],[-77.1031171,38.7109824],[-77.1030165,38.7108474]]]}},{"type":"Feature","id":"way/707931287","properties":{"id":"way/707931287","name":null,"class":"building","building":"yes","ground_elevation_m":26.81,"height_m":7.1,"height_source":"USGS 3DEP lidar VA_NorthernVA_1_B22","height_confidence":"high","height_surveyed":true,"roof_form":"pitched","roof_spread_m":3.83,"source":"openstreetmap","source_date":"2026-09-11","confidence":"medium","surveyed":false},"geometry":{"type":"Polygon","coordinates":[[[-77.1007956,38.710729],[-77.1007543,38.7108123],[-77.1007393,38.7108078],[-77.1006952,38.7108946],[-77.100594,38.710863],[-77.1006144,38.7108229],[-77.1005861,38.7108149],[-77.100598,38.710779],[-77.1005833,38.7107763],[-77.1006159,38.7107213],[-77.1006485,38.710734],[-77.100662,38.7107143],[-77.1006954,38.7107241],[-77.1007041,38.7107011],[-77.1007956,38.710729]]]}},{"type":"Feature","id":"way/707931289","properties":{"id":"way/707931289","name":null,"class":"building","building":"yes","ground_elevation_m":26.13,"height_m":8.6,"height_source":"USGS 3DEP lidar VA_NorthernVA_1_B22","height_confidence":"high","height_surveyed":true,"roof_form":"pitched","roof_spread_m":3.96,"source":"openstreetmap","source_date":"2026-09-11","confidence":"medium","surveyed":false},"geometry":{"type":"Polygon","coordinates":[[[-77.1017594,38.7102899],[-77.1017935,38.7102808],[-77.1018087,38.7103167],[-77.1017742,38.7103257],[-77.1017861,38.7103509],[-77.1016993,38.7103759],[-77.1016525,38.7102763],[-77.1016283,38.7102833],[-77.1016007,38.7102249],[-77.1016151,38.7102209],[-77.1016092,38.7102069],[-77.1017131,38.71018],[-77.1017594,38.7102899]]]}},{"type":"Feature","id":"way/707931291","properties":{"id":"way/707931291","name":null,"class":"building","building":"yes","ground_elevation_m":24.25,"height_m":7.3,"height_source":"USGS 3DEP lidar VA_NorthernVA_1_B22","height_confidence":"high","height_surveyed":true,"roof_form":"pitched","roof_spread_m":3.75,"source":"openstreetmap","source_date":"2026-09-11","confidence":"medium","surveyed":false},"geometry":{"type":"Polygon","coordinates":[[[-77.1025754,38.7102598],[-77.1025648,38.7102637],[-77.1025363,38.7102177],[-77.1026494,38.7101694],[-77.1026908,38.7102268],[-77.1027028,38.7102216],[-77.1027343,38.7102604],[-77.1027216,38.710267],[-77.102766,38.7103281],[-77.1026577,38.7103807],[-77.1025754,38.7102598]]]}},{"type":"Feature","id":"way/707931294","properties":{"id":"way/707931294","name":null,"class":"building","building":"yes","ground_elevation_m":19.44,"height_m":5.8,"height_source":"USGS 3DEP lidar VA_NorthernVA_1_B22","height_confidence":"high","height_surveyed":true,"roof_form":"pitched","roof_spread_m":1.54,"source":"openstreetmap","source_date":"2026-09-11","confidence":"medium","surveyed":false},"geometry":{"type":"Polygon","coordinates":[[[-77.1005389,38.7084411],[-77.1005807,38.7084237],[-77.1006126,38.7084707],[-77.1007434,38.7084161],[-77.1008055,38.7085076],[-77.1006329,38.7085795],[-77.1005389,38.7084411]]]}},{"type":"Feature","id":"way/707931295","properties":{"id":"way/707931295","name":null,"class":"building","building":"yes","ground_elevation_m":20.39,"height_m":6.2,"height_source":"USGS 3DEP lidar VA_NorthernVA_1_B22","height_confidence":"high","height_surveyed":true,"roof_form":"pitched","roof_spread_m":1.7,"source":"openstreetmap","source_date":"2026-09-11","confidence":"medium","surveyed":false},"geometry":{"type":"Polygon","coordinates":[[[-77.1009648,38.7084397],[-77.1009223,38.7083647],[-77.1010359,38.7083252],[-77.1011099,38.7084558],[-77.1009636,38.7085067],[-77.100932,38.7084511],[-77.1009648,38.7084397]]]}},{"type":"Feature","id":"way/707931297","properties":{"id":"way/707931297","name":null,"class":"building","building":"yes","ground_elevation_m":24.72,"height_m":7.1,"height_source":"USGS 3DEP lidar VA_NorthernVA_1_B22","height_confidence":"high","height_surveyed":true,"roof_form":"pitched","roof_spread_m":3.42,"source":"openstreetmap","source_date":"2026-09-11","confidence":"medium","surveyed":false},"geometry":{"type":"Polygon","coordinates":[[[-77.1007937,38.7090352],[-77.1008604,38.7089991],[-77.1008506,38.7089881],[-77.1009001,38.7089613],[-77.1009101,38.7089726],[-77.1009827,38.7089332],[-77.1010522,38.7090118],[-77.1008634,38.7091141],[-77.1007937,38.7090352]]]}},{"type":"Feature","id":"way/707931299","properties":{"id":"way/707931299","name":null,"class":"building","building":"yes","ground_elevation_m":26.25,"height_m":5.3,"height_source":"USGS 3DEP lidar VA_NorthernVA_1_B22","height_confidence":"high","height_surveyed":true,"roof_form":"pitched","roof_spread_m":2.1,"source":"openstreetmap","source_date":"2026-09-11","confidence":"medium","surveyed":false},"geometry":{"type":"Polygon","coordinates":[[[-77.1013773,38.7092378],[-77.1013859,38.7092405],[-77.1014193,38.7091754],[-77.1015588,38.7092193],[-77.1015235,38.7092882],[-77.1014784,38.709274],[-77.1014248,38.7093784],[-77.1013218,38.709346],[-77.1013773,38.7092378]]]}},{"type":"Feature","id":"way/707931300","properties":{"id":"way/707931300","name":null,"class":"building","building":"yes","ground_elevation_m":24.87,"height_m":6.0,"height_source":"USGS 3DEP lidar VA_NorthernVA_1_B22","height_confidence":"high","height_surveyed":true,"roof_form":"pitched","roof_spread_m":1.49,"source":"openstreetmap","source_date":"2026-09-11","confidence":"medium","surveyed":false},"geometry":{"type":"Polygon","coordinates":[[[-77.1016905,38.7090399],[-77.1016953,38.7090395],[-77.1016907,38.7090068],[-77.1018008,38.7089975],[-77.1018054,38.709031],[-77.1018142,38.7090305],[-77.1018205,38.7090864],[-77.10183,38.7090857],[-77.1018338,38.7091199],[-77.1018248,38.7091206],[-77.1018305,38.7091705],[-77.1017105,38.7091796],[-77.1016905,38.7090399]]]}},{"type":"Feature","id":"way/707931301","properties":{"id":"way/707931301","name":null,"class":"building","building":"yes","ground_elevation_m":27.72,"height_m":6.8,"height_source":"USGS 3DEP lidar VA_NorthernVA_1_B22","height_confidence":"high","height_surveyed":true,"roof_form":"pitched","roof_spread_m":3.6,"source":"openstreetmap","source_date":"2026-09-11","confidence":"medium","surveyed":false},"geometry":{"type":"Polygon","coordinates":[[[-77.1004368,38.709761],[-77.1004652,38.7097678],[-77.1004428,38.7098254],[-77.1004044,38.7098163],[-77.1003814,38.7098753],[-77.1002692,38.7098485],[-77.1002952,38.7097818],[-77.1002853,38.7097795],[-77.100305,38.709729],[-77.1003567,38.7097414],[-77.1003765,38.7096863],[-77.1004582,38.7097058],[-77.1004368,38.709761]]]}},{"type":"Feature","id":"way/707931304","properties":{"id":"way/707931304","name":null,"class":"building","building":"yes","ground_elevation_m":21.62,"height_m":6.2,"height_source":"USGS 3DEP lidar VA_NorthernVA_1_B22","height_confidence":"high","height_surveyed":true,"roof_form":"pitched","roof_spread_m":1.65,"source":"openstreetmap","source_date":"2026-09-11","confidence":"medium","surveyed":false},"geometry":{"type":"Polygon","coordinates":[[[-77.1025788,38.7112703],[-77.1026906,38.711225],[-77.1028211,38.7114225],[-77.1027093,38.7114678],[-77.1025788,38.7112703]]]}},{"type":"Feature","id":"way/707931306","properties":{"id":"way/707931306","name":null,"class":"building","building":"yes","ground_elevation_m":27.55,"height_m":7.5,"height_source":"USGS 3DEP lidar VA_NorthernVA_1_B22","height_confidence":"high","height_surveyed":true,"roof_form":"pitched","roof_spread_m":3.7,"source":"openstreetmap","source_date":"2026-09-11","confidence":"medium","surveyed":false},"geometry":{"type":"Polygon","coordinates":[[[-77.1004626,38.7111952],[-77.1004834,38.7111351],[-77.1004585,38.7111297],[-77.1004743,38.7110849],[-77.1005217,38.711095],[-77.1005476,38.7110235],[-77.1006517,38.7110472],[-77.1006269,38.7111168],[-77.1006366,38.7111189],[-77.1006189,38.711168],[-77.1005655,38.7111561],[-77.1005451,38.7112127],[-77.1004626,38.7111952]]]}},{"type":"Feature","id":"way/707931309","properties":{"id":"way/707931309","name":null,"class":"building","building":"yes","ground_elevation_m":27.97,"height_m":7.3,"height_source":"USGS 3DEP lidar VA_NorthernVA_1_B22","height_confidence":"high","height_surveyed":true,"roof_form":"pitched","roof_spread_m":3.26,"source":"openstreetmap","source_date":"2026-09-11","confidence":"medium","surveyed":false},"geometry":{"type":"Polygon","coordinates":[[[-77.1004116,38.7114184],[-77.1004083,38.7114013],[-77.1004846,38.7113922],[-77.1004974,38.7114577],[-77.1004238,38.7114666],[-77.1004282,38.7114887],[-77.1002764,38.711507],[-77.1002625,38.7114364],[-77.1004116,38.7114184]]]}},{"type":"Feature","id":"way/707931310","properties":{"id":"way/707931310","name":null,"class":"outbuilding","building":"shed","ground_elevation_m":21.17,"height_m":3.2,"height_source":"USGS 3DEP lidar VA_NorthernVA_1_B22","height_confidence":"low","height_surveyed":false,"roof_form":"flat","roof_spread_m":0.66,"source":"openstreetmap","source_date":"2026-09-11","confidence":"medium","surveyed":false},"geometry":{"type":"Polygon","coordinates":[[[-77.1026725,38.7111857],[-77.102709,38.7111707],[-77.1027177,38.7111836],[-77.1027553,38.7111681],[-77.1027717,38.7111925],[-77.1026976,38.711223],[-77.1026725,38.7111857]]]}},{"type":"Feature","id":"way/707931311","properties":{"id":"way/707931311","name":null,"class":"building","building":"yes","ground_elevation_m":23.02,"height_m":6.1,"height_source":"USGS 3DEP lidar VA_NorthernVA_1_B22","height_confidence":"high","height_surveyed":true,"roof_form":"pitched","roof_spread_m":1.49,"source":"openstreetmap","source_date":"2026-09-11","confidence":"medium","surveyed":false},"geometry":{"type":"Polygon","coordinates":[[[-77.1013828,38.7088033],[-77.1015355,38.7087271],[-77.101627,38.7088395],[-77.1015557,38.7088751],[-77.1015389,38.7088544],[-77.1014575,38.7088951],[-77.1013828,38.7088033]]]}},{"type":"Feature","id":"way/707931312","properties":{"id":"way/707931312","name":null,"class":"building","building":"yes","ground_elevation_m":26.49,"height_m":5.1,"height_source":"USGS 3DEP lidar VA_NorthernVA_1_B22","height_confidence":"high","height_surveyed":true,"roof_form":"pitched","roof_spread_m":2.32,"source":"openstreetmap","source_date":"2026-09-11","confidence":"medium","surveyed":false},"geometry":{"type":"Polygon","coordinates":[[[-77.1017047,38.7112889],[-77.1017371,38.7112805],[-77.1017108,38.7112185],[-77.1018565,38.7111806],[-77.1018864,38.7112511],[-77.1018419,38.7112627],[-77.1018978,38.7113945],[-77.1017642,38.7114293],[-77.1017047,38.7112889]]]}},{"type":"Feature","id":"way/707931313","properties":{"id":"way/707931313","name":null,"class":"building","building":"yes","ground_elevation_m":25.59,"height_m":6.3,"height_source":"USGS 3DEP lidar VA_NorthernVA_1_B22","height_confidence":"high","height_surveyed":true,"roof_form":"pitched","roof_spread_m":3.52,"source":"openstreetmap","source_date":"2026-09-11","confidence":"medium","surveyed":false},"geometry":{"type":"Polygon","coordinates":[[[-77.1013233,38.7112713],[-77.1012933,38.7113468],[-77.1012744,38.7113429],[-77.1012534,38.7114152],[-77.1010994,38.7113795],[-77.1011196,38.7113158],[-77.101114,38.711314],[-77.101144,38.7112295],[-77.1013233,38.7112713]]]}},{"type":"Feature","id":"way/707931314","properties":{"id":"way/707931314","name":null,"class":"building","building":"yes","ground_elevation_m":25.35,"height_m":5.9,"height_source":"USGS 3DEP lidar VA_NorthernVA_1_B22","height_confidence":"high","height_surveyed":true,"roof_form":"pitched","roof_spread_m":1.52,"source":"openstreetmap","source_date":"2026-09-11","confidence":"medium","surveyed":false},"geometry":{"type":"Polygon","coordinates":[[[-77.1004852,38.7092605],[-77.1005703,38.7091319],[-77.1006782,38.7091758],[-77.1005931,38.7093043],[-77.1004852,38.7092605]]]}},{"type":"Feature","id":"way/707931315","properties":{"id":"way/707931315","name":null,"class":"outbuilding","building":"garage","ground_elevation_m":27.38,"height_m":3.8,"height_source":"USGS 3DEP lidar VA_NorthernVA_1_B22","height_confidence":"high","height_surveyed":true,"roof_form":"flat","roof_spread_m":0.88,"source":"openstreetmap","source_date":"2026-09-11","confidence":"medium","surveyed":false},"geometry":{"type":"Polygon","coordinates":[[[-77.1003405,38.7113513],[-77.1002748,38.7113992],[-77.1002178,38.7113511],[-77.1002836,38.7113032],[-77.1003405,38.7113513]]]}},{"type":"Feature","id":"way/707931316","properties":{"id":"way/707931316","name":null,"class":"building","building":"yes","ground_elevation_m":20.39,"height_m":11.2,"height_source":"USGS 3DEP lidar VA_NorthernVA_1_B22","height_confidence":"high","height_surveyed":true,"roof_form":"complex","roof_spread_m":6.12,"source":"openstreetmap","source_date":"2026-09-11","confidence":"medium","surveyed":false},"geometry":{"type":"Polygon","coordinates":[[[-77.1037585,38.7113708],[-77.1037436,38.7113723],[-77.103725,38.7113604],[-77.1037222,38.71135],[-77.1037475,38.7113155],[-77.1037193,38.7112996],[-77.103756,38.7112611],[-77.1037841,38.7112799],[-77.1038164,38.7112469],[-77.1039201,38.7113084],[-77.1039025,38.7113262],[-77.1039512,38.7113568],[-77.1039125,38.7113971],[-77.1039026,38.7113905],[-77.1038579,38.7114399],[-77.1038121,38.7114135],[-77.1038074,38.7114185],[-77.1037544,38.7113877],[-77.103766,38.7113754],[-77.1037585,38.7113708]]]}},{"type":"Feature","id":"way/707931320","properties":{"id":"way/707931320","name":null,"class":"outbuilding","building":"shed","ground_elevation_m":27.36,"height_m":3.8,"height_source":"USGS 3DEP lidar VA_NorthernVA_1_B22","height_confidence":"low","height_surveyed":false,"roof_form":"pitched","roof_spread_m":1.25,"source":"openstreetmap","source_date":"2026-09-11","confidence":"medium","surveyed":false},"geometry":{"type":"Polygon","coordinates":[[[-77.1003847,38.710563],[-77.1004063,38.7106229],[-77.1003278,38.7106402],[-77.1003062,38.7105803],[-77.1003847,38.710563]]]}},{"type":"Feature","id":"way/707931323","properties":{"id":"way/707931323","name":null,"class":"building","building":"yes","ground_elevation_m":22.2,"height_m":6.1,"height_source":"USGS 3DEP lidar VA_NorthernVA_1_B22","height_confidence":"high","height_surveyed":true,"roof_form":"pitched","roof_spread_m":1.62,"source":"openstreetmap","source_date":"2026-09-11","confidence":"medium","surveyed":false},"geometry":{"type":"Polygon","coordinates":[[[-77.1027698,38.7105349],[-77.1028896,38.7104793],[-77.1029835,38.7106034],[-77.1028637,38.710659],[-77.1027698,38.7105349]]]}},{"type":"Feature","id":"way/707931324","properties":{"id":"way/707931324","name":null,"class":"outbuilding","building":"shed","ground_elevation_m":27.35,"height_m":3.3,"height_source":"USGS 3DEP lidar VA_NorthernVA_1_B22","height_confidence":"low","height_surveyed":false,"roof_form":"flat","roof_spread_m":0.84,"source":"openstreetmap","source_date":"2026-09-11","confidence":"medium","surveyed":false},"geometry":{"type":"Polygon","coordinates":[[[-77.1004484,38.7104897],[-77.1004916,38.7104997],[-77.1004767,38.710547],[-77.1004331,38.7105386],[-77.1004484,38.7104897]]]}},{"type":"Feature","id":"way/707931325","properties":{"id":"way/707931325","name":null,"class":"building","building":"yes","ground_elevation_m":27.54,"height_m":6.5,"height_source":"USGS 3DEP lidar VA_NorthernVA_1_B22","height_confidence":"high","height_surveyed":true,"roof_form":"pitched","roof_spread_m":2.93,"source":"openstreetmap","source_date":"2026-09-11","confidence":"medium","surveyed":false},"geometry":{"type":"Polygon","coordinates":[[[-77.1007233,38.7104455],[-77.100712,38.7104445],[-77.1007287,38.7103401],[-77.1008262,38.7103497],[-77.1008098,38.7104525],[-77.1008253,38.710454],[-77.1008111,38.7105425],[-77.1007093,38.7105324],[-77.1007233,38.7104455]]]}},{"type":"Feature","id":"way/707931326","properties":{"id":"way/707931326","name":null,"class":"building","building":"yes","ground_elevation_m":24.9,"height_m":9.2,"height_source":"USGS 3DEP lidar VA_NorthernVA_1_B22","height_confidence":"high","height_surveyed":true,"roof_form":"pitched","roof_spread_m":4.22,"source":"openstreetmap","source_date":"2026-09-11","confidence":"medium","surveyed":false},"geometry":{"type":"Polygon","coordinates":[[[-77.1014484,38.7105932],[-77.1014852,38.7106015],[-77.1015068,38.7105426],[-77.1015972,38.710563],[-77.1015723,38.7106308],[-77.1016176,38.710641],[-77.1015867,38.7107252],[-77.1015125,38.7107085],[-77.1015015,38.7107386],[-77.1014032,38.7107165],[-77.1014484,38.7105932]]]}},{"type":"Feature","id":"way/707931329","properties":{"id":"way/707931329","name":null,"class":"building","building":"yes","ground_elevation_m":25.31,"height_m":7.7,"height_source":"USGS 3DEP lidar VA_NorthernVA_1_B22","height_confidence":"high","height_surveyed":true,"roof_form":"pitched","roof_spread_m":3.85,"source":"openstreetmap","source_date":"2026-09-11","confidence":"medium","surveyed":false},"geometry":{"type":"Polygon","coordinates":[[[-77.1021725,38.710905],[-77.1022151,38.7109975],[-77.1021307,38.7110216],[-77.1021357,38.711031],[-77.1020796,38.711049],[-77.1020732,38.7110367],[-77.1019755,38.7110674],[-77.1019517,38.711021],[-77.1019714,38.7110148],[-77.1019339,38.710942],[-77.1020349,38.7109105],[-77.1020493,38.7109388],[-77.1021725,38.710905]]]}},{"type":"Feature","id":"way/707931330","properties":{"id":"way/707931330","name":null,"class":"building","building":"yes","ground_elevation_m":25.87,"height_m":8.1,"height_source":"USGS 3DEP lidar VA_NorthernVA_1_B22","height_confidence":"high","height_surveyed":true,"roof_form":"pitched","roof_spread_m":3.26,"source":"openstreetmap","source_date":"2026-09-11","confidence":"medium","surveyed":false},"geometry":{"type":"Polygon","coordinates":[[[-77.101265,38.7109526],[-77.1013206,38.7109104],[-77.1012755,38.7108739],[-77.1013378,38.7108267],[-77.1014683,38.7109325],[-77.1014165,38.7109718],[-77.1014425,38.7109928],[-77.1013817,38.7110389],[-77.1013564,38.7110184],[-77.10131,38.7110536],[-77.1012325,38.7109908],[-77.1012737,38.7109596],[-77.101265,38.7109526]]]}},{"type":"Feature","id":"way/707931332","properties":{"id":"way/707931332","name":null,"class":"building","building":"yes","ground_elevation_m":26.71,"height_m":6.1,"height_source":"USGS 3DEP lidar VA_NorthernVA_1_B22","height_confidence":"high","height_surveyed":true,"roof_form":"pitched","roof_spread_m":1.6,"source":"openstreetmap","source_date":"2026-09-11","confidence":"medium","surveyed":false},"geometry":{"type":"Polygon","coordinates":[[[-77.1003715,38.7095616],[-77.1004257,38.7094217],[-77.1005586,38.7094533],[-77.1005043,38.7095932],[-77.1003715,38.7095616]]]}},{"type":"Feature","id":"way/707931338","properties":{"id":"way/707931338","name":null,"class":"building","building":"yes","ground_elevation_m":27.59,"height_m":7.0,"height_source":"USGS 3DEP lidar VA_NorthernVA_1_B22","height_confidence":"high","height_surveyed":true,"roof_form":"pitched","roof_spread_m":3.43,"source":"openstreetmap","source_date":"2026-09-11","confidence":"medium","surveyed":false},"geometry":{"type":"Polygon","coordinates":[[[-77.1010634,38.7100517],[-77.1009973,38.7100787],[-77.1010165,38.7101075],[-77.1008797,38.7101632],[-77.1008281,38.7100855],[-77.100962,38.7100309],[-77.1009537,38.7100186],[-77.1010227,38.7099904],[-77.1010634,38.7100517]]]}},{"type":"Feature","id":"way/707931339","properties":{"id":"way/707931339","name":null,"class":"building","building":"yes","ground_elevation_m":28.2,"height_m":7.2,"height_source":"USGS 3DEP lidar VA_NorthernVA_1_B22","height_confidence":"high","height_surveyed":true,"roof_form":"pitched","roof_spread_m":3.62,"source":"openstreetmap","source_date":"2026-09-11","confidence":"medium","surveyed":false},"geometry":{"type":"Polygon","coordinates":[[[-77.1002992,38.7099714],[-77.1002766,38.710027],[-77.1002957,38.7100317],[-77.1002873,38.7100523],[-77.1003228,38.7100612],[-77.1003006,38.7101158],[-77.1002724,38.7101088],[-77.1002551,38.7101513],[-77.1001509,38.7101253],[-77.1001702,38.7100778],[-77.1001657,38.7100767],[-77.1002168,38.7099508],[-77.1002992,38.7099714]]]}},{"type":"Feature","id":"way/707931349","properties":{"id":"way/707931349","name":null,"class":"building","building":"yes","ground_elevation_m":27.41,"height_m":7.4,"height_source":"USGS 3DEP lidar VA_NorthernVA_1_B22","height_confidence":"high","height_surveyed":true,"roof_form":"pitched","roof_spread_m":3.78,"source":"openstreetmap","source_date":"2026-09-11","confidence":"medium","surveyed":false},"geometry":{"type":"Polygon","coordinates":[[[-77.1013371,38.7095529],[-77.1014485,38.7095066],[-77.1014923,38.70957],[-77.1015032,38.7095655],[-77.1015302,38.7096052],[-77.1015168,38.7096108],[-77.1015576,38.7096735],[-77.1014494,38.7097178],[-77.1013371,38.7095529]]]}},{"type":"Feature","id":"way/707931350","properties":{"id":"way/707931350","name":null,"class":"building","building":"yes","ground_elevation_m":22.89,"height_m":6.3,"height_source":"USGS 3DEP lidar VA_NorthernVA_1_B22","height_confidence":"high","height_surveyed":true,"roof_form":"pitched","roof_spread_m":1.46,"source":"openstreetmap","source_date":"2026-09-11","confidence":"medium","surveyed":false},"geometry":{"type":"Polygon","coordinates":[[[-77.1001799,38.708084],[-77.1002414,38.7079846],[-77.1004067,38.7080474],[-77.1003453,38.7081468],[-77.1001799,38.708084]]]}},{"type":"Feature","id":"way/707931354","properties":{"id":"way/707931354","name":null,"class":"building","building":"yes","ground_elevation_m":24.25,"height_m":3.8,"height_source":"USGS 3DEP lidar VA_NorthernVA_1_B22","height_confidence":"low","height_surveyed":false,"roof_form":"flat","roof_spread_m":1.1,"source":"openstreetmap","source_date":"2026-09-11","confidence":"medium","surveyed":false},"geometry":{"type":"Polygon","coordinates":[[[-77.1013159,38.7088424],[-77.1013887,38.7089282],[-77.1013139,38.7089671],[-77.1012411,38.7088814],[-77.1013159,38.7088424]]]}},{"type":"Feature","id":"way/707931355","properties":{"id":"way/707931355","name":null,"class":"outbuilding","building":"shed","ground_elevation_m":27.28,"height_m":2.8,"height_source":"USGS 3DEP lidar VA_NorthernVA_1_B22","height_confidence":"low","height_surveyed":false,"roof_form":"flat","roof_spread_m":0.39,"source":"openstreetmap","source_date":"2026-09-11","confidence":"medium","surveyed":false},"geometry":{"type":"Polygon","coordinates":[[[-77.1007494,38.7097403],[-77.1007689,38.7097832],[-77.1007287,38.7097943],[-77.1007092,38.7097513],[-77.1007494,38.7097403]]]}},{"type":"Feature","id":"way/707931356","properties":{"id":"way/707931356","name":null,"class":"building","building":"yes","ground_elevation_m":19.9,"height_m":5.6,"height_source":"USGS 3DEP lidar VA_NorthernVA_1_B22","height_confidence":"high","height_surveyed":true,"roof_form":"pitched","roof_spread_m":1.57,"source":"openstreetmap","source_date":"2026-09-11","confidence":"medium","surveyed":false},"geometry":{"type":"Polygon","coordinates":[[[-77.1004244,38.7085447],[-77.1005027,38.7086295],[-77.100343,38.70872],[-77.1002647,38.7086352],[-77.1004244,38.7085447]]]}},{"type":"Feature","id":"way/707931358","properties":{"id":"way/707931358","name":null,"class":"building","building":"yes","ground_elevation_m":26.8,"height_m":6.4,"height_source":"USGS 3DEP lidar VA_NorthernVA_1_B22","height_confidence":"high","height_surveyed":true,"roof_form":"pitched","roof_spread_m":1.83,"source":"openstreetmap","source_date":"2026-09-11","confidence":"medium","surveyed":false},"geometry":{"type":"Polygon","coordinates":[[[-77.1013572,38.7099599],[-77.1015434,38.7100237],[-77.1014951,38.7101101],[-77.1013953,38.710076],[-77.1013977,38.7100718],[-77.1013113,38.7100422],[-77.1013572,38.7099599]]]}},{"type":"Feature","id":"way/707931360","properties":{"id":"way/707931360","name":null,"class":"building","building":"yes","ground_elevation_m":22.53,"height_m":6.4,"height_source":"USGS 3DEP lidar VA_NorthernVA_1_B22","height_confidence":"high","height_surveyed":true,"roof_form":"pitched","roof_spread_m":1.5,"source":"openstreetmap","source_date":"2026-09-11","confidence":"medium","surveyed":false},"geometry":{"type":"Polygon","coordinates":[[[-77.1025031,38.7109482],[-77.1026137,38.7110665],[-77.1025049,38.7111289],[-77.1023944,38.7110106],[-77.1025031,38.7109482]]]}},{"type":"Feature","id":"way/707931393","properties":{"id":"way/707931393","name":null,"class":"building","building":"yes","ground_elevation_m":24.5,"height_m":6.3,"height_source":"USGS 3DEP lidar VA_NorthernVA_1_B22","height_confidence":"high","height_surveyed":true,"roof_form":"pitched","roof_spread_m":1.51,"source":"openstreetmap","source_date":"2026-09-11","confidence":"medium","surveyed":false},"geometry":{"type":"Polygon","coordinates":[[[-77.1023721,38.7099851],[-77.1024793,38.7099361],[-77.1025693,38.7100571],[-77.102462,38.7101061],[-77.1023721,38.7099851]]]}},{"type":"Feature","id":"way/707931394","properties":{"id":"way/707931394","name":null,"class":"building","building":"yes","ground_elevation_m":24.96,"height_m":6.3,"height_source":"USGS 3DEP lidar VA_NorthernVA_1_B22","height_confidence":"high","height_surveyed":true,"roof_form":"pitched","roof_spread_m":3.4,"source":"openstreetmap","source_date":"2026-09-11","confidence":"medium","surveyed":false},"geometry":{"type":"Polygon","coordinates":[[[-77.1020337,38.7096201],[-77.1020872,38.7095801],[-77.1021242,38.7096106],[-77.102174,38.709577],[-77.1022959,38.7096767],[-77.1022438,38.7097189],[-77.1023044,38.7097644],[-77.1022315,38.7098177],[-77.1021696,38.7097656],[-77.1021915,38.7097498],[-77.1020337,38.7096201]]]}},{"type":"Feature","id":"way/707931395","properties":{"id":"way/707931395","name":null,"class":"building","building":"yes","ground_elevation_m":26.25,"height_m":7.5,"height_source":"USGS 3DEP lidar VA_NorthernVA_1_B22","height_confidence":"high","height_surveyed":true,"roof_form":"pitched","roof_spread_m":3.71,"source":"openstreetmap","source_date":"2026-09-11","confidence":"medium","surveyed":false},"geometry":{"type":"Polygon","coordinates":[[[-77.1017212,38.7097164],[-77.1018691,38.7097167],[-77.101869,38.7097263],[-77.1019148,38.7097264],[-77.1019144,38.7098095],[-77.1017638,38.7098091],[-77.1017638,38.7097963],[-77.1017209,38.7097961],[-77.1017212,38.7097164]]]}},{"type":"Feature","id":"way/707931472","properties":{"id":"way/707931472","name":null,"class":"building","building":"yes","ground_elevation_m":9.28,"height_m":6.8,"height_source":"USGS 3DEP lidar VA_NorthernVA_1_B22","height_confidence":"high","height_surveyed":true,"roof_form":"pitched","roof_spread_m":3.3,"source":"openstreetmap","source_date":"2026-09-11","confidence":"medium","surveyed":false},"geometry":{"type":"Polygon","coordinates":[[[-77.0832431,38.7191668],[-77.0832734,38.7191459],[-77.0831753,38.7190589],[-77.0832732,38.7189911],[-77.0833698,38.7190768],[-77.0833523,38.7190889],[-77.083416,38.7191453],[-77.0833053,38.719222],[-77.0832431,38.7191668]]]}},{"type":"Feature","id":"way/707931473","properties":{"id":"way/707931473","name":null,"class":"building","building":"yes","ground_elevation_m":7.76,"height_m":4.5,"height_source":"USGS 3DEP lidar VA_NorthernVA_1_B22","height_confidence":"high","height_surveyed":true,"roof_form":"pitched","roof_spread_m":1.22,"source":"openstreetmap","source_date":"2026-09-11","confidence":"medium","surveyed":false},"geometry":{"type":"Polygon","coordinates":[[[-77.084151,38.7190762],[-77.0841785,38.7189963],[-77.0843616,38.7190349],[-77.0843688,38.7190142],[-77.0844571,38.7190328],[-77.0844191,38.7191435],[-77.0843303,38.7191247],[-77.0843337,38.7191148],[-77.084151,38.7190762]]]}},{"type":"Feature","id":"way/707931474","properties":{"id":"way/707931474","name":null,"class":"building","building":"yes","ground_elevation_m":9.21,"height_m":7.2,"height_source":"USGS 3DEP lidar VA_NorthernVA_1_B22","height_confidence":"high","height_surveyed":true,"roof_form":"pitched","roof_spread_m":3.23,"source":"openstreetmap","source_date":"2026-09-11","confidence":"medium","surveyed":false},"geometry":{"type":"Polygon","coordinates":[[[-77.0842849,38.7184308],[-77.0843245,38.7184229],[-77.0842868,38.718307],[-77.084406,38.7182831],[-77.0844414,38.718392],[-77.0844254,38.7183951],[-77.0844487,38.7184666],[-77.0843058,38.7184951],[-77.0842849,38.7184308]]]}},{"type":"Feature","id":"way/707931475","properties":{"id":"way/707931475","name":null,"class":"building","building":"yes","ground_elevation_m":28.15,"height_m":5.3,"height_source":"USGS 3DEP lidar VA_NorthernVA_1_B22","height_confidence":"high","height_surveyed":true,"roof_form":"flat","roof_spread_m":1.12,"source":"openstreetmap","source_date":"2026-09-11","confidence":"medium","surveyed":false},"geometry":{"type":"Polygon","coordinates":[[[-77.0899073,38.7172803],[-77.0898924,38.7172775],[-77.0899125,38.7172129],[-77.0900559,38.7172403],[-77.0900349,38.7173078],[-77.0900098,38.717303],[-77.0899906,38.7173644],[-77.0900626,38.7173782],[-77.0900447,38.7174357],[-77.0898693,38.7174022],[-77.0899073,38.7172803]]]}},{"type":"Feature","id":"way/707931476","properties":{"id":"way/707931476","name":null,"class":"building","building":"yes","ground_elevation_m":20.15,"height_m":4.6,"height_source":"USGS 3DEP lidar VA_NorthernVA_1_B22","height_confidence":"high","height_surveyed":true,"roof_form":"flat","roof_spread_m":0.63,"source":"openstreetmap","source_date":"2026-09-11","confidence":"medium","surveyed":false},"geometry":{"type":"Polygon","coordinates":[[[-77.0851132,38.7173082],[-77.0851391,38.7172984],[-77.0851244,38.7172744],[-77.0851055,38.7172815],[-77.085067,38.7172186],[-77.0851063,38.7172038],[-77.0850911,38.7171789],[-77.0851597,38.7171531],[-77.0851779,38.7171829],[-77.0852066,38.7171722],[-77.0852413,38.7172289],[-77.0851992,38.7172448],[-77.0852177,38.7172749],[-77.0852547,38.717261],[-77.0852918,38.7173215],[-77.0851532,38.7173736],[-77.0851132,38.7173082]]]}},{"type":"Feature","id":"way/707931477","properties":{"id":"way/707931477","name":null,"class":"building","building":"yes","ground_elevation_m":11.47,"height_m":5.6,"height_source":"USGS 3DEP lidar VA_NorthernVA_1_B22","height_confidence":"high","height_surveyed":true,"roof_form":"flat","roof_spread_m":1.05,"source":"openstreetmap","source_date":"2026-09-11","confidence":"medium","surveyed":false},"geometry":{"type":"Polygon","coordinates":[[[-77.0852926,38.7184398],[-77.0853801,38.7184973],[-77.0852773,38.7185933],[-77.0852976,38.7186067],[-77.0852373,38.7186631],[-77.0851256,38.7185896],[-77.085194,38.7185257],[-77.0851698,38.7185098],[-77.0852132,38.7184693],[-77.0852412,38.7184878],[-77.0852926,38.7184398]]]}},{"type":"Feature","id":"way/707931478","properties":{"id":"way/707931478","name":null,"class":"building","building":"yes","ground_elevation_m":22.73,"height_m":4.3,"height_source":"USGS 3DEP lidar VA_NorthernVA_1_B22","height_confidence":"high","height_surveyed":true,"roof_form":"flat","roof_spread_m":0.55,"source":"openstreetmap","source_date":"2026-09-11","confidence":"medium","surveyed":false},"geometry":{"type":"Polygon","coordinates":[[[-77.0884172,38.7185548],[-77.0884118,38.7185745],[-77.0884475,38.7185817],[-77.0884542,38.7185612],[-77.0885364,38.7185777],[-77.0884973,38.7186972],[-77.088416,38.7186808],[-77.0884262,38.7186497],[-77.0883877,38.718642],[-77.0883787,38.7186694],[-77.088296,38.7186528],[-77.0883335,38.718538],[-77.0884172,38.7185548]]]}},{"type":"Feature","id":"way/707931479","properties":{"id":"way/707931479","name":null,"class":"building","building":"yes","ground_elevation_m":29.26,"height_m":5.1,"height_source":"USGS 3DEP lidar VA_NorthernVA_1_B22","height_confidence":"high","height_surveyed":true,"roof_form":"flat","roof_spread_m":0.56,"source":"openstreetmap","source_date":"2026-09-11","confidence":"medium","surveyed":false},"geometry":{"type":"Polygon","coordinates":[[[-77.0911183,38.7186555],[-77.0911094,38.7187232],[-77.091086,38.7187213],[-77.0910822,38.7187502],[-77.0911073,38.7187522],[-77.0910982,38.7188208],[-77.0909463,38.7188084],[-77.0909551,38.7187422],[-77.0909945,38.7187454],[-77.0909986,38.718714],[-77.0909244,38.718708],[-77.0909334,38.7186404],[-77.0911183,38.7186555]]]}},{"type":"Feature","id":"way/707931480","properties":{"id":"way/707931480","name":null,"class":"building","building":"yes","ground_elevation_m":7.96,"height_m":5.8,"height_source":"USGS 3DEP lidar VA_NorthernVA_1_B22","height_confidence":"high","height_surveyed":true,"roof_form":"flat","roof_spread_m":0.54,"source":"openstreetmap","source_date":"2026-09-11","confidence":"medium","surveyed":false},"geometry":{"type":"Polygon","coordinates":[[[-77.0845608,38.7185982],[-77.0846879,38.7185391],[-77.0847926,38.7186771],[-77.0846666,38.7187358],[-77.0846302,38.7186878],[-77.0846888,38.7186605],[-77.0846569,38.7186185],[-77.0845972,38.7186463],[-77.0845608,38.7185982]]]}},{"type":"Feature","id":"way/707931481","properties":{"id":"way/707931481","name":null,"class":"building","building":"yes","ground_elevation_m":14.57,"height_m":5.3,"height_source":"USGS 3DEP lidar VA_NorthernVA_1_B22","height_confidence":"high","height_surveyed":true,"roof_form":"flat","roof_spread_m":0.79,"source":"openstreetmap","source_date":"2026-09-11","confidence":"medium","surveyed":false},"geometry":{"type":"Polygon","coordinates":[[[-77.0859375,38.7184608],[-77.0860484,38.7184524],[-77.0860681,38.7186131],[-77.0859572,38.7186214],[-77.0859375,38.7184608]]]}},{"type":"Feature","id":"way/707931482","properties":{"id":"way/707931482","name":null,"class":"building","building":"yes","ground_elevation_m":9.38,"height_m":7.0,"height_source":"USGS 3DEP lidar VA_NorthernVA_1_B22","height_confidence":"high","height_surveyed":true,"roof_form":"pitched","roof_spread_m":3.29,"source":"openstreetmap","source_date":"2026-09-11","confidence":"medium","surveyed":false},"geometry":{"type":"Polygon","coordinates":[[[-77.0840211,38.7179086],[-77.0840318,38.7179191],[-77.0841018,38.7178749],[-77.084194,38.7179646],[-77.0841238,38.7180089],[-77.0840971,38.717983],[-77.0839797,38.7180571],[-77.0839035,38.7179829],[-77.0840211,38.7179086]]]}},{"type":"Feature","id":"way/707931483","properties":{"id":"way/707931483","name":null,"class":"building","building":"yes","ground_elevation_m":12.65,"height_m":6.6,"height_source":"USGS 3DEP lidar VA_NorthernVA_1_B22","height_confidence":"high","height_surveyed":true,"roof_form":"pitched","roof_spread_m":3.25,"source":"openstreetmap","source_date":"2026-09-11","confidence":"medium","surveyed":false},"geometry":{"type":"Polygon","coordinates":[[[-77.0858794,38.7186867],[-77.0860213,38.7186909],[-77.0860175,38.7187684],[-77.08604,38.7187691],[-77.0860346,38.718881],[-77.0859103,38.7188773],[-77.0859157,38.7187656],[-77.0859331,38.7187661],[-77.0859335,38.718759],[-77.0858759,38.7187573],[-77.0858794,38.7186867]]]}},{"type":"Feature","id":"way/707931484","properties":{"id":"way/707931484","name":null,"class":"building","building":"yes","ground_elevation_m":8.74,"height_m":5.7,"height_source":"USGS 3DEP lidar VA_NorthernVA_1_B22","height_confidence":"high","height_surveyed":true,"roof_form":"flat","roof_spread_m":0.56,"source":"openstreetmap","source_date":"2026-09-11","confidence":"medium","surveyed":false},"geometry":{"type":"Polygon","coordinates":[[[-77.083361,38.7181385],[-77.0833628,38.7181626],[-77.0834008,38.7181608],[-77.0833989,38.7181366],[-77.0834882,38.7181324],[-77.0834975,38.7182529],[-77.0834121,38.718257],[-77.0834098,38.7182268],[-77.0833693,38.7182288],[-77.0833717,38.7182598],[-77.0832863,38.7182639],[-77.0832769,38.7181425],[-77.083361,38.7181385]]]}},{"type":"Feature","id":"way/707931485","properties":{"id":"way/707931485","name":null,"class":"building","building":"yes","ground_elevation_m":27.72,"height_m":6.8,"height_source":"USGS 3DEP lidar VA_NorthernVA_1_B22","height_confidence":"high","height_surveyed":true,"roof_form":"pitched","roof_spread_m":3.37,"source":"openstreetmap","source_date":"2026-09-11","confidence":"medium","surveyed":false},"geometry":{"type":"Polygon","coordinates":[[[-77.0911393,38.7173305],[-77.0911345,38.7173249],[-77.0912543,38.7172624],[-77.0913222,38.7173422],[-77.091192,38.7174101],[-77.091213,38.7174347],[-77.0911393,38.7174732],[-77.0910553,38.7173744],[-77.0911393,38.7173305]]]}},{"type":"Feature","id":"way/707931486","properties":{"id":"way/707931486","name":null,"class":"building","building":"yes","ground_elevation_m":8.0,"height_m":5.1,"height_source":"USGS 3DEP lidar VA_NorthernVA_1_B22","height_confidence":"high","height_surveyed":true,"roof_form":"flat","roof_spread_m":0.7,"source":"openstreetmap","source_date":"2026-09-11","confidence":"medium","surveyed":false},"geometry":{"type":"Polygon","coordinates":[[[-77.0830128,38.7188326],[-77.0830533,38.7187871],[-77.0830714,38.718797],[-77.0831103,38.7187586],[-77.0830851,38.7187429],[-77.0831236,38.7187048],[-77.0831351,38.718712],[-77.0831523,38.718695],[-77.0831725,38.7187076],[-77.0831623,38.7187177],[-77.0832476,38.7187657],[-77.0831304,38.718897],[-77.0830128,38.7188326]]]}},{"type":"Feature","id":"way/707931487","properties":{"id":"way/707931487","name":null,"class":"building","building":"yes","ground_elevation_m":10.78,"height_m":5.0,"height_source":"USGS 3DEP lidar VA_NorthernVA_1_B22","height_confidence":"high","height_surveyed":true,"roof_form":"flat","roof_spread_m":0.6,"source":"openstreetmap","source_date":"2026-09-11","confidence":"medium","surveyed":false},"geometry":{"type":"Polygon","coordinates":[[[-77.0853369,38.7188664],[-77.0853573,38.7188545],[-77.0853355,38.7188315],[-77.0853155,38.7188431],[-77.0852621,38.7187866],[-77.0853856,38.7187149],[-77.0854388,38.7187712],[-77.0854073,38.7187895],[-77.0854303,38.7188138],[-77.0854619,38.7187955],[-77.085515,38.7188516],[-77.085391,38.7189236],[-77.0853369,38.7188664]]]}},{"type":"Feature","id":"way/707931488","properties":{"id":"way/707931488","name":null,"class":"building","building":"yes","ground_elevation_m":24.92,"height_m":7.2,"height_source":"USGS 3DEP lidar VA_NorthernVA_1_B22","height_confidence":"high","height_surveyed":true,"roof_form":"pitched","roof_spread_m":3.39,"source":"openstreetmap","source_date":"2026-09-11","confidence":"medium","surveyed":false},"geometry":{"type":"Polygon","coordinates":[[[-77.0880861,38.7188218],[-77.0880693,38.7188133],[-77.0881453,38.7187218],[-77.088252,38.7187761],[-77.0881728,38.7188714],[-77.0882033,38.7188869],[-77.088155,38.7189451],[-77.0880347,38.7188838],[-77.0880861,38.7188218]]]}},{"type":"Feature","id":"way/707931489","properties":{"id":"way/707931489","name":null,"class":"building","building":"yes","ground_elevation_m":9.21,"height_m":6.9,"height_source":"USGS 3DEP lidar VA_NorthernVA_1_B22","height_confidence":"high","height_surveyed":true,"roof_form":"pitched","roof_spread_m":3.32,"source":"openstreetmap","source_date":"2026-09-11","confidence":"medium","surveyed":false},"geometry":{"type":"Polygon","coordinates":[[[-77.0835229,38.7185882],[-77.0835976,38.7187251],[-77.08352,38.7187511],[-77.08351,38.7187329],[-77.0833606,38.718783],[-77.083313,38.7186957],[-77.0834641,38.7186451],[-77.0834469,38.7186137],[-77.0835229,38.7185882]]]}},{"type":"Feature","id":"way/707931490","properties":{"id":"way/707931490","name":null,"class":"building","building":"yes","ground_elevation_m":25.24,"height_m":5.4,"height_source":"USGS 3DEP lidar VA_NorthernVA_1_B22","height_confidence":"high","height_surveyed":true,"roof_form":"pitched","roof_spread_m":1.29,"source":"openstreetmap","source_date":"2026-09-11","confidence":"medium","surveyed":false},"geometry":{"type":"Polygon","coordinates":[[[-77.0886188,38.7191007],[-77.0887075,38.7190019],[-77.0886781,38.7189857],[-77.0887332,38.7189244],[-77.0888542,38.7189911],[-77.0887104,38.7191512],[-77.0886188,38.7191007]]]}},{"type":"Feature","id":"way/707931491","properties":{"id":"way/707931491","name":null,"class":"building","building":"yes","ground_elevation_m":30.37,"height_m":6.9,"height_source":"USGS 3DEP lidar VA_NorthernVA_1_B22","height_confidence":"high","height_surveyed":true,"roof_form":"pitched","roof_spread_m":3.28,"source":"openstreetmap","source_date":"2026-09-11","confidence":"medium","surveyed":false},"geometry":{"type":"Polygon","coordinates":[[[-77.0870535,38.7177248],[-77.0870899,38.7177376],[-77.0871523,38.7176287],[-77.0872652,38.7176684],[-77.0872062,38.7177714],[-77.087164,38.7177566],[-77.087157,38.7177687],[-77.0871807,38.717777],[-77.0871489,38.7178324],[-77.0870182,38.7177864],[-77.0870535,38.7177248]]]}},{"type":"Feature","id":"way/707931492","properties":{"id":"way/707931492","name":null,"class":"building","building":"yes","ground_elevation_m":28.93,"height_m":4.6,"height_source":"USGS 3DEP lidar VA_NorthernVA_1_B22","height_confidence":"high","height_surveyed":true,"roof_form":"flat","roof_spread_m":0.88,"source":"openstreetmap","source_date":"2026-09-11","confidence":"medium","surveyed":false},"geometry":{"type":"Polygon","coordinates":[[[-77.0900257,38.7177487],[-77.0901022,38.7176832],[-77.0902535,38.7177916],[-77.0901769,38.7178571],[-77.0900257,38.7177487]]]}},{"type":"Feature","id":"way/707931493","properties":{"id":"way/707931493","name":null,"class":"building","building":"yes","ground_elevation_m":11.36,"height_m":5.7,"height_source":"USGS 3DEP lidar VA_NorthernVA_1_B22","height_confidence":"high","height_surveyed":true,"roof_form":"pitched","roof_spread_m":1.25,"source":"openstreetmap","source_date":"2026-09-11","confidence":"medium","surveyed":false},"geometry":{"type":"Polygon","coordinates":[[[-77.0847748,38.7181422],[-77.0848311,38.7182158],[-77.084697,38.7182787],[-77.0847029,38.7182863],[-77.0846237,38.7183234],[-77.0845481,38.7182245],[-77.0846267,38.7181877],[-77.0846402,38.7182053],[-77.0847748,38.7181422]]]}},{"type":"Feature","id":"way/707931494","properties":{"id":"way/707931494","name":null,"class":"building","building":"yes","ground_elevation_m":29.25,"height_m":4.1,"height_source":"USGS 3DEP lidar VA_NorthernVA_1_B22","height_confidence":"high","height_surveyed":true,"roof_form":"flat","roof_spread_m":1.19,"source":"openstreetmap","source_date":"2026-09-11","confidence":"medium","surveyed":false},"geometry":{"type":"Polygon","coordinates":[[[-77.0864261,38.7182292],[-77.0864137,38.7182356],[-77.0863647,38.7181772],[-77.0864848,38.7181155],[-77.0865332,38.7181732],[-77.086518,38.718181],[-77.086605,38.718285],[-77.0865126,38.7183325],[-77.0864261,38.7182292]]]}},{"type":"Feature","id":"way/707931495","properties":{"id":"way/707931495","name":null,"class":"building","building":"yes","ground_elevation_m":15.89,"height_m":4.8,"height_source":"USGS 3DEP lidar VA_NorthernVA_1_B22","height_confidence":"high","height_surveyed":true,"roof_form":"flat","roof_spread_m":0.56,"source":"openstreetmap","source_date":"2026-09-11","confidence":"medium","surveyed":false},"geometry":{"type":"Polygon","coordinates":[[[-77.0849866,38.7175563],[-77.084833,38.7175617],[-77.0848291,38.7174929],[-77.0848526,38.7174921],[-77.0848511,38.7174645],[-77.0848189,38.7174656],[-77.0848151,38.7173978],[-77.0849787,38.717392],[-77.0849824,38.717456],[-77.0849378,38.7174575],[-77.0849397,38.7174908],[-77.0849827,38.7174893],[-77.0849866,38.7175563]]]}},{"type":"Feature","id":"way/707931496","properties":{"id":"way/707931496","name":null,"class":"building","building":"yes","ground_elevation_m":13.25,"height_m":5.5,"height_source":"USGS 3DEP lidar VA_NorthernVA_1_B22","height_confidence":"high","height_surveyed":true,"roof_form":"flat","roof_spread_m":0.79,"source":"openstreetmap","source_date":"2026-09-11","confidence":"medium","surveyed":false},"geometry":{"type":"Polygon","coordinates":[[[-77.0859779,38.7191707],[-77.0859147,38.7190179],[-77.0860224,38.7189905],[-77.0860859,38.7191438],[-77.0859779,38.7191707]]]}},{"type":"Feature","id":"way/707931497","properties":{"id":"way/707931497","name":null,"class":"building","building":"yes","ground_elevation_m":7.16,"height_m":7.0,"height_source":"USGS 3DEP lidar VA_NorthernVA_1_B22","height_confidence":"high","height_surveyed":true,"roof_form":"pitched","roof_spread_m":3.33,"source":"openstreetmap","source_date":"2026-09-11","confidence":"medium","surveyed":false},"geometry":{"type":"Polygon","coordinates":[[[-77.0847774,38.7193816],[-77.0847728,38.7193684],[-77.0849021,38.7193403],[-77.0849352,38.7194339],[-77.0847981,38.7194637],[-77.0847932,38.7194498],[-77.0847828,38.7194521],[-77.0847978,38.7194945],[-77.0847131,38.7195129],[-77.0846745,38.7194039],[-77.0847774,38.7193816]]]}},{"type":"Feature","id":"way/707931498","properties":{"id":"way/707931498","name":null,"class":"building","building":"yes","ground_elevation_m":9.11,"height_m":6.8,"height_source":"USGS 3DEP lidar VA_NorthernVA_1_B22","height_confidence":"high","height_surveyed":true,"roof_form":"pitched","roof_spread_m":3.3,"source":"openstreetmap","source_date":"2026-09-11","confidence":"medium","surveyed":false},"geometry":{"type":"Polygon","coordinates":[[[-77.0836578,38.7194611],[-77.0837078,38.7193564],[-77.0837997,38.7193834],[-77.0838069,38.7193683],[-77.083941,38.7194076],[-77.083896,38.7195019],[-77.0837626,38.7194628],[-77.0837685,38.7194504],[-77.0837585,38.7194475],[-77.0837405,38.7194853],[-77.0836578,38.7194611]]]}},{"type":"Feature","id":"way/707931499","properties":{"id":"way/707931499","name":null,"class":"building","building":"yes","ground_elevation_m":25.28,"height_m":5.2,"height_source":"USGS 3DEP lidar VA_NorthernVA_1_B22","height_confidence":"high","height_surveyed":true,"roof_form":"flat","roof_spread_m":1.2,"source":"openstreetmap","source_date":"2026-09-11","confidence":"medium","surveyed":false},"geometry":{"type":"Polygon","coordinates":[[[-77.0880322,38.7189551],[-77.0880905,38.7190287],[-77.0879591,38.7190925],[-77.0879715,38.7191082],[-77.0878922,38.7191467],[-77.0878155,38.7190498],[-77.0878912,38.7190131],[-77.0878972,38.7190206],[-77.0880322,38.7189551]]]}},{"type":"Feature","id":"way/707931500","properties":{"id":"way/707931500","name":null,"class":"building","building":"yes","ground_elevation_m":27.29,"height_m":5.4,"height_source":"USGS 3DEP lidar VA_NorthernVA_1_B22","height_confidence":"high","height_surveyed":true,"roof_form":"flat","roof_spread_m":1.16,"source":"openstreetmap","source_date":"2026-09-11","confidence":"medium","surveyed":false},"geometry":{"type":"Polygon","coordinates":[[[-77.0899549,38.7182839],[-77.0899579,38.7182944],[-77.0901101,38.7182677],[-77.0901334,38.7183491],[-77.0899817,38.7183757],[-77.0899874,38.7183958],[-77.0899008,38.718411],[-77.0898688,38.7182989],[-77.0899549,38.7182839]]]}},{"type":"Feature","id":"way/707931501","properties":{"id":"way/707931501","name":null,"class":"building","building":"yes","ground_elevation_m":23.68,"height_m":4.9,"height_source":"USGS 3DEP lidar VA_NorthernVA_1_B22","height_confidence":"high","height_surveyed":true,"roof_form":"flat","roof_spread_m":1.15,"source":"openstreetmap","source_date":"2026-09-11","confidence":"medium","surveyed":false},"geometry":{"type":"Polygon","coordinates":[[[-77.0889203,38.718498],[-77.0887803,38.718547],[-77.0887915,38.7185681],[-77.0887052,38.7185962],[-77.0886476,38.718488],[-77.0887291,38.7184614],[-77.0887336,38.7184699],[-77.0888801,38.7184222],[-77.0889203,38.718498]]]}},{"type":"Feature","id":"way/707931502","properties":{"id":"way/707931502","name":null,"class":"building","building":"yes","ground_elevation_m":8.17,"height_m":6.0,"height_source":"USGS 3DEP lidar VA_NorthernVA_1_B22","height_confidence":"high","height_surveyed":true,"roof_form":"pitched","roof_spread_m":1.31,"source":"openstreetmap","source_date":"2026-09-11","confidence":"medium","surveyed":false},"geometry":{"type":"Polygon","coordinates":[[[-77.0849771,38.7192635],[-77.085147,38.7191932],[-77.0851316,38.7191704],[-77.0851886,38.7191468],[-77.0852579,38.7192496],[-77.0851146,38.7193089],[-77.0851285,38.7193296],[-77.0850449,38.7193642],[-77.0849771,38.7192635]]]}},{"type":"Feature","id":"way/707931503","properties":{"id":"way/707931503","name":null,"class":"building","building":"yes","ground_elevation_m":7.87,"height_m":7.4,"height_source":"USGS 3DEP lidar VA_NorthernVA_1_B22","height_confidence":"high","height_surveyed":true,"roof_form":"pitched","roof_spread_m":3.32,"source":"openstreetmap","source_date":"2026-09-11","confidence":"medium","surveyed":false},"geometry":{"type":"Polygon","coordinates":[[[-77.0846295,38.7188203],[-77.0847667,38.7188655],[-77.0847288,38.7189361],[-77.0847453,38.7189415],[-77.0846894,38.7190455],[-77.0845747,38.7190076],[-77.084634,38.7188971],[-77.0845951,38.7188843],[-77.0846295,38.7188203]]]}},{"type":"Feature","id":"way/707931504","properties":{"id":"way/707931504","name":null,"class":"building","building":"yes","ground_elevation_m":29.04,"height_m":6.8,"height_source":"USGS 3DEP lidar VA_NorthernVA_1_B22","height_confidence":"high","height_surveyed":true,"roof_form":"pitched","roof_spread_m":3.2,"source":"openstreetmap","source_date":"2026-09-11","confidence":"medium","surveyed":false},"geometry":{"type":"Polygon","coordinates":[[[-77.0913842,38.7177552],[-77.0914584,38.717715],[-77.0915399,38.7178073],[-77.0914596,38.7178508],[-77.0914715,38.7178643],[-77.0913533,38.7179284],[-77.0912842,38.7178502],[-77.0914085,38.7177828],[-77.0913842,38.7177552]]]}},{"type":"Feature","id":"way/707931505","properties":{"id":"way/707931505","name":null,"class":"building","building":"yes","ground_elevation_m":20.16,"height_m":5.7,"height_source":"USGS 3DEP lidar VA_NorthernVA_1_B22","height_confidence":"high","height_surveyed":true,"roof_form":"flat","roof_spread_m":1.19,"source":"openstreetmap","source_date":"2026-09-11","confidence":"medium","surveyed":false},"geometry":{"type":"Polygon","coordinates":[[[-77.0855895,38.7176622],[-77.0856225,38.7177479],[-77.0854686,38.7177843],[-77.085472,38.7177931],[-77.0853851,38.7178136],[-77.0853425,38.7177033],[-77.0854312,38.7176822],[-77.0854374,38.7176982],[-77.0855895,38.7176622]]]}},{"type":"Feature","id":"way/707931506","properties":{"id":"way/707931506","name":null,"class":"building","building":"yes","ground_elevation_m":8.87,"height_m":5.0,"height_source":"USGS 3DEP lidar VA_NorthernVA_1_B22","height_confidence":"high","height_surveyed":true,"roof_form":"flat","roof_spread_m":0.73,"source":"openstreetmap","source_date":"2026-09-11","confidence":"medium","surveyed":false},"geometry":{"type":"Polygon","coordinates":[[[-77.0853046,38.7191781],[-77.0853783,38.7191373],[-77.0853943,38.719155],[-77.0854263,38.7191373],[-77.0854059,38.7191148],[-77.0855122,38.7190559],[-77.0855937,38.7191463],[-77.085559,38.7191655],[-77.085594,38.7192043],[-77.0855193,38.7192457],[-77.0854957,38.7192196],[-77.0853933,38.7192764],[-77.0853046,38.7191781]]]}},{"type":"Feature","id":"way/707931507","properties":{"id":"way/707931507","name":null,"class":"building","building":"yes","ground_elevation_m":25.19,"height_m":6.9,"height_source":"USGS 3DEP lidar VA_NorthernVA_1_B22","height_confidence":"high","height_surveyed":true,"roof_form":"pitched","roof_spread_m":3.26,"source":"openstreetmap","source_date":"2026-09-11","confidence":"medium","surveyed":false},"geometry":{"type":"Polygon","coordinates":[[[-77.0877995,38.7175353],[-77.087793,38.7175633],[-77.0879425,38.7175846],[-77.0879205,38.7176791],[-77.0877787,38.7176589],[-77.0877813,38.717648],[-77.0876878,38.7176347],[-77.0877138,38.7175231],[-77.0877995,38.7175353]]]}},{"type":"Feature","id":"way/707931508","properties":{"id":"way/707931508","name":null,"class":"building","building":"yes","ground_elevation_m":32.43,"height_m":5.1,"height_source":"USGS 3DEP lidar VA_NorthernVA_1_B22","height_confidence":"high","height_surveyed":true,"roof_form":"flat","roof_spread_m":0.93,"source":"openstreetmap","source_date":"2026-09-11","confidence":"medium","surveyed":false},"geometry":{"type":"Polygon","coordinates":[[[-77.0863492,38.717166],[-77.0863687,38.7170731],[-77.086571,38.7170992],[-77.0865515,38.7171921],[-77.0863492,38.717166]]]}},{"type":"Feature","id":"way/707931509","properties":{"id":"way/707931509","name":null,"class":"building","building":"yes","ground_elevation_m":33.83,"height_m":6.4,"height_source":"USGS 3DEP lidar VA_NorthernVA_1_B22","height_confidence":"high","height_surveyed":true,"roof_form":"flat","roof_spread_m":0.89,"source":"openstreetmap","source_date":"2026-09-11","confidence":"medium","surveyed":false},"geometry":{"type":"Polygon","coordinates":[[[-77.0872527,38.7170953],[-77.0872619,38.7171849],[-77.0870565,38.7171979],[-77.0870473,38.7171083],[-77.0872527,38.7170953]]]}},{"type":"Feature","id":"way/707931510","properties":{"id":"way/707931510","name":null,"class":"building","building":"yes","ground_elevation_m":24.45,"height_m":4.5,"height_source":"USGS 3DEP lidar VA_NorthernVA_1_B22","height_confidence":"high","height_surveyed":true,"roof_form":"flat","roof_spread_m":0.62,"source":"openstreetmap","source_date":"2026-09-11","confidence":"medium","surveyed":false},"geometry":{"type":"Polygon","coordinates":[[[-77.0853644,38.7171069],[-77.0853921,38.7170999],[-77.0853798,38.7170699],[-77.0853516,38.717077],[-77.0853253,38.7170132],[-77.0854729,38.7169759],[-77.0854982,38.7170373],[-77.0854582,38.7170474],[-77.0854717,38.7170801],[-77.085511,38.7170702],[-77.0855372,38.7171337],[-77.0853907,38.7171708],[-77.0853644,38.7171069]]]}},{"type":"Feature","id":"way/707931511","properties":{"id":"way/707931511","name":null,"class":"building","building":"yes","ground_elevation_m":13.83,"height_m":5.8,"height_source":"USGS 3DEP lidar VA_NorthernVA_1_B22","height_confidence":"high","height_surveyed":true,"roof_form":"pitched","roof_spread_m":1.27,"source":"openstreetmap","source_date":"2026-09-11","confidence":"medium","surveyed":false},"geometry":{"type":"Polygon","coordinates":[[[-77.0846753,38.7175644],[-77.0847514,38.7176243],[-77.0846419,38.7177096],[-77.08466,38.7177239],[-77.0845939,38.7177754],[-77.0844905,38.717694],[-77.0845557,38.7176432],[-77.0845649,38.7176504],[-77.0846753,38.7175644]]]}},{"type":"Feature","id":"way/707931512","properties":{"id":"way/707931512","name":null,"class":"building","building":"yes","ground_elevation_m":30.91,"height_m":6.7,"height_source":"USGS 3DEP lidar VA_NorthernVA_1_B22","height_confidence":"high","height_surveyed":true,"roof_form":"pitched","roof_spread_m":3.29,"source":"openstreetmap","source_date":"2026-09-11","confidence":"medium","surveyed":false},"geometry":{"type":"Polygon","coordinates":[[[-77.0864652,38.7176954],[-77.0864887,38.7176865],[-77.0864488,38.7176218],[-77.0865798,38.7175723],[-77.0866177,38.7176338],[-77.0865719,38.7176512],[-77.0866367,38.7177565],[-77.0865282,38.7177976],[-77.0864652,38.7176954]]]}},{"type":"Feature","id":"way/707931513","properties":{"id":"way/707931513","name":null,"class":"building","building":"yes","ground_elevation_m":23.93,"height_m":4.9,"height_source":"USGS 3DEP lidar VA_NorthernVA_1_B22","height_confidence":"high","height_surveyed":true,"roof_form":"flat","roof_spread_m":0.54,"source":"openstreetmap","source_date":"2026-09-11","confidence":"medium","surveyed":false},"geometry":{"type":"Polygon","coordinates":[[[-77.0857522,38.7177205],[-77.0857697,38.7177106],[-77.0857489,38.7176879],[-77.0857279,38.7176997],[-77.0856752,38.7176425],[-77.085802,38.7175709],[-77.085852,38.7176251],[-77.0858168,38.717645],[-77.0858418,38.7176721],[-77.0858793,38.7176509],[-77.0859292,38.7177052],[-77.0858034,38.7177762],[-77.0857522,38.7177205]]]}},{"type":"Feature","id":"way/707931514","properties":{"id":"way/707931514","name":null,"class":"building","building":"yes","ground_elevation_m":24.68,"height_m":5.1,"height_source":"USGS 3DEP lidar VA_NorthernVA_1_B22","height_confidence":"high","height_surveyed":true,"roof_form":"flat","roof_spread_m":1.18,"source":"openstreetmap","source_date":"2026-09-11","confidence":"medium","surveyed":false},"geometry":{"type":"Polygon","coordinates":[[[-77.0883467,38.7194051],[-77.0884598,38.7194192],[-77.0884347,38.7195432],[-77.0884445,38.7195444],[-77.0884302,38.7196151],[-77.0882832,38.7195968],[-77.0882977,38.7195256],[-77.0883217,38.7195286],[-77.0883467,38.7194051]]]}},{"type":"Feature","id":"way/707931515","properties":{"id":"way/707931515","name":null,"class":"building","building":"yes","ground_elevation_m":13.63,"height_m":5.1,"height_source":"USGS 3DEP lidar VA_NorthernVA_1_B22","height_confidence":"high","height_surveyed":true,"roof_form":"flat","roof_spread_m":1.2,"source":"openstreetmap","source_date":"2026-09-11","confidence":"medium","surveyed":false},"geometry":{"type":"Polygon","coordinates":[[[-77.0853262,38.7183221],[-77.0854069,38.7182852],[-77.0854109,38.7182905],[-77.0855456,38.7182289],[-77.0855994,38.718301],[-77.0854685,38.7183609],[-77.0854848,38.7183829],[-77.0854003,38.7184216],[-77.0853262,38.7183221]]]}},{"type":"Feature","id":"way/707931516","properties":{"id":"way/707931516","name":null,"class":"building","building":"yes","ground_elevation_m":24.73,"height_m":6.9,"height_source":"USGS 3DEP lidar VA_NorthernVA_1_B22","height_confidence":"high","height_surveyed":true,"roof_form":"pitched","roof_spread_m":3.29,"source":"openstreetmap","source_date":"2026-09-11","confidence":"medium","surveyed":false},"geometry":{"type":"Polygon","coordinates":[[[-77.0891448,38.7188421],[-77.0891911,38.718953],[-77.0890987,38.7189767],[-77.0891029,38.7189865],[-77.0889681,38.7190211],[-77.0889294,38.7189286],[-77.0890753,38.7188912],[-77.0890635,38.718863],[-77.0891448,38.7188421]]]}},{"type":"Feature","id":"way/707931517","properties":{"id":"way/707931517","name":null,"class":"building","building":"yes","ground_elevation_m":27.53,"height_m":6.9,"height_source":"USGS 3DEP lidar VA_NorthernVA_1_B22","height_confidence":"high","height_surveyed":true,"roof_form":"pitched","roof_spread_m":3.18,"source":"openstreetmap","source_date":"2026-09-11","confidence":"medium","surveyed":false},"geometry":{"type":"Polygon","coordinates":[[[-77.0905768,38.7173068],[-77.090604,38.7172833],[-77.0904913,38.7172033],[-77.0905753,38.7171307],[-77.0906796,38.7172048],[-77.090667,38.7172157],[-77.0907415,38.7172686],[-77.090643,38.7173538],[-77.0905768,38.7173068]]]}},{"type":"Feature","id":"way/707931518","properties":{"id":"way/707931518","name":null,"class":"building","building":"yes","ground_elevation_m":23.19,"height_m":6.9,"height_source":"USGS 3DEP lidar VA_NorthernVA_1_B22","height_confidence":"high","height_surveyed":true,"roof_form":"pitched","roof_spread_m":3.26,"source":"openstreetmap","source_date":"2026-09-11","confidence":"medium","surveyed":false},"geometry":{"type":"Polygon","coordinates":[[[-77.0886598,38.7170625],[-77.0886842,38.717187],[-77.0886137,38.7171954],[-77.0885859,38.7171988],[-77.08858,38.7171688],[-77.088441,38.7171855],[-77.0884224,38.717091],[-77.0886598,38.7170625]]]}},{"type":"Feature","id":"way/707931519","properties":{"id":"way/707931519","name":null,"class":"building","building":"yes","ground_elevation_m":29.71,"height_m":5.4,"height_source":"USGS 3DEP lidar VA_NorthernVA_1_B22","height_confidence":"high","height_surveyed":true,"roof_form":"flat","roof_spread_m":0.64,"source":"openstreetmap","source_date":"2026-09-11","confidence":"medium","surveyed":false},"geometry":{"type":"Polygon","coordinates":[[[-77.0861772,38.7171626],[-77.0861797,38.7171081],[-77.0861198,38.7171065],[-77.0861173,38.7171602],[-77.0860453,38.7171582],[-77.0860505,38.7170435],[-77.0862568,38.7170492],[-77.0862515,38.7171646],[-77.0861772,38.7171626]]]}},{"type":"Feature","id":"way/707931520","properties":{"id":"way/707931520","name":null,"class":"building","building":"yes","ground_elevation_m":25.61,"height_m":7.7,"height_source":"USGS 3DEP lidar VA_NorthernVA_1_B22","height_confidence":"high","height_surveyed":true,"roof_form":"pitched","roof_spread_m":4.12,"source":"openstreetmap","source_date":"2026-09-11","confidence":"medium","surveyed":false},"geometry":{"type":"Polygon","coordinates":[[[-77.0895766,38.7171342],[-77.089639,38.7170929],[-77.089616,38.7170716],[-77.0897052,38.7170126],[-77.0897165,38.7170231],[-77.0897552,38.7169975],[-77.0898316,38.7170684],[-77.0896415,38.7171943],[-77.0895766,38.7171342]]]}},{"type":"Feature","id":"way/707931521","properties":{"id":"way/707931521","name":null,"class":"building","building":"yes","ground_elevation_m":28.55,"height_m":6.2,"height_source":"USGS 3DEP lidar VA_NorthernVA_1_B22","height_confidence":"high","height_surveyed":true,"roof_form":"flat","roof_spread_m":0.84,"source":"openstreetmap","source_date":"2026-09-11","confidence":"medium","surveyed":false},"geometry":{"type":"Polygon","coordinates":[[[-77.0859937,38.7175644],[-77.0862024,38.7175517],[-77.0862113,38.7176422],[-77.0860027,38.7176549],[-77.0859937,38.7175644]]]}},{"type":"Feature","id":"way/707931522","properties":{"id":"way/707931522","name":null,"class":"building","building":"yes","ground_elevation_m":24.81,"height_m":7.0,"height_source":"USGS 3DEP lidar VA_NorthernVA_1_B22","height_confidence":"high","height_surveyed":true,"roof_form":"pitched","roof_spread_m":3.25,"source":"openstreetmap","source_date":"2026-09-11","confidence":"medium","surveyed":false},"geometry":{"type":"Polygon","coordinates":[[[-77.0883488,38.7192824],[-77.0884119,38.7192251],[-77.0884432,38.7192463],[-77.0885388,38.7191596],[-77.0886344,38.7192242],[-77.0885414,38.7193086],[-77.0885295,38.7193005],[-77.0884638,38.7193602],[-77.0883488,38.7192824]]]}},{"type":"Feature","id":"way/707931523","properties":{"id":"way/707931523","name":null,"class":"building","building":"yes","ground_elevation_m":10.3,"height_m":6.7,"height_source":"USGS 3DEP lidar VA_NorthernVA_1_B22","height_confidence":"high","height_surveyed":true,"roof_form":"pitched","roof_spread_m":3.23,"source":"openstreetmap","source_date":"2026-09-11","confidence":"medium","surveyed":false},"geometry":{"type":"Polygon","coordinates":[[[-77.0854882,38.7196929],[-77.085488,38.7195767],[-77.0855768,38.7195765],[-77.0855769,38.7196214],[-77.0855903,38.7196214],[-77.0855903,38.7196086],[-77.0857264,38.7196084],[-77.0857267,38.7197069],[-77.0855865,38.7197071],[-77.0855864,38.7196928],[-77.0854882,38.7196929]]]}},{"type":"Feature","id":"way/707931524","properties":{"id":"way/707931524","name":null,"class":"building","building":"yes","ground_elevation_m":22.38,"height_m":4.0,"height_source":"USGS 3DEP lidar VA_NorthernVA_1_B22","height_confidence":"high","height_surveyed":true,"roof_form":"flat","roof_spread_m":0.59,"source":"openstreetmap","source_date":"2026-09-11","confidence":"medium","surveyed":false},"geometry":{"type":"Polygon","coordinates":[[[-77.0882679,38.7175182],[-77.088326,38.7176307],[-77.0882414,38.7176572],[-77.0882337,38.7176421],[-77.0882053,38.717651],[-77.088214,38.7176679],[-77.0881257,38.7176956],[-77.0880682,38.7175828],[-77.0881533,38.7175562],[-77.0881683,38.7175855],[-77.0882012,38.7175752],[-77.0881853,38.717544],[-77.0882679,38.7175182]]]}},{"type":"Feature","id":"way/707931525","properties":{"id":"way/707931525","name":null,"class":"building","building":"yes","ground_elevation_m":28.91,"height_m":4.6,"height_source":"USGS 3DEP lidar VA_NorthernVA_1_B22","height_confidence":"high","height_surveyed":true,"roof_form":"pitched","roof_spread_m":1.4,"source":"openstreetmap","source_date":"2026-09-11","confidence":"medium","surveyed":false},"geometry":{"type":"Polygon","coordinates":[[[-77.0873627,38.717563],[-77.0875188,38.7175654],[-77.0875193,38.7175438],[-77.0876041,38.7175451],[-77.0876011,38.7176637],[-77.0875159,38.7176624],[-77.0875162,38.7176497],[-77.0874155,38.7176482],[-77.0874146,38.7176845],[-77.0873597,38.7176837],[-77.0873627,38.717563]]]}},{"type":"Feature","id":"way/707931526","properties":{"id":"way/707931526","name":null,"class":"building","building":"yes","ground_elevation_m":29.4,"height_m":7.1,"height_source":"USGS 3DEP lidar VA_NorthernVA_1_B22","height_confidence":"high","height_surveyed":true,"roof_form":"pitched","roof_spread_m":3.2,"source":"openstreetmap","source_date":"2026-09-11","confidence":"medium","surveyed":false},"geometry":{"type":"Polygon","coordinates":[[[-77.0897479,38.7175446],[-77.0898485,38.7174881],[-77.0899414,38.7175897],[-77.089972,38.7175726],[-77.0900225,38.717628],[-77.0899027,38.7176952],[-77.0898449,38.7176318],[-77.0898334,38.7176382],[-77.0897479,38.7175446]]]}},{"type":"Feature","id":"way/707931527","properties":{"id":"way/707931527","name":null,"class":"building","building":"yes","ground_elevation_m":23.28,"height_m":5.6,"height_source":"USGS 3DEP lidar VA_NorthernVA_1_B22","height_confidence":"high","height_surveyed":true,"roof_form":"flat","roof_spread_m":0.59,"source":"openstreetmap","source_date":"2026-09-11","confidence":"medium","surveyed":false},"geometry":{"type":"Polygon","coordinates":[[[-77.087748,38.7196024],[-77.087726,38.719596],[-77.0877562,38.7195328],[-77.0878989,38.7195746],[-77.0878687,38.7196378],[-77.0878309,38.7196267],[-77.087817,38.7196559],[-77.0878545,38.719667],[-77.0878243,38.7197302],[-77.0876806,38.719688],[-77.0877113,38.7196236],[-77.0877347,38.7196304],[-77.087748,38.7196024]]]}},{"type":"Feature","id":"way/707931528","properties":{"id":"way/707931528","name":null,"class":"building","building":"yes","ground_elevation_m":12.63,"height_m":6.2,"height_source":"USGS 3DEP lidar VA_NorthernVA_1_B22","height_confidence":"high","height_surveyed":true,"roof_form":"flat","roof_spread_m":0.84,"source":"openstreetmap","source_date":"2026-09-11","confidence":"medium","surveyed":false},"geometry":{"type":"Polygon","coordinates":[[[-77.0861749,38.7195714],[-77.0862575,38.7195068],[-77.086403,38.7196211],[-77.0863204,38.7196856],[-77.0861749,38.7195714]]]}},{"type":"Feature","id":"way/707931529","properties":{"id":"way/707931529","name":null,"class":"building","building":"yes","ground_elevation_m":9.82,"height_m":5.1,"height_source":"USGS 3DEP lidar VA_NorthernVA_1_B22","height_confidence":"high","height_surveyed":true,"roof_form":"pitched","roof_spread_m":1.24,"source":"openstreetmap","source_date":"2026-09-11","confidence":"medium","surveyed":false},"geometry":{"type":"Polygon","coordinates":[[[-77.0851617,38.7196753],[-77.0852494,38.7196623],[-77.0852542,38.7196823],[-77.0854087,38.7196595],[-77.0854284,38.7197419],[-77.0852749,38.7197645],[-77.0852773,38.7197745],[-77.0851887,38.7197875],[-77.0851617,38.7196753]]]}},{"type":"Feature","id":"way/707931530","properties":{"id":"way/707931530","name":null,"class":"building","building":"yes","ground_elevation_m":23.3,"height_m":9.7,"height_source":"USGS 3DEP lidar VA_NorthernVA_1_B22","height_confidence":"high","height_surveyed":true,"roof_form":"pitched","roof_spread_m":3.79,"source":"openstreetmap","source_date":"2026-09-11","confidence":"medium","surveyed":false},"geometry":{"type":"Polygon","coordinates":[[[-77.0891523,38.7197836],[-77.0891641,38.7197734],[-77.0891537,38.719752],[-77.0891346,38.7197468],[-77.0891253,38.7197287],[-77.0891352,38.7197151],[-77.0891423,38.7197128],[-77.0891396,38.7197008],[-77.0893405,38.719645],[-77.0893629,38.7197097],[-77.0892875,38.7197308],[-77.0892963,38.7197528],[-77.0893184,38.7197476],[-77.089333,38.7197857],[-77.0891935,38.7198249],[-77.0891862,38.71981],[-77.0891748,38.7198127],[-77.0891632,38.7198069],[-77.0891523,38.7197836]]]}},{"type":"Feature","id":"way/707931531","properties":{"id":"way/707931531","name":null,"class":"building","building":"yes","ground_elevation_m":7.65,"height_m":5.4,"height_source":"USGS 3DEP lidar VA_NorthernVA_1_B22","height_confidence":"high","height_surveyed":true,"roof_form":"flat","roof_spread_m":1.16,"source":"openstreetmap","source_date":"2026-09-11","confidence":"medium","surveyed":false},"geometry":{"type":"Polygon","coordinates":[[[-77.08502,38.7197704],[-77.0850895,38.7198344],[-77.0849689,38.7199147],[-77.0849786,38.7199237],[-77.0849056,38.7199723],[-77.0848105,38.7198847],[-77.0848805,38.719838],[-77.0848964,38.7198527],[-77.08502,38.7197704]]]}},{"type":"Feature","id":"way/707931532","properties":{"id":"way/707931532","name":null,"class":"building","building":"yes","ground_elevation_m":35.11,"height_m":5.8,"height_source":"USGS 3DEP lidar VA_NorthernVA_1_B22","height_confidence":"high","height_surveyed":true,"roof_form":"flat","roof_spread_m":0.55,"source":"openstreetmap","source_date":"2026-09-11","confidence":"medium","surveyed":false},"geometry":{"type":"Polygon","coordinates":[[[-77.0869051,38.7170537],[-77.0869298,38.7172037],[-77.0868556,38.7172087],[-77.0868498,38.7171556],[-77.0867863,38.7171598],[-77.0867922,38.7172138],[-77.0867221,38.7172185],[-77.0867101,38.7171074],[-77.086826,38.7170996],[-77.0868217,38.7170593],[-77.0869051,38.7170537]]]}},{"type":"Feature","id":"way/707931533","properties":{"id":"way/707931533","name":null,"class":"building","building":"yes","ground_elevation_m":26.46,"height_m":5.3,"height_source":"USGS 3DEP lidar VA_NorthernVA_1_B22","height_confidence":"high","height_surveyed":true,"roof_form":"flat","roof_spread_m":0.84,"source":"openstreetmap","source_date":"2026-09-11","confidence":"medium","surveyed":false},"geometry":{"type":"Polygon","coordinates":[[[-77.0878339,38.7170536],[-77.0879129,38.7171208],[-77.0877621,38.7172296],[-77.0876831,38.7171624],[-77.0878339,38.7170536]]]}},{"type":"Feature","id":"way/707931534","properties":{"id":"way/707931534","name":null,"class":"building","building":"yes","ground_elevation_m":26.69,"height_m":6.9,"height_source":"USGS 3DEP lidar VA_NorthernVA_1_B22","height_confidence":"high","height_surveyed":true,"roof_form":"pitched","roof_spread_m":3.34,"source":"openstreetmap","source_date":"2026-09-11","confidence":"medium","surveyed":false},"geometry":{"type":"Polygon","coordinates":[[[-77.0903226,38.7172423],[-77.0903275,38.7172153],[-77.0901684,38.7171975],[-77.0901854,38.7171041],[-77.0903416,38.7171216],[-77.0903396,38.7171326],[-77.0904337,38.7171431],[-77.0904138,38.7172525],[-77.0903226,38.7172423]]]}},{"type":"Feature","id":"way/707931535","properties":{"id":"way/707931535","name":null,"class":"building","building":"yes","ground_elevation_m":26.5,"height_m":4.9,"height_source":"USGS 3DEP lidar VA_NorthernVA_1_B22","height_confidence":"high","height_surveyed":true,"roof_form":"flat","roof_spread_m":0.59,"source":"openstreetmap","source_date":"2026-09-11","confidence":"medium","surveyed":false},"geometry":{"type":"Polygon","coordinates":[[[-77.0859188,38.7170601],[-77.0859331,38.7171769],[-77.0858589,38.7171825],[-77.0858523,38.7171284],[-77.0857937,38.7171329],[-77.0858004,38.7171869],[-77.0857252,38.7171926],[-77.0857108,38.7170758],[-77.0859188,38.7170601]]]}},{"type":"Feature","id":"way/707931536","properties":{"id":"way/707931536","name":null,"class":"building","building":"yes","ground_elevation_m":24.83,"height_m":5.1,"height_source":"USGS 3DEP lidar VA_NorthernVA_1_B22","height_confidence":"high","height_surveyed":true,"roof_form":"flat","roof_spread_m":1.13,"source":"openstreetmap","source_date":"2026-09-11","confidence":"medium","surveyed":false},"geometry":{"type":"Polygon","coordinates":[[[-77.0880266,38.7171717],[-77.0880442,38.7170886],[-77.0882033,38.7171092],[-77.0882056,38.7170985],[-77.0882947,38.7171101],[-77.0882708,38.7172228],[-77.0881797,38.717211],[-77.0881837,38.7171921],[-77.0880266,38.7171717]]]}},{"type":"Feature","id":"way/707931537","properties":{"id":"way/707931537","name":null,"class":"building","building":"yes","ground_elevation_m":29.37,"height_m":4.8,"height_source":"USGS 3DEP lidar VA_NorthernVA_1_B22","height_confidence":"high","height_surveyed":true,"roof_form":"pitched","roof_spread_m":1.26,"source":"openstreetmap","source_date":"2026-09-11","confidence":"medium","surveyed":false},"geometry":{"type":"Polygon","coordinates":[[[-77.0914335,38.7171015],[-77.0914094,38.7170619],[-77.0914484,38.7170474],[-77.091473,38.7170881],[-77.0915084,38.717075],[-77.091555,38.7171519],[-77.0914115,38.7172053],[-77.0914222,38.717223],[-77.0913434,38.7172522],[-77.0912801,38.7171477],[-77.0913618,38.7171174],[-77.0913671,38.7171262],[-77.0914335,38.7171015]]]}},{"type":"Feature","id":"way/707931538","properties":{"id":"way/707931538","name":null,"class":"building","building":"yes","ground_elevation_m":22.7,"height_m":5.4,"height_source":"USGS 3DEP lidar VA_NorthernVA_1_B22","height_confidence":"high","height_surveyed":true,"roof_form":"flat","roof_spread_m":0.87,"source":"openstreetmap","source_date":"2026-09-11","confidence":"medium","surveyed":false},"geometry":{"type":"Polygon","coordinates":[[[-77.0882968,38.7197189],[-77.0884037,38.7196858],[-77.0884786,38.7198341],[-77.0883716,38.7198673],[-77.0882968,38.7197189]]]}},{"type":"Feature","id":"way/707931539","properties":{"id":"way/707931539","name":null,"class":"building","building":"yes","ground_elevation_m":29.66,"height_m":4.2,"height_source":"USGS 3DEP lidar VA_NorthernVA_1_B22","height_confidence":"high","height_surveyed":true,"roof_form":"flat","roof_spread_m":0.58,"source":"openstreetmap","source_date":"2026-09-11","confidence":"medium","surveyed":false},"geometry":{"type":"Polygon","coordinates":[[[-77.0869366,38.7184097],[-77.0869777,38.7184201],[-77.0869902,38.7183901],[-77.0869508,38.7183801],[-77.0869776,38.7183153],[-77.0871218,38.7183519],[-77.0870949,38.7184167],[-77.0870714,38.7184107],[-77.0870591,38.7184404],[-77.0870832,38.7184465],[-77.0870569,38.7185098],[-77.0869105,38.7184726],[-77.0869366,38.7184097]]]}},{"type":"Feature","id":"way/707931540","properties":{"id":"way/707931540","name":null,"class":"building","building":"yes","ground_elevation_m":30.78,"height_m":8.4,"height_source":"USGS 3DEP lidar VA_NorthernVA_1_B22","height_confidence":"high","height_surveyed":true,"roof_form":"pitched","roof_spread_m":2.4,"source":"openstreetmap","source_date":"2026-09-11","confidence":"medium","surveyed":false},"geometry":{"type":"Polygon","coordinates":[[[-77.0910358,38.7182532],[-77.0910562,38.7182871],[-77.091128,38.7182603],[-77.0911569,38.718308],[-77.0911321,38.7183172],[-77.0911825,38.7184003],[-77.0911381,38.7184169],[-77.0911582,38.71845],[-77.0910886,38.7184759],[-77.0909688,38.7182781],[-77.0910358,38.7182532]]]}},{"type":"Feature","id":"way/707931541","properties":{"id":"way/707931541","name":null,"class":"building","building":"yes","ground_elevation_m":14.96,"height_m":4.8,"height_source":"USGS 3DEP lidar VA_NorthernVA_1_B22","height_confidence":"high","height_surveyed":true,"roof_form":"flat","roof_spread_m":0.79,"source":"openstreetmap","source_date":"2026-09-11","confidence":"medium","surveyed":false},"geometry":{"type":"Polygon","coordinates":[[[-77.0857108,38.7183064],[-77.0857766,38.7182347],[-77.0859459,38.71833],[-77.0858801,38.7184017],[-77.0857108,38.7183064]]]}},{"type":"Feature","id":"way/707931542","properties":{"id":"way/707931542","name":null,"class":"building","building":"yes","ground_elevation_m":30.18,"height_m":6.5,"height_source":"USGS 3DEP lidar VA_NorthernVA_1_B22","height_confidence":"high","height_surveyed":true,"roof_form":"flat","roof_spread_m":0.55,"source":"openstreetmap","source_date":"2026-09-11","confidence":"medium","surveyed":false},"geometry":{"type":"Polygon","coordinates":[[[-77.0871265,38.7181571],[-77.0871483,38.7181042],[-77.087084,38.718088],[-77.0871097,38.7180256],[-77.087146,38.7180348],[-77.0871593,38.7180024],[-77.0871205,38.7179926],[-77.0871465,38.7179295],[-77.0872915,38.7179662],[-77.0872648,38.718031],[-77.0872407,38.7180249],[-77.0872298,38.7180515],[-77.0872569,38.7180584],[-77.0872333,38.7181156],[-77.087282,38.7181279],[-77.0872564,38.71819],[-77.0871265,38.7181571]]]}},{"type":"Feature","id":"way/707931543","properties":{"id":"way/707931543","name":null,"class":"building","building":"yes","ground_elevation_m":12.57,"height_m":6.4,"height_source":"USGS 3DEP lidar VA_NorthernVA_1_B22","height_confidence":"low","height_surveyed":false,"roof_form":"flat","roof_spread_m":0.62,"source":"openstreetmap","source_date":"2026-09-11","confidence":"medium","surveyed":false},"geometry":{"type":"Polygon","coordinates":[[[-77.084869,38.7180201],[-77.0849111,38.7180623],[-77.0849573,38.718034],[-77.0849153,38.717992],[-77.0849711,38.7179578],[-77.0850618,38.7180486],[-77.0848992,38.7181483],[-77.0848083,38.7180574],[-77.084869,38.7180201]]]}},{"type":"Feature","id":"way/707931544","properties":{"id":"way/707931544","name":null,"class":"building","building":"yes","ground_elevation_m":29.11,"height_m":5.6,"height_source":"USGS 3DEP lidar VA_NorthernVA_1_B22","height_confidence":"high","height_surveyed":true,"roof_form":"flat","roof_spread_m":0.59,"source":"openstreetmap","source_date":"2026-09-11","confidence":"medium","surveyed":false},"geometry":{"type":"Polygon","coordinates":[[[-77.0875539,38.7170835],[-77.0875963,38.7171965],[-77.0875252,38.7172129],[-77.0875056,38.7171608],[-77.0874494,38.7171737],[-77.0874682,38.7172238],[-77.0873969,38.7172402],[-77.0873553,38.7171293],[-77.0875539,38.7170835]]]}},{"type":"Feature","id":"way/707931545","properties":{"id":"way/707931545","name":null,"class":"building","building":"yes","ground_elevation_m":21.32,"height_m":5.8,"height_source":"USGS 3DEP lidar VA_NorthernVA_1_B22","height_confidence":"high","height_surveyed":true,"roof_form":"flat","roof_spread_m":0.84,"source":"openstreetmap","source_date":"2026-09-11","confidence":"medium","surveyed":false},"geometry":{"type":"Polygon","coordinates":[[[-77.0876955,38.7197526],[-77.0877762,38.719853],[-77.0876067,38.7199367],[-77.0875259,38.7198363],[-77.0876955,38.7197526]]]}},{"type":"Feature","id":"way/707931546","properties":{"id":"way/707931546","name":null,"class":"building","building":"yes","ground_elevation_m":10.11,"height_m":6.1,"height_source":"USGS 3DEP lidar VA_NorthernVA_1_B22","height_confidence":"high","height_surveyed":true,"roof_form":"flat","roof_spread_m":0.58,"source":"openstreetmap","source_date":"2026-09-11","confidence":"medium","surveyed":false},"geometry":{"type":"Polygon","coordinates":[[[-77.0842982,38.7179181],[-77.0842004,38.7177826],[-77.084384,38.7177012],[-77.0844802,38.7178346],[-77.0844167,38.7178628],[-77.0843817,38.7178143],[-77.0843281,38.7178381],[-77.0843647,38.7178887],[-77.0842982,38.7179181]]]}},{"type":"Feature","id":"way/707931547","properties":{"id":"way/707931547","name":null,"class":"building","building":"yes","ground_elevation_m":9.7,"height_m":5.2,"height_source":"USGS 3DEP lidar VA_NorthernVA_1_B22","height_confidence":"high","height_surveyed":true,"roof_form":"flat","roof_spread_m":1.12,"source":"openstreetmap","source_date":"2026-09-11","confidence":"medium","surveyed":false},"geometry":{"type":"Polygon","coordinates":[[[-77.0833018,38.7197147],[-77.0834037,38.7196878],[-77.0834529,38.7198023],[-77.0834761,38.7197961],[-77.0835059,38.7198654],[-77.0833665,38.7199022],[-77.0833377,38.7198353],[-77.083352,38.7198315],[-77.0833018,38.7197147]]]}},{"type":"Feature","id":"way/707931548","properties":{"id":"way/707931548","name":null,"class":"building","building":"yes","ground_elevation_m":9.05,"height_m":7.1,"height_source":"USGS 3DEP lidar VA_NorthernVA_1_B22","height_confidence":"high","height_surveyed":true,"roof_form":"pitched","roof_spread_m":3.28,"source":"openstreetmap","source_date":"2026-09-11","confidence":"medium","surveyed":false},"geometry":{"type":"Polygon","coordinates":[[[-77.0836904,38.7180759],[-77.083683,38.71806],[-77.0838209,38.7180208],[-77.0838628,38.7181111],[-77.0837187,38.7181521],[-77.0837336,38.7181841],[-77.0836528,38.7182071],[-77.0836034,38.7181007],[-77.0836904,38.7180759]]]}},{"type":"Feature","id":"way/707931549","properties":{"id":"way/707931549","name":null,"class":"building","building":"yes","ground_elevation_m":24.15,"height_m":4.4,"height_source":"USGS 3DEP lidar VA_NorthernVA_1_B22","height_confidence":"high","height_surveyed":true,"roof_form":"flat","roof_spread_m":0.58,"source":"openstreetmap","source_date":"2026-09-11","confidence":"medium","surveyed":false},"geometry":{"type":"Polygon","coordinates":[[[-77.0887076,38.7181965],[-77.088728,38.7181853],[-77.0887076,38.7181624],[-77.0886862,38.718174],[-77.0886359,38.7181176],[-77.0887628,38.7180481],[-77.0888116,38.7181028],[-77.0887776,38.7181214],[-77.0887999,38.7181464],[-77.0888306,38.7181296],[-77.0888824,38.718186],[-77.0887587,38.7182538],[-77.0887076,38.7181965]]]}},{"type":"Feature","id":"way/707931550","properties":{"id":"way/707931550","name":null,"class":"building","building":"yes","ground_elevation_m":29.28,"height_m":7.1,"height_source":"USGS 3DEP lidar VA_NorthernVA_1_B22","height_confidence":"high","height_surveyed":true,"roof_form":"pitched","roof_spread_m":3.31,"source":"openstreetmap","source_date":"2026-09-11","confidence":"medium","surveyed":false},"geometry":{"type":"Polygon","coordinates":[[[-77.090282,38.7180511],[-77.0904298,38.718122],[-77.0903859,38.7181782],[-77.0903406,38.7181564],[-77.0902601,38.7182594],[-77.0901577,38.7182103],[-77.090282,38.7180511]]]}},{"type":"Feature","id":"way/707931551","properties":{"id":"way/707931551","name":null,"class":"building","building":"yes","ground_elevation_m":8.76,"height_m":6.7,"height_source":"USGS 3DEP lidar VA_NorthernVA_1_B22","height_confidence":"high","height_surveyed":true,"roof_form":"pitched","roof_spread_m":3.31,"source":"openstreetmap","source_date":"2026-09-11","confidence":"medium","surveyed":false},"geometry":{"type":"Polygon","coordinates":[[[-77.0839726,38.7189049],[-77.0839519,38.7189138],[-77.0838818,38.7188132],[-77.0839929,38.7187657],[-77.0840681,38.7188735],[-77.0841032,38.7188585],[-77.0841445,38.7189177],[-77.084019,38.7189714],[-77.0839726,38.7189049]]]}},{"type":"Feature","id":"way/707931552","properties":{"id":"way/707931552","name":null,"class":"building","building":"yes","ground_elevation_m":29.66,"height_m":6.3,"height_source":"USGS 3DEP lidar VA_NorthernVA_1_B22","height_confidence":"high","height_surveyed":true,"roof_form":"pitched","roof_spread_m":2.17,"source":"openstreetmap","source_date":"2026-09-11","confidence":"medium","surveyed":false},"geometry":{"type":"Polygon","coordinates":[[[-77.0953689,38.718612],[-77.0953853,38.718491],[-77.0954922,38.7184998],[-77.0954758,38.7186209],[-77.0953689,38.718612]]]}},{"type":"Feature","id":"way/707931553","properties":{"id":"way/707931553","name":null,"class":"outbuilding","building":"shed","ground_elevation_m":27.3,"height_m":2.7,"height_source":"USGS 3DEP lidar VA_NorthernVA_1_B22","height_confidence":"low","height_surveyed":false,"roof_form":"flat","roof_spread_m":0.4,"source":"openstreetmap","source_date":"2026-09-11","confidence":"medium","surveyed":false},"geometry":{"type":"Polygon","coordinates":[[[-77.097937,38.7138893],[-77.0979727,38.7139199],[-77.0979343,38.7139537],[-77.097895,38.7139262],[-77.097937,38.7138893]]]}},{"type":"Feature","id":"way/707931554","properties":{"id":"way/707931554","name":null,"class":"building","building":"yes","ground_elevation_m":31.31,"height_m":3.8,"height_source":"USGS 3DEP lidar VA_NorthernVA_1_B22","height_confidence":"high","height_surveyed":true,"roof_form":"pitched","roof_spread_m":1.33,"source":"openstreetmap","source_date":"2026-09-11","confidence":"medium","surveyed":false},"geometry":{"type":"Polygon","coordinates":[[[-77.0944914,38.7186066],[-77.0944844,38.7186069],[-77.0944885,38.7186759],[-77.0944475,38.7186774],[-77.0944526,38.7187638],[-77.0943624,38.7187671],[-77.0943601,38.7187287],[-77.0943993,38.7187273],[-77.094396,38.7186715],[-77.0944159,38.7186708],[-77.0944094,38.7185619],[-77.0943775,38.718563],[-77.094375,38.7185204],[-77.0944861,38.7185163],[-77.0944914,38.7186066]]]}},{"type":"Feature","id":"way/707931555","properties":{"id":"way/707931555","name":null,"class":"building","building":"yes","ground_elevation_m":27.27,"height_m":9.2,"height_source":"USGS 3DEP lidar VA_NorthernVA_1_B22","height_confidence":"high","height_surveyed":true,"roof_form":"pitched","roof_spread_m":3.96,"source":"openstreetmap","source_date":"2026-09-11","confidence":"medium","surveyed":false},"geometry":{"type":"Polygon","coordinates":[[[-77.0977814,38.7187099],[-77.0978233,38.7187167],[-77.0978177,38.7187379],[-77.0978413,38.7187417],[-77.0978281,38.7187919],[-77.0977869,38.7187852],[-77.0977829,38.7188003],[-77.0976809,38.7187839],[-77.0976981,38.7187184],[-77.0977759,38.718731],[-77.0977814,38.7187099]]]}},{"type":"Feature","id":"way/707931556","properties":{"id":"way/707931556","name":null,"class":"building","building":"yes","ground_elevation_m":29.7,"height_m":9.9,"height_source":"USGS 3DEP lidar VA_NorthernVA_1_B22","height_confidence":"high","height_surveyed":true,"roof_form":"pitched","roof_spread_m":2.96,"source":"openstreetmap","source_date":"2026-09-11","confidence":"medium","surveyed":false},"geometry":{"type":"Polygon","coordinates":[[[-77.0965035,38.7185869],[-77.096542,38.718442],[-77.0966217,38.718455],[-77.0966153,38.7184807],[-77.096746,38.7185014],[-77.096722,38.7185948],[-77.0966741,38.7185873],[-77.0966716,38.7185971],[-77.0965922,38.7185846],[-77.0965885,38.7185996],[-77.0965035,38.7185869]]]}},{"type":"Feature","id":"way/707931557","properties":{"id":"way/707931557","name":null,"class":"outbuilding","building":"shed","ground_elevation_m":24.78,"height_m":null,"height_source":null,"height_confidence":null,"height_surveyed":null,"roof_form":null,"roof_spread_m":null,"source":"openstreetmap","source_date":"2026-09-11","confidence":"medium","surveyed":false},"geometry":{"type":"Polygon","coordinates":[[[-77.0988857,38.7170773],[-77.0989137,38.7171271],[-77.0988783,38.7171394],[-77.0988502,38.7170895],[-77.0988857,38.7170773]]]}},{"type":"Feature","id":"way/707931558","properties":{"id":"way/707931558","name":null,"class":"building","building":"yes","ground_elevation_m":22.67,"height_m":5.6,"height_source":"USGS 3DEP lidar VA_NorthernVA_1_B22","height_confidence":"high","height_surveyed":true,"roof_form":"pitched","roof_spread_m":2.35,"source":"openstreetmap","source_date":"2026-09-11","confidence":"medium","surveyed":false},"geometry":{"type":"Polygon","coordinates":[[[-77.0989562,38.7160639],[-77.0990204,38.7161382],[-77.0989195,38.7161917],[-77.0988826,38.7162112],[-77.0988185,38.7161369],[-77.0989562,38.7160639]]]}},{"type":"Feature","id":"way/707931559","properties":{"id":"way/707931559","name":null,"class":"outbuilding","building":"shed","ground_elevation_m":30.45,"height_m":2.4,"height_source":"USGS 3DEP lidar VA_NorthernVA_1_B22","height_confidence":"low","height_surveyed":false,"roof_form":"flat","roof_spread_m":0.57,"source":"openstreetmap","source_date":"2026-09-11","confidence":"medium","surveyed":false},"geometry":{"type":"Polygon","coordinates":[[[-77.0946654,38.7186989],[-77.0947233,38.718701],[-77.0947219,38.7187324],[-77.0947133,38.7187321],[-77.0946635,38.7187303],[-77.0946654,38.7186989]]]}},{"type":"Feature","id":"way/707931560","properties":{"id":"way/707931560","name":null,"class":"building","building":"yes","ground_elevation_m":26.66,"height_m":6.2,"height_source":"USGS 3DEP lidar VA_NorthernVA_1_B22","height_confidence":"high","height_surveyed":true,"roof_form":"pitched","roof_spread_m":3.34,"source":"openstreetmap","source_date":"2026-09-11","confidence":"medium","surveyed":false},"geometry":{"type":"Polygon","coordinates":[[[-77.0978029,38.7118829],[-77.0979099,38.711845],[-77.0979233,38.7118682],[-77.0979361,38.7118637],[-77.0979925,38.7119614],[-77.0978169,38.7120236],[-77.0977597,38.7119246],[-77.0978155,38.7119049],[-77.0978029,38.7118829]]]}},{"type":"Feature","id":"way/707931561","properties":{"id":"way/707931561","name":null,"class":"building","building":"yes","ground_elevation_m":25.99,"height_m":7.7,"height_source":"USGS 3DEP lidar VA_NorthernVA_1_B22","height_confidence":"high","height_surveyed":true,"roof_form":"pitched","roof_spread_m":3.95,"source":"openstreetmap","source_date":"2026-09-11","confidence":"medium","surveyed":false},"geometry":{"type":"Polygon","coordinates":[[[-77.0994699,38.7119412],[-77.0995381,38.7119483],[-77.0995454,38.711906],[-77.0996089,38.7119126],[-77.0996081,38.7119173],[-77.099696,38.7119265],[-77.0996785,38.7120296],[-77.0996051,38.712022],[-77.0996017,38.7120418],[-77.0995288,38.7120341],[-77.0995319,38.712016],[-77.0994584,38.7120083],[-77.0994699,38.7119412]]]}},{"type":"Feature","id":"way/707931562","properties":{"id":"way/707931562","name":null,"class":"building","building":"yes","ground_elevation_m":28.4,"height_m":5.6,"height_source":"USGS 3DEP lidar VA_NorthernVA_1_B22","height_confidence":"high","height_surveyed":true,"roof_form":"pitched","roof_spread_m":2.03,"source":"openstreetmap","source_date":"2026-09-11","confidence":"medium","surveyed":false},"geometry":{"type":"Polygon","coordinates":[[[-77.0980551,38.7182239],[-77.0980412,38.7182076],[-77.0980563,38.7181646],[-77.0979481,38.7181475],[-77.0979658,38.7180726],[-77.0980285,38.7180812],[-77.0980286,38.7180754],[-77.0981079,38.718089],[-77.0981132,38.7180626],[-77.0982022,38.7180761],[-77.0981786,38.718179],[-77.0981063,38.7181687],[-77.09812,38.7181818],[-77.0981098,38.7182147],[-77.0980848,38.718228],[-77.0980551,38.7182239]]]}},{"type":"Feature","id":"way/707931563","properties":{"id":"way/707931563","name":null,"class":"building","building":"yes","ground_elevation_m":27.68,"height_m":5.4,"height_source":"USGS 3DEP lidar VA_NorthernVA_1_B22","height_confidence":"high","height_surveyed":true,"roof_form":"pitched","roof_spread_m":2.08,"source":"openstreetmap","source_date":"2026-09-11","confidence":"medium","surveyed":false},"geometry":{"type":"Polygon","coordinates":[[[-77.0983914,38.7182059],[-77.0984002,38.7181276],[-77.0985228,38.718136],[-77.0985255,38.7181124],[-77.0986156,38.7181186],[-77.0986042,38.7182205],[-77.0983914,38.7182059]]]}},{"type":"Feature","id":"way/707931564","properties":{"id":"way/707931564","name":null,"class":"building","building":"yes","ground_elevation_m":31.37,"height_m":9.7,"height_source":"USGS 3DEP lidar VA_NorthernVA_1_B22","height_confidence":"high","height_surveyed":true,"roof_form":"pitched","roof_spread_m":3.02,"source":"openstreetmap","source_date":"2026-09-11","confidence":"medium","surveyed":false},"geometry":{"type":"Polygon","coordinates":[[[-77.0923218,38.7186165],[-77.0923747,38.71857],[-77.0923926,38.7185827],[-77.0924884,38.7184983],[-77.0925733,38.7185575],[-77.0924967,38.7186231],[-77.0924992,38.7186296],[-77.0924862,38.7186424],[-77.0924755,38.7186421],[-77.0924234,38.7186878],[-77.0923218,38.7186165]]]}},{"type":"Feature","id":"way/707931565","properties":{"id":"way/707931565","name":null,"class":"building","building":"yes","ground_elevation_m":26.46,"height_m":11.1,"height_source":"USGS 3DEP lidar VA_NorthernVA_1_B22","height_confidence":"high","height_surveyed":true,"roof_form":"pitched","roof_spread_m":3.79,"source":"openstreetmap","source_date":"2026-09-11","confidence":"medium","surveyed":false},"geometry":{"type":"Polygon","coordinates":[[[-77.0984714,38.7194687],[-77.098475,38.7194493],[-77.0984161,38.7194415],[-77.098447,38.7193161],[-77.0985182,38.7193269],[-77.0985146,38.7193415],[-77.0985867,38.7193478],[-77.0985848,38.7193572],[-77.0986205,38.7193617],[-77.0986019,38.7194524],[-77.0985508,38.7194461],[-77.0985455,38.719478],[-77.0984714,38.7194687]]]}},{"type":"Feature","id":"way/707931566","properties":{"id":"way/707931566","name":null,"class":"outbuilding","building":"shed","ground_elevation_m":23.35,"height_m":null,"height_source":null,"height_confidence":null,"height_surveyed":null,"roof_form":null,"roof_spread_m":null,"source":"openstreetmap","source_date":"2026-09-11","confidence":"medium","surveyed":false},"geometry":{"type":"Polygon","coordinates":[[[-77.0995656,38.7194778],[-77.0995998,38.7194103],[-77.0996265,38.7194186],[-77.0995923,38.7194861],[-77.0995656,38.7194778]]]}},{"type":"Feature","id":"way/707931567","properties":{"id":"way/707931567","name":null,"class":"building","building":"yes","ground_elevation_m":29.59,"height_m":10.7,"height_source":"USGS 3DEP lidar VA_NorthernVA_1_B22","height_confidence":"high","height_surveyed":true,"roof_form":"pitched","roof_spread_m":3.0,"source":"openstreetmap","source_date":"2026-09-11","confidence":"medium","surveyed":false},"geometry":{"type":"Polygon","coordinates":[[[-77.0925607,38.7177361],[-77.0926169,38.7175699],[-77.0927287,38.7175931],[-77.0926933,38.7176975],[-77.0927119,38.7177014],[-77.0926909,38.7177632],[-77.0925607,38.7177361]]]}},{"type":"Feature","id":"way/707931568","properties":{"id":"way/707931568","name":null,"class":"outbuilding","building":"shed","ground_elevation_m":30.8,"height_m":3.3,"height_source":"USGS 3DEP lidar VA_NorthernVA_1_B22","height_confidence":"low","height_surveyed":false,"roof_form":"flat","roof_spread_m":0.56,"source":"openstreetmap","source_date":"2026-09-11","confidence":"medium","surveyed":false},"geometry":{"type":"Polygon","coordinates":[[[-77.0930527,38.7197245],[-77.0930919,38.7197295],[-77.0930819,38.7197769],[-77.0930425,38.7197727],[-77.0930527,38.7197245]]]}},{"type":"Feature","id":"way/707931569","properties":{"id":"way/707931569","name":null,"class":"building","building":"yes","ground_elevation_m":32.02,"height_m":5.4,"height_source":"USGS 3DEP lidar VA_NorthernVA_1_B22","height_confidence":"high","height_surveyed":true,"roof_form":"pitched","roof_spread_m":2.18,"source":"openstreetmap","source_date":"2026-09-11","confidence":"medium","surveyed":false},"geometry":{"type":"Polygon","coordinates":[[[-77.0938951,38.7196955],[-77.0938923,38.7197262],[-77.0939333,38.7197284],[-77.0939286,38.7197807],[-77.0938878,38.7197784],[-77.0938873,38.7197838],[-77.0937977,38.7197791],[-77.0938057,38.7196905],[-77.0938951,38.7196955]]]}},{"type":"Feature","id":"way/707931570","properties":{"id":"way/707931570","name":null,"class":"building","building":"yes","ground_elevation_m":25.61,"height_m":9.5,"height_source":"USGS 3DEP lidar VA_NorthernVA_1_B22","height_confidence":"high","height_surveyed":true,"roof_form":"pitched","roof_spread_m":2.49,"source":"openstreetmap","source_date":"2026-09-11","confidence":"medium","surveyed":false},"geometry":{"type":"Polygon","coordinates":[[[-77.0986911,38.7197879],[-77.0987173,38.7196796],[-77.0987916,38.7196911],[-77.0987873,38.7197117],[-77.0988162,38.7197156],[-77.0988168,38.7197126],[-77.0989003,38.7197241],[-77.0988757,38.7198172],[-77.0986911,38.7197879]]]}},{"type":"Feature","id":"way/707931571","properties":{"id":"way/707931571","name":null,"class":"building","building":"yes","ground_elevation_m":32.56,"height_m":7.4,"height_source":"USGS 3DEP lidar VA_NorthernVA_1_B22","height_confidence":"high","height_surveyed":true,"roof_form":"pitched","roof_spread_m":3.83,"source":"openstreetmap","source_date":"2026-09-11","confidence":"medium","surveyed":false},"geometry":{"type":"Polygon","coordinates":[[[-77.0935631,38.7195598],[-77.0937418,38.7195735],[-77.0937366,38.7196148],[-77.0937531,38.7196301],[-77.0937474,38.7196765],[-77.0937215,38.7196916],[-77.0935482,38.7196783],[-77.0935631,38.7195598]]]}},{"type":"Feature","id":"way/707931572","properties":{"id":"way/707931572","name":null,"class":"building","building":"yes","ground_elevation_m":29.22,"height_m":6.0,"height_source":"USGS 3DEP lidar VA_NorthernVA_1_B22","height_confidence":"high","height_surveyed":true,"roof_form":"flat","roof_spread_m":1.18,"source":"openstreetmap","source_date":"2026-09-11","confidence":"medium","surveyed":false},"geometry":{"type":"Polygon","coordinates":[[[-77.0908124,38.7175345],[-77.0908088,38.7175518],[-77.0907229,38.7175409],[-77.0907461,38.717429],[-77.0908339,38.7174402],[-77.0908318,38.7174506],[-77.0910185,38.7174744],[-77.091001,38.7175585],[-77.0908124,38.7175345]]]}},{"type":"Feature","id":"way/707931573","properties":{"id":"way/707931573","name":null,"class":"building","building":"yes","ground_elevation_m":13.06,"height_m":5.6,"height_source":"USGS 3DEP lidar VA_NorthernVA_1_B22","height_confidence":"high","height_surveyed":true,"roof_form":"flat","roof_spread_m":0.86,"source":"openstreetmap","source_date":"2026-09-11","confidence":"medium","surveyed":false},"geometry":{"type":"Polygon","coordinates":[[[-77.0859911,38.7192647],[-77.0861068,38.7192484],[-77.0861428,38.7194056],[-77.086027,38.7194219],[-77.0859911,38.7192647]]]}},{"type":"Feature","id":"way/707931574","properties":{"id":"way/707931574","name":null,"class":"building","building":"yes","ground_elevation_m":31.41,"height_m":4.5,"height_source":"USGS 3DEP lidar VA_NorthernVA_1_B22","height_confidence":"high","height_surveyed":true,"roof_form":"flat","roof_spread_m":0.57,"source":"openstreetmap","source_date":"2026-09-11","confidence":"medium","surveyed":false},"geometry":{"type":"Polygon","coordinates":[[[-77.0864168,38.717972],[-77.0864415,38.7179665],[-77.0864306,38.7179364],[-77.0864033,38.7179425],[-77.0863798,38.7178772],[-77.0865271,38.7178446],[-77.0865499,38.7179077],[-77.086514,38.7179156],[-77.0865248,38.7179456],[-77.0865913,38.7179309],[-77.086615,38.7179966],[-77.0864398,38.7180355],[-77.0864168,38.717972]]]}},{"type":"Feature","id":"way/707931575","properties":{"id":"way/707931575","name":null,"class":"building","building":"yes","ground_elevation_m":16.31,"height_m":5.1,"height_source":"USGS 3DEP lidar VA_NorthernVA_1_B22","height_confidence":"high","height_surveyed":true,"roof_form":"flat","roof_spread_m":0.61,"source":"openstreetmap","source_date":"2026-09-11","confidence":"medium","surveyed":false},"geometry":{"type":"Polygon","coordinates":[[[-77.0851932,38.7178171],[-77.0852757,38.7178444],[-77.0852462,38.717899],[-77.0852851,38.7179119],[-77.0852999,38.7178843],[-77.0853792,38.7179106],[-77.0853191,38.7180216],[-77.0852346,38.7179936],[-77.0852442,38.7179759],[-77.0852112,38.7179649],[-77.0852013,38.7179832],[-77.0851182,38.7179557],[-77.0851932,38.7178171]]]}},{"type":"Feature","id":"way/707931576","properties":{"id":"way/707931576","name":null,"class":"building","building":"yes","ground_elevation_m":24.36,"height_m":5.4,"height_source":"USGS 3DEP lidar VA_NorthernVA_1_B22","height_confidence":"high","height_surveyed":true,"roof_form":"flat","roof_spread_m":0.62,"source":"openstreetmap","source_date":"2026-09-11","confidence":"medium","surveyed":false},"geometry":{"type":"Polygon","coordinates":[[[-77.0876777,38.7193508],[-77.0878225,38.7192268],[-77.0879342,38.7193068],[-77.0878748,38.7193576],[-77.0878462,38.7193371],[-77.0878214,38.7193584],[-77.0878518,38.7193802],[-77.0877912,38.7194321],[-77.0876777,38.7193508]]]}},{"type":"Feature","id":"way/707931577","properties":{"id":"way/707931577","name":null,"class":"building","building":"yes","ground_elevation_m":24.51,"height_m":4.4,"height_source":"USGS 3DEP lidar VA_NorthernVA_1_B22","height_confidence":"high","height_surveyed":true,"roof_form":"flat","roof_spread_m":0.56,"source":"openstreetmap","source_date":"2026-09-11","confidence":"medium","surveyed":false},"geometry":{"type":"Polygon","coordinates":[[[-77.0889894,38.7193274],[-77.0890729,38.7193123],[-77.0890818,38.7193425],[-77.08912,38.7193356],[-77.0891107,38.7193039],[-77.0891985,38.719288],[-77.0892336,38.719407],[-77.0891446,38.7194231],[-77.0891392,38.7194051],[-77.089107,38.7194109],[-77.0891126,38.7194298],[-77.0890243,38.7194458],[-77.0889894,38.7193274]]]}},{"type":"Feature","id":"way/707931578","properties":{"id":"way/707931578","name":null,"class":"building","building":"yes","ground_elevation_m":9.15,"height_m":6.6,"height_source":"USGS 3DEP lidar VA_NorthernVA_1_B22","height_confidence":"high","height_surveyed":true,"roof_form":"pitched","roof_spread_m":3.32,"source":"openstreetmap","source_date":"2026-09-11","confidence":"medium","surveyed":false},"geometry":{"type":"Polygon","coordinates":[[[-77.0833946,38.7192432],[-77.0835129,38.719173],[-77.0835704,38.7192326],[-77.0835859,38.7192235],[-77.0836729,38.7193136],[-77.0835717,38.7193736],[-77.083488,38.7192871],[-77.0834999,38.71928],[-77.083492,38.7192719],[-77.0834477,38.7192982],[-77.0833946,38.7192432]]]}},{"type":"Feature","id":"way/707931579","properties":{"id":"way/707931579","name":null,"class":"building","building":"yes","ground_elevation_m":29.06,"height_m":4.6,"height_source":"USGS 3DEP lidar VA_NorthernVA_1_B22","height_confidence":"high","height_surveyed":true,"roof_form":"flat","roof_spread_m":0.54,"source":"openstreetmap","source_date":"2026-09-11","confidence":"medium","surveyed":false},"geometry":{"type":"Polygon","coordinates":[[[-77.0867935,38.7184107],[-77.0868125,38.7184742],[-77.086775,38.7184811],[-77.0867855,38.7185162],[-77.0868276,38.7185085],[-77.0868465,38.7185713],[-77.0866941,38.7185994],[-77.0866747,38.7185346],[-77.0867003,38.7185299],[-77.0866912,38.7184998],[-77.0866603,38.7185055],[-77.0866403,38.7184389],[-77.0867935,38.7184107]]]}},{"type":"Feature","id":"way/707931580","properties":{"id":"way/707931580","name":null,"class":"building","building":"yes","ground_elevation_m":27.26,"height_m":7.3,"height_source":"USGS 3DEP lidar VA_NorthernVA_1_B22","height_confidence":"high","height_surveyed":true,"roof_form":"pitched","roof_spread_m":3.36,"source":"openstreetmap","source_date":"2026-09-11","confidence":"medium","surveyed":false},"geometry":{"type":"Polygon","coordinates":[[[-77.0902173,38.7187375],[-77.0902432,38.7188499],[-77.0901452,38.7188637],[-77.0901485,38.7188782],[-77.0900077,38.718898],[-77.0899862,38.7188043],[-77.0901142,38.7187863],[-77.0901066,38.7187531],[-77.0902173,38.7187375]]]}},{"type":"Feature","id":"way/707931581","properties":{"id":"way/707931581","name":null,"class":"building","building":"yes","ground_elevation_m":27.99,"height_m":5.0,"height_source":"USGS 3DEP lidar VA_NorthernVA_1_B22","height_confidence":"high","height_surveyed":true,"roof_form":"pitched","roof_spread_m":1.24,"source":"openstreetmap","source_date":"2026-09-11","confidence":"medium","surveyed":false},"geometry":{"type":"Polygon","coordinates":[[[-77.0905116,38.7186001],[-77.0905836,38.7186608],[-77.0904673,38.7187455],[-77.0904787,38.718755],[-77.0904146,38.7188017],[-77.0903122,38.7187154],[-77.0903776,38.7186678],[-77.0903966,38.7186838],[-77.0905116,38.7186001]]]}},{"type":"Feature","id":"way/707931582","properties":{"id":"way/707931582","name":null,"class":"building","building":"yes","ground_elevation_m":9.15,"height_m":7.0,"height_source":"USGS 3DEP lidar VA_NorthernVA_1_B22","height_confidence":"high","height_surveyed":true,"roof_form":"pitched","roof_spread_m":3.33,"source":"openstreetmap","source_date":"2026-09-11","confidence":"medium","surveyed":false},"geometry":{"type":"Polygon","coordinates":[[[-77.0837993,38.7186666],[-77.0837857,38.7186776],[-77.0836846,38.7186008],[-77.0837747,38.718528],[-77.083885,38.7186118],[-77.0839123,38.7185898],[-77.0839742,38.7186368],[-77.0838705,38.7187207],[-77.0837993,38.7186666]]]}},{"type":"Feature","id":"way/707931583","properties":{"id":"way/707931583","name":null,"class":"building","building":"yes","ground_elevation_m":26.59,"height_m":10.9,"height_source":"USGS 3DEP lidar VA_NorthernVA_1_B22","height_confidence":"high","height_surveyed":true,"roof_form":"complex","roof_spread_m":6.4,"source":"openstreetmap","source_date":"2026-09-11","confidence":"medium","surveyed":false},"geometry":{"type":"Polygon","coordinates":[[[-77.0986623,38.7189027],[-77.0986213,38.7188959],[-77.098617,38.718912],[-77.0985768,38.7189054],[-77.0985809,38.71889],[-77.0985488,38.7188847],[-77.0985393,38.7189201],[-77.098462,38.7189074],[-77.0985095,38.7187303],[-77.0985855,38.7187428],[-77.0985831,38.718752],[-77.0986977,38.7187709],[-77.0986623,38.7189027]]]}},{"type":"Feature","id":"way/707931584","properties":{"id":"way/707931584","name":null,"class":"building","building":"yes","ground_elevation_m":23.08,"height_m":7.8,"height_source":"USGS 3DEP lidar VA_NorthernVA_1_B22","height_confidence":"high","height_surveyed":true,"roof_form":"pitched","roof_spread_m":3.22,"source":"openstreetmap","source_date":"2026-09-11","confidence":"medium","surveyed":false},"geometry":{"type":"Polygon","coordinates":[[[-77.0885507,38.7176304],[-77.088451,38.7176308],[-77.0884502,38.7175187],[-77.0885365,38.7175183],[-77.0885367,38.7175485],[-77.0886892,38.7175478],[-77.0886899,38.7176441],[-77.0885508,38.7176447],[-77.0885507,38.7176304]]]}},{"type":"Feature","id":"way/707931585","properties":{"id":"way/707931585","name":null,"class":"building","building":"yes","ground_elevation_m":8.91,"height_m":5.6,"height_source":"USGS 3DEP lidar VA_NorthernVA_1_B22","height_confidence":"high","height_surveyed":true,"roof_form":"pitched","roof_spread_m":1.31,"source":"openstreetmap","source_date":"2026-09-11","confidence":"medium","surveyed":false},"geometry":{"type":"Polygon","coordinates":[[[-77.0839972,38.7195228],[-77.0840406,38.7194461],[-77.0841858,38.7194965],[-77.0841932,38.7194834],[-77.0842728,38.719511],[-77.0842114,38.7196196],[-77.0841317,38.7195919],[-77.0841423,38.7195732],[-77.0839972,38.7195228]]]}},{"type":"Feature","id":"way/707931586","properties":{"id":"way/707931586","name":null,"class":"building","building":"yes","ground_elevation_m":6.37,"height_m":5.7,"height_source":"USGS 3DEP lidar VA_NorthernVA_1_B22","height_confidence":"high","height_surveyed":true,"roof_form":"flat","roof_spread_m":0.59,"source":"openstreetmap","source_date":"2026-09-11","confidence":"medium","surveyed":false},"geometry":{"type":"Polygon","coordinates":[[[-77.0845709,38.7194222],[-77.0846462,38.7195241],[-77.084581,38.7195536],[-77.0845467,38.7195072],[-77.0844945,38.7195309],[-77.0845292,38.7195779],[-77.0844657,38.7196067],[-77.08439,38.7195041],[-77.0845709,38.7194222]]]}},{"type":"Feature","id":"way/707931587","properties":{"id":"way/707931587","name":null,"class":"building","building":"yes","ground_elevation_m":29.6,"height_m":5.2,"height_source":"USGS 3DEP lidar VA_NorthernVA_1_B22","height_confidence":"high","height_surveyed":true,"roof_form":"flat","roof_spread_m":0.86,"source":"openstreetmap","source_date":"2026-09-11","confidence":"medium","surveyed":false},"geometry":{"type":"Polygon","coordinates":[[[-77.0911424,38.7178933],[-77.0912164,38.7179604],[-77.0910626,38.7180646],[-77.0909885,38.7179974],[-77.0911424,38.7178933]]]}},{"type":"Feature","id":"way/707931588","properties":{"id":"way/707931588","name":null,"class":"building","building":"yes","ground_elevation_m":28.97,"height_m":5.2,"height_source":"USGS 3DEP lidar VA_NorthernVA_1_B22","height_confidence":"high","height_surveyed":true,"roof_form":"pitched","roof_spread_m":1.27,"source":"openstreetmap","source_date":"2026-09-11","confidence":"medium","surveyed":false},"geometry":{"type":"Polygon","coordinates":[[[-77.0904088,38.7178789],[-77.0903942,38.7178777],[-77.090403,38.7178082],[-77.090551,38.7178197],[-77.0905421,38.7178897],[-77.0905181,38.7178879],[-77.090499,38.7180386],[-77.0903896,38.71803],[-77.0904088,38.7178789]]]}},{"type":"Feature","id":"way/707931589","properties":{"id":"way/707931589","name":null,"class":"outbuilding","building":"shed","ground_elevation_m":7.18,"height_m":2.0,"height_source":"USGS 3DEP lidar VA_NorthernVA_1_B22","height_confidence":"low","height_surveyed":false,"roof_form":"flat","roof_spread_m":0.52,"source":"openstreetmap","source_date":"2026-09-11","confidence":"medium","surveyed":false},"geometry":{"type":"Polygon","coordinates":[[[-77.0835753,38.7178862],[-77.0835967,38.7179339],[-77.0835606,38.7179439],[-77.0835392,38.7178962],[-77.0835753,38.7178862]]]}},{"type":"Feature","id":"way/707931590","properties":{"id":"way/707931590","name":null,"class":"building","building":"yes","ground_elevation_m":28.66,"height_m":9.3,"height_source":"USGS 3DEP lidar VA_NorthernVA_1_B22","height_confidence":"high","height_surveyed":true,"roof_form":"pitched","roof_spread_m":4.79,"source":"openstreetmap","source_date":"2026-09-11","confidence":"medium","surveyed":false},"geometry":{"type":"Polygon","coordinates":[[[-77.092097,38.7192531],[-77.0921805,38.7192791],[-77.0921508,38.7193285],[-77.092209,38.7193493],[-77.0922096,38.7193599],[-77.0922832,38.7193538],[-77.0922889,38.7194032],[-77.0923066,38.7194017],[-77.0923184,38.7194951],[-77.0923006,38.7194994],[-77.0923026,38.7195296],[-77.0921894,38.7195389],[-77.0921857,38.7195132],[-77.0921504,38.7195171],[-77.0921517,38.7193972],[-77.0921806,38.7193949],[-77.092176,38.7193659],[-77.092136,38.7193537],[-77.0921332,38.7193593],[-77.092054,38.7193332],[-77.092097,38.7192531]]]}},{"type":"Feature","id":"way/707931591","properties":{"id":"way/707931591","name":null,"class":"building","building":"yes","ground_elevation_m":31.35,"height_m":6.2,"height_source":"USGS 3DEP lidar VA_NorthernVA_1_B22","height_confidence":"high","height_surveyed":true,"roof_form":"pitched","roof_spread_m":1.61,"source":"openstreetmap","source_date":"2026-09-11","confidence":"medium","surveyed":false},"geometry":{"type":"Polygon","coordinates":[[[-77.0948135,38.7194459],[-77.0948791,38.7194465],[-77.0948788,38.7194616],[-77.095006,38.7194627],[-77.0950051,38.7195245],[-77.0949726,38.7195242],[-77.094972,38.7195641],[-77.0948118,38.7195625],[-77.0948135,38.7194459]]]}},{"type":"Feature","id":"way/707931592","properties":{"id":"way/707931592","name":null,"class":"building","building":"yes","ground_elevation_m":33.55,"height_m":10.1,"height_source":"USGS 3DEP lidar VA_NorthernVA_1_B22","height_confidence":"high","height_surveyed":true,"roof_form":"pitched","roof_spread_m":2.79,"source":"openstreetmap","source_date":"2026-09-11","confidence":"medium","surveyed":false},"geometry":{"type":"Polygon","coordinates":[[[-77.0937536,38.7194615],[-77.0936706,38.7194619],[-77.0936705,38.7194537],[-77.0935208,38.7194545],[-77.0935198,38.7193515],[-77.0935684,38.7193512],[-77.0935683,38.7193445],[-77.0936287,38.7193442],[-77.0936287,38.7193525],[-77.093677,38.7193523],[-77.093677,38.7193572],[-77.0937527,38.7193567],[-77.0937536,38.7194615]]]}},{"type":"Feature","id":"way/707931593","properties":{"id":"way/707931593","name":null,"class":"building","building":"yes","ground_elevation_m":26.5,"height_m":6.6,"height_source":"USGS 3DEP lidar VA_NorthernVA_1_B22","height_confidence":"high","height_surveyed":true,"roof_form":"pitched","roof_spread_m":3.31,"source":"openstreetmap","source_date":"2026-09-11","confidence":"medium","surveyed":false},"geometry":{"type":"Polygon","coordinates":[[[-77.0985416,38.7122366],[-77.0986549,38.7121285],[-77.0986211,38.7121056],[-77.0986836,38.7120508],[-77.0988088,38.712133],[-77.0987367,38.7122004],[-77.0987291,38.7121954],[-77.0986765,38.7122446],[-77.0986706,38.7122407],[-77.0986213,38.7122875],[-77.0985416,38.7122366]]]}},{"type":"Feature","id":"way/707931594","properties":{"id":"way/707931594","name":null,"class":"building","building":"yes","ground_elevation_m":27.35,"height_m":7.0,"height_source":"USGS 3DEP lidar VA_NorthernVA_1_B22","height_confidence":"high","height_surveyed":true,"roof_form":"pitched","roof_spread_m":1.49,"source":"openstreetmap","source_date":"2026-09-11","confidence":"medium","surveyed":false},"geometry":{"type":"Polygon","coordinates":[[[-77.0972524,38.7120876],[-77.0973246,38.7120675],[-77.0973513,38.7121276],[-77.0972519,38.7121559],[-77.0972138,38.7121527],[-77.097201,38.7122358],[-77.0970708,38.7122253],[-77.0970948,38.7120722],[-77.0972247,38.7120822],[-77.0972238,38.712092],[-77.0972524,38.7120876]]]}},{"type":"Feature","id":"way/707931595","properties":{"id":"way/707931595","name":null,"class":"building","building":"yes","ground_elevation_m":25.18,"height_m":5.9,"height_source":"USGS 3DEP lidar VA_NorthernVA_1_B22","height_confidence":"high","height_surveyed":true,"roof_form":"pitched","roof_spread_m":2.62,"source":"openstreetmap","source_date":"2026-09-11","confidence":"medium","surveyed":false},"geometry":{"type":"Polygon","coordinates":[[[-77.0983223,38.7116341],[-77.0983967,38.7115587],[-77.0984949,38.7116183],[-77.0985357,38.7115771],[-77.0986013,38.7116169],[-77.0984861,38.7117334],[-77.0983223,38.7116341]]]}},{"type":"Feature","id":"way/707931596","properties":{"id":"way/707931596","name":null,"class":"building","building":"yes","ground_elevation_m":30.33,"height_m":11.3,"height_source":"USGS 3DEP lidar VA_NorthernVA_1_B22","height_confidence":"high","height_surveyed":true,"roof_form":"pitched","roof_spread_m":2.36,"source":"openstreetmap","source_date":"2026-09-11","confidence":"medium","surveyed":false},"geometry":{"type":"Polygon","coordinates":[[[-77.0925464,38.717838],[-77.0926588,38.7178641],[-77.0926169,38.7179749],[-77.0925884,38.7179683],[-77.0925686,38.7180208],[-77.0924847,38.7180013],[-77.0925464,38.717838]]]}},{"type":"Feature","id":"way/707931597","properties":{"id":"way/707931597","name":null,"class":"building","building":"yes","ground_elevation_m":31.24,"height_m":9.0,"height_source":"USGS 3DEP lidar VA_NorthernVA_1_B22","height_confidence":"high","height_surveyed":true,"roof_form":"pitched","roof_spread_m":4.29,"source":"openstreetmap","source_date":"2026-09-11","confidence":"medium","surveyed":false},"geometry":{"type":"Polygon","coordinates":[[[-77.0934736,38.7178687],[-77.0934488,38.7178592],[-77.0934828,38.7178046],[-77.0936603,38.7178724],[-77.0936286,38.7179233],[-77.093581,38.7179051],[-77.0935184,38.7180057],[-77.0934133,38.7179656],[-77.0934736,38.7178687]]]}},{"type":"Feature","id":"way/707931598","properties":{"id":"way/707931598","name":null,"class":"building","building":"yes","ground_elevation_m":31.26,"height_m":9.6,"height_source":"USGS 3DEP lidar VA_NorthernVA_1_B22","height_confidence":"high","height_surveyed":true,"roof_form":"pitched","roof_spread_m":3.77,"source":"openstreetmap","source_date":"2026-09-11","confidence":"medium","surveyed":false},"geometry":{"type":"Polygon","coordinates":[[[-77.0938016,38.7179232],[-77.0938369,38.7179078],[-77.0937814,38.7178299],[-77.0938138,38.7178157],[-77.093799,38.717795],[-77.0938743,38.717762],[-77.0939702,38.7178967],[-77.0939954,38.7178857],[-77.0940422,38.7179514],[-77.0939534,38.7179902],[-77.0939139,38.7179348],[-77.0938347,38.7179695],[-77.0938016,38.7179232]]]}},{"type":"Feature","id":"way/707931599","properties":{"id":"way/707931599","name":null,"class":"building","building":"yes","ground_elevation_m":27.31,"height_m":5.3,"height_source":"USGS 3DEP lidar VA_NorthernVA_1_B22","height_confidence":"high","height_surveyed":true,"roof_form":"pitched","roof_spread_m":2.3,"source":"openstreetmap","source_date":"2026-09-11","confidence":"medium","surveyed":false},"geometry":{"type":"Polygon","coordinates":[[[-77.0989406,38.7181616],[-77.0989428,38.7181336],[-77.0990292,38.7181377],[-77.0990209,38.7182453],[-77.0988624,38.7182377],[-77.0988588,38.7182836],[-77.0987959,38.7182806],[-77.0988004,38.7182229],[-77.0987896,38.7182224],[-77.0987949,38.7181547],[-77.0989406,38.7181616]]]}},{"type":"Feature","id":"way/707931600","properties":{"id":"way/707931600","name":null,"class":"outbuilding","building":"shed","ground_elevation_m":28.37,"height_m":3.1,"height_source":"USGS 3DEP lidar VA_NorthernVA_1_B22","height_confidence":"low","height_surveyed":false,"roof_form":"pitched","roof_spread_m":1.39,"source":"openstreetmap","source_date":"2026-09-11","confidence":"medium","surveyed":false},"geometry":{"type":"Polygon","coordinates":[[[-77.0966677,38.7181152],[-77.0967061,38.7181183],[-77.0966977,38.7181811],[-77.0966593,38.7181788],[-77.0966677,38.7181152]]]}},{"type":"Feature","id":"way/707931601","properties":{"id":"way/707931601","name":null,"class":"building","building":"yes","ground_elevation_m":27.88,"height_m":7.0,"height_source":"USGS 3DEP lidar VA_NorthernVA_1_B22","height_confidence":"high","height_surveyed":true,"roof_form":"pitched","roof_spread_m":1.68,"source":"openstreetmap","source_date":"2026-09-11","confidence":"medium","surveyed":false},"geometry":{"type":"Polygon","coordinates":[[[-77.0973627,38.7152175],[-77.0973657,38.71523],[-77.0974336,38.7152201],[-77.0974638,38.7153457],[-77.0973667,38.71536],[-77.097358,38.7153232],[-77.0972635,38.7153372],[-77.0972421,38.715248],[-77.097317,38.7152369],[-77.0973141,38.7152246],[-77.0973627,38.7152175]]]}},{"type":"Feature","id":"way/707931602","properties":{"id":"way/707931602","name":null,"class":"outbuilding","building":"shed","ground_elevation_m":28.05,"height_m":3.7,"height_source":"USGS 3DEP lidar VA_NorthernVA_1_B22","height_confidence":"low","height_surveyed":false,"roof_form":"flat","roof_spread_m":1.15,"source":"openstreetmap","source_date":"2026-09-11","confidence":"medium","surveyed":false},"geometry":{"type":"Polygon","coordinates":[[[-77.0984648,38.7138366],[-77.0984725,38.7138812],[-77.0984111,38.7138876],[-77.0984035,38.713843],[-77.0984648,38.7138366]]]}},{"type":"Feature","id":"way/707931603","properties":{"id":"way/707931603","name":null,"class":"outbuilding","building":"shed","ground_elevation_m":27.76,"height_m":3.2,"height_source":"USGS 3DEP lidar VA_NorthernVA_1_B22","height_confidence":"low","height_surveyed":false,"roof_form":"pitched","roof_spread_m":1.27,"source":"openstreetmap","source_date":"2026-09-11","confidence":"medium","surveyed":false},"geometry":{"type":"Polygon","coordinates":[[[-77.098944,38.71386],[-77.0989732,38.7137913],[-77.0990231,38.7138043],[-77.098994,38.713873],[-77.098944,38.71386]]]}},{"type":"Feature","id":"way/707931604","properties":{"id":"way/707931604","name":null,"class":"building","building":"yes","ground_elevation_m":29.13,"height_m":6.9,"height_source":"USGS 3DEP lidar VA_NorthernVA_1_B22","height_confidence":"high","height_surveyed":true,"roof_form":"pitched","roof_spread_m":3.86,"source":"openstreetmap","source_date":"2026-09-11","confidence":"medium","surveyed":false},"geometry":{"type":"Polygon","coordinates":[[[-77.096796,38.714322],[-77.0968826,38.7143126],[-77.0968921,38.714366],[-77.0969266,38.7143622],[-77.0969342,38.7144046],[-77.0969839,38.7143992],[-77.0969971,38.7144729],[-77.0968374,38.7144904],[-77.0968274,38.7144346],[-77.0968163,38.7144358],[-77.096796,38.714322]]]}},{"type":"Feature","id":"way/707931605","properties":{"id":"way/707931605","name":null,"class":"outbuilding","building":"garage","ground_elevation_m":29.04,"height_m":3.6,"height_source":"USGS 3DEP lidar VA_NorthernVA_1_B22","height_confidence":"high","height_surveyed":true,"roof_form":"flat","roof_spread_m":0.86,"source":"openstreetmap","source_date":"2026-09-11","confidence":"medium","surveyed":false},"geometry":{"type":"Polygon","coordinates":[[[-77.0969271,38.7182706],[-77.0970085,38.7182812],[-77.096995,38.7183445],[-77.0969136,38.7183339],[-77.0969271,38.7182706]]]}},{"type":"Feature","id":"way/707931606","properties":{"id":"way/707931606","name":null,"class":"building","building":"yes","ground_elevation_m":25.41,"height_m":6.0,"height_source":"USGS 3DEP lidar VA_NorthernVA_1_B22","height_confidence":"high","height_surveyed":true,"roof_form":"pitched","roof_spread_m":3.08,"source":"openstreetmap","source_date":"2026-09-11","confidence":"medium","surveyed":false},"geometry":{"type":"Polygon","coordinates":[[[-77.0997513,38.7183676],[-77.0997538,38.718304],[-77.0996832,38.7183023],[-77.0996859,38.718232],[-77.0999694,38.7182386],[-77.0999666,38.7183133],[-77.0998567,38.7183108],[-77.0998544,38.7183701],[-77.0997513,38.7183676]]]}},{"type":"Feature","id":"way/707931607","properties":{"id":"way/707931607","name":null,"class":"building","building":"yes","ground_elevation_m":27.33,"height_m":7.3,"height_source":"USGS 3DEP lidar VA_NorthernVA_1_B22","height_confidence":"high","height_surveyed":true,"roof_form":"pitched","roof_spread_m":3.46,"source":"openstreetmap","source_date":"2026-09-11","confidence":"medium","surveyed":false},"geometry":{"type":"Polygon","coordinates":[[[-77.0966472,38.7151638],[-77.0967463,38.7152077],[-77.0967124,38.7152548],[-77.096725,38.7152604],[-77.0966492,38.7153654],[-77.0965497,38.7153214],[-77.0965877,38.7152687],[-77.0965755,38.7152632],[-77.0966472,38.7151638]]]}},{"type":"Feature","id":"way/707931608","properties":{"id":"way/707931608","name":null,"class":"building","building":"yes","ground_elevation_m":28.5,"height_m":6.6,"height_source":"USGS 3DEP lidar VA_NorthernVA_1_B22","height_confidence":"high","height_surveyed":true,"roof_form":"pitched","roof_spread_m":1.85,"source":"openstreetmap","source_date":"2026-09-11","confidence":"medium","surveyed":false},"geometry":{"type":"Polygon","coordinates":[[[-77.0978261,38.7144842],[-77.0978252,38.7144574],[-77.0979035,38.714456],[-77.0979042,38.71448],[-77.0979424,38.7144793],[-77.0979451,38.7145712],[-77.0977518,38.7145748],[-77.0977492,38.7144856],[-77.0978261,38.7144842]]]}},{"type":"Feature","id":"way/707931609","properties":{"id":"way/707931609","name":null,"class":"building","building":"yes","ground_elevation_m":28.14,"height_m":7.5,"height_source":"USGS 3DEP lidar VA_NorthernVA_1_B22","height_confidence":"high","height_surveyed":true,"roof_form":"pitched","roof_spread_m":3.57,"source":"openstreetmap","source_date":"2026-09-11","confidence":"medium","surveyed":false},"geometry":{"type":"Polygon","coordinates":[[[-77.0955549,38.7178039],[-77.0955794,38.7178808],[-77.095546,38.7178873],[-77.095572,38.717969],[-77.0953792,38.7180066],[-77.0953538,38.7179266],[-77.0954268,38.7179123],[-77.0954238,38.7179031],[-77.095487,38.7178908],[-77.0954649,38.7178214],[-77.0955549,38.7178039]]]}},{"type":"Feature","id":"way/707931610","properties":{"id":"way/707931610","name":null,"class":"building","building":"yes","ground_elevation_m":29.48,"height_m":5.4,"height_source":"USGS 3DEP lidar VA_NorthernVA_1_B22","height_confidence":"high","height_surveyed":true,"roof_form":"pitched","roof_spread_m":1.62,"source":"openstreetmap","source_date":"2026-09-11","confidence":"medium","surveyed":false},"geometry":{"type":"Polygon","coordinates":[[[-77.0971936,38.7180058],[-77.0972441,38.7179023],[-77.0973189,38.7179241],[-77.0973307,38.7178993],[-77.0974163,38.7179224],[-77.0973738,38.71802],[-77.0973055,38.7180017],[-77.0972938,38.7180278],[-77.0972557,38.7180162],[-77.0972523,38.7180232],[-77.0971936,38.7180058]]]}},{"type":"Feature","id":"way/707931611","properties":{"id":"way/707931611","name":null,"class":"building","building":"yes","ground_elevation_m":30.14,"height_m":8.0,"height_source":"USGS 3DEP lidar VA_NorthernVA_1_B22","height_confidence":"high","height_surveyed":true,"roof_form":"pitched","roof_spread_m":3.34,"source":"openstreetmap","source_date":"2026-09-11","confidence":"medium","surveyed":false},"geometry":{"type":"Polygon","coordinates":[[[-77.094598,38.7179926],[-77.0945983,38.7179798],[-77.0945171,38.7179787],[-77.0945197,38.7178611],[-77.0946141,38.7178624],[-77.094613,38.7179075],[-77.0946513,38.717908],[-77.0946521,38.7178725],[-77.094733,38.7178736],[-77.0947322,38.7179084],[-77.0947714,38.717909],[-77.0947724,38.717864],[-77.0948707,38.7178654],[-77.0948679,38.7179858],[-77.0947799,38.7179845],[-77.0947796,38.7179951],[-77.094598,38.7179926]]]}},{"type":"Feature","id":"way/707931612","properties":{"id":"way/707931612","name":null,"class":"building","building":"yes","ground_elevation_m":28.14,"height_m":6.5,"height_source":"USGS 3DEP lidar VA_NorthernVA_1_B22","height_confidence":"high","height_surveyed":true,"roof_form":"pitched","roof_spread_m":1.62,"source":"openstreetmap","source_date":"2026-09-11","confidence":"medium","surveyed":false},"geometry":{"type":"Polygon","coordinates":[[[-77.0971002,38.7119039],[-77.0971261,38.7117546],[-77.0972563,38.7117685],[-77.0972304,38.7119178],[-77.0971002,38.7119039]]]}},{"type":"Feature","id":"way/707931613","properties":{"id":"way/707931613","name":null,"class":"building","building":"yes","ground_elevation_m":25.54,"height_m":9.6,"height_source":"USGS 3DEP lidar VA_NorthernVA_1_B22","height_confidence":"high","height_surveyed":true,"roof_form":"pitched","roof_spread_m":5.22,"source":"openstreetmap","source_date":"2026-09-11","confidence":"medium","surveyed":false},"geometry":{"type":"Polygon","coordinates":[[[-77.0993268,38.7189972],[-77.0992095,38.7189767],[-77.0992163,38.7189586],[-77.0991663,38.7189497],[-77.0991838,38.7188889],[-77.0992289,38.7188969],[-77.099234,38.7188783],[-77.0992794,38.7188861],[-77.099287,38.7188591],[-77.0993542,38.7188705],[-77.0993539,38.718866],[-77.0994116,38.7188763],[-77.099427,38.7188936],[-77.0994229,38.7189095],[-77.0994313,38.7189107],[-77.0994035,38.7190354],[-77.0993217,38.7190238],[-77.0993268,38.7189972]]]}},{"type":"Feature","id":"way/707931614","properties":{"id":"way/707931614","name":null,"class":"building","building":"yes","ground_elevation_m":27.79,"height_m":7.1,"height_source":"USGS 3DEP lidar VA_NorthernVA_1_B22","height_confidence":"high","height_surveyed":true,"roof_form":"pitched","roof_spread_m":1.51,"source":"openstreetmap","source_date":"2026-09-11","confidence":"medium","surveyed":false},"geometry":{"type":"Polygon","coordinates":[[[-77.0968837,38.7152818],[-77.096945,38.7152034],[-77.0971108,38.715283],[-77.0970495,38.7153614],[-77.0968837,38.7152818]]]}},{"type":"Feature","id":"way/707931615","properties":{"id":"way/707931615","name":null,"class":"building","building":"yes","ground_elevation_m":31.37,"height_m":5.2,"height_source":"USGS 3DEP lidar VA_NorthernVA_1_B22","height_confidence":"high","height_surveyed":true,"roof_form":"pitched","roof_spread_m":2.12,"source":"openstreetmap","source_date":"2026-09-11","confidence":"medium","surveyed":false},"geometry":{"type":"Polygon","coordinates":[[[-77.0948805,38.7190368],[-77.0948304,38.7190364],[-77.0948303,38.7190408],[-77.0946571,38.7190394],[-77.0946581,38.7189592],[-77.0946767,38.7189593],[-77.094677,38.7189306],[-77.0948142,38.7189317],[-77.0948138,38.7189638],[-77.0948814,38.7189644],[-77.0948805,38.7190368]]]}},{"type":"Feature","id":"way/707931616","properties":{"id":"way/707931616","name":null,"class":"building","building":"yes","ground_elevation_m":24.91,"height_m":5.5,"height_source":"USGS 3DEP lidar VA_NorthernVA_1_B22","height_confidence":"high","height_surveyed":true,"roof_form":"pitched","roof_spread_m":2.19,"source":"openstreetmap","source_date":"2026-09-11","confidence":"medium","surveyed":false},"geometry":{"type":"Polygon","coordinates":[[[-77.0997393,38.716247],[-77.0998352,38.7163435],[-77.099793,38.7163692],[-77.099762,38.716338],[-77.0996666,38.7163962],[-77.0995837,38.7163128],[-77.0996537,38.71627],[-77.0996718,38.7162882],[-77.0997393,38.716247]]]}},{"type":"Feature","id":"way/707931617","properties":{"id":"way/707931617","name":null,"class":"building","building":"yes","ground_elevation_m":22.57,"height_m":5.8,"height_source":"USGS 3DEP lidar VA_NorthernVA_1_B22","height_confidence":"high","height_surveyed":true,"roof_form":"pitched","roof_spread_m":2.55,"source":"openstreetmap","source_date":"2026-09-11","confidence":"medium","surveyed":false},"geometry":{"type":"Polygon","coordinates":[[[-77.0986283,38.7162325],[-77.0986844,38.7163093],[-77.0985413,38.7163735],[-77.0984851,38.7162967],[-77.0986283,38.7162325]]]}},{"type":"Feature","id":"way/707931618","properties":{"id":"way/707931618","name":null,"class":"building","building":"yes","ground_elevation_m":29.1,"height_m":6.1,"height_source":"USGS 3DEP lidar VA_NorthernVA_1_B22","height_confidence":"high","height_surveyed":true,"roof_form":"flat","roof_spread_m":1.13,"source":"openstreetmap","source_date":"2026-09-11","confidence":"medium","surveyed":false},"geometry":{"type":"Polygon","coordinates":[[[-77.0953763,38.7184034],[-77.0953803,38.7183578],[-77.0954145,38.7183597],[-77.0954216,38.7182802],[-77.0955394,38.7182865],[-77.0955284,38.7184116],[-77.0953763,38.7184034]]]}},{"type":"Feature","id":"way/707931619","properties":{"id":"way/707931619","name":null,"class":"building","building":"yes","ground_elevation_m":25.86,"height_m":7.1,"height_source":"USGS 3DEP lidar VA_NorthernVA_1_B22","height_confidence":"high","height_surveyed":true,"roof_form":"pitched","roof_spread_m":3.1,"source":"openstreetmap","source_date":"2026-09-11","confidence":"medium","surveyed":false},"geometry":{"type":"Polygon","coordinates":[[[-77.0983655,38.7120427],[-77.0983528,38.7120598],[-77.0982932,38.7120327],[-77.098319,38.711998],[-77.0982553,38.7119689],[-77.0983013,38.711907],[-77.0983693,38.7119381],[-77.0983588,38.7119523],[-77.0984869,38.7120108],[-77.0984385,38.7120759],[-77.0983655,38.7120427]]]}},{"type":"Feature","id":"way/707931620","properties":{"id":"way/707931620","name":null,"class":"building","building":"yes","ground_elevation_m":27.97,"height_m":9.7,"height_source":"USGS 3DEP lidar VA_NorthernVA_1_B22","height_confidence":"high","height_surveyed":true,"roof_form":"pitched","roof_spread_m":2.54,"source":"openstreetmap","source_date":"2026-09-11","confidence":"medium","surveyed":false},"geometry":{"type":"Polygon","coordinates":[[[-77.0976766,38.7193257],[-77.0977004,38.7192346],[-77.0977807,38.7192472],[-77.0977799,38.7192504],[-77.0978147,38.7192561],[-77.0978195,38.7192363],[-77.0978888,38.7192459],[-77.0978619,38.7193551],[-77.0976766,38.7193257]]]}},{"type":"Feature","id":"way/707931621","properties":{"id":"way/707931621","name":null,"class":"building","building":"yes","ground_elevation_m":28.72,"height_m":5.9,"height_source":"USGS 3DEP lidar VA_NorthernVA_1_B22","height_confidence":"high","height_surveyed":true,"roof_form":"pitched","roof_spread_m":1.3,"source":"openstreetmap","source_date":"2026-09-11","confidence":"medium","surveyed":false},"geometry":{"type":"Polygon","coordinates":[[[-77.0977842,38.717502],[-77.0977109,38.7175699],[-77.0975883,38.7174888],[-77.0976616,38.7174209],[-77.0977842,38.717502]]]}},{"type":"Feature","id":"way/707931622","properties":{"id":"way/707931622","name":null,"class":"building","building":"yes","ground_elevation_m":30.06,"height_m":10.9,"height_source":"USGS 3DEP lidar VA_NorthernVA_1_B22","height_confidence":"high","height_surveyed":true,"roof_form":"pitched","roof_spread_m":2.42,"source":"openstreetmap","source_date":"2026-09-11","confidence":"medium","surveyed":false},"geometry":{"type":"Polygon","coordinates":[[[-77.0926961,38.7173656],[-77.092654,38.7173551],[-77.0926752,38.7173063],[-77.0928183,38.717344],[-77.0927508,38.7175018],[-77.092649,38.7174749],[-77.0926961,38.7173656]]]}},{"type":"Feature","id":"way/707931623","properties":{"id":"way/707931623","name":null,"class":"building","building":"yes","ground_elevation_m":28.67,"height_m":9.9,"height_source":"USGS 3DEP lidar VA_NorthernVA_1_B22","height_confidence":"high","height_surveyed":true,"roof_form":"pitched","roof_spread_m":2.56,"source":"openstreetmap","source_date":"2026-09-11","confidence":"medium","surveyed":false},"geometry":{"type":"Polygon","coordinates":[[[-77.0966801,38.719235],[-77.0967057,38.7191258],[-77.0967792,38.7191364],[-77.0967735,38.7191609],[-77.0968902,38.7191695],[-77.0968672,38.7192633],[-77.0966801,38.719235]]]}},{"type":"Feature","id":"way/707931624","properties":{"id":"way/707931624","name":null,"class":"building","building":"yes","ground_elevation_m":29.14,"height_m":10.1,"height_source":"USGS 3DEP lidar VA_NorthernVA_1_B22","height_confidence":"high","height_surveyed":true,"roof_form":"pitched","roof_spread_m":2.41,"source":"openstreetmap","source_date":"2026-09-11","confidence":"medium","surveyed":false},"geometry":{"type":"Polygon","coordinates":[[[-77.0962598,38.7192257],[-77.0962813,38.7191322],[-77.0963323,38.7191394],[-77.0963315,38.7191431],[-77.0964007,38.7191572],[-77.0964022,38.7191374],[-77.0964728,38.719148],[-77.0964466,38.7192555],[-77.0962598,38.7192257]]]}},{"type":"Feature","id":"way/707931625","properties":{"id":"way/707931625","name":null,"class":"building","building":"yes","ground_elevation_m":27.67,"height_m":9.9,"height_source":"USGS 3DEP lidar VA_NorthernVA_1_B22","height_confidence":"high","height_surveyed":true,"roof_form":"pitched","roof_spread_m":3.86,"source":"openstreetmap","source_date":"2026-09-11","confidence":"medium","surveyed":false},"geometry":{"type":"Polygon","coordinates":[[[-77.0964601,38.7176618],[-77.0964354,38.7178179],[-77.0963284,38.7178076],[-77.0963439,38.7177091],[-77.0963176,38.7177065],[-77.0963267,38.7176489],[-77.0964601,38.7176618]]]}},{"type":"Feature","id":"way/707931626","properties":{"id":"way/707931626","name":null,"class":"building","building":"yes","ground_elevation_m":26.19,"height_m":5.1,"height_source":"USGS 3DEP lidar VA_NorthernVA_1_B22","height_confidence":"high","height_surveyed":true,"roof_form":"pitched","roof_spread_m":1.39,"source":"openstreetmap","source_date":"2026-09-11","confidence":"medium","surveyed":false},"geometry":{"type":"Polygon","coordinates":[[[-77.0996315,38.7189615],[-77.0995915,38.7189548],[-77.0996073,38.7188974],[-77.0997284,38.7189178],[-77.0996774,38.7191033],[-77.0995962,38.7190895],[-77.0996315,38.7189615]]]}},{"type":"Feature","id":"way/707931627","properties":{"id":"way/707931627","name":null,"class":"building","building":"yes","ground_elevation_m":29.8,"height_m":6.5,"height_source":"USGS 3DEP lidar VA_NorthernVA_1_B22","height_confidence":"high","height_surveyed":true,"roof_form":"pitched","roof_spread_m":2.6,"source":"openstreetmap","source_date":"2026-09-11","confidence":"medium","surveyed":false},"geometry":{"type":"Polygon","coordinates":[[[-77.0945244,38.7171012],[-77.0947571,38.717078],[-77.0947733,38.7171779],[-77.0947348,38.7171817],[-77.0947371,38.7171957],[-77.0946167,38.7172077],[-77.0946138,38.7171904],[-77.0944546,38.7172063],[-77.0944414,38.7171253],[-77.0945269,38.7171168],[-77.0945244,38.7171012]]]}},{"type":"Feature","id":"way/707931628","properties":{"id":"way/707931628","name":null,"class":"building","building":"yes","ground_elevation_m":30.64,"height_m":7.3,"height_source":"USGS 3DEP lidar VA_NorthernVA_1_B22","height_confidence":"high","height_surveyed":true,"roof_form":"pitched","roof_spread_m":2.77,"source":"openstreetmap","source_date":"2026-09-11","confidence":"medium","surveyed":false},"geometry":{"type":"Polygon","coordinates":[[[-77.0940933,38.7170649],[-77.0943689,38.7171071],[-77.0943481,38.7171903],[-77.0941911,38.7171662],[-77.0941846,38.7171923],[-77.0941098,38.7171808],[-77.0941162,38.7171554],[-77.0940724,38.7171486],[-77.0940933,38.7170649]]]}},{"type":"Feature","id":"way/707931629","properties":{"id":"way/707931629","name":null,"class":"building","building":"yes","ground_elevation_m":27.41,"height_m":10.5,"height_source":"USGS 3DEP lidar VA_NorthernVA_1_B22","height_confidence":"high","height_surveyed":true,"roof_form":"pitched","roof_spread_m":4.06,"source":"openstreetmap","source_date":"2026-09-11","confidence":"medium","surveyed":false},"geometry":{"type":"Polygon","coordinates":[[[-77.0963096,38.7171986],[-77.0963168,38.7171403],[-77.0963429,38.7171423],[-77.0963548,38.7170457],[-77.0964604,38.7170537],[-77.0964413,38.7172085],[-77.0963096,38.7171986]]]}},{"type":"Feature","id":"way/707931630","properties":{"id":"way/707931630","name":null,"class":"building","building":"yes","ground_elevation_m":27.93,"height_m":4.7,"height_source":"USGS 3DEP lidar VA_NorthernVA_1_B22","height_confidence":"low","height_surveyed":false,"roof_form":"pitched","roof_spread_m":1.52,"source":"openstreetmap","source_date":"2026-09-11","confidence":"medium","surveyed":false},"geometry":{"type":"Polygon","coordinates":[[[-77.0953098,38.7173611],[-77.0953671,38.7172491],[-77.0954117,38.7172632],[-77.0953543,38.7173751],[-77.0953098,38.7173611]]]}},{"type":"Feature","id":"way/707931631","properties":{"id":"way/707931631","name":null,"class":"building","building":"yes","ground_elevation_m":31.39,"height_m":8.1,"height_source":"USGS 3DEP lidar VA_NorthernVA_1_B22","height_confidence":"high","height_surveyed":true,"roof_form":"pitched","roof_spread_m":3.93,"source":"openstreetmap","source_date":"2026-09-11","confidence":"medium","surveyed":false},"geometry":{"type":"Polygon","coordinates":[[[-77.0939743,38.7173395],[-77.0939789,38.717308],[-77.0938755,38.7172987],[-77.0938972,38.7171498],[-77.0940067,38.7171596],[-77.0939907,38.7172693],[-77.0940809,38.7172774],[-77.0940706,38.7173482],[-77.0939743,38.7173395]]]}},{"type":"Feature","id":"way/707931632","properties":{"id":"way/707931632","name":null,"class":"building","building":"yes","ground_elevation_m":27.99,"height_m":5.2,"height_source":"USGS 3DEP lidar VA_NorthernVA_1_B22","height_confidence":"high","height_surveyed":true,"roof_form":"pitched","roof_spread_m":2.18,"source":"openstreetmap","source_date":"2026-09-11","confidence":"medium","surveyed":false},"geometry":{"type":"Polygon","coordinates":[[[-77.0971677,38.7171281],[-77.0971023,38.717251],[-77.0970764,38.7172426],[-77.0970283,38.7173329],[-77.0968926,38.7172885],[-77.0969419,38.7171959],[-77.0969832,38.7172094],[-77.0970167,38.7171464],[-77.0970545,38.7171587],[-77.0970721,38.7171254],[-77.0970486,38.7171177],[-77.0970625,38.7170914],[-77.0971677,38.7171281]]]}},{"type":"Feature","id":"way/707931633","properties":{"id":"way/707931633","name":null,"class":"building","building":"yes","ground_elevation_m":29.94,"height_m":7.3,"height_source":"USGS 3DEP lidar VA_NorthernVA_1_B22","height_confidence":"high","height_surveyed":true,"roof_form":"pitched","roof_spread_m":3.36,"source":"openstreetmap","source_date":"2026-09-11","confidence":"medium","surveyed":false},"geometry":{"type":"Polygon","coordinates":[[[-77.0921766,38.7172527],[-77.0921827,38.7172221],[-77.0920497,38.7172047],[-77.0920686,38.7171081],[-77.0922097,38.7171291],[-77.0922071,38.7171401],[-77.0923399,38.7171608],[-77.0923305,38.7171982],[-77.0922958,38.7171929],[-77.0922769,38.7172682],[-77.0921766,38.7172527]]]}},{"type":"Feature","id":"way/707931634","properties":{"id":"way/707931634","name":null,"class":"building","building":"yes","ground_elevation_m":29.12,"height_m":8.1,"height_source":"USGS 3DEP lidar VA_NorthernVA_1_B22","height_confidence":"high","height_surveyed":true,"roof_form":"pitched","roof_spread_m":4.59,"source":"openstreetmap","source_date":"2026-09-11","confidence":"medium","surveyed":false},"geometry":{"type":"Polygon","coordinates":[[[-77.0948548,38.7171857],[-77.0948806,38.7171732],[-77.0948317,38.7171113],[-77.0948765,38.7170895],[-77.0948601,38.7170688],[-77.0948678,38.7170651],[-77.0948277,38.7170145],[-77.0948874,38.7169856],[-77.0949359,38.7170469],[-77.0949603,38.717035],[-77.0949909,38.7170737],[-77.0950572,38.7170415],[-77.0950832,38.7170745],[-77.0951196,38.7170568],[-77.0951589,38.7171065],[-77.0950932,38.7171384],[-77.0951064,38.7171551],[-77.0949071,38.7172518],[-77.0948548,38.7171857]]]}},{"type":"Feature","id":"way/707931635","properties":{"id":"way/707931635","name":null,"class":"building","building":"yes","ground_elevation_m":31.28,"height_m":4.9,"height_source":"USGS 3DEP lidar VA_NorthernVA_1_B22","height_confidence":"high","height_surveyed":true,"roof_form":"pitched","roof_spread_m":1.23,"source":"openstreetmap","source_date":"2026-09-11","confidence":"medium","surveyed":false},"geometry":{"type":"Polygon","coordinates":[[[-77.0953343,38.7187749],[-77.0953472,38.7187756],[-77.0953503,38.7187396],[-77.0954558,38.7187452],[-77.0954413,38.7189126],[-77.0953229,38.7189063],[-77.0953343,38.7187749]]]}},{"type":"Feature","id":"way/707931636","properties":{"id":"way/707931636","name":null,"class":"building","building":"yes","ground_elevation_m":30.52,"height_m":7.5,"height_source":"USGS 3DEP lidar VA_NorthernVA_1_B22","height_confidence":"high","height_surveyed":true,"roof_form":"pitched","roof_spread_m":3.22,"source":"openstreetmap","source_date":"2026-09-11","confidence":"medium","surveyed":false},"geometry":{"type":"Polygon","coordinates":[[[-77.0914249,38.7184921],[-77.091508,38.7183959],[-77.0915822,38.7184353],[-77.0915918,38.7184242],[-77.0917123,38.7184881],[-77.0916434,38.7185677],[-77.0915238,38.7185042],[-77.091533,38.7184936],[-77.0915257,38.7184897],[-77.0914927,38.718528],[-77.0914249,38.7184921]]]}},{"type":"Feature","id":"way/707931637","properties":{"id":"way/707931637","name":null,"class":"building","building":"yes","ground_elevation_m":32.81,"height_m":11.0,"height_source":"USGS 3DEP lidar VA_NorthernVA_1_B22","height_confidence":"high","height_surveyed":true,"roof_form":"pitched","roof_spread_m":5.08,"source":"openstreetmap","source_date":"2026-09-11","confidence":"medium","surveyed":false},"geometry":{"type":"Polygon","coordinates":[[[-77.0941214,38.71857],[-77.0941287,38.7185562],[-77.0940449,38.7185291],[-77.0940503,38.7185188],[-77.094004,38.7185039],[-77.0940323,38.71845],[-77.0940119,38.7184434],[-77.0940313,38.7184066],[-77.0940155,38.7184015],[-77.0940394,38.718356],[-77.0941405,38.7183885],[-77.094131,38.7184066],[-77.0942619,38.7184487],[-77.0942292,38.7185109],[-77.0942519,38.7185183],[-77.0942097,38.7185985],[-77.0941214,38.71857]]]}},{"type":"Feature","id":"way/707931638","properties":{"id":"way/707931638","name":null,"class":"building","building":"yes","ground_elevation_m":32.84,"height_m":10.7,"height_source":"USGS 3DEP lidar VA_NorthernVA_1_B22","height_confidence":"high","height_surveyed":true,"roof_form":"pitched","roof_spread_m":2.83,"source":"openstreetmap","source_date":"2026-09-11","confidence":"medium","surveyed":false},"geometry":{"type":"Polygon","coordinates":[[[-77.0937366,38.7184066],[-77.0937123,38.7183691],[-77.0937764,38.7183436],[-77.0938012,38.7183818],[-77.0938468,38.7183636],[-77.0939096,38.7184603],[-77.0937705,38.7185157],[-77.0937964,38.7185556],[-77.0937099,38.7185901],[-77.0936544,38.7185045],[-77.093681,38.718494],[-77.0936542,38.7184527],[-77.0936994,38.7184347],[-77.0936925,38.7184241],[-77.0937366,38.7184066]]]}},{"type":"Feature","id":"way/707931639","properties":{"id":"way/707931639","name":null,"class":"building","building":"yes","ground_elevation_m":30.36,"height_m":10.3,"height_source":"USGS 3DEP lidar VA_NorthernVA_1_B22","height_confidence":"high","height_surveyed":true,"roof_form":"pitched","roof_spread_m":2.62,"source":"openstreetmap","source_date":"2026-09-11","confidence":"medium","surveyed":false},"geometry":{"type":"Polygon","coordinates":[[[-77.0962429,38.7185235],[-77.0962479,38.7185041],[-77.0962037,38.7184971],[-77.0962001,38.7185114],[-77.096125,38.7184986],[-77.0961456,38.7184227],[-77.0961518,38.7184239],[-77.0961642,38.7183829],[-77.0962595,38.7184005],[-77.0962646,38.7183839],[-77.0963325,38.7183965],[-77.0963269,38.7184148],[-77.0963739,38.7184226],[-77.0963495,38.7185176],[-77.0963064,38.7185108],[-77.0963007,38.7185327],[-77.0962429,38.7185235]]]}},{"type":"Feature","id":"way/707931640","properties":{"id":"way/707931640","name":null,"class":"building","building":"yes","ground_elevation_m":27.52,"height_m":5.4,"height_source":"USGS 3DEP lidar VA_NorthernVA_1_B22","height_confidence":"high","height_surveyed":true,"roof_form":"pitched","roof_spread_m":1.88,"source":"openstreetmap","source_date":"2026-09-11","confidence":"medium","surveyed":false},"geometry":{"type":"Polygon","coordinates":[[[-77.0978223,38.7171366],[-77.0978012,38.7171143],[-77.0979023,38.7170539],[-77.0979864,38.7171339],[-77.0979342,38.7171671],[-77.097955,38.717186],[-77.0979401,38.717216],[-77.0978957,38.7172115],[-77.0978847,38.7172027],[-77.0978175,38.7172482],[-77.0977504,38.7171865],[-77.0978223,38.7171366]]]}},{"type":"Feature","id":"way/707931641","properties":{"id":"way/707931641","name":null,"class":"building","building":"yes","ground_elevation_m":26.34,"height_m":5.7,"height_source":"USGS 3DEP lidar VA_NorthernVA_1_B22","height_confidence":"high","height_surveyed":true,"roof_form":"pitched","roof_spread_m":1.49,"source":"openstreetmap","source_date":"2026-09-11","confidence":"medium","surveyed":false},"geometry":{"type":"Polygon","coordinates":[[[-77.0976758,38.7165715],[-77.0977166,38.7166427],[-77.0976398,38.7166697],[-77.0976524,38.7166917],[-77.0975701,38.7167206],[-77.0975168,38.7166273],[-77.0976758,38.7165715]]]}},{"type":"Feature","id":"way/707931642","properties":{"id":"way/707931642","name":null,"class":"outbuilding","building":"shed","ground_elevation_m":26.72,"height_m":4.3,"height_source":"USGS 3DEP lidar VA_NorthernVA_1_B22","height_confidence":"low","height_surveyed":false,"roof_form":"flat","roof_spread_m":0.57,"source":"openstreetmap","source_date":"2026-09-11","confidence":"medium","surveyed":false},"geometry":{"type":"Polygon","coordinates":[[[-77.096827,38.7166843],[-77.0968357,38.7166366],[-77.0968755,38.716641],[-77.0968668,38.7166887],[-77.096827,38.7166843]]]}},{"type":"Feature","id":"way/707931643","properties":{"id":"way/707931643","name":null,"class":"building","building":"yes","ground_elevation_m":26.4,"height_m":5.7,"height_source":"USGS 3DEP lidar VA_NorthernVA_1_B22","height_confidence":"high","height_surveyed":true,"roof_form":"pitched","roof_spread_m":1.47,"source":"openstreetmap","source_date":"2026-09-11","confidence":"medium","surveyed":false},"geometry":{"type":"Polygon","coordinates":[[[-77.0963696,38.7166558],[-77.096379,38.7165907],[-77.0963513,38.7165883],[-77.0963609,38.7165217],[-77.0964873,38.7165329],[-77.0964733,38.716665],[-77.0963696,38.7166558]]]}},{"type":"Feature","id":"way/707931644","properties":{"id":"way/707931644","name":null,"class":"building","building":"yes","ground_elevation_m":23.96,"height_m":6.0,"height_source":"USGS 3DEP lidar VA_NorthernVA_1_B22","height_confidence":"high","height_surveyed":true,"roof_form":"pitched","roof_spread_m":2.74,"source":"openstreetmap","source_date":"2026-09-11","confidence":"medium","surveyed":false},"geometry":{"type":"Polygon","coordinates":[[[-77.0981614,38.7164217],[-77.0982795,38.7163308],[-77.0983599,38.7163949],[-77.0982419,38.7164859],[-77.0981614,38.7164217]]]}},{"type":"Feature","id":"way/707931645","properties":{"id":"way/707931645","name":null,"class":"building","building":"yes","ground_elevation_m":25.64,"height_m":5.5,"height_source":"USGS 3DEP lidar VA_NorthernVA_1_B22","height_confidence":"high","height_surveyed":true,"roof_form":"pitched","roof_spread_m":2.17,"source":"openstreetmap","source_date":"2026-09-11","confidence":"medium","surveyed":false},"geometry":{"type":"Polygon","coordinates":[[[-77.0991583,38.7158704],[-77.0992519,38.7159072],[-77.0992105,38.7159719],[-77.0992345,38.7159813],[-77.0991938,38.716045],[-77.0990762,38.7159989],[-77.0991583,38.7158704]]]}},{"type":"Feature","id":"way/707931646","properties":{"id":"way/707931646","name":null,"class":"building","building":"yes","ground_elevation_m":27.19,"height_m":5.7,"height_source":"USGS 3DEP lidar VA_NorthernVA_1_B22","height_confidence":"high","height_surveyed":true,"roof_form":"pitched","roof_spread_m":2.25,"source":"openstreetmap","source_date":"2026-09-11","confidence":"medium","surveyed":false},"geometry":{"type":"Polygon","coordinates":[[[-77.0997318,38.7155374],[-77.09984,38.715593],[-77.0997928,38.7156495],[-77.0997702,38.7156378],[-77.099723,38.7156942],[-77.0996375,38.7156502],[-77.0997318,38.7155374]]]}},{"type":"Feature","id":"way/707931647","properties":{"id":"way/707931647","name":null,"class":"building","building":"yes","ground_elevation_m":27.3,"height_m":6.6,"height_source":"USGS 3DEP lidar VA_NorthernVA_1_B22","height_confidence":"high","height_surveyed":true,"roof_form":"pitched","roof_spread_m":1.77,"source":"openstreetmap","source_date":"2026-09-11","confidence":"medium","surveyed":false},"geometry":{"type":"Polygon","coordinates":[[[-77.0976255,38.7151865],[-77.097817,38.7151606],[-77.0978364,38.7152488],[-77.0977395,38.7152619],[-77.0977446,38.7152852],[-77.0976501,38.715298],[-77.0976255,38.7151865]]]}},{"type":"Feature","id":"way/707931648","properties":{"id":"way/707931648","name":null,"class":"outbuilding","building":"shed","ground_elevation_m":27.72,"height_m":2.5,"height_source":"USGS 3DEP lidar VA_NorthernVA_1_B22","height_confidence":"low","height_surveyed":false,"roof_form":"flat","roof_spread_m":0.67,"source":"openstreetmap","source_date":"2026-09-11","confidence":"medium","surveyed":false},"geometry":{"type":"Polygon","coordinates":[[[-77.0996706,38.7152089],[-77.0996914,38.7152271],[-77.0996622,38.7152474],[-77.0996722,38.7152562],[-77.0996485,38.7152727],[-77.0996161,38.715247],[-77.0996706,38.7152089]]]}},{"type":"Feature","id":"way/707931649","properties":{"id":"way/707931649","name":null,"class":"outbuilding","building":"shed","ground_elevation_m":26.28,"height_m":3.9,"height_source":"USGS 3DEP lidar VA_NorthernVA_1_B22","height_confidence":"low","height_surveyed":false,"roof_form":"flat","roof_spread_m":0.51,"source":"openstreetmap","source_date":"2026-09-11","confidence":"medium","surveyed":false},"geometry":{"type":"Polygon","coordinates":[[[-77.0983931,38.717241],[-77.0984079,38.7172692],[-77.0983517,38.7172872],[-77.0983367,38.7172591],[-77.0983931,38.717241]]]}},{"type":"Feature","id":"way/707931650","properties":{"id":"way/707931650","name":null,"class":"outbuilding","building":"shed","ground_elevation_m":24.47,"height_m":5.3,"height_source":"USGS 3DEP lidar VA_NorthernVA_1_B22","height_confidence":"low","height_surveyed":false,"roof_form":"flat","roof_spread_m":0.7,"source":"openstreetmap","source_date":"2026-09-11","confidence":"medium","surveyed":false},"geometry":{"type":"Polygon","coordinates":[[[-77.0989674,38.7170268],[-77.0989985,38.7170714],[-77.0989516,38.7170915],[-77.0989212,38.7170478],[-77.0989674,38.7170268]]]}},{"type":"Feature","id":"way/707931651","properties":{"id":"way/707931651","name":null,"class":"building","building":"yes","ground_elevation_m":26.64,"height_m":5.6,"height_source":"USGS 3DEP lidar VA_NorthernVA_1_B22","height_confidence":"high","height_surveyed":true,"roof_form":"pitched","roof_spread_m":2.16,"source":"openstreetmap","source_date":"2026-09-11","confidence":"medium","surveyed":false},"geometry":{"type":"Polygon","coordinates":[[[-77.0982563,38.7170809],[-77.0982385,38.7170453],[-77.0982015,38.7170578],[-77.098165,38.7169833],[-77.0982776,38.7169474],[-77.0982661,38.7169244],[-77.0983506,38.7168979],[-77.0984027,38.7169942],[-77.0982947,38.7170271],[-77.0983114,38.717066],[-77.0982563,38.7170809]]]}},{"type":"Feature","id":"way/707931652","properties":{"id":"way/707931652","name":null,"class":"outbuilding","building":"shed","ground_elevation_m":21.99,"height_m":3.1,"height_source":"USGS 3DEP lidar VA_NorthernVA_1_B22","height_confidence":"low","height_surveyed":false,"roof_form":"flat","roof_spread_m":0.39,"source":"openstreetmap","source_date":"2026-09-11","confidence":"medium","surveyed":false},"geometry":{"type":"Polygon","coordinates":[[[-77.0992491,38.7170409],[-77.0992201,38.7169985],[-77.0992556,38.7169836],[-77.0992846,38.717026],[-77.0992491,38.7170409]]]}},{"type":"Feature","id":"way/707931653","properties":{"id":"way/707931653","name":null,"class":"outbuilding","building":"shed","ground_elevation_m":27.47,"height_m":3.6,"height_source":"USGS 3DEP lidar VA_NorthernVA_1_B22","height_confidence":"low","height_surveyed":false,"roof_form":"flat","roof_spread_m":0.87,"source":"openstreetmap","source_date":"2026-09-11","confidence":"medium","surveyed":false},"geometry":{"type":"Polygon","coordinates":[[[-77.096945,38.7169275],[-77.0969897,38.7169406],[-77.096968,38.7169862],[-77.096924,38.7169716],[-77.096945,38.7169275]]]}},{"type":"Feature","id":"way/707931654","properties":{"id":"way/707931654","name":null,"class":"building","building":"yes","ground_elevation_m":27.04,"height_m":5.3,"height_source":"USGS 3DEP lidar VA_NorthernVA_1_B22","height_confidence":"high","height_surveyed":true,"roof_form":"pitched","roof_spread_m":1.42,"source":"openstreetmap","source_date":"2026-09-11","confidence":"medium","surveyed":false},"geometry":{"type":"Polygon","coordinates":[[[-77.0963322,38.7169301],[-77.0962956,38.7169268],[-77.0963039,38.7168692],[-77.0963328,38.7168718],[-77.0963337,38.7168631],[-77.0963113,38.7168607],[-77.0963225,38.7167955],[-77.0964481,38.7168087],[-77.0964389,38.7168622],[-77.0964678,38.716865],[-77.0964668,38.7168881],[-77.0965229,38.7168941],[-77.0965208,38.7169061],[-77.096529,38.7169116],[-77.096527,38.7169301],[-77.0965182,38.7169364],[-77.0965056,38.7169783],[-77.0963275,38.7169628],[-77.0963322,38.7169301]]]}},{"type":"Feature","id":"way/707931655","properties":{"id":"way/707931655","name":null,"class":"building","building":"yes","ground_elevation_m":27.4,"height_m":5.6,"height_source":"USGS 3DEP lidar VA_NorthernVA_1_B22","height_confidence":"high","height_surveyed":true,"roof_form":"pitched","roof_spread_m":1.88,"source":"openstreetmap","source_date":"2026-09-11","confidence":"medium","surveyed":false},"geometry":{"type":"Polygon","coordinates":[[[-77.0972309,38.7168495],[-77.0972085,38.7168367],[-77.0972488,38.7167933],[-77.097276,38.7168088],[-77.0973199,38.7167616],[-77.0974257,38.7168218],[-77.0973718,38.7168799],[-77.0973486,38.7168667],[-77.0972523,38.7169706],[-77.0971649,38.7169208],[-77.0972309,38.7168495]]]}},{"type":"Feature","id":"way/707931656","properties":{"id":"way/707931656","name":null,"class":"building","building":"yes","ground_elevation_m":24.99,"height_m":5.6,"height_source":"USGS 3DEP lidar VA_NorthernVA_1_B22","height_confidence":"high","height_surveyed":true,"roof_form":"pitched","roof_spread_m":2.12,"source":"openstreetmap","source_date":"2026-09-11","confidence":"medium","surveyed":false},"geometry":{"type":"Polygon","coordinates":[[[-77.0985587,38.7168497],[-77.0986339,38.7168197],[-77.0986211,38.7168],[-77.0986997,38.7167686],[-77.0987592,38.7168601],[-77.0986053,38.7169214],[-77.0985587,38.7168497]]]}},{"type":"Feature","id":"way/707931657","properties":{"id":"way/707931657","name":null,"class":"building","building":"yes","ground_elevation_m":28.66,"height_m":6.6,"height_source":"USGS 3DEP lidar VA_NorthernVA_1_B22","height_confidence":"high","height_surveyed":true,"roof_form":"pitched","roof_spread_m":1.77,"source":"openstreetmap","source_date":"2026-09-11","confidence":"medium","surveyed":false},"geometry":{"type":"Polygon","coordinates":[[[-77.099456,38.7140913],[-77.099504,38.7141543],[-77.0994694,38.7141704],[-77.0995185,38.7142348],[-77.0994038,38.7142886],[-77.0993067,38.7141613],[-77.099456,38.7140913]]]}},{"type":"Feature","id":"way/707931658","properties":{"id":"way/707931658","name":null,"class":"building","building":"yes","ground_elevation_m":30.68,"height_m":7.3,"height_source":"USGS 3DEP lidar VA_NorthernVA_1_B22","height_confidence":"high","height_surveyed":true,"roof_form":"pitched","roof_spread_m":4.03,"source":"openstreetmap","source_date":"2026-09-11","confidence":"medium","surveyed":false},"geometry":{"type":"Polygon","coordinates":[[[-77.0967338,38.7141432],[-77.0967723,38.7140615],[-77.0968367,38.7140801],[-77.0968412,38.7140705],[-77.0969831,38.7141115],[-77.0969442,38.7141942],[-77.0968311,38.7141616],[-77.096827,38.7141702],[-77.0967338,38.7141432]]]}},{"type":"Feature","id":"way/707931659","properties":{"id":"way/707931659","name":null,"class":"outbuilding","building":"garage","ground_elevation_m":27.63,"height_m":4.9,"height_source":"USGS 3DEP lidar VA_NorthernVA_1_B22","height_confidence":"high","height_surveyed":true,"roof_form":"pitched","roof_spread_m":1.83,"source":"openstreetmap","source_date":"2026-09-11","confidence":"medium","surveyed":false},"geometry":{"type":"Polygon","coordinates":[[[-77.0978987,38.7140657],[-77.0979432,38.7141087],[-77.0978431,38.7141723],[-77.0977986,38.7141293],[-77.0978987,38.7140657]]]}},{"type":"Feature","id":"way/707931660","properties":{"id":"way/707931660","name":null,"class":"outbuilding","building":"shed","ground_elevation_m":26.98,"height_m":4.3,"height_source":"USGS 3DEP lidar VA_NorthernVA_1_B22","height_confidence":"low","height_surveyed":false,"roof_form":"pitched","roof_spread_m":1.29,"source":"openstreetmap","source_date":"2026-09-11","confidence":"medium","surveyed":false},"geometry":{"type":"Polygon","coordinates":[[[-77.0990957,38.7135388],[-77.0990789,38.7135781],[-77.0990338,38.7135658],[-77.0990517,38.7135263],[-77.0990957,38.7135388]]]}},{"type":"Feature","id":"way/707931661","properties":{"id":"way/707931661","name":null,"class":"building","building":"yes","ground_elevation_m":27.57,"height_m":5.9,"height_source":"USGS 3DEP lidar VA_NorthernVA_1_B22","height_confidence":"high","height_surveyed":true,"roof_form":"pitched","roof_spread_m":2.48,"source":"openstreetmap","source_date":"2026-09-11","confidence":"medium","surveyed":false},"geometry":{"type":"Polygon","coordinates":[[[-77.0989219,38.7132788],[-77.0989626,38.71322],[-77.0991298,38.7132919],[-77.0990059,38.7134684],[-77.098953,38.7134456],[-77.098945,38.713457],[-77.0989096,38.7134417],[-77.0989648,38.7133631],[-77.0989477,38.7133557],[-77.0989822,38.7133056],[-77.0989219,38.7132788]]]}},{"type":"Feature","id":"way/707931662","properties":{"id":"way/707931662","name":null,"class":"outbuilding","building":"garage","ground_elevation_m":27.15,"height_m":4.1,"height_source":"USGS 3DEP lidar VA_NorthernVA_1_B22","height_confidence":"high","height_surveyed":true,"roof_form":"flat","roof_spread_m":1.01,"source":"openstreetmap","source_date":"2026-09-11","confidence":"medium","surveyed":false},"geometry":{"type":"Polygon","coordinates":[[[-77.0991267,38.7132045],[-77.0992075,38.713236],[-77.0991667,38.7133005],[-77.0990859,38.7132691],[-77.0991267,38.7132045]]]}},{"type":"Feature","id":"way/707931663","properties":{"id":"way/707931663","name":null,"class":"building","building":"yes","ground_elevation_m":28.84,"height_m":7.5,"height_source":"USGS 3DEP lidar VA_NorthernVA_1_B22","height_confidence":"high","height_surveyed":true,"roof_form":"pitched","roof_spread_m":3.84,"source":"openstreetmap","source_date":"2026-09-11","confidence":"medium","surveyed":false},"geometry":{"type":"Polygon","coordinates":[[[-77.0983856,38.7148286],[-77.0984564,38.714895],[-77.0984625,38.714891],[-77.0985256,38.7149501],[-77.0985026,38.7149651],[-77.0985062,38.7149684],[-77.0984283,38.7150194],[-77.0983936,38.7149868],[-77.09832,38.715035],[-77.0982282,38.7149451],[-77.0982417,38.7149378],[-77.0982306,38.7149303],[-77.0983856,38.7148286]]]}},{"type":"Feature","id":"way/707931664","properties":{"id":"way/707931664","name":null,"class":"building","building":"yes","ground_elevation_m":29.01,"height_m":6.5,"height_source":"USGS 3DEP lidar VA_NorthernVA_1_B22","height_confidence":"high","height_surveyed":true,"roof_form":"pitched","roof_spread_m":1.85,"source":"openstreetmap","source_date":"2026-09-11","confidence":"medium","surveyed":false},"geometry":{"type":"Polygon","coordinates":[[[-77.0987306,38.7147347],[-77.0986041,38.714846],[-77.0985052,38.714777],[-77.0986317,38.7146657],[-77.0987306,38.7147347]]]}},{"type":"Feature","id":"way/707931665","properties":{"id":"way/707931665","name":null,"class":"building","building":"yes","ground_elevation_m":30.12,"height_m":6.6,"height_source":"USGS 3DEP lidar VA_NorthernVA_1_B22","height_confidence":"high","height_surveyed":true,"roof_form":"pitched","roof_spread_m":1.44,"source":"openstreetmap","source_date":"2026-09-11","confidence":"medium","surveyed":false},"geometry":{"type":"Polygon","coordinates":[[[-77.0972388,38.7146847],[-77.0972459,38.7146662],[-77.0973321,38.7146864],[-77.0972878,38.7148023],[-77.0971082,38.7147603],[-77.0971454,38.7146628],[-77.0972388,38.7146847]]]}},{"type":"Feature","id":"way/707931666","properties":{"id":"way/707931666","name":null,"class":"building","building":"yes","ground_elevation_m":29.9,"height_m":6.9,"height_source":"USGS 3DEP lidar VA_NorthernVA_1_B22","height_confidence":"high","height_surveyed":true,"roof_form":"pitched","roof_spread_m":1.68,"source":"openstreetmap","source_date":"2026-09-11","confidence":"medium","surveyed":false},"geometry":{"type":"Polygon","coordinates":[[[-77.0968865,38.7146815],[-77.0968589,38.7147004],[-77.0968671,38.7147078],[-77.0967807,38.7147669],[-77.0967359,38.7147311],[-77.0967239,38.71474],[-77.0966907,38.7147105],[-77.0967021,38.7147013],[-77.0966506,38.7146601],[-77.0967383,38.7146],[-77.096793,38.7146491],[-77.0968255,38.7146268],[-77.0968865,38.7146815]]]}},{"type":"Feature","id":"way/707931667","properties":{"id":"way/707931667","name":null,"class":"building","building":"yes","ground_elevation_m":29.31,"height_m":6.8,"height_source":"USGS 3DEP lidar VA_NorthernVA_1_B22","height_confidence":"high","height_surveyed":true,"roof_form":"pitched","roof_spread_m":1.5,"source":"openstreetmap","source_date":"2026-09-11","confidence":"medium","surveyed":false},"geometry":{"type":"Polygon","coordinates":[[[-77.0975171,38.7147665],[-77.0974412,38.714628],[-77.0974958,38.7146085],[-77.097494,38.7146055],[-77.0975427,38.7145881],[-77.097546,38.7145937],[-77.0975964,38.7145757],[-77.0976271,38.7146285],[-77.0976405,38.7146237],[-77.0976872,38.7147039],[-77.0976194,38.7147281],[-77.0976259,38.7147393],[-77.0975824,38.7147549],[-77.0975768,38.7147452],[-77.0975171,38.7147665]]]}},{"type":"Feature","id":"way/707931668","properties":{"id":"way/707931668","name":null,"class":"outbuilding","building":"shed","ground_elevation_m":28.45,"height_m":3.4,"height_source":"USGS 3DEP lidar VA_NorthernVA_1_B22","height_confidence":"low","height_surveyed":false,"roof_form":"flat","roof_spread_m":0.56,"source":"openstreetmap","source_date":"2026-09-11","confidence":"medium","surveyed":false},"geometry":{"type":"Polygon","coordinates":[[[-77.0993528,38.714732],[-77.0994002,38.7147023],[-77.0994256,38.7147276],[-77.0993782,38.7147572],[-77.0993528,38.714732]]]}},{"type":"Feature","id":"way/707931669","properties":{"id":"way/707931669","name":null,"class":"building","building":"yes","ground_elevation_m":29.13,"height_m":7.1,"height_source":"USGS 3DEP lidar VA_NorthernVA_1_B22","height_confidence":"high","height_surveyed":true,"roof_form":"pitched","roof_spread_m":2.57,"source":"openstreetmap","source_date":"2026-09-11","confidence":"medium","surveyed":false},"geometry":{"type":"Polygon","coordinates":[[[-77.0988174,38.7145709],[-77.0990046,38.7145445],[-77.0990252,38.7146342],[-77.0989206,38.7146489],[-77.0989287,38.7146843],[-77.0988461,38.714696],[-77.0988174,38.7145709]]]}},{"type":"Feature","id":"way/707931670","properties":{"id":"way/707931670","name":null,"class":"building","building":"yes","ground_elevation_m":28.95,"height_m":7.4,"height_source":"USGS 3DEP lidar VA_NorthernVA_1_B22","height_confidence":"high","height_surveyed":true,"roof_form":"pitched","roof_spread_m":3.81,"source":"openstreetmap","source_date":"2026-09-11","confidence":"medium","surveyed":false},"geometry":{"type":"Polygon","coordinates":[[[-77.098346,38.7141983],[-77.09834,38.7141926],[-77.0984529,38.714119],[-77.0985227,38.7141848],[-77.0984106,38.7142578],[-77.0984187,38.7142654],[-77.0983639,38.7143011],[-77.098292,38.7142335],[-77.098346,38.7141983]]]}},{"type":"Feature","id":"way/707931671","properties":{"id":"way/707931671","name":null,"class":"outbuilding","building":"shed","ground_elevation_m":27.74,"height_m":2.8,"height_source":"USGS 3DEP lidar VA_NorthernVA_1_B22","height_confidence":"low","height_surveyed":false,"roof_form":"flat","roof_spread_m":0.83,"source":"openstreetmap","source_date":"2026-09-11","confidence":"medium","surveyed":false},"geometry":{"type":"Polygon","coordinates":[[[-77.0975546,38.7125498],[-77.0976082,38.712563],[-77.0975932,38.7126004],[-77.0975396,38.7125872],[-77.0975546,38.7125498]]]}},{"type":"Feature","id":"way/707931672","properties":{"id":"way/707931672","name":null,"class":"building","building":"yes","ground_elevation_m":25.9,"height_m":7.0,"height_source":"USGS 3DEP lidar VA_NorthernVA_1_B22","height_confidence":"high","height_surveyed":true,"roof_form":"pitched","roof_spread_m":3.87,"source":"openstreetmap","source_date":"2026-09-11","confidence":"medium","surveyed":false},"geometry":{"type":"Polygon","coordinates":[[[-77.099185,38.7125453],[-77.0992082,38.7124837],[-77.0991989,38.7124822],[-77.0992414,38.7123749],[-77.0993561,38.7124028],[-77.0993434,38.7124351],[-77.0993777,38.7124432],[-77.0993463,38.7125261],[-77.0992917,38.7125134],[-77.099272,38.7125655],[-77.099185,38.7125453]]]}},{"type":"Feature","id":"way/707931673","properties":{"id":"way/707931673","name":null,"class":"building","building":"yes","ground_elevation_m":27.76,"height_m":6.9,"height_source":"USGS 3DEP lidar VA_NorthernVA_1_B22","height_confidence":"high","height_surveyed":true,"roof_form":"pitched","roof_spread_m":3.33,"source":"openstreetmap","source_date":"2026-09-11","confidence":"medium","surveyed":false},"geometry":{"type":"Polygon","coordinates":[[[-77.0999747,38.7124341],[-77.1000027,38.7123611],[-77.0999656,38.7123524],[-77.099989,38.7122912],[-77.1000261,38.7122999],[-77.1000293,38.7122915],[-77.1001376,38.712317],[-77.100083,38.7124596],[-77.0999747,38.7124341]]]}},{"type":"Feature","id":"way/707931674","properties":{"id":"way/707931674","name":null,"class":"outbuilding","building":"shed","ground_elevation_m":25.01,"height_m":8.5,"height_source":"USGS 3DEP lidar VA_NorthernVA_1_B22","height_confidence":"low","height_surveyed":false,"roof_form":"pitched","roof_spread_m":1.58,"source":"openstreetmap","source_date":"2026-09-11","confidence":"medium","surveyed":false},"geometry":{"type":"Polygon","coordinates":[[[-77.0995678,38.7124027],[-77.099621,38.7124129],[-77.0996101,38.7124481],[-77.0995551,38.7124377],[-77.0995678,38.7124027]]]}},{"type":"Feature","id":"way/707931675","properties":{"id":"way/707931675","name":null,"class":"building","building":"yes","ground_elevation_m":27.72,"height_m":7.3,"height_source":"USGS 3DEP lidar VA_NorthernVA_1_B22","height_confidence":"high","height_surveyed":true,"roof_form":"pitched","roof_spread_m":3.85,"source":"openstreetmap","source_date":"2026-09-11","confidence":"medium","surveyed":false},"geometry":{"type":"Polygon","coordinates":[[[-77.097657,38.7121632],[-77.0976555,38.712226],[-77.0977045,38.7122267],[-77.0977032,38.7122778],[-77.0976909,38.7122776],[-77.0976891,38.7123494],[-77.0975813,38.712348],[-77.0975831,38.7122737],[-77.0975416,38.712273],[-77.0975423,38.7122241],[-77.0975672,38.7122244],[-77.09757,38.7121619],[-77.097657,38.7121632]]]}},{"type":"Feature","id":"way/707931676","properties":{"id":"way/707931676","name":null,"class":"building","building":"yes","ground_elevation_m":26.44,"height_m":8.4,"height_source":"USGS 3DEP lidar VA_NorthernVA_1_B22","height_confidence":"high","height_surveyed":true,"roof_form":"pitched","roof_spread_m":3.69,"source":"openstreetmap","source_date":"2026-09-11","confidence":"medium","surveyed":false},"geometry":{"type":"Polygon","coordinates":[[[-77.0993937,38.712113],[-77.099478,38.7121338],[-77.0994547,38.7121916],[-77.0994423,38.7121885],[-77.0993973,38.7123],[-77.0992847,38.7122721],[-77.0993307,38.7121582],[-77.0993714,38.7121683],[-77.0993937,38.712113]]]}},{"type":"Feature","id":"way/707931677","properties":{"id":"way/707931677","name":null,"class":"building","building":"yes","ground_elevation_m":27.01,"height_m":7.4,"height_source":"USGS 3DEP lidar VA_NorthernVA_1_B22","height_confidence":"high","height_surveyed":true,"roof_form":"pitched","roof_spread_m":4.22,"source":"openstreetmap","source_date":"2026-09-11","confidence":"medium","surveyed":false},"geometry":{"type":"Polygon","coordinates":[[[-77.0998376,38.7130895],[-77.0999152,38.7131101],[-77.099887,38.7131753],[-77.0999132,38.7131822],[-77.0998589,38.7133076],[-77.0997551,38.71328],[-77.0998376,38.7130895]]]}},{"type":"Feature","id":"way/707931678","properties":{"id":"way/707931678","name":null,"class":"building","building":"yes","ground_elevation_m":26.99,"height_m":6.8,"height_source":"USGS 3DEP lidar VA_NorthernVA_1_B22","height_confidence":"high","height_surveyed":true,"roof_form":"pitched","roof_spread_m":3.61,"source":"openstreetmap","source_date":"2026-09-11","confidence":"medium","surveyed":false},"geometry":{"type":"Polygon","coordinates":[[[-77.0991567,38.7129857],[-77.0991404,38.7130234],[-77.0992018,38.7130396],[-77.0991756,38.7131004],[-77.0991198,38.7130857],[-77.0991008,38.71313],[-77.0989816,38.7130985],[-77.0990167,38.7130168],[-77.0990218,38.7130181],[-77.0990481,38.712957],[-77.0991567,38.7129857]]]}},{"type":"Feature","id":"way/707931679","properties":{"id":"way/707931679","name":null,"class":"building","building":"yes","ground_elevation_m":27.63,"height_m":6.6,"height_source":"USGS 3DEP lidar VA_NorthernVA_1_B22","height_confidence":"high","height_surveyed":true,"roof_form":"pitched","roof_spread_m":1.79,"source":"openstreetmap","source_date":"2026-09-11","confidence":"medium","surveyed":false},"geometry":{"type":"Polygon","coordinates":[[[-77.0983198,38.7130168],[-77.0983728,38.7128725],[-77.0984846,38.7128976],[-77.0984316,38.713042],[-77.0983198,38.7130168]]]}},{"type":"Feature","id":"way/707931680","properties":{"id":"way/707931680","name":null,"class":"building","building":"yes","ground_elevation_m":26.5,"height_m":6.5,"height_source":"USGS 3DEP lidar VA_NorthernVA_1_B22","height_confidence":"high","height_surveyed":true,"roof_form":"pitched","roof_spread_m":3.33,"source":"openstreetmap","source_date":"2026-09-11","confidence":"medium","surveyed":false},"geometry":{"type":"Polygon","coordinates":[[[-77.0991291,38.7126782],[-77.0992596,38.7127098],[-77.0992543,38.7127232],[-77.0992833,38.7127302],[-77.0992672,38.7127709],[-77.0992382,38.7127638],[-77.099203,38.7128531],[-77.0990727,38.7128216],[-77.0991291,38.7126782]]]}},{"type":"Feature","id":"way/707931681","properties":{"id":"way/707931681","name":null,"class":"building","building":"yes","ground_elevation_m":27.71,"height_m":8.0,"height_source":"USGS 3DEP lidar VA_NorthernVA_1_B22","height_confidence":"high","height_surveyed":true,"roof_form":"pitched","roof_spread_m":3.57,"source":"openstreetmap","source_date":"2026-09-11","confidence":"medium","surveyed":false},"geometry":{"type":"Polygon","coordinates":[[[-77.0999649,38.7127828],[-77.0999879,38.7127751],[-77.0999293,38.712668],[-77.1000167,38.7126387],[-77.1000497,38.712699],[-77.1000688,38.7126925],[-77.1000951,38.7127404],[-77.1000456,38.7127571],[-77.1000759,38.7128124],[-77.0999958,38.7128393],[-77.0999649,38.7127828]]]}},{"type":"Feature","id":"way/707931682","properties":{"id":"way/707931682","name":null,"class":"building","building":"yes","ground_elevation_m":27.42,"height_m":7.4,"height_source":"USGS 3DEP lidar VA_NorthernVA_1_B22","height_confidence":"high","height_surveyed":true,"roof_form":"pitched","roof_spread_m":3.29,"source":"openstreetmap","source_date":"2026-09-11","confidence":"medium","surveyed":false},"geometry":{"type":"Polygon","coordinates":[[[-77.0983828,38.712691],[-77.0983647,38.712701],[-77.0983175,38.7126487],[-77.0983915,38.7126077],[-77.0984355,38.7126564],[-77.0984629,38.7126412],[-77.0985508,38.7127386],[-77.0984674,38.7127847],[-77.0983828,38.712691]]]}},{"type":"Feature","id":"way/707931683","properties":{"id":"way/707931683","name":null,"class":"building","building":"yes","ground_elevation_m":27.16,"height_m":5.7,"height_source":"USGS 3DEP lidar VA_NorthernVA_1_B22","height_confidence":"high","height_surveyed":true,"roof_form":"pitched","roof_spread_m":2.41,"source":"openstreetmap","source_date":"2026-09-11","confidence":"medium","surveyed":false},"geometry":{"type":"Polygon","coordinates":[[[-77.0978804,38.7126317],[-77.0977376,38.7126009],[-77.0977886,38.712456],[-77.0978794,38.7124756],[-77.0978604,38.7125295],[-77.0979281,38.7125441],[-77.0979237,38.7125565],[-77.09797,38.7125665],[-77.0979419,38.7126465],[-77.0979137,38.7126404],[-77.0978937,38.7126971],[-77.09786,38.7126898],[-77.0978804,38.7126317]]]}},{"type":"Feature","id":"way/707931684","properties":{"id":"way/707931684","name":null,"class":"building","building":"yes","ground_elevation_m":28.18,"height_m":5.7,"height_source":"USGS 3DEP lidar VA_NorthernVA_1_B22","height_confidence":"high","height_surveyed":true,"roof_form":"pitched","roof_spread_m":2.15,"source":"openstreetmap","source_date":"2026-09-11","confidence":"medium","surveyed":false},"geometry":{"type":"Polygon","coordinates":[[[-77.0981101,38.7174848],[-77.0981596,38.7175827],[-77.0980899,38.7176044],[-77.0980944,38.7176133],[-77.0980611,38.7176236],[-77.0980463,38.7175942],[-77.097983,38.7176138],[-77.097938,38.71752],[-77.0979872,38.7175047],[-77.0979951,38.7175205],[-77.0981101,38.7174848]]]}},{"type":"Feature","id":"way/707931685","properties":{"id":"way/707931685","name":null,"class":"outbuilding","building":"shed","ground_elevation_m":26.25,"height_m":3.5,"height_source":"USGS 3DEP lidar VA_NorthernVA_1_B22","height_confidence":"low","height_surveyed":false,"roof_form":"flat","roof_spread_m":0.78,"source":"openstreetmap","source_date":"2026-09-11","confidence":"medium","surveyed":false},"geometry":{"type":"Polygon","coordinates":[[[-77.0991191,38.7185943],[-77.0991615,38.7185989],[-77.0991507,38.7186441],[-77.0990769,38.7186333],[-77.0990819,38.7186124],[-77.0991137,38.718617],[-77.0991191,38.7185943]]]}},{"type":"Feature","id":"way/707931686","properties":{"id":"way/707931686","name":null,"class":"building","building":"yes","ground_elevation_m":30.73,"height_m":9.6,"height_source":"USGS 3DEP lidar VA_NorthernVA_1_B22","height_confidence":"high","height_surveyed":true,"roof_form":"pitched","roof_spread_m":2.8,"source":"openstreetmap","source_date":"2026-09-11","confidence":"medium","surveyed":false},"geometry":{"type":"Polygon","coordinates":[[[-77.0929832,38.7182128],[-77.0930029,38.718222],[-77.0930752,38.7181267],[-77.0931725,38.718172],[-77.093058,38.718323],[-77.0929409,38.7182685],[-77.0929832,38.7182128]]]}},{"type":"Feature","id":"way/707931687","properties":{"id":"way/707931687","name":null,"class":"building","building":"yes","ground_elevation_m":22.28,"height_m":5.6,"height_source":"USGS 3DEP lidar VA_NorthernVA_1_B22","height_confidence":"high","height_surveyed":true,"roof_form":"pitched","roof_spread_m":2.99,"source":"openstreetmap","source_date":"2026-09-11","confidence":"medium","surveyed":false},"geometry":{"type":"Polygon","coordinates":[[[-77.0989198,38.7167941],[-77.0988678,38.7167239],[-77.098941,38.7166907],[-77.0989251,38.7166692],[-77.0990032,38.7166338],[-77.0990641,38.7167162],[-77.0991009,38.7166995],[-77.0991478,38.7167629],[-77.0990728,38.7167969],[-77.0990328,38.7167428],[-77.0989198,38.7167941]]]}},{"type":"Feature","id":"way/707931688","properties":{"id":"way/707931688","name":null,"class":"building","building":"yes","ground_elevation_m":33.18,"height_m":5.8,"height_source":"USGS 3DEP lidar VA_NorthernVA_1_B22","height_confidence":"high","height_surveyed":true,"roof_form":"pitched","roof_spread_m":2.07,"source":"openstreetmap","source_date":"2026-09-11","confidence":"medium","surveyed":false},"geometry":{"type":"Polygon","coordinates":[[[-77.0932569,38.719533],[-77.0932565,38.7195049],[-77.0932371,38.7195051],[-77.0932356,38.7193934],[-77.0933625,38.7193923],[-77.093364,38.7195054],[-77.0933414,38.7195056],[-77.0933418,38.7195324],[-77.0932569,38.719533]]]}},{"type":"Feature","id":"way/707931689","properties":{"id":"way/707931689","name":null,"class":"building","building":"yes","ground_elevation_m":31.72,"height_m":5.9,"height_source":"USGS 3DEP lidar VA_NorthernVA_1_B22","height_confidence":"high","height_surveyed":true,"roof_form":"pitched","roof_spread_m":2.23,"source":"openstreetmap","source_date":"2026-09-11","confidence":"medium","surveyed":false},"geometry":{"type":"Polygon","coordinates":[[[-77.0942366,38.7195394],[-77.0942374,38.7194601],[-77.0942658,38.7194603],[-77.0942666,38.71938],[-77.094367,38.7193806],[-77.0943654,38.7195402],[-77.0942366,38.7195394]]]}},{"type":"Feature","id":"way/707931690","properties":{"id":"way/707931690","name":null,"class":"building","building":"yes","ground_elevation_m":32.39,"height_m":4.5,"height_source":"USGS 3DEP lidar VA_NorthernVA_1_B22","height_confidence":"high","height_surveyed":true,"roof_form":"flat","roof_spread_m":0.88,"source":"openstreetmap","source_date":"2026-09-11","confidence":"medium","surveyed":false},"geometry":{"type":"Polygon","coordinates":[[[-77.0938844,38.7194793],[-77.0938869,38.7193981],[-77.0939666,38.7193996],[-77.0939626,38.7195263],[-77.0939092,38.7195253],[-77.0939105,38.7194815],[-77.0938844,38.7194793]]]}},{"type":"Feature","id":"way/707931691","properties":{"id":"way/707931691","name":null,"class":"building","building":"yes","ground_elevation_m":27.31,"height_m":9.7,"height_source":"USGS 3DEP lidar VA_NorthernVA_1_B22","height_confidence":"high","height_surveyed":true,"roof_form":"pitched","roof_spread_m":4.49,"source":"openstreetmap","source_date":"2026-09-11","confidence":"medium","surveyed":false},"geometry":{"type":"Polygon","coordinates":[[[-77.0979931,38.7188167],[-77.0980154,38.7187232],[-77.0980934,38.7187347],[-77.0980828,38.7187791],[-77.0982215,38.7187995],[-77.0982054,38.7188669],[-77.0980921,38.7188504],[-77.0980965,38.7188318],[-77.0979931,38.7188167]]]}},{"type":"Feature","id":"way/707931692","properties":{"id":"way/707931692","name":null,"class":"outbuilding","building":"garage","ground_elevation_m":29.53,"height_m":4.2,"height_source":"USGS 3DEP lidar VA_NorthernVA_1_B22","height_confidence":"low","height_surveyed":false,"roof_form":"flat","roof_spread_m":1.04,"source":"openstreetmap","source_date":"2026-09-11","confidence":"medium","surveyed":false},"geometry":{"type":"Polygon","coordinates":[[[-77.0953398,38.7186323],[-77.0953299,38.7186942],[-77.095266,38.7186879],[-77.0952205,38.7186834],[-77.0952304,38.7186215],[-77.0953398,38.7186323]]]}},{"type":"Feature","id":"way/707931693","properties":{"id":"way/707931693","name":null,"class":"building","building":"yes","ground_elevation_m":31.03,"height_m":9.3,"height_source":"USGS 3DEP lidar VA_NorthernVA_1_B22","height_confidence":"high","height_surveyed":true,"roof_form":"pitched","roof_spread_m":2.27,"source":"openstreetmap","source_date":"2026-09-11","confidence":"medium","surveyed":false},"geometry":{"type":"Polygon","coordinates":[[[-77.092236,38.7187436],[-77.0923363,38.7187633],[-77.0922842,38.718926],[-77.0921839,38.7189063],[-77.092236,38.7187436]]]}},{"type":"Feature","id":"way/707931694","properties":{"id":"way/707931694","name":null,"class":"building","building":"yes","ground_elevation_m":25.46,"height_m":5.1,"height_source":"USGS 3DEP lidar VA_NorthernVA_1_B22","height_confidence":"high","height_surveyed":true,"roof_form":"pitched","roof_spread_m":2.5,"source":"openstreetmap","source_date":"2026-09-11","confidence":"medium","surveyed":false},"geometry":{"type":"Polygon","coordinates":[[[-77.0987939,38.7189607],[-77.0988127,38.7188875],[-77.0989693,38.7189122],[-77.0990458,38.7189242],[-77.099027,38.7189974],[-77.0987939,38.7189607]]]}},{"type":"Feature","id":"way/707931695","properties":{"id":"way/707931695","name":null,"class":"building","building":"yes","ground_elevation_m":31.6,"height_m":7.7,"height_source":"USGS 3DEP lidar VA_NorthernVA_1_B22","height_confidence":"high","height_surveyed":true,"roof_form":"pitched","roof_spread_m":4.16,"source":"openstreetmap","source_date":"2026-09-11","confidence":"medium","surveyed":false},"geometry":{"type":"Polygon","coordinates":[[[-77.0933004,38.7187867],[-77.0933782,38.7187872],[-77.0933789,38.7187202],[-77.0934692,38.7187208],[-77.0934676,38.7188767],[-77.0934508,38.7188766],[-77.0934507,38.7188865],[-77.0934084,38.7188863],[-77.093408,38.7189256],[-77.0932797,38.7189249],[-77.0932801,38.7188844],[-77.0932402,38.7188842],[-77.0932403,38.7188731],[-77.0932264,38.718873],[-77.0932272,38.7187945],[-77.0933003,38.718795],[-77.0933004,38.7187867]]]}},{"type":"Feature","id":"way/707931696","properties":{"id":"way/707931696","name":null,"class":"building","building":"yes","ground_elevation_m":26.22,"height_m":5.5,"height_source":"USGS 3DEP lidar VA_NorthernVA_1_B22","height_confidence":"high","height_surveyed":true,"roof_form":"pitched","roof_spread_m":2.32,"source":"openstreetmap","source_date":"2026-09-11","confidence":"medium","surveyed":false},"geometry":{"type":"Polygon","coordinates":[[[-77.0992733,38.7177348],[-77.0992784,38.7177232],[-77.0991138,38.717679],[-77.0991783,38.7175315],[-77.0992718,38.7175566],[-77.0992608,38.7175818],[-77.0993429,38.7176039],[-77.0993266,38.7176411],[-77.0993976,38.7176602],[-77.0993553,38.7177569],[-77.0992733,38.7177348]]]}},{"type":"Feature","id":"way/707931697","properties":{"id":"way/707931697","name":null,"class":"outbuilding","building":"shed","ground_elevation_m":26.59,"height_m":4.4,"height_source":"USGS 3DEP lidar VA_NorthernVA_1_B22","height_confidence":"low","height_surveyed":false,"roof_form":"flat","roof_spread_m":1.15,"source":"openstreetmap","source_date":"2026-09-11","confidence":"medium","surveyed":false},"geometry":{"type":"Polygon","coordinates":[[[-77.0994604,38.7186874],[-77.0995189,38.7186954],[-77.0995054,38.7187563],[-77.0994469,38.7187484],[-77.0994604,38.7186874]]]}},{"type":"Feature","id":"way/707931698","properties":{"id":"way/707931698","name":null,"class":"building","building":"yes","ground_elevation_m":29.88,"height_m":10.5,"height_source":"USGS 3DEP lidar VA_NorthernVA_1_B22","height_confidence":"high","height_surveyed":true,"roof_form":"pitched","roof_spread_m":3.1,"source":"openstreetmap","source_date":"2026-09-11","confidence":"medium","surveyed":false},"geometry":{"type":"Polygon","coordinates":[[[-77.0960258,38.7192618],[-77.0960304,38.7192434],[-77.0959692,38.7192338],[-77.0960004,38.7191123],[-77.0960698,38.7191232],[-77.0960653,38.7191413],[-77.09618,38.7191528],[-77.0961574,38.7192469],[-77.0961095,38.7192399],[-77.0961011,38.7192734],[-77.0960258,38.7192618]]]}},{"type":"Feature","id":"way/707931699","properties":{"id":"way/707931699","name":null,"class":"building","building":"yes","ground_elevation_m":26.73,"height_m":6.7,"height_source":"USGS 3DEP lidar VA_NorthernVA_1_B22","height_confidence":"high","height_surveyed":true,"roof_form":"pitched","roof_spread_m":1.56,"source":"openstreetmap","source_date":"2026-09-11","confidence":"medium","surveyed":false},"geometry":{"type":"Polygon","coordinates":[[[-77.0966065,38.7155604],[-77.0967241,38.7156755],[-77.0966189,38.7157415],[-77.0965013,38.7156265],[-77.0966065,38.7155604]]]}},{"type":"Feature","id":"way/707931700","properties":{"id":"way/707931700","name":null,"class":"outbuilding","building":"garage","ground_elevation_m":28.88,"height_m":3.4,"height_source":"USGS 3DEP lidar VA_NorthernVA_1_B22","height_confidence":"high","height_surveyed":true,"roof_form":"flat","roof_spread_m":0.77,"source":"openstreetmap","source_date":"2026-09-11","confidence":"medium","surveyed":false},"geometry":{"type":"Polygon","coordinates":[[[-77.0971536,38.7180758],[-77.0971266,38.7181426],[-77.0970516,38.718124],[-77.0970786,38.7180572],[-77.0971536,38.7180758]]]}},{"type":"Feature","id":"way/707931701","properties":{"id":"way/707931701","name":null,"class":"building","building":"yes","ground_elevation_m":29.54,"height_m":5.5,"height_source":"USGS 3DEP lidar VA_NorthernVA_1_B22","height_confidence":"high","height_surveyed":true,"roof_form":"pitched","roof_spread_m":1.9,"source":"openstreetmap","source_date":"2026-09-11","confidence":"medium","surveyed":false},"geometry":{"type":"Polygon","coordinates":[[[-77.0961362,38.7180896],[-77.096159,38.7179808],[-77.0961327,38.7179774],[-77.0961461,38.7179134],[-77.0963326,38.7179374],[-77.0963209,38.7179935],[-77.0962644,38.7179863],[-77.0962573,38.7180198],[-77.0962986,38.7180251],[-77.0962893,38.7180695],[-77.0962367,38.7180627],[-77.0962286,38.7181015],[-77.0961362,38.7180896]]]}},{"type":"Feature","id":"way/707931702","properties":{"id":"way/707931702","name":null,"class":"building","building":"yes","ground_elevation_m":28.37,"height_m":6.9,"height_source":"USGS 3DEP lidar VA_NorthernVA_1_B22","height_confidence":"high","height_surveyed":true,"roof_form":"pitched","roof_spread_m":2.14,"source":"openstreetmap","source_date":"2026-09-11","confidence":"medium","surveyed":false},"geometry":{"type":"Polygon","coordinates":[[[-77.0980082,38.7144282],[-77.0980161,38.7143039],[-77.0980645,38.7143058],[-77.0980662,38.7142804],[-77.0981764,38.7142847],[-77.0981727,38.7143423],[-77.0981894,38.7143429],[-77.0981869,38.7143833],[-77.098171,38.7143827],[-77.0981677,38.7144344],[-77.0980082,38.7144282]]]}},{"type":"Feature","id":"way/707931703","properties":{"id":"way/707931703","name":null,"class":"building","building":"yes","ground_elevation_m":27.84,"height_m":6.4,"height_source":"USGS 3DEP lidar VA_NorthernVA_1_B22","height_confidence":"high","height_surveyed":true,"roof_form":"pitched","roof_spread_m":1.96,"source":"openstreetmap","source_date":"2026-09-11","confidence":"medium","surveyed":false},"geometry":{"type":"Polygon","coordinates":[[[-77.0981806,38.7151113],[-77.0981163,38.7151519],[-77.098107,38.7151429],[-77.0980228,38.715196],[-77.0979406,38.715116],[-77.0980891,38.7150223],[-77.0981806,38.7151113]]]}},{"type":"Feature","id":"way/707931704","properties":{"id":"way/707931704","name":null,"class":"building","building":"yes","ground_elevation_m":27.92,"height_m":7.4,"height_source":"USGS 3DEP lidar VA_NorthernVA_1_B22","height_confidence":"high","height_surveyed":true,"roof_form":"pitched","roof_spread_m":4.27,"source":"openstreetmap","source_date":"2026-09-11","confidence":"medium","surveyed":false},"geometry":{"type":"Polygon","coordinates":[[[-77.0989558,38.7139714],[-77.0990024,38.7138651],[-77.0990706,38.7138835],[-77.0990764,38.7138704],[-77.0991184,38.7138816],[-77.0991068,38.7139082],[-77.0991927,38.7139313],[-77.0992047,38.713904],[-77.0992889,38.7139266],[-77.0992466,38.7140233],[-77.0991745,38.7140039],[-77.0991691,38.7140161],[-77.0990471,38.7139833],[-77.0990422,38.7139947],[-77.0989558,38.7139714]]]}},{"type":"Feature","id":"way/707931705","properties":{"id":"way/707931705","name":null,"class":"building","building":"yes","ground_elevation_m":28.92,"height_m":6.6,"height_source":"USGS 3DEP lidar VA_NorthernVA_1_B22","height_confidence":"high","height_surveyed":true,"roof_form":"pitched","roof_spread_m":1.85,"source":"openstreetmap","source_date":"2026-09-11","confidence":"medium","surveyed":false},"geometry":{"type":"Polygon","coordinates":[[[-77.0986428,38.7139764],[-77.0986302,38.7139568],[-77.0987131,38.7139238],[-77.098786,38.7140362],[-77.0986114,38.7141058],[-77.0985511,38.7140129],[-77.0986428,38.7139764]]]}},{"type":"Feature","id":"way/707931706","properties":{"id":"way/707931706","name":null,"class":"building","building":"yes","ground_elevation_m":30.74,"height_m":9.4,"height_source":"USGS 3DEP lidar VA_NorthernVA_1_B22","height_confidence":"high","height_surveyed":true,"roof_form":"pitched","roof_spread_m":5.04,"source":"openstreetmap","source_date":"2026-09-11","confidence":"medium","surveyed":false},"geometry":{"type":"Polygon","coordinates":[[[-77.0934009,38.717679],[-77.0934183,38.7176185],[-77.0934375,38.7176219],[-77.0934675,38.7175173],[-77.093634,38.7175467],[-77.0936019,38.7176582],[-77.0935858,38.7176554],[-77.0935704,38.7177089],[-77.0934009,38.717679]]]}},{"type":"Feature","id":"way/707931707","properties":{"id":"way/707931707","name":null,"class":"building","building":"yes","ground_elevation_m":31.34,"height_m":7.3,"height_source":"USGS 3DEP lidar VA_NorthernVA_1_B22","height_confidence":"high","height_surveyed":true,"roof_form":"pitched","roof_spread_m":1.91,"source":"openstreetmap","source_date":"2026-09-11","confidence":"medium","surveyed":false},"geometry":{"type":"Polygon","coordinates":[[[-77.0938284,38.7176247],[-77.0938549,38.7174908],[-77.093871,38.7174928],[-77.093884,38.7174273],[-77.0940368,38.7174459],[-77.0940213,38.7175244],[-77.0939667,38.7175178],[-77.0939621,38.7175411],[-77.0939846,38.7175438],[-77.0939708,38.7176134],[-77.0939488,38.7176108],[-77.0939421,38.7176447],[-77.0939842,38.7176498],[-77.0939724,38.7177091],[-77.0938732,38.7176971],[-77.0938862,38.7176317],[-77.0938284,38.7176247]]]}},{"type":"Feature","id":"way/707931708","properties":{"id":"way/707931708","name":null,"class":"building","building":"yes","ground_elevation_m":27.4,"height_m":9.4,"height_source":"USGS 3DEP lidar VA_NorthernVA_1_B22","height_confidence":"high","height_surveyed":true,"roof_form":"pitched","roof_spread_m":4.8,"source":"openstreetmap","source_date":"2026-09-11","confidence":"medium","surveyed":false},"geometry":{"type":"Polygon","coordinates":[[[-77.0955177,38.7176681],[-77.0955709,38.7176617],[-77.095566,38.7176371],[-77.0955444,38.7176397],[-77.0955316,38.7175743],[-77.0955515,38.7175719],[-77.0955456,38.7175419],[-77.0954904,38.7175486],[-77.0954751,38.7174705],[-77.0955927,38.7174563],[-77.0956065,38.7175269],[-77.0956521,38.7175214],[-77.0956786,38.7176564],[-77.0956612,38.7176585],[-77.0956753,38.7177304],[-77.0955333,38.7177476],[-77.0955177,38.7176681]]]}},{"type":"Feature","id":"way/707931709","properties":{"id":"way/707931709","name":null,"class":"building","building":"yes","ground_elevation_m":28.59,"height_m":10.5,"height_source":"USGS 3DEP lidar VA_NorthernVA_1_B22","height_confidence":"high","height_surveyed":true,"roof_form":"pitched","roof_spread_m":2.42,"source":"openstreetmap","source_date":"2026-09-11","confidence":"medium","surveyed":false},"geometry":{"type":"Polygon","coordinates":[[[-77.0969921,38.7192314],[-77.0970151,38.7191418],[-77.0970478,38.7191469],[-77.0970485,38.7191442],[-77.0971233,38.7191571],[-77.0971296,38.7191295],[-77.0972018,38.7191401],[-77.0971733,38.71926],[-77.0969921,38.7192314]]]}},{"type":"Feature","id":"way/707931710","properties":{"id":"way/707931710","name":null,"class":"building","building":"yes","ground_elevation_m":27.16,"height_m":4.1,"height_source":"USGS 3DEP lidar VA_NorthernVA_1_B22","height_confidence":"high","height_surveyed":true,"roof_form":"pitched","roof_spread_m":1.21,"source":"openstreetmap","source_date":"2026-09-11","confidence":"medium","surveyed":false},"geometry":{"type":"Polygon","coordinates":[[[-77.0994382,38.7135753],[-77.0994682,38.7135035],[-77.0996463,38.7135492],[-77.0996599,38.7135167],[-77.0997372,38.7135366],[-77.099724,38.7135679],[-77.0997388,38.7135717],[-77.0997082,38.7136447],[-77.0994382,38.7135753]]]}},{"type":"Feature","id":"way/707931711","properties":{"id":"way/707931711","name":null,"class":"outbuilding","building":"shed","ground_elevation_m":26.99,"height_m":3.3,"height_source":"USGS 3DEP lidar VA_NorthernVA_1_B22","height_confidence":"low","height_surveyed":false,"roof_form":"pitched","roof_spread_m":1.37,"source":"openstreetmap","source_date":"2026-09-11","confidence":"medium","surveyed":false},"geometry":{"type":"Polygon","coordinates":[[[-77.0979188,38.7184298],[-77.0979965,38.7184441],[-77.0979832,38.7184884],[-77.0979055,38.7184741],[-77.0979188,38.7184298]]]}},{"type":"Feature","id":"way/707931712","properties":{"id":"way/707931712","name":null,"class":"building","building":"yes","ground_elevation_m":29.63,"height_m":4.7,"height_source":"USGS 3DEP lidar VA_NorthernVA_1_B22","height_confidence":"high","height_surveyed":true,"roof_form":"pitched","roof_spread_m":1.24,"source":"openstreetmap","source_date":"2026-09-11","confidence":"medium","surveyed":false},"geometry":{"type":"Polygon","coordinates":[[[-77.0918269,38.7175983],[-77.0918405,38.7176817],[-77.0916873,38.7176971],[-77.0916886,38.7177048],[-77.0915975,38.717714],[-77.0915791,38.7176015],[-77.091672,38.7175921],[-77.0916756,38.7176135],[-77.0918269,38.7175983]]]}},{"type":"Feature","id":"way/707931713","properties":{"id":"way/707931713","name":null,"class":"building","building":"yes","ground_elevation_m":29.92,"height_m":7.0,"height_source":"USGS 3DEP lidar VA_NorthernVA_1_B22","height_confidence":"high","height_surveyed":true,"roof_form":"pitched","roof_spread_m":3.29,"source":"openstreetmap","source_date":"2026-09-11","confidence":"medium","surveyed":false},"geometry":{"type":"Polygon","coordinates":[[[-77.0921746,38.7175868],[-77.0921731,38.7177034],[-77.0920789,38.7177026],[-77.0920788,38.7177141],[-77.0919358,38.717713],[-77.091937,38.7176193],[-77.0920904,38.7176205],[-77.0920908,38.7175861],[-77.0921746,38.7175868]]]}},{"type":"Feature","id":"way/707931714","properties":{"id":"way/707931714","name":null,"class":"building","building":"yes","ground_elevation_m":26.3,"height_m":5.8,"height_source":"USGS 3DEP lidar VA_NorthernVA_1_B22","height_confidence":"high","height_surveyed":true,"roof_form":"pitched","roof_spread_m":2.22,"source":"openstreetmap","source_date":"2026-09-11","confidence":"medium","surveyed":false},"geometry":{"type":"Polygon","coordinates":[[[-77.0988125,38.717713],[-77.0988345,38.7176218],[-77.0989376,38.7176371],[-77.0989355,38.717646],[-77.0990174,38.7176581],[-77.0989983,38.7177368],[-77.0988125,38.717713]]]}},{"type":"Feature","id":"way/707931715","properties":{"id":"way/707931715","name":null,"class":"building","building":"yes","ground_elevation_m":28.25,"height_m":10.6,"height_source":"USGS 3DEP lidar VA_NorthernVA_1_B22","height_confidence":"high","height_surveyed":true,"roof_form":"pitched","roof_spread_m":3.03,"source":"openstreetmap","source_date":"2026-09-11","confidence":"medium","surveyed":false},"geometry":{"type":"Polygon","coordinates":[[[-77.0974277,38.7193326],[-77.0974324,38.7193154],[-77.097373,38.7193053],[-77.0974068,38.7191833],[-77.0974768,38.7191935],[-77.0974704,38.7192168],[-77.09758,38.7192289],[-77.0975557,38.719317],[-77.0975083,38.719309],[-77.0974988,38.7193447],[-77.0974277,38.7193326]]]}},{"type":"Feature","id":"way/707931716","properties":{"id":"way/707931716","name":null,"class":"building","building":"yes","ground_elevation_m":23.37,"height_m":6.9,"height_source":"USGS 3DEP lidar VA_NorthernVA_1_B22","height_confidence":"high","height_surveyed":true,"roof_form":"pitched","roof_spread_m":2.87,"source":"openstreetmap","source_date":"2026-09-11","confidence":"medium","surveyed":false},"geometry":{"type":"Polygon","coordinates":[[[-77.0994268,38.719563],[-77.0994665,38.719633],[-77.0992797,38.7196981],[-77.09924,38.7196281],[-77.0994268,38.719563]]]}},{"type":"Feature","id":"way/707931717","properties":{"id":"way/707931717","name":null,"class":"building","building":"yes","ground_elevation_m":22.51,"height_m":6.4,"height_source":"USGS 3DEP lidar VA_NorthernVA_1_B22","height_confidence":"high","height_surveyed":true,"roof_form":"pitched","roof_spread_m":2.91,"source":"openstreetmap","source_date":"2026-09-11","confidence":"medium","surveyed":false},"geometry":{"type":"Polygon","coordinates":[[[-77.0995989,38.7196229],[-77.0996381,38.7195571],[-77.0998225,38.7196246],[-77.0997833,38.7196904],[-77.0995989,38.7196229]]]}},{"type":"Feature","id":"way/707931718","properties":{"id":"way/707931718","name":null,"class":"building","building":"yes","ground_elevation_m":27.87,"height_m":5.6,"height_source":"USGS 3DEP lidar VA_NorthernVA_1_B22","height_confidence":"high","height_surveyed":true,"roof_form":"pitched","roof_spread_m":2.19,"source":"openstreetmap","source_date":"2026-09-11","confidence":"medium","surveyed":false},"geometry":{"type":"Polygon","coordinates":[[[-77.0993977,38.7157065],[-77.0994449,38.7156788],[-77.0995184,38.715751],[-77.0994567,38.7157896],[-77.0994757,38.7158083],[-77.0994021,38.7158543],[-77.0993214,38.7157749],[-77.0994106,38.7157192],[-77.0993977,38.7157065]]]}},{"type":"Feature","id":"way/707931719","properties":{"id":"way/707931719","name":null,"class":"building","building":"yes","ground_elevation_m":26.2,"height_m":6.2,"height_source":"USGS 3DEP lidar VA_NorthernVA_1_B22","height_confidence":"high","height_surveyed":true,"roof_form":"pitched","roof_spread_m":2.59,"source":"openstreetmap","source_date":"2026-09-11","confidence":"medium","surveyed":false},"geometry":{"type":"Polygon","coordinates":[[[-77.0978388,38.7165226],[-77.0979927,38.7164727],[-77.0980368,38.7165559],[-77.0978829,38.7166059],[-77.0978388,38.7165226]]]}},{"type":"Feature","id":"way/707931720","properties":{"id":"way/707931720","name":null,"class":"building","building":"yes","ground_elevation_m":21.79,"height_m":5.8,"height_source":"USGS 3DEP lidar VA_NorthernVA_1_B22","height_confidence":"high","height_surveyed":true,"roof_form":"pitched","roof_spread_m":2.24,"source":"openstreetmap","source_date":"2026-09-11","confidence":"medium","surveyed":false},"geometry":{"type":"Polygon","coordinates":[[[-77.0993651,38.716449],[-77.0994288,38.7165219],[-77.0993852,38.7165453],[-77.0992919,38.7165954],[-77.0992281,38.7165224],[-77.0993651,38.716449]]]}},{"type":"Feature","id":"way/707931721","properties":{"id":"way/707931721","name":null,"class":"outbuilding","building":"shed","ground_elevation_m":26.79,"height_m":3.3,"height_source":"USGS 3DEP lidar VA_NorthernVA_1_B22","height_confidence":"low","height_surveyed":false,"roof_form":"flat","roof_spread_m":0.71,"source":"openstreetmap","source_date":"2026-09-11","confidence":"medium","surveyed":false},"geometry":{"type":"Polygon","coordinates":[[[-77.0987788,38.7184715],[-77.098868,38.7184862],[-77.0988582,38.7185225],[-77.0987691,38.7185078],[-77.0987788,38.7184715]]]}},{"type":"Feature","id":"way/707931722","properties":{"id":"way/707931722","name":null,"class":"building","building":"yes","ground_elevation_m":28.33,"height_m":5.5,"height_source":"USGS 3DEP lidar VA_NorthernVA_1_B22","height_confidence":"high","height_surveyed":true,"roof_form":"pitched","roof_spread_m":1.6,"source":"openstreetmap","source_date":"2026-09-11","confidence":"medium","surveyed":false},"geometry":{"type":"Polygon","coordinates":[[[-77.0973059,38.7187061],[-77.0972719,38.718701],[-77.0972857,38.7186448],[-77.0973233,38.7186505],[-77.0973208,38.7186606],[-77.097389,38.7186709],[-77.0973968,38.7186389],[-77.0974496,38.7186468],[-77.0974352,38.7187057],[-77.0974622,38.7187098],[-77.0974529,38.7187478],[-77.0973031,38.7187253],[-77.0973059,38.7187061]]]}},{"type":"Feature","id":"way/707931723","properties":{"id":"way/707931723","name":null,"class":"outbuilding","building":"garage","ground_elevation_m":26.03,"height_m":3.8,"height_source":"USGS 3DEP lidar VA_NorthernVA_1_B22","height_confidence":"high","height_surveyed":true,"roof_form":"flat","roof_spread_m":0.65,"source":"openstreetmap","source_date":"2026-09-11","confidence":"medium","surveyed":false},"geometry":{"type":"Polygon","coordinates":[[[-77.0990597,38.7186439],[-77.0991332,38.7186553],[-77.0991153,38.7187259],[-77.0990418,38.7187144],[-77.0990597,38.7186439]]]}},{"type":"Feature","id":"way/707931724","properties":{"id":"way/707931724","name":null,"class":"building","building":"yes","ground_elevation_m":26.41,"height_m":10.8,"height_source":"USGS 3DEP lidar VA_NorthernVA_1_B22","height_confidence":"low","height_surveyed":false,"roof_form":"pitched","roof_spread_m":1.64,"source":"openstreetmap","source_date":"2026-09-11","confidence":"medium","surveyed":false},"geometry":{"type":"Polygon","coordinates":[[[-77.0986183,38.7185725],[-77.0987147,38.7185824],[-77.0986935,38.7187097],[-77.0985971,38.7186998],[-77.0986183,38.7185725]]]}},{"type":"Feature","id":"way/707931725","properties":{"id":"way/707931725","name":null,"class":"building","building":"yes","ground_elevation_m":31.32,"height_m":10.0,"height_source":"USGS 3DEP lidar VA_NorthernVA_1_B22","height_confidence":"high","height_surveyed":true,"roof_form":"pitched","roof_spread_m":2.9,"source":"openstreetmap","source_date":"2026-09-11","confidence":"medium","surveyed":false},"geometry":{"type":"Polygon","coordinates":[[[-77.0928255,38.7185342],[-77.0928888,38.7184998],[-77.0929111,38.7185082],[-77.0929326,38.7184975],[-77.0929292,38.7184921],[-77.0929801,38.7184623],[-77.0929856,38.7184667],[-77.0930211,38.718449],[-77.0930876,38.7185196],[-77.0929938,38.7185707],[-77.0929954,38.7185785],[-77.0929791,38.7185877],[-77.0929674,38.7185861],[-77.0929035,38.7186227],[-77.0928255,38.7185342]]]}},{"type":"Feature","id":"way/707931726","properties":{"id":"way/707931726","name":null,"class":"building","building":"yes","ground_elevation_m":26.97,"height_m":5.5,"height_source":"USGS 3DEP lidar VA_NorthernVA_1_B22","height_confidence":"high","height_surveyed":true,"roof_form":"pitched","roof_spread_m":2.22,"source":"openstreetmap","source_date":"2026-09-11","confidence":"medium","surveyed":false},"geometry":{"type":"Polygon","coordinates":[[[-77.0984015,38.7177012],[-77.0983496,38.7176273],[-77.0983937,38.7176083],[-77.0983744,38.7175807],[-77.09845,38.7175482],[-77.0984703,38.717577],[-77.0985466,38.7175442],[-77.0986099,38.7176344],[-77.0985295,38.7176691],[-77.0985232,38.7176602],[-77.0985024,38.7176692],[-77.0984962,38.7176604],[-77.0984015,38.7177012]]]}},{"type":"Feature","id":"way/707931727","properties":{"id":"way/707931727","name":null,"class":"building","building":"yes","ground_elevation_m":29.92,"height_m":7.0,"height_source":"USGS 3DEP lidar VA_NorthernVA_1_B22","height_confidence":"high","height_surveyed":true,"roof_form":"pitched","roof_spread_m":3.43,"source":"openstreetmap","source_date":"2026-09-11","confidence":"medium","surveyed":false},"geometry":{"type":"Polygon","coordinates":[[[-77.0918241,38.7172466],[-77.0918292,38.7172115],[-77.0916816,38.7171978],[-77.0916954,38.7171068],[-77.0917042,38.7171077],[-77.0917059,38.717075],[-77.0918379,38.7170826],[-77.0918362,38.7171033],[-77.091934,38.7171106],[-77.0919128,38.7172546],[-77.0918241,38.7172466]]]}},{"type":"Feature","id":"way/707931728","properties":{"id":"way/707931728","name":null,"class":"building","building":"yes","ground_elevation_m":30.18,"height_m":9.3,"height_source":"USGS 3DEP lidar VA_NorthernVA_1_B22","height_confidence":"high","height_surveyed":true,"roof_form":"pitched","roof_spread_m":3.09,"source":"openstreetmap","source_date":"2026-09-11","confidence":"medium","surveyed":false},"geometry":{"type":"Polygon","coordinates":[[[-77.0932737,38.7172234],[-77.0932662,38.7172297],[-77.0931554,38.7171485],[-77.0931776,38.7171299],[-77.0931474,38.7171078],[-77.0931958,38.7170672],[-77.0932267,38.7170898],[-77.0932464,38.7170733],[-77.0933487,38.7171483],[-77.0933667,38.7171333],[-77.0934325,38.7171815],[-77.0933316,38.7172659],[-77.0932737,38.7172234]]]}},{"type":"Feature","id":"way/707931729","properties":{"id":"way/707931729","name":null,"class":"building","building":"yes","ground_elevation_m":29.27,"height_m":6.1,"height_source":"USGS 3DEP lidar VA_NorthernVA_1_B22","height_confidence":"high","height_surveyed":true,"roof_form":"pitched","roof_spread_m":1.47,"source":"openstreetmap","source_date":"2026-09-11","confidence":"medium","surveyed":false},"geometry":{"type":"Polygon","coordinates":[[[-77.0970294,38.7179222],[-77.0968772,38.7178685],[-77.0969311,38.7177748],[-77.0970092,38.7178023],[-77.0969974,38.7178227],[-77.0970733,38.7178495],[-77.0970294,38.7179222]]]}},{"type":"Feature","id":"way/707931730","properties":{"id":"way/707931730","name":null,"class":"outbuilding","building":"shed","ground_elevation_m":32.93,"height_m":4.1,"height_source":"USGS 3DEP lidar VA_NorthernVA_1_B22","height_confidence":"low","height_surveyed":false,"roof_form":"flat","roof_spread_m":1.03,"source":"openstreetmap","source_date":"2026-09-11","confidence":"medium","surveyed":false},"geometry":{"type":"Polygon","coordinates":[[[-77.0931482,38.7195791],[-77.0932285,38.7195804],[-77.0932284,38.7195839],[-77.0932449,38.7195841],[-77.0932439,38.7196169],[-77.0932264,38.7196166],[-77.0932262,38.7196207],[-77.0932203,38.7196206],[-77.0932199,38.7196415],[-77.0931564,38.7196395],[-77.0931567,38.71962],[-77.0931469,38.7196201],[-77.0931482,38.7195791]]]}},{"type":"Feature","id":"way/707931731","properties":{"id":"way/707931731","name":null,"class":"outbuilding","building":"shed","ground_elevation_m":27.27,"height_m":null,"height_source":null,"height_confidence":null,"height_surveyed":null,"roof_form":null,"roof_spread_m":null,"source":"openstreetmap","source_date":"2026-09-11","confidence":"medium","surveyed":false},"geometry":{"type":"Polygon","coordinates":[[[-77.0978274,38.7185941],[-77.0977667,38.7185804],[-77.0977788,38.7185474],[-77.0978396,38.7185612],[-77.0978274,38.7185941]]]}},{"type":"Feature","id":"way/707931732","properties":{"id":"way/707931732","name":null,"class":"outbuilding","building":"shed","ground_elevation_m":26.5,"height_m":3.7,"height_source":"USGS 3DEP lidar VA_NorthernVA_1_B22","height_confidence":"low","height_surveyed":false,"roof_form":"flat","roof_spread_m":0.66,"source":"openstreetmap","source_date":"2026-09-11","confidence":"medium","surveyed":false},"geometry":{"type":"Polygon","coordinates":[[[-77.0991546,38.7185388],[-77.099192,38.7185429],[-77.0991835,38.7185871],[-77.0991462,38.7185827],[-77.0991546,38.7185388]]]}},{"type":"Feature","id":"way/707931733","properties":{"id":"way/707931733","name":null,"class":"outbuilding","building":"shed","ground_elevation_m":26.56,"height_m":null,"height_source":null,"height_confidence":null,"height_surveyed":null,"roof_form":null,"roof_spread_m":null,"source":"openstreetmap","source_date":"2026-09-11","confidence":"medium","surveyed":false},"geometry":{"type":"Polygon","coordinates":[[[-77.0982263,38.7184728],[-77.0983175,38.7184938],[-77.0983073,38.7185212],[-77.098213,38.7184996],[-77.0982263,38.7184728]]]}},{"type":"Feature","id":"way/707931734","properties":{"id":"way/707931734","name":null,"class":"outbuilding","building":"shed","ground_elevation_m":26.03,"height_m":4.2,"height_source":"USGS 3DEP lidar VA_NorthernVA_1_B22","height_confidence":"low","height_surveyed":false,"roof_form":"pitched","roof_spread_m":2.19,"source":"openstreetmap","source_date":"2026-09-11","confidence":"medium","surveyed":false},"geometry":{"type":"Polygon","coordinates":[[[-77.0998839,38.7121211],[-77.0999318,38.7121329],[-77.0999153,38.7121671],[-77.0998699,38.7121559],[-77.0998839,38.7121211]]]}},{"type":"Feature","id":"way/707931735","properties":{"id":"way/707931735","name":null,"class":"building","building":"yes","ground_elevation_m":31.21,"height_m":9.2,"height_source":"USGS 3DEP lidar VA_NorthernVA_1_B22","height_confidence":"high","height_surveyed":true,"roof_form":"pitched","roof_spread_m":3.83,"source":"openstreetmap","source_date":"2026-09-11","confidence":"medium","surveyed":false},"geometry":{"type":"Polygon","coordinates":[[[-77.0934514,38.7173736],[-77.0934748,38.7173703],[-77.0934501,38.7172634],[-77.0935637,38.7172474],[-77.0936024,38.7174157],[-77.0934655,38.717435],[-77.0934514,38.7173736]]]}},{"type":"Feature","id":"way/707931736","properties":{"id":"way/707931736","name":null,"class":"building","building":"yes","ground_elevation_m":29.07,"height_m":7.1,"height_source":"USGS 3DEP lidar VA_NorthernVA_1_B22","height_confidence":"high","height_surveyed":true,"roof_form":"pitched","roof_spread_m":2.8,"source":"openstreetmap","source_date":"2026-09-11","confidence":"medium","surveyed":false},"geometry":{"type":"Polygon","coordinates":[[[-77.0949568,38.7179591],[-77.0949528,38.717864],[-77.0950115,38.7178635],[-77.0950117,38.7178767],[-77.0951219,38.7178757],[-77.0951217,38.7178625],[-77.0952323,38.7178615],[-77.0952325,38.7178759],[-77.0952737,38.7178755],[-77.095275,38.7179719],[-77.0950416,38.7179738],[-77.0950414,38.7179584],[-77.0949568,38.7179591]]]}},{"type":"Feature","id":"way/707931737","properties":{"id":"way/707931737","name":null,"class":"building","building":"yes","ground_elevation_m":30.93,"height_m":7.9,"height_source":"USGS 3DEP lidar VA_NorthernVA_1_B22","height_confidence":"high","height_surveyed":true,"roof_form":"pitched","roof_spread_m":2.73,"source":"openstreetmap","source_date":"2026-09-11","confidence":"medium","surveyed":false},"geometry":{"type":"Polygon","coordinates":[[[-77.094144,38.7178764],[-77.0943054,38.7178652],[-77.0943042,38.717854],[-77.0943758,38.717849],[-77.094377,38.7178595],[-77.094424,38.7178562],[-77.0944338,38.7179429],[-77.0941538,38.7179623],[-77.094144,38.7178764]]]}},{"type":"Feature","id":"way/707931738","properties":{"id":"way/707931738","name":null,"class":"building","building":"yes","ground_elevation_m":27.36,"height_m":10.5,"height_source":"USGS 3DEP lidar VA_NorthernVA_1_B22","height_confidence":"high","height_surveyed":true,"roof_form":"pitched","roof_spread_m":3.17,"source":"openstreetmap","source_date":"2026-09-11","confidence":"medium","surveyed":false},"geometry":{"type":"Polygon","coordinates":[[[-77.0981305,38.7194178],[-77.0980666,38.7194087],[-77.0980997,38.7192827],[-77.0981727,38.7192943],[-77.0981674,38.7193162],[-77.0982267,38.7193228],[-77.0982281,38.719319],[-77.0982812,38.7193271],[-77.0982563,38.7194221],[-77.0982042,38.7194128],[-77.0981932,38.7194556],[-77.0981247,38.7194452],[-77.0981305,38.7194178]]]}},{"type":"Feature","id":"way/707931739","properties":{"id":"way/707931739","name":null,"class":"outbuilding","building":"shed","ground_elevation_m":25.2,"height_m":4.3,"height_source":"USGS 3DEP lidar VA_NorthernVA_1_B22","height_confidence":"low","height_surveyed":false,"roof_form":"flat","roof_spread_m":0.67,"source":"openstreetmap","source_date":"2026-09-11","confidence":"medium","surveyed":false},"geometry":{"type":"Polygon","coordinates":[[[-77.099557,38.71263],[-77.0996013,38.712637],[-77.099589,38.7126847],[-77.0995416,38.7126772],[-77.099557,38.71263]]]}},{"type":"Feature","id":"way/707931740","properties":{"id":"way/707931740","name":null,"class":"building","building":"yes","ground_elevation_m":26.31,"height_m":7.4,"height_source":"USGS 3DEP lidar VA_NorthernVA_1_B22","height_confidence":"high","height_surveyed":true,"roof_form":"pitched","roof_spread_m":4.0,"source":"openstreetmap","source_date":"2026-09-11","confidence":"medium","surveyed":false},"geometry":{"type":"Polygon","coordinates":[[[-77.0987795,38.7117882],[-77.0987358,38.7117991],[-77.0987209,38.7117622],[-77.0987425,38.7117568],[-77.0987192,38.7116994],[-77.0988003,38.7116792],[-77.0988225,38.7117339],[-77.0988733,38.7117213],[-77.0988925,38.7117686],[-77.0988832,38.7117709],[-77.0989109,38.7118394],[-77.0988103,38.7118643],[-77.0987795,38.7117882]]]}},{"type":"Feature","id":"way/707931741","properties":{"id":"way/707931741","name":null,"class":"building","building":"yes","ground_elevation_m":26.48,"height_m":5.8,"height_source":"USGS 3DEP lidar VA_NorthernVA_1_B22","height_confidence":"high","height_surveyed":true,"roof_form":"pitched","roof_spread_m":2.06,"source":"openstreetmap","source_date":"2026-09-11","confidence":"medium","surveyed":false},"geometry":{"type":"Polygon","coordinates":[[[-77.0992501,38.7183145],[-77.0992612,38.7182489],[-77.0992016,38.7182428],[-77.0992125,38.7181779],[-77.0993587,38.718193],[-77.0993628,38.7181686],[-77.099448,38.7181774],[-77.0994307,38.7182805],[-77.0993507,38.7182723],[-77.099342,38.718324],[-77.0992501,38.7183145]]]}},{"type":"Feature","id":"way/707931742","properties":{"id":"way/707931742","name":null,"class":"building","building":"yes","ground_elevation_m":28.72,"height_m":6.1,"height_source":"USGS 3DEP lidar VA_NorthernVA_1_B22","height_confidence":"high","height_surveyed":true,"roof_form":"pitched","roof_spread_m":1.32,"source":"openstreetmap","source_date":"2026-09-11","confidence":"medium","surveyed":false},"geometry":{"type":"Polygon","coordinates":[[[-77.0976279,38.7179758],[-77.0977892,38.7180081],[-77.0977605,38.718096],[-77.0975992,38.7180637],[-77.0976279,38.7179758]]]}},{"type":"Feature","id":"way/707931743","properties":{"id":"way/707931743","name":null,"class":"building","building":"yes","ground_elevation_m":30.45,"height_m":9.6,"height_source":"USGS 3DEP lidar VA_NorthernVA_1_B22","height_confidence":"high","height_surveyed":true,"roof_form":"pitched","roof_spread_m":2.82,"source":"openstreetmap","source_date":"2026-09-11","confidence":"medium","surveyed":false},"geometry":{"type":"Polygon","coordinates":[[[-77.0930671,38.7179442],[-77.0930868,38.7179483],[-77.0931231,38.7178412],[-77.0932347,38.7178644],[-77.0931774,38.7180335],[-77.0930461,38.7180061],[-77.0930671,38.7179442]]]}},{"type":"Feature","id":"way/707931744","properties":{"id":"way/707931744","name":null,"class":"building","building":"yes","ground_elevation_m":28.39,"height_m":7.0,"height_source":"USGS 3DEP lidar VA_NorthernVA_1_B22","height_confidence":"high","height_surveyed":true,"roof_form":"pitched","roof_spread_m":2.35,"source":"openstreetmap","source_date":"2026-09-11","confidence":"medium","surveyed":false},"geometry":{"type":"Polygon","coordinates":[[[-77.0991979,38.7144931],[-77.0992457,38.714456],[-77.0992357,38.7144481],[-77.0992729,38.7144192],[-77.0992842,38.7144281],[-77.099337,38.714387],[-77.0994187,38.7144516],[-77.0992809,38.7145586],[-77.0991979,38.7144931]]]}},{"type":"Feature","id":"way/707931745","properties":{"id":"way/707931745","name":null,"class":"outbuilding","building":"shed","ground_elevation_m":26.69,"height_m":3.1,"height_source":"USGS 3DEP lidar VA_NorthernVA_1_B22","height_confidence":"low","height_surveyed":false,"roof_form":"flat","roof_spread_m":0.36,"source":"openstreetmap","source_date":"2026-09-11","confidence":"medium","surveyed":false},"geometry":{"type":"Polygon","coordinates":[[[-77.0982199,38.7173105],[-77.0982075,38.7172665],[-77.0982503,38.7172587],[-77.0982627,38.7173028],[-77.0982199,38.7173105]]]}},{"type":"Feature","id":"way/707931746","properties":{"id":"way/707931746","name":null,"class":"outbuilding","building":"shed","ground_elevation_m":27.68,"height_m":4.5,"height_source":"USGS 3DEP lidar VA_NorthernVA_1_B22","height_confidence":"low","height_surveyed":false,"roof_form":"pitched","roof_spread_m":2.14,"source":"openstreetmap","source_date":"2026-09-11","confidence":"medium","surveyed":false},"geometry":{"type":"Polygon","coordinates":[[[-77.0956025,38.7172683],[-77.095607,38.7172206],[-77.0956516,38.7172233],[-77.0956468,38.7172727],[-77.0956025,38.7172683]]]}},{"type":"Feature","id":"way/707931747","properties":{"id":"way/707931747","name":null,"class":"building","building":"yes","ground_elevation_m":29.04,"height_m":10.0,"height_source":"USGS 3DEP lidar VA_NorthernVA_1_B22","height_confidence":"high","height_surveyed":true,"roof_form":"pitched","roof_spread_m":3.09,"source":"openstreetmap","source_date":"2026-09-11","confidence":"medium","surveyed":false},"geometry":{"type":"Polygon","coordinates":[[[-77.0929517,38.7171146],[-77.0929361,38.7170712],[-77.0930037,38.7170562],[-77.0930563,38.7172018],[-77.0929773,38.7172193],[-77.0929711,38.7172022],[-77.0928328,38.7172328],[-77.0928021,38.7171478],[-77.0929517,38.7171146]]]}},{"type":"Feature","id":"way/707931748","properties":{"id":"way/707931748","name":null,"class":"outbuilding","building":"shed","ground_elevation_m":32.92,"height_m":3.3,"height_source":"USGS 3DEP lidar VA_NorthernVA_1_B22","height_confidence":"low","height_surveyed":false,"roof_form":"flat","roof_spread_m":0.76,"source":"openstreetmap","source_date":"2026-09-11","confidence":"medium","surveyed":false},"geometry":{"type":"Polygon","coordinates":[[[-77.0930876,38.7194666],[-77.0930972,38.7194073],[-77.0931408,38.7194116],[-77.0931314,38.71947],[-77.0930876,38.7194666]]]}},{"type":"Feature","id":"way/707931749","properties":{"id":"way/707931749","name":null,"class":"building","building":"yes","ground_elevation_m":33.61,"height_m":9.9,"height_source":"USGS 3DEP lidar VA_NorthernVA_1_B22","height_confidence":"high","height_surveyed":true,"roof_form":"pitched","roof_spread_m":2.97,"source":"openstreetmap","source_date":"2026-09-11","confidence":"medium","surveyed":false},"geometry":{"type":"Polygon","coordinates":[[[-77.0928827,38.7189349],[-77.0929614,38.7189352],[-77.0929613,38.7189471],[-77.0931064,38.7189476],[-77.0931059,38.7190362],[-77.0929598,38.7190357],[-77.0929596,38.7190702],[-77.0928819,38.7190699],[-77.0928827,38.7189349]]]}},{"type":"Feature","id":"way/707931750","properties":{"id":"way/707931750","name":null,"class":"building","building":"yes","ground_elevation_m":32.95,"height_m":9.4,"height_source":"USGS 3DEP lidar VA_NorthernVA_1_B22","height_confidence":"high","height_surveyed":true,"roof_form":"pitched","roof_spread_m":3.0,"source":"openstreetmap","source_date":"2026-09-11","confidence":"medium","surveyed":false},"geometry":{"type":"Polygon","coordinates":[[[-77.0926393,38.719018],[-77.0926298,38.7190154],[-77.0926229,38.7190192],[-77.0926029,38.7190143],[-77.0926006,38.7190088],[-77.0924936,38.718982],[-77.092527,38.7188967],[-77.0926678,38.7189342],[-77.0926726,38.7189145],[-77.0927473,38.7189357],[-77.0926856,38.7190654],[-77.0926247,38.7190475],[-77.0926393,38.719018]]]}},{"type":"Feature","id":"way/707931751","properties":{"id":"way/707931751","name":null,"class":"outbuilding","building":"shed","ground_elevation_m":30.95,"height_m":3.0,"height_source":"USGS 3DEP lidar VA_NorthernVA_1_B22","height_confidence":"low","height_surveyed":false,"roof_form":"flat","roof_spread_m":0.85,"source":"openstreetmap","source_date":"2026-09-11","confidence":"medium","surveyed":false},"geometry":{"type":"Polygon","coordinates":[[[-77.0949627,38.7190608],[-77.0950059,38.7190281],[-77.0950356,38.7190523],[-77.0949916,38.7190855],[-77.0949627,38.7190608]]]}},{"type":"Feature","id":"way/707931752","properties":{"id":"way/707931752","name":null,"class":"building","building":"yes","ground_elevation_m":31.04,"height_m":6.5,"height_source":"USGS 3DEP lidar VA_NorthernVA_1_B22","height_confidence":"high","height_surveyed":true,"roof_form":"pitched","roof_spread_m":2.34,"source":"openstreetmap","source_date":"2026-09-11","confidence":"medium","surveyed":false},"geometry":{"type":"Polygon","coordinates":[[[-77.0952203,38.7190018],[-77.0953743,38.7190019],[-77.0953743,38.7190127],[-77.0954472,38.7190127],[-77.0954471,38.7190764],[-77.0953753,38.7190764],[-77.0953753,38.7190838],[-77.0952202,38.7190837],[-77.0952203,38.7190018]]]}},{"type":"Feature","id":"way/707931753","properties":{"id":"way/707931753","name":null,"class":"building","building":"yes","ground_elevation_m":33.53,"height_m":12.0,"height_source":"USGS 3DEP lidar VA_NorthernVA_1_B22","height_confidence":"high","height_surveyed":true,"roof_form":"pitched","roof_spread_m":2.72,"source":"openstreetmap","source_date":"2026-09-11","confidence":"medium","surveyed":false},"geometry":{"type":"Polygon","coordinates":[[[-77.0941755,38.719033],[-77.0940781,38.7190412],[-77.0940798,38.7190543],[-77.0940275,38.7190587],[-77.0940163,38.7189771],[-77.0940363,38.7189754],[-77.0940315,38.7189404],[-77.0940131,38.7189419],[-77.0940061,38.7188906],[-77.0940273,38.7188889],[-77.0940201,38.7188366],[-77.0941483,38.7188259],[-77.0941755,38.719033]]]}},{"type":"Feature","id":"way/707931754","properties":{"id":"way/707931754","name":null,"class":"building","building":"yes","ground_elevation_m":33.18,"height_m":12.6,"height_source":"USGS 3DEP lidar VA_NorthernVA_1_B22","height_confidence":"high","height_surveyed":true,"roof_form":"pitched","roof_spread_m":2.97,"source":"openstreetmap","source_date":"2026-09-11","confidence":"medium","surveyed":false},"geometry":{"type":"Polygon","coordinates":[[[-77.0936725,38.719028],[-77.0936778,38.7190157],[-77.0935788,38.7189899],[-77.0935974,38.7189462],[-77.0935844,38.7189428],[-77.0936492,38.7187904],[-77.0937859,38.7188261],[-77.0937663,38.7188721],[-77.0937762,38.7188748],[-77.0937528,38.7189297],[-77.0937425,38.718927],[-77.0937239,38.7189707],[-77.0937441,38.718976],[-77.093717,38.7190396],[-77.0936725,38.719028]]]}},{"type":"Feature","id":"way/707931755","properties":{"id":"way/707931755","name":null,"class":"building","building":"yes","ground_elevation_m":28.88,"height_m":6.9,"height_source":"USGS 3DEP lidar VA_NorthernVA_1_B22","height_confidence":"high","height_surveyed":true,"roof_form":"pitched","roof_spread_m":2.93,"source":"openstreetmap","source_date":"2026-09-11","confidence":"medium","surveyed":false},"geometry":{"type":"Polygon","coordinates":[[[-77.097013,38.71861],[-77.0971266,38.7186284],[-77.0971164,38.7186669],[-77.0970475,38.7186557],[-77.0970402,38.7186833],[-77.0969182,38.7186635],[-77.0969299,38.7186192],[-77.0968968,38.7186139],[-77.0969168,38.7185382],[-77.0970272,38.718556],[-77.097013,38.71861]]]}},{"type":"Feature","id":"way/707931756","properties":{"id":"way/707931756","name":null,"class":"building","building":"yes","ground_elevation_m":24.08,"height_m":7.4,"height_source":"USGS 3DEP lidar VA_NorthernVA_1_B22","height_confidence":"high","height_surveyed":true,"roof_form":"pitched","roof_spread_m":3.62,"source":"openstreetmap","source_date":"2026-09-11","confidence":"medium","surveyed":false},"geometry":{"type":"Polygon","coordinates":[[[-77.1047327,38.7138144],[-77.1047606,38.7137453],[-77.1048008,38.7137552],[-77.1048179,38.7137129],[-77.1048907,38.713731],[-77.1048734,38.713774],[-77.1049903,38.713803],[-77.1049627,38.7138714],[-77.1047327,38.7138144]]]}},{"type":"Feature","id":"way/707931758","properties":{"id":"way/707931758","name":null,"class":"building","building":"yes","ground_elevation_m":28.09,"height_m":7.2,"height_source":"USGS 3DEP lidar VA_NorthernVA_1_B22","height_confidence":"high","height_surveyed":true,"roof_form":"pitched","roof_spread_m":3.08,"source":"openstreetmap","source_date":"2026-09-11","confidence":"medium","surveyed":false},"geometry":{"type":"Polygon","coordinates":[[[-77.1000696,38.7137271],[-77.1001502,38.7135278],[-77.1002452,38.7135514],[-77.1002524,38.7135337],[-77.1002851,38.7135418],[-77.1002791,38.7135566],[-77.1003168,38.713566],[-77.1002845,38.7136461],[-77.1002156,38.713629],[-77.1002004,38.7136664],[-77.1002504,38.7136788],[-77.1002318,38.7137248],[-77.1001807,38.7137121],[-77.100165,38.7137508],[-77.1000696,38.7137271]]]}},{"type":"Feature","id":"way/707931759","properties":{"id":"way/707931759","name":null,"class":"building","building":"yes","ground_elevation_m":24.35,"height_m":7.2,"height_source":"USGS 3DEP lidar VA_NorthernVA_1_B22","height_confidence":"high","height_surveyed":true,"roof_form":"pitched","roof_spread_m":3.98,"source":"openstreetmap","source_date":"2026-09-11","confidence":"medium","surveyed":false},"geometry":{"type":"Polygon","coordinates":[[[-77.1043799,38.7137236],[-77.104409,38.7136501],[-77.1046554,38.7137099],[-77.1046262,38.7137835],[-77.1043799,38.7137236]]]}},{"type":"Feature","id":"way/707931760","properties":{"id":"way/707931760","name":null,"class":"building","building":"yes","ground_elevation_m":28.24,"height_m":7.3,"height_source":"USGS 3DEP lidar VA_NorthernVA_1_B22","height_confidence":"high","height_surveyed":true,"roof_form":"pitched","roof_spread_m":3.51,"source":"openstreetmap","source_date":"2026-09-11","confidence":"medium","surveyed":false},"geometry":{"type":"Polygon","coordinates":[[[-77.102395,38.7136894],[-77.102493,38.713533],[-77.1025957,38.7135725],[-77.1024977,38.7137289],[-77.102395,38.7136894]]]}},{"type":"Feature","id":"way/707931762","properties":{"id":"way/707931762","name":null,"class":"building","building":"yes","ground_elevation_m":26.97,"height_m":4.3,"height_source":"USGS 3DEP lidar VA_NorthernVA_1_B22","height_confidence":"high","height_surveyed":true,"roof_form":"flat","roof_spread_m":1.03,"source":"openstreetmap","source_date":"2026-09-11","confidence":"medium","surveyed":false},"geometry":{"type":"Polygon","coordinates":[[[-77.1016047,38.7193969],[-77.1016298,38.7193067],[-77.1018102,38.7193375],[-77.1017812,38.7194416],[-77.1016725,38.719423],[-77.1016763,38.7194092],[-77.1016047,38.7193969]]]}},{"type":"Feature","id":"way/707931763","properties":{"id":"way/707931763","name":null,"class":"outbuilding","building":"garage","ground_elevation_m":26.66,"height_m":3.2,"height_source":"USGS 3DEP lidar VA_NorthernVA_1_B22","height_confidence":"low","height_surveyed":false,"roof_form":"flat","roof_spread_m":1.16,"source":"openstreetmap","source_date":"2026-09-11","confidence":"medium","surveyed":false},"geometry":{"type":"Polygon","coordinates":[[[-77.10219,38.7194265],[-77.1022201,38.7193048],[-77.1022741,38.719313],[-77.102244,38.7194347],[-77.10219,38.7194265]]]}},{"type":"Feature","id":"way/707931764","properties":{"id":"way/707931764","name":null,"class":"outbuilding","building":"shed","ground_elevation_m":26.52,"height_m":2.8,"height_source":"USGS 3DEP lidar VA_NorthernVA_1_B22","height_confidence":"low","height_surveyed":false,"roof_form":"flat","roof_spread_m":0.98,"source":"openstreetmap","source_date":"2026-09-11","confidence":"medium","surveyed":false},"geometry":{"type":"Polygon","coordinates":[[[-77.100731,38.7188668],[-77.1007878,38.7188757],[-77.1007833,38.7188938],[-77.1008318,38.7189014],[-77.1008248,38.7189293],[-77.1007194,38.7189129],[-77.100731,38.7188668]]]}},{"type":"Feature","id":"way/707931766","properties":{"id":"way/707931766","name":null,"class":"building","building":"yes","ground_elevation_m":28.21,"height_m":5.2,"height_source":"USGS 3DEP lidar VA_NorthernVA_1_B22","height_confidence":"high","height_surveyed":true,"roof_form":"pitched","roof_spread_m":1.97,"source":"openstreetmap","source_date":"2026-09-11","confidence":"medium","surveyed":false},"geometry":{"type":"Polygon","coordinates":[[[-77.1014238,38.7153083],[-77.101515,38.7153282],[-77.1014763,38.7154367],[-77.1013943,38.7154188],[-77.1013874,38.7154381],[-77.1013005,38.7154191],[-77.101337,38.7153168],[-77.1014147,38.7153338],[-77.1014238,38.7153083]]]}},{"type":"Feature","id":"way/707931767","properties":{"id":"way/707931767","name":null,"class":"building","building":"yes","ground_elevation_m":25.99,"height_m":8.1,"height_source":"USGS 3DEP lidar VA_NorthernVA_1_B22","height_confidence":"high","height_surveyed":true,"roof_form":"pitched","roof_spread_m":4.7,"source":"openstreetmap","source_date":"2026-09-11","confidence":"medium","surveyed":false},"geometry":{"type":"Polygon","coordinates":[[[-77.1015958,38.7139737],[-77.1016026,38.7139632],[-77.1015478,38.7139494],[-77.1015882,38.7138503],[-77.1016782,38.7138744],[-77.1016814,38.713863],[-77.1017497,38.7138792],[-77.1017943,38.7138367],[-77.1017687,38.7138044],[-77.101898,38.713751],[-77.1019405,38.7138216],[-77.1018151,38.7138684],[-77.1017838,38.7138962],[-77.1018364,38.7139112],[-77.1017945,38.714012],[-77.1017585,38.714001],[-77.1017525,38.7140103],[-77.1015958,38.7139737]]]}},{"type":"Feature","id":"way/707931770","properties":{"id":"way/707931770","name":null,"class":"building","building":"yes","ground_elevation_m":27.08,"height_m":5.2,"height_source":"USGS 3DEP lidar VA_NorthernVA_1_B22","height_confidence":"high","height_surveyed":true,"roof_form":"pitched","roof_spread_m":2.14,"source":"openstreetmap","source_date":"2026-09-11","confidence":"medium","surveyed":false},"geometry":{"type":"Polygon","coordinates":[[[-77.1022554,38.7162442],[-77.1022242,38.7162259],[-77.1022133,38.7162372],[-77.102166,38.7162095],[-77.1022678,38.7161028],[-77.1023353,38.7161424],[-77.1023532,38.7161237],[-77.1024278,38.7161674],[-77.1023481,38.7162509],[-77.1022846,38.7162137],[-77.1022554,38.7162442]]]}},{"type":"Feature","id":"way/707931771","properties":{"id":"way/707931771","name":null,"class":"building","building":"yes","ground_elevation_m":27.85,"height_m":5.6,"height_source":"USGS 3DEP lidar VA_NorthernVA_1_B22","height_confidence":"high","height_surveyed":true,"roof_form":"pitched","roof_spread_m":2.15,"source":"openstreetmap","source_date":"2026-09-11","confidence":"medium","surveyed":false},"geometry":{"type":"Polygon","coordinates":[[[-77.101799,38.7160784],[-77.1017973,38.7160824],[-77.1017314,38.7160637],[-77.101726,38.7160754],[-77.101646,38.7160527],[-77.1016819,38.7159748],[-77.1017463,38.715993],[-77.1017498,38.7159853],[-77.1018298,38.7160079],[-77.1018417,38.7159818],[-77.1019217,38.7160041],[-77.1019043,38.7160437],[-77.1019543,38.7160538],[-77.1019384,38.7160986],[-77.101888,38.716087],[-77.1018824,38.7161011],[-77.101799,38.7160784]]]}},{"type":"Feature","id":"way/707931773","properties":{"id":"way/707931773","name":null,"class":"building","building":"yes","ground_elevation_m":25.95,"height_m":4.7,"height_source":"USGS 3DEP lidar VA_NorthernVA_1_B22","height_confidence":"low","height_surveyed":false,"roof_form":"flat","roof_spread_m":1.05,"source":"openstreetmap","source_date":"2026-09-11","confidence":"medium","surveyed":false},"geometry":{"type":"Polygon","coordinates":[[[-77.1033388,38.7187454],[-77.1034324,38.718752],[-77.1034244,38.7188218],[-77.1032844,38.7188117],[-77.1032899,38.7187643],[-77.1033347,38.7187675],[-77.1033388,38.7187454]]]}},{"type":"Feature","id":"way/707931774","properties":{"id":"way/707931774","name":null,"class":"building","building":"yes","ground_elevation_m":26.59,"height_m":5.5,"height_source":"USGS 3DEP lidar VA_NorthernVA_1_B22","height_confidence":"high","height_surveyed":true,"roof_form":"pitched","roof_spread_m":2.67,"source":"openstreetmap","source_date":"2026-09-11","confidence":"medium","surveyed":false},"geometry":{"type":"Polygon","coordinates":[[[-77.103199,38.7186499],[-77.1031664,38.7186476],[-77.1031744,38.7185789],[-77.1032897,38.7185871],[-77.1032927,38.7185603],[-77.1033801,38.7185666],[-77.103377,38.7185933],[-77.1034428,38.718598],[-77.1034334,38.7186797],[-77.103286,38.7186692],[-77.1032797,38.7187241],[-77.1031911,38.7187178],[-77.103199,38.7186499]]]}},{"type":"Feature","id":"way/707931776","properties":{"id":"way/707931776","name":null,"class":"outbuilding","building":"shed","ground_elevation_m":25.49,"height_m":3.8,"height_source":"USGS 3DEP lidar VA_NorthernVA_1_B22","height_confidence":"low","height_surveyed":false,"roof_form":"flat","roof_spread_m":0.53,"source":"openstreetmap","source_date":"2026-09-11","confidence":"medium","surveyed":false},"geometry":{"type":"Polygon","coordinates":[[[-77.1035397,38.715485],[-77.1034819,38.7154731],[-77.1034925,38.7154415],[-77.1035503,38.7154534],[-77.1035397,38.715485]]]}},{"type":"Feature","id":"way/707931777","properties":{"id":"way/707931777","name":null,"class":"outbuilding","building":"garage","ground_elevation_m":16.08,"height_m":4.4,"height_source":"USGS 3DEP lidar VA_NorthernVA_1_B22","height_confidence":"high","height_surveyed":true,"roof_form":"pitched","roof_spread_m":1.54,"source":"openstreetmap","source_date":"2026-09-11","confidence":"medium","surveyed":false},"geometry":{"type":"Polygon","coordinates":[[[-77.1044437,38.7154568],[-77.1044777,38.7153874],[-77.1045701,38.7154152],[-77.1045362,38.7154845],[-77.1044437,38.7154568]]]}},{"type":"Feature","id":"way/707931778","properties":{"id":"way/707931778","name":null,"class":"building","building":"yes","ground_elevation_m":28.0,"height_m":5.3,"height_source":"USGS 3DEP lidar VA_NorthernVA_1_B22","height_confidence":"high","height_surveyed":true,"roof_form":"pitched","roof_spread_m":2.63,"source":"openstreetmap","source_date":"2026-09-11","confidence":"medium","surveyed":false},"geometry":{"type":"Polygon","coordinates":[[[-77.1009628,38.7153317],[-77.100965,38.7153264],[-77.1009023,38.7153099],[-77.100932,38.7152402],[-77.1009976,38.7152574],[-77.1010091,38.7152304],[-77.1011751,38.7152739],[-77.1011424,38.7153506],[-77.1010622,38.7153296],[-77.1010514,38.7153549],[-77.1009628,38.7153317]]]}},{"type":"Feature","id":"way/707931779","properties":{"id":"way/707931779","name":null,"class":"building","building":"yes","ground_elevation_m":15.44,"height_m":5.8,"height_source":"USGS 3DEP lidar VA_NorthernVA_1_B22","height_confidence":"high","height_surveyed":true,"roof_form":"pitched","roof_spread_m":1.69,"source":"openstreetmap","source_date":"2026-09-11","confidence":"medium","surveyed":false},"geometry":{"type":"Polygon","coordinates":[[[-77.1044223,38.7152176],[-77.1045551,38.7152889],[-77.1044794,38.7153756],[-77.1044331,38.7153508],[-77.1044445,38.7153377],[-77.1043579,38.7152912],[-77.1044223,38.7152176]]]}},{"type":"Feature","id":"way/707931780","properties":{"id":"way/707931780","name":null,"class":"building","building":"yes","ground_elevation_m":27.98,"height_m":5.5,"height_source":"USGS 3DEP lidar VA_NorthernVA_1_B22","height_confidence":"high","height_surveyed":true,"roof_form":"pitched","roof_spread_m":1.76,"source":"openstreetmap","source_date":"2026-09-11","confidence":"medium","surveyed":false},"geometry":{"type":"Polygon","coordinates":[[[-77.1007856,38.715191],[-77.1007925,38.7152991],[-77.1007127,38.7153023],[-77.1007141,38.7153244],[-77.1006335,38.7153261],[-77.1006268,38.7152244],[-77.100701,38.7152204],[-77.1006994,38.7151944],[-77.1007856,38.715191]]]}},{"type":"Feature","id":"way/707931782","properties":{"id":"way/707931782","name":null,"class":"building","building":"yes","ground_elevation_m":28.19,"height_m":3.8,"height_source":"USGS 3DEP lidar VA_NorthernVA_1_B22","height_confidence":"high","height_surveyed":true,"roof_form":"flat","roof_spread_m":0.95,"source":"openstreetmap","source_date":"2026-09-11","confidence":"medium","surveyed":false},"geometry":{"type":"Polygon","coordinates":[[[-77.1015359,38.7152441],[-77.1015735,38.7151567],[-77.1016597,38.7151794],[-77.1016221,38.7152669],[-77.1015359,38.7152441]]]}},{"type":"Feature","id":"way/707931784","properties":{"id":"way/707931784","name":null,"class":"outbuilding","building":"shed","ground_elevation_m":28.23,"height_m":3.8,"height_source":"USGS 3DEP lidar VA_NorthernVA_1_B22","height_confidence":"low","height_surveyed":false,"roof_form":"flat","roof_spread_m":0.92,"source":"openstreetmap","source_date":"2026-09-11","confidence":"medium","surveyed":false},"geometry":{"type":"Polygon","coordinates":[[[-77.1016473,38.7151159],[-77.101631,38.715153],[-77.1015821,38.7151397],[-77.1015984,38.7151026],[-77.1016473,38.7151159]]]}},{"type":"Feature","id":"way/707931785","properties":{"id":"way/707931785","name":null,"class":"outbuilding","building":"shed","ground_elevation_m":27.42,"height_m":3.6,"height_source":"USGS 3DEP lidar VA_NorthernVA_1_B22","height_confidence":"low","height_surveyed":false,"roof_form":"flat","roof_spread_m":0.69,"source":"openstreetmap","source_date":"2026-09-11","confidence":"medium","surveyed":false},"geometry":{"type":"Polygon","coordinates":[[[-77.1009161,38.7151406],[-77.1009208,38.7150992],[-77.1009694,38.7151026],[-77.1009647,38.715144],[-77.1009161,38.7151406]]]}},{"type":"Feature","id":"way/707931786","properties":{"id":"way/707931786","name":null,"class":"outbuilding","building":"shed","ground_elevation_m":23.3,"height_m":4.2,"height_source":"USGS 3DEP lidar VA_NorthernVA_1_B22","height_confidence":"low","height_surveyed":false,"roof_form":"pitched","roof_spread_m":1.22,"source":"openstreetmap","source_date":"2026-09-11","confidence":"medium","surveyed":false},"geometry":{"type":"Polygon","coordinates":[[[-77.1036401,38.7156522],[-77.1036531,38.7156137],[-77.1037028,38.7156237],[-77.1036899,38.7156622],[-77.1036401,38.7156522]]]}},{"type":"Feature","id":"way/707931788","properties":{"id":"way/707931788","name":null,"class":"building","building":"yes","ground_elevation_m":27.83,"height_m":5.0,"height_source":"USGS 3DEP lidar VA_NorthernVA_1_B22","height_confidence":"high","height_surveyed":true,"roof_form":"pitched","roof_spread_m":1.85,"source":"openstreetmap","source_date":"2026-09-11","confidence":"medium","surveyed":false},"geometry":{"type":"Polygon","coordinates":[[[-77.1019818,38.7154768],[-77.1020516,38.7154939],[-77.1020713,38.7154446],[-77.1021983,38.7154757],[-77.1021709,38.7155443],[-77.10214,38.7155368],[-77.1021155,38.7155982],[-77.1020579,38.7155841],[-77.1020504,38.7156029],[-77.1019421,38.7155764],[-77.1019818,38.7154768]]]}},{"type":"Feature","id":"way/707931791","properties":{"id":"way/707931791","name":null,"class":"building","building":"yes","ground_elevation_m":26.56,"height_m":5.6,"height_source":"USGS 3DEP lidar VA_NorthernVA_1_B22","height_confidence":"high","height_surveyed":true,"roof_form":"pitched","roof_spread_m":1.83,"source":"openstreetmap","source_date":"2026-09-11","confidence":"medium","surveyed":false},"geometry":{"type":"Polygon","coordinates":[[[-77.1027752,38.7155372],[-77.1027897,38.7155091],[-77.1027749,38.7155043],[-77.1028064,38.7154422],[-77.102779,38.7154335],[-77.1028177,38.7153703],[-77.102969,38.7154209],[-77.1029212,38.7155084],[-77.1029324,38.715512],[-77.1028989,38.7155766],[-77.1027752,38.7155372]]]}},{"type":"Feature","id":"way/707931792","properties":{"id":"way/707931792","name":null,"class":"building","building":"yes","ground_elevation_m":28.03,"height_m":5.5,"height_source":"USGS 3DEP lidar VA_NorthernVA_1_B22","height_confidence":"high","height_surveyed":true,"roof_form":"pitched","roof_spread_m":2.87,"source":"openstreetmap","source_date":"2026-09-11","confidence":"medium","surveyed":false},"geometry":{"type":"Polygon","coordinates":[[[-77.0999751,38.715527],[-77.0998641,38.7153736],[-77.0999236,38.7153472],[-77.0999458,38.7153779],[-77.0999941,38.7153565],[-77.0999746,38.7153296],[-77.1000123,38.7153129],[-77.1000326,38.715341],[-77.1000374,38.7153389],[-77.1001025,38.7154368],[-77.1000351,38.7154667],[-77.1000548,38.7154939],[-77.0999751,38.715527]]]}},{"type":"Feature","id":"way/707931793","properties":{"id":"way/707931793","name":null,"class":"building","building":"yes","ground_elevation_m":28.29,"height_m":5.3,"height_source":"USGS 3DEP lidar VA_NorthernVA_1_B22","height_confidence":"high","height_surveyed":true,"roof_form":"pitched","roof_spread_m":2.01,"source":"openstreetmap","source_date":"2026-09-11","confidence":"medium","surveyed":false},"geometry":{"type":"Polygon","coordinates":[[[-77.1018349,38.7154488],[-77.101791,38.715545],[-77.1017038,38.7155205],[-77.1017129,38.7155006],[-77.1016359,38.715479],[-77.1016706,38.7154028],[-77.1018349,38.7154488]]]}},{"type":"Feature","id":"way/707931794","properties":{"id":"way/707931794","name":null,"class":"building","building":"yes","ground_elevation_m":18.01,"height_m":7.8,"height_source":"USGS 3DEP lidar VA_NorthernVA_1_B22","height_confidence":"high","height_surveyed":true,"roof_form":"pitched","roof_spread_m":3.67,"source":"openstreetmap","source_date":"2026-09-11","confidence":"medium","surveyed":false},"geometry":{"type":"Polygon","coordinates":[[[-77.104473,38.7145609],[-77.1045631,38.714554],[-77.1045864,38.7147424],[-77.1044963,38.7147493],[-77.104473,38.7145609]]]}},{"type":"Feature","id":"way/707931796","properties":{"id":"way/707931796","name":null,"class":"building","building":"yes","ground_elevation_m":24.42,"height_m":5.0,"height_source":"USGS 3DEP lidar VA_NorthernVA_1_B22","height_confidence":"high","height_surveyed":true,"roof_form":"pitched","roof_spread_m":1.68,"source":"openstreetmap","source_date":"2026-09-11","confidence":"medium","surveyed":false},"geometry":{"type":"Polygon","coordinates":[[[-77.1016428,38.7146363],[-77.1016752,38.7145589],[-77.101827,38.714598],[-77.1018385,38.7145751],[-77.1019192,38.7145959],[-77.101877,38.7146966],[-77.1016428,38.7146363]]]}},{"type":"Feature","id":"way/707931797","properties":{"id":"way/707931797","name":null,"class":"building","building":"yes","ground_elevation_m":22.55,"height_m":6.9,"height_source":"USGS 3DEP lidar VA_NorthernVA_1_B22","height_confidence":"high","height_surveyed":true,"roof_form":"pitched","roof_spread_m":2.47,"source":"openstreetmap","source_date":"2026-09-11","confidence":"medium","surveyed":false},"geometry":{"type":"Polygon","coordinates":[[[-77.1038198,38.7146623],[-77.1038796,38.7145455],[-77.1038895,38.7145487],[-77.1038941,38.7145396],[-77.1039755,38.7145652],[-77.103911,38.714691],[-77.1038198,38.7146623]]]}},{"type":"Feature","id":"way/707931799","properties":{"id":"way/707931799","name":null,"class":"building","building":"yes","ground_elevation_m":26.31,"height_m":5.5,"height_source":"USGS 3DEP lidar VA_NorthernVA_1_B22","height_confidence":"high","height_surveyed":true,"roof_form":"pitched","roof_spread_m":2.34,"source":"openstreetmap","source_date":"2026-09-11","confidence":"medium","surveyed":false},"geometry":{"type":"Polygon","coordinates":[[[-77.1010031,38.7145991],[-77.1009643,38.7146177],[-77.1009446,38.7145923],[-77.1009821,38.7145744],[-77.1009714,38.7145606],[-77.1010481,38.7145239],[-77.1010625,38.7145424],[-77.1011333,38.7145086],[-77.1011872,38.7145779],[-77.1010385,38.7146446],[-77.1010031,38.7145991]]]}},{"type":"Feature","id":"way/707931800","properties":{"id":"way/707931800","name":null,"class":"building","building":"yes","ground_elevation_m":25.64,"height_m":5.4,"height_source":"USGS 3DEP lidar VA_NorthernVA_1_B22","height_confidence":"high","height_surveyed":true,"roof_form":"pitched","roof_spread_m":1.95,"source":"openstreetmap","source_date":"2026-09-11","confidence":"medium","surveyed":false},"geometry":{"type":"Polygon","coordinates":[[[-77.1013789,38.7144857],[-77.1014638,38.7145035],[-77.1014721,38.7144817],[-77.1015577,38.7145025],[-77.1015195,38.714601],[-77.101451,38.7145847],[-77.1014416,38.7146095],[-77.1013991,38.7145996],[-77.1013812,38.7146469],[-77.1013229,38.7146333],[-77.1013789,38.7144857]]]}},{"type":"Feature","id":"way/707931801","properties":{"id":"way/707931801","name":null,"class":"building","building":"yes","ground_elevation_m":24.42,"height_m":7.4,"height_source":"USGS 3DEP lidar VA_NorthernVA_1_B22","height_confidence":"high","height_surveyed":true,"roof_form":"pitched","roof_spread_m":3.93,"source":"openstreetmap","source_date":"2026-09-11","confidence":"medium","surveyed":false},"geometry":{"type":"Polygon","coordinates":[[[-77.1036924,38.7144836],[-77.1037588,38.714507],[-77.1037472,38.7145272],[-77.1037811,38.7145391],[-77.103725,38.7146369],[-77.1036247,38.7146016],[-77.1036924,38.7144836]]]}},{"type":"Feature","id":"way/707931803","properties":{"id":"way/707931803","name":null,"class":"building","building":"yes","ground_elevation_m":19.38,"height_m":4.9,"height_source":"USGS 3DEP lidar VA_NorthernVA_1_B22","height_confidence":"high","height_surveyed":true,"roof_form":"pitched","roof_spread_m":1.64,"source":"openstreetmap","source_date":"2026-09-11","confidence":"medium","surveyed":false},"geometry":{"type":"Polygon","coordinates":[[[-77.1033734,38.7149703],[-77.1034282,38.7149902],[-77.1034386,38.7149738],[-77.1035803,38.7150253],[-77.1035741,38.7150348],[-77.1035792,38.7150363],[-77.1035296,38.7151153],[-77.1034448,38.7150853],[-77.1034341,38.7151036],[-77.103388,38.7150875],[-77.1033984,38.7150696],[-77.1033856,38.7150649],[-77.1033892,38.7150588],[-77.1033331,38.7150384],[-77.1033734,38.7149703]]]}},{"type":"Feature","id":"way/707931807","properties":{"id":"way/707931807","name":null,"class":"building","building":"yes","ground_elevation_m":24.38,"height_m":5.1,"height_source":"USGS 3DEP lidar VA_NorthernVA_1_B22","height_confidence":"high","height_surveyed":true,"roof_form":"pitched","roof_spread_m":2.19,"source":"openstreetmap","source_date":"2026-09-11","confidence":"medium","surveyed":false},"geometry":{"type":"Polygon","coordinates":[[[-77.1020901,38.7147979],[-77.1021068,38.7147577],[-77.102001,38.7147277],[-77.1020412,38.7146298],[-77.1021255,38.7146511],[-77.1021166,38.7146728],[-77.1021973,38.7146932],[-77.1021773,38.714742],[-77.1022016,38.7147481],[-77.1021921,38.714771],[-77.1021685,38.714765],[-77.1021487,38.7148129],[-77.1020901,38.7147979]]]}},{"type":"Feature","id":"way/707931808","properties":{"id":"way/707931808","name":null,"class":"building","building":"yes","ground_elevation_m":17.97,"height_m":7.5,"height_source":"USGS 3DEP lidar VA_NorthernVA_1_B22","height_confidence":"high","height_surveyed":true,"roof_form":"pitched","roof_spread_m":4.1,"source":"openstreetmap","source_date":"2026-09-11","confidence":"medium","surveyed":false},"geometry":{"type":"Polygon","coordinates":[[[-77.1047691,38.7148029],[-77.1047726,38.7147881],[-77.1047039,38.7147782],[-77.1047271,38.7146787],[-77.1048149,38.7146912],[-77.1048068,38.7147258],[-77.1049082,38.7147403],[-77.1048896,38.7148202],[-77.1047691,38.7148029]]]}},{"type":"Feature","id":"way/707931810","properties":{"id":"way/707931810","name":null,"class":"building","building":"yes","ground_elevation_m":27.57,"height_m":5.6,"height_source":"USGS 3DEP lidar VA_NorthernVA_1_B22","height_confidence":"high","height_surveyed":true,"roof_form":"pitched","roof_spread_m":2.29,"source":"openstreetmap","source_date":"2026-09-11","confidence":"medium","surveyed":false},"geometry":{"type":"Polygon","coordinates":[[[-77.1013665,38.7159873],[-77.1013581,38.7158851],[-77.1014448,38.7158807],[-77.1014458,38.7158929],[-77.1015284,38.7158887],[-77.1015359,38.7159787],[-77.1013665,38.7159873]]]}},{"type":"Feature","id":"way/707931811","properties":{"id":"way/707931811","name":null,"class":"building","building":"yes","ground_elevation_m":16.77,"height_m":5.7,"height_source":"USGS 3DEP lidar VA_NorthernVA_1_B22","height_confidence":"high","height_surveyed":true,"roof_form":"pitched","roof_spread_m":2.75,"source":"openstreetmap","source_date":"2026-09-11","confidence":"medium","surveyed":false},"geometry":{"type":"Polygon","coordinates":[[[-77.104039,38.7152135],[-77.1041103,38.7151438],[-77.1042366,38.7152232],[-77.1041653,38.7152929],[-77.104039,38.7152135]]]}},{"type":"Feature","id":"way/707931812","properties":{"id":"way/707931812","name":null,"class":"building","building":"yes","ground_elevation_m":26.9,"height_m":5.6,"height_source":"USGS 3DEP lidar VA_NorthernVA_1_B22","height_confidence":"high","height_surveyed":true,"roof_form":"pitched","roof_spread_m":2.15,"source":"openstreetmap","source_date":"2026-09-11","confidence":"medium","surveyed":false},"geometry":{"type":"Polygon","coordinates":[[[-77.1023858,38.71512],[-77.1023819,38.71512],[-77.1023823,38.7151842],[-77.1022758,38.7151846],[-77.1022755,38.7151203],[-77.1022255,38.7151204],[-77.1022252,38.7150737],[-77.102279,38.7150735],[-77.1022785,38.7149808],[-77.1024152,38.7149804],[-77.1024156,38.7150542],[-77.1023854,38.7150543],[-77.1023858,38.71512]]]}},{"type":"Feature","id":"way/707931813","properties":{"id":"way/707931813","name":null,"class":"building","building":"yes","ground_elevation_m":16.41,"height_m":8.2,"height_source":"USGS 3DEP lidar VA_NorthernVA_1_B22","height_confidence":"high","height_surveyed":true,"roof_form":"pitched","roof_spread_m":4.21,"source":"openstreetmap","source_date":"2026-09-11","confidence":"medium","surveyed":false},"geometry":{"type":"Polygon","coordinates":[[[-77.1051634,38.7146914],[-77.105232,38.7147398],[-77.1050685,38.7148819],[-77.1049999,38.7148334],[-77.1051634,38.7146914]]]}},{"type":"Feature","id":"way/707931814","properties":{"id":"way/707931814","name":null,"class":"building","building":"yes","ground_elevation_m":27.62,"height_m":6.1,"height_source":"USGS 3DEP lidar VA_NorthernVA_1_B22","height_confidence":"high","height_surveyed":true,"roof_form":"pitched","roof_spread_m":1.75,"source":"openstreetmap","source_date":"2026-09-11","confidence":"medium","surveyed":false},"geometry":{"type":"Polygon","coordinates":[[[-77.1003919,38.7136437],[-77.1004864,38.7136692],[-77.1004083,38.7138468],[-77.1003137,38.7138213],[-77.1003919,38.7136437]]]}},{"type":"Feature","id":"way/707931815","properties":{"id":"way/707931815","name":null,"class":"building","building":"yes","ground_elevation_m":25.39,"height_m":7.2,"height_source":"USGS 3DEP lidar VA_NorthernVA_1_B22","height_confidence":"high","height_surveyed":true,"roof_form":"pitched","roof_spread_m":2.87,"source":"openstreetmap","source_date":"2026-09-11","confidence":"medium","surveyed":false},"geometry":{"type":"Polygon","coordinates":[[[-77.1040939,38.7136696],[-77.1041314,38.71356],[-77.1043018,38.7135958],[-77.1042732,38.7136794],[-77.1041796,38.7136597],[-77.1041708,38.7136858],[-77.1040939,38.7136696]]]}},{"type":"Feature","id":"way/707931816","properties":{"id":"way/707931816","name":null,"class":"building","building":"yes","ground_elevation_m":27.47,"height_m":7.9,"height_source":"USGS 3DEP lidar VA_NorthernVA_1_B22","height_confidence":"high","height_surveyed":true,"roof_form":"pitched","roof_spread_m":3.95,"source":"openstreetmap","source_date":"2026-09-11","confidence":"medium","surveyed":false},"geometry":{"type":"Polygon","coordinates":[[[-77.1029959,38.7136245],[-77.103071,38.7135214],[-77.1030335,38.7135046],[-77.1030598,38.7134686],[-77.1030964,38.7134849],[-77.1031195,38.7134532],[-77.1032114,38.7134943],[-77.1031434,38.7135875],[-77.1031585,38.7135942],[-77.1031019,38.7136719],[-77.1029959,38.7136245]]]}},{"type":"Feature","id":"way/707931818","properties":{"id":"way/707931818","name":null,"class":"building","building":"yes","ground_elevation_m":22.68,"height_m":8.7,"height_source":"USGS 3DEP lidar VA_NorthernVA_1_B22","height_confidence":"high","height_surveyed":true,"roof_form":"pitched","roof_spread_m":3.83,"source":"openstreetmap","source_date":"2026-09-11","confidence":"medium","surveyed":false},"geometry":{"type":"Polygon","coordinates":[[[-77.104762,38.7143984],[-77.1046667,38.714374],[-77.104721,38.7142438],[-77.1048163,38.7142682],[-77.104762,38.7143984]]]}},{"type":"Feature","id":"way/707931819","properties":{"id":"way/707931819","name":null,"class":"building","building":"yes","ground_elevation_m":27.92,"height_m":7.6,"height_source":"USGS 3DEP lidar VA_NorthernVA_1_B22","height_confidence":"high","height_surveyed":true,"roof_form":"pitched","roof_spread_m":2.51,"source":"openstreetmap","source_date":"2026-09-11","confidence":"medium","surveyed":false},"geometry":{"type":"Polygon","coordinates":[[[-77.1030663,38.7143005],[-77.103105,38.7142261],[-77.1031751,38.7142484],[-77.1031842,38.7142309],[-77.1032855,38.7142632],[-77.1032749,38.7142836],[-77.1033404,38.7143045],[-77.1033031,38.7143762],[-77.1030663,38.7143005]]]}},{"type":"Feature","id":"way/707931820","properties":{"id":"way/707931820","name":null,"class":"building","building":"yes","ground_elevation_m":25.58,"height_m":6.9,"height_source":"USGS 3DEP lidar VA_NorthernVA_1_B22","height_confidence":"high","height_surveyed":true,"roof_form":"pitched","roof_spread_m":3.59,"source":"openstreetmap","source_date":"2026-09-11","confidence":"medium","surveyed":false},"geometry":{"type":"Polygon","coordinates":[[[-77.1025744,38.7143141],[-77.1025832,38.714293],[-77.102534,38.7142804],[-77.1025649,38.7142061],[-77.1027393,38.7142507],[-77.1027273,38.7142796],[-77.1027636,38.7142889],[-77.102736,38.7143553],[-77.1025744,38.7143141]]]}},{"type":"Feature","id":"way/707931821","properties":{"id":"way/707931821","name":null,"class":"outbuilding","building":"shed","ground_elevation_m":22.68,"height_m":9.5,"height_source":"USGS 3DEP lidar VA_NorthernVA_1_B22","height_confidence":"low","height_surveyed":false,"roof_form":"flat","roof_spread_m":0.76,"source":"openstreetmap","source_date":"2026-09-11","confidence":"medium","surveyed":false},"geometry":{"type":"Polygon","coordinates":[[[-77.1039398,38.7143501],[-77.1039588,38.7142932],[-77.1040366,38.7143092],[-77.1040176,38.714366],[-77.1039398,38.7143501]]]}},{"type":"Feature","id":"way/707931822","properties":{"id":"way/707931822","name":null,"class":"building","building":"yes","ground_elevation_m":23.86,"height_m":6.1,"height_source":"USGS 3DEP lidar VA_NorthernVA_1_B22","height_confidence":"high","height_surveyed":true,"roof_form":"pitched","roof_spread_m":2.63,"source":"openstreetmap","source_date":"2026-09-11","confidence":"medium","surveyed":false},"geometry":{"type":"Polygon","coordinates":[[[-77.1021078,38.7142294],[-77.1021341,38.7141545],[-77.1023449,38.7142],[-77.1023421,38.7142079],[-77.1024212,38.7142249],[-77.1023999,38.7142857],[-77.1023177,38.714268],[-77.1023156,38.7142742],[-77.1021078,38.7142294]]]}},{"type":"Feature","id":"way/707931823","properties":{"id":"way/707931823","name":null,"class":"building","building":"yes","ground_elevation_m":23.27,"height_m":8.0,"height_source":"USGS 3DEP lidar VA_NorthernVA_1_B22","height_confidence":"high","height_surveyed":true,"roof_form":"pitched","roof_spread_m":3.91,"source":"openstreetmap","source_date":"2026-09-11","confidence":"medium","surveyed":false},"geometry":{"type":"Polygon","coordinates":[[[-77.1043163,38.7142289],[-77.1043446,38.7141596],[-77.1045702,38.7142162],[-77.1045418,38.7142856],[-77.1043163,38.7142289]]]}},{"type":"Feature","id":"way/707931826","properties":{"id":"way/707931826","name":null,"class":"outbuilding","building":"shed","ground_elevation_m":26.96,"height_m":2.9,"height_source":"USGS 3DEP lidar VA_NorthernVA_1_B22","height_confidence":"low","height_surveyed":false,"roof_form":"flat","roof_spread_m":0.51,"source":"openstreetmap","source_date":"2026-09-11","confidence":"medium","surveyed":false},"geometry":{"type":"Polygon","coordinates":[[[-77.1004144,38.7133583],[-77.1004672,38.7133772],[-77.1004447,38.7134116],[-77.100394,38.7133935],[-77.1004144,38.7133583]]]}},{"type":"Feature","id":"way/707931829","properties":{"id":"way/707931829","name":null,"class":"building","building":"yes","ground_elevation_m":27.09,"height_m":5.8,"height_source":"USGS 3DEP lidar VA_NorthernVA_1_B22","height_confidence":"high","height_surveyed":true,"roof_form":"pitched","roof_spread_m":1.79,"source":"openstreetmap","source_date":"2026-09-11","confidence":"medium","surveyed":false},"geometry":{"type":"Polygon","coordinates":[[[-77.1010851,38.7132111],[-77.1012131,38.7131778],[-77.1012757,38.7133255],[-77.1011477,38.7133587],[-77.1010851,38.7132111]]]}},{"type":"Feature","id":"way/707931830","properties":{"id":"way/707931830","name":null,"class":"building","building":"yes","ground_elevation_m":24.1,"height_m":7.2,"height_source":"USGS 3DEP lidar VA_NorthernVA_1_B22","height_confidence":"high","height_surveyed":true,"roof_form":"pitched","roof_spread_m":3.85,"source":"openstreetmap","source_date":"2026-09-11","confidence":"medium","surveyed":false},"geometry":{"type":"Polygon","coordinates":[[[-77.1047727,38.7132506],[-77.1047577,38.7132688],[-77.1048531,38.7133174],[-77.1047891,38.7133947],[-77.1046888,38.7133437],[-77.1046583,38.7133805],[-77.1046151,38.7133585],[-77.1046525,38.7133133],[-77.1046328,38.7133033],[-77.104705,38.7132162],[-77.1047727,38.7132506]]]}},{"type":"Feature","id":"way/707931831","properties":{"id":"way/707931831","name":null,"class":"building","building":"yes","ground_elevation_m":26.02,"height_m":6.9,"height_source":"USGS 3DEP lidar VA_NorthernVA_1_B22","height_confidence":"high","height_surveyed":true,"roof_form":"pitched","roof_spread_m":3.17,"source":"openstreetmap","source_date":"2026-09-11","confidence":"medium","surveyed":false},"geometry":{"type":"Polygon","coordinates":[[[-77.1026819,38.71322],[-77.1026963,38.7132264],[-77.1026995,38.7132427],[-77.1027292,38.7132425],[-77.102727,38.7132654],[-77.102737,38.7132639],[-77.102749,38.7133012],[-77.1027683,38.7132994],[-77.1027729,38.7133244],[-77.1027857,38.7133235],[-77.1027877,38.7133422],[-77.1026187,38.7133606],[-77.1025978,38.7133543],[-77.1025944,38.713336],[-77.1026078,38.7133289],[-77.1026079,38.7133255],[-77.102596,38.7132565],[-77.1026511,38.7132503],[-77.102648,38.7132351],[-77.1026607,38.7132226],[-77.1026819,38.71322]]]}},{"type":"Feature","id":"way/707931832","properties":{"id":"way/707931832","name":null,"class":"building","building":"yes","ground_elevation_m":25.29,"height_m":8.8,"height_source":"USGS 3DEP lidar VA_NorthernVA_1_B22","height_confidence":"high","height_surveyed":true,"roof_form":"pitched","roof_spread_m":4.81,"source":"openstreetmap","source_date":"2026-09-11","confidence":"medium","surveyed":false},"geometry":{"type":"Polygon","coordinates":[[[-77.1031928,38.7132697],[-77.1033605,38.7131605],[-77.1034824,38.7132753],[-77.103412,38.7133212],[-77.1034038,38.7133134],[-77.1033243,38.7133652],[-77.1032862,38.7133294],[-77.1032685,38.713341],[-77.1031928,38.7132697]]]}},{"type":"Feature","id":"way/707931834","properties":{"id":"way/707931834","name":null,"class":"building","building":"yes","ground_elevation_m":25.76,"height_m":5.5,"height_source":"USGS 3DEP lidar VA_NorthernVA_1_B22","height_confidence":"high","height_surveyed":true,"roof_form":"pitched","roof_spread_m":1.56,"source":"openstreetmap","source_date":"2026-09-11","confidence":"medium","surveyed":false},"geometry":{"type":"Polygon","coordinates":[[[-77.1008329,38.7136219],[-77.1007354,38.7135651],[-77.1008379,38.7134495],[-77.1009402,38.7135052],[-77.1009021,38.7135483],[-77.1009081,38.7135515],[-77.100884,38.7135786],[-77.1008775,38.7135751],[-77.1008329,38.7136219]]]}},{"type":"Feature","id":"way/707931836","properties":{"id":"way/707931836","name":null,"class":"building","building":"yes","ground_elevation_m":25.81,"height_m":8.0,"height_source":"USGS 3DEP lidar VA_NorthernVA_1_B22","height_confidence":"high","height_surveyed":true,"roof_form":"pitched","roof_spread_m":4.18,"source":"openstreetmap","source_date":"2026-09-11","confidence":"medium","surveyed":false},"geometry":{"type":"Polygon","coordinates":[[[-77.1036303,38.7135286],[-77.1036724,38.713461],[-77.1036871,38.7134667],[-77.1036955,38.7134533],[-77.1037564,38.7134767],[-77.1037665,38.7134604],[-77.1039479,38.7135299],[-77.1038873,38.713627],[-77.1036303,38.7135286]]]}},{"type":"Feature","id":"way/707931839","properties":{"id":"way/707931839","name":null,"class":"outbuilding","building":"shed","ground_elevation_m":26.73,"height_m":2.9,"height_source":"USGS 3DEP lidar VA_NorthernVA_1_B22","height_confidence":"low","height_surveyed":false,"roof_form":"flat","roof_spread_m":0.46,"source":"openstreetmap","source_date":"2026-09-11","confidence":"medium","surveyed":false},"geometry":{"type":"Polygon","coordinates":[[[-77.1005476,38.7134009],[-77.1005872,38.7134121],[-77.1005677,38.7134545],[-77.1005285,38.7134423],[-77.1005476,38.7134009]]]}},{"type":"Feature","id":"way/707931840","properties":{"id":"way/707931840","name":null,"class":"outbuilding","building":"shed","ground_elevation_m":24.11,"height_m":2.4,"height_source":"USGS 3DEP lidar VA_NorthernVA_1_B22","height_confidence":"low","height_surveyed":false,"roof_form":"flat","roof_spread_m":0.4,"source":"openstreetmap","source_date":"2026-09-11","confidence":"medium","surveyed":false},"geometry":{"type":"Polygon","coordinates":[[[-77.1045118,38.7134407],[-77.1044739,38.7134971],[-77.1044334,38.7134804],[-77.1044713,38.713424],[-77.1045118,38.7134407]]]}},{"type":"Feature","id":"way/707931841","properties":{"id":"way/707931841","name":null,"class":"building","building":"yes","ground_elevation_m":24.02,"height_m":7.9,"height_source":"USGS 3DEP lidar VA_NorthernVA_1_B22","height_confidence":"high","height_surveyed":true,"roof_form":"pitched","roof_spread_m":4.26,"source":"openstreetmap","source_date":"2026-09-11","confidence":"medium","surveyed":false},"geometry":{"type":"Polygon","coordinates":[[[-77.1049276,38.7134246],[-77.1049663,38.7133502],[-77.105078,38.7133858],[-77.1050906,38.7133617],[-77.1051612,38.7133842],[-77.1051099,38.7134828],[-77.1049276,38.7134246]]]}},{"type":"Feature","id":"way/707931842","properties":{"id":"way/707931842","name":null,"class":"building","building":"yes","ground_elevation_m":18.31,"height_m":9.5,"height_source":"USGS 3DEP lidar VA_NorthernVA_1_B22","height_confidence":"high","height_surveyed":true,"roof_form":"pitched","roof_spread_m":2.83,"source":"openstreetmap","source_date":"2026-09-11","confidence":"medium","surveyed":false},"geometry":{"type":"Polygon","coordinates":[[[-77.1046021,38.7199129],[-77.1046232,38.7198294],[-77.1046389,38.719832],[-77.1046542,38.7197753],[-77.1047532,38.7197916],[-77.1047574,38.7197757],[-77.1048284,38.7197874],[-77.1048238,38.7198044],[-77.1048557,38.7198097],[-77.1048542,38.7198153],[-77.1048678,38.7198176],[-77.1048421,38.7199132],[-77.1047982,38.7199059],[-77.104792,38.7199287],[-77.1047321,38.7199188],[-77.1047383,38.7198956],[-77.1047059,38.7198902],[-77.1046957,38.7199284],[-77.1046021,38.7199129]]]}},{"type":"Feature","id":"way/707931844","properties":{"id":"way/707931844","name":null,"class":"building","building":"yes","ground_elevation_m":21.2,"height_m":5.8,"height_source":"USGS 3DEP lidar VA_NorthernVA_1_B22","height_confidence":"high","height_surveyed":true,"roof_form":"pitched","roof_spread_m":2.37,"source":"openstreetmap","source_date":"2026-09-11","confidence":"medium","surveyed":false},"geometry":{"type":"Polygon","coordinates":[[[-77.1015907,38.7171645],[-77.1015881,38.7171715],[-77.1016837,38.7171913],[-77.1016545,38.7172773],[-77.1015567,38.7172571],[-77.1015484,38.7172825],[-77.1015408,38.7172911],[-77.1015297,38.7172945],[-77.1015093,38.7172938],[-77.1015021,38.7172899],[-77.1014955,38.7172765],[-77.1015074,38.7172426],[-77.1014175,38.7172249],[-77.1014553,38.7171334],[-77.1015907,38.7171645]]]}},{"type":"Feature","id":"way/707931845","properties":{"id":"way/707931845","name":null,"class":"building","building":"yes","ground_elevation_m":24.24,"height_m":5.8,"height_source":"USGS 3DEP lidar VA_NorthernVA_1_B22","height_confidence":"high","height_surveyed":true,"roof_form":"pitched","roof_spread_m":2.17,"source":"openstreetmap","source_date":"2026-09-11","confidence":"medium","surveyed":false},"geometry":{"type":"Polygon","coordinates":[[[-77.1045782,38.7174077],[-77.1046096,38.7174311],[-77.1046603,38.7173893],[-77.1046658,38.7173934],[-77.1046809,38.717381],[-77.1047109,38.7174033],[-77.1046996,38.7174127],[-77.1047593,38.7174571],[-77.1046985,38.7175072],[-77.1046776,38.7174917],[-77.1045687,38.7175814],[-77.1045094,38.7175373],[-77.1045355,38.7175158],[-77.1044869,38.7174796],[-77.1045782,38.7174077]]]}},{"type":"Feature","id":"way/707931846","properties":{"id":"way/707931846","name":null,"class":"building","building":"yes","ground_elevation_m":22.66,"height_m":5.9,"height_source":"USGS 3DEP lidar VA_NorthernVA_1_B22","height_confidence":"high","height_surveyed":true,"roof_form":"pitched","roof_spread_m":2.42,"source":"openstreetmap","source_date":"2026-09-11","confidence":"medium","surveyed":false},"geometry":{"type":"Polygon","coordinates":[[[-77.1048697,38.7173464],[-77.1050019,38.7173191],[-77.1050452,38.7174477],[-77.104913,38.717475],[-77.1048697,38.7173464]]]}},{"type":"Feature","id":"way/707931847","properties":{"id":"way/707931847","name":null,"class":"building","building":"yes","ground_elevation_m":19.25,"height_m":5.9,"height_source":"USGS 3DEP lidar VA_NorthernVA_1_B22","height_confidence":"high","height_surveyed":true,"roof_form":"pitched","roof_spread_m":2.34,"source":"openstreetmap","source_date":"2026-09-11","confidence":"medium","surveyed":false},"geometry":{"type":"Polygon","coordinates":[[[-77.1017751,38.7174062],[-77.1017772,38.7173928],[-77.1017423,38.7173893],[-77.1017528,38.7173255],[-77.101869,38.7173373],[-77.1018733,38.7173113],[-77.1019654,38.7173207],[-77.1019483,38.7174238],[-77.1017751,38.7174062]]]}},{"type":"Feature","id":"way/707931851","properties":{"id":"way/707931851","name":null,"class":"building","building":"yes","ground_elevation_m":25.29,"height_m":5.7,"height_source":"USGS 3DEP lidar VA_NorthernVA_1_B22","height_confidence":"high","height_surveyed":true,"roof_form":"pitched","roof_spread_m":2.19,"source":"openstreetmap","source_date":"2026-09-11","confidence":"medium","surveyed":false},"geometry":{"type":"Polygon","coordinates":[[[-77.1008585,38.7171128],[-77.1008588,38.7171012],[-77.1008272,38.7171008],[-77.1008287,38.7170337],[-77.1009463,38.7170353],[-77.1009468,38.7170105],[-77.1010342,38.7170116],[-77.1010319,38.7171152],[-77.1008585,38.7171128]]]}},{"type":"Feature","id":"way/707931852","properties":{"id":"way/707931852","name":null,"class":"outbuilding","building":"shed","ground_elevation_m":26.79,"height_m":null,"height_source":null,"height_confidence":null,"height_surveyed":null,"roof_form":null,"roof_spread_m":null,"source":"openstreetmap","source_date":"2026-09-11","confidence":"medium","surveyed":false},"geometry":{"type":"Polygon","coordinates":[[[-77.1009217,38.7189317],[-77.1009717,38.7189398],[-77.1009628,38.7189733],[-77.1009128,38.7189652],[-77.1009217,38.7189317]]]}},{"type":"Feature","id":"way/707931853","properties":{"id":"way/707931853","name":null,"class":"outbuilding","building":"shed","ground_elevation_m":26.54,"height_m":2.7,"height_source":"USGS 3DEP lidar VA_NorthernVA_1_B22","height_confidence":"low","height_surveyed":false,"roof_form":"flat","roof_spread_m":0.64,"source":"openstreetmap","source_date":"2026-09-11","confidence":"medium","surveyed":false},"geometry":{"type":"Polygon","coordinates":[[[-77.1032553,38.7189326],[-77.1032798,38.718959],[-77.1032245,38.7189903],[-77.1031969,38.7189657],[-77.1032553,38.7189326]]]}},{"type":"Feature","id":"way/707931854","properties":{"id":"way/707931854","name":null,"class":"outbuilding","building":"shed","ground_elevation_m":21.19,"height_m":3.3,"height_source":"USGS 3DEP lidar VA_NorthernVA_1_B22","height_confidence":"low","height_surveyed":false,"roof_form":"pitched","roof_spread_m":1.57,"source":"openstreetmap","source_date":"2026-09-11","confidence":"medium","surveyed":false},"geometry":{"type":"Polygon","coordinates":[[[-77.1042212,38.7185878],[-77.1042451,38.7186346],[-77.1042095,38.7186458],[-77.1041856,38.718599],[-77.1042212,38.7185878]]]}},{"type":"Feature","id":"way/707931856","properties":{"id":"way/707931856","name":null,"class":"building","building":"yes","ground_elevation_m":22.69,"height_m":5.8,"height_source":"USGS 3DEP lidar VA_NorthernVA_1_B22","height_confidence":"high","height_surveyed":true,"roof_form":"pitched","roof_spread_m":2.32,"source":"openstreetmap","source_date":"2026-09-11","confidence":"medium","surveyed":false},"geometry":{"type":"Polygon","coordinates":[[[-77.10068,38.7185079],[-77.1007583,38.7184505],[-77.1007392,38.7184345],[-77.1008065,38.7183852],[-77.1008401,38.7184132],[-77.1008567,38.718401],[-77.1009553,38.7184835],[-77.1008696,38.7185464],[-77.1008525,38.7185321],[-77.1008213,38.718555],[-77.1007997,38.7185369],[-77.1007613,38.7185651],[-77.1007399,38.7185471],[-77.100733,38.7185523],[-77.10068,38.7185079]]]}},{"type":"Feature","id":"way/707931857","properties":{"id":"way/707931857","name":null,"class":"building","building":"yes","ground_elevation_m":24.71,"height_m":5.5,"height_source":"USGS 3DEP lidar VA_NorthernVA_1_B22","height_confidence":"high","height_surveyed":true,"roof_form":"pitched","roof_spread_m":2.24,"source":"openstreetmap","source_date":"2026-09-11","confidence":"medium","surveyed":false},"geometry":{"type":"Polygon","coordinates":[[[-77.1041571,38.718268],[-77.1041922,38.7182648],[-77.1041913,38.7182589],[-77.1042727,38.7182514],[-77.1042691,38.7182271],[-77.1043589,38.7182189],[-77.10437,38.7182937],[-77.1043885,38.718292],[-77.1043921,38.7183163],[-77.1043046,38.7183271],[-77.1043099,38.7183626],[-77.1042116,38.7183716],[-77.1042066,38.718338],[-77.104168,38.7183415],[-77.1041571,38.718268]]]}},{"type":"Feature","id":"way/707931860","properties":{"id":"way/707931860","name":null,"class":"building","building":"yes","ground_elevation_m":25.16,"height_m":5.9,"height_source":"USGS 3DEP lidar VA_NorthernVA_1_B22","height_confidence":"high","height_surveyed":true,"roof_form":"pitched","roof_spread_m":2.46,"source":"openstreetmap","source_date":"2026-09-11","confidence":"medium","surveyed":false},"geometry":{"type":"Polygon","coordinates":[[[-77.1046509,38.718082],[-77.1047297,38.718206],[-77.1046025,38.7182556],[-77.1045237,38.7181316],[-77.1046509,38.718082]]]}},{"type":"Feature","id":"way/707931862","properties":{"id":"way/707931862","name":null,"class":"building","building":"yes","ground_elevation_m":25.55,"height_m":5.6,"height_source":"USGS 3DEP lidar VA_NorthernVA_1_B22","height_confidence":"high","height_surveyed":true,"roof_form":"pitched","roof_spread_m":2.53,"source":"openstreetmap","source_date":"2026-09-11","confidence":"medium","surveyed":false},"geometry":{"type":"Polygon","coordinates":[[[-77.1002886,38.7159062],[-77.1003917,38.716004],[-77.1003019,38.7160621],[-77.1001988,38.7159643],[-77.1002886,38.7159062]]]}},{"type":"Feature","id":"way/707931863","properties":{"id":"way/707931863","name":null,"class":"building","building":"yes","ground_elevation_m":17.99,"height_m":5.6,"height_source":"USGS 3DEP lidar VA_NorthernVA_1_B22","height_confidence":"high","height_surveyed":true,"roof_form":"pitched","roof_spread_m":2.6,"source":"openstreetmap","source_date":"2026-09-11","confidence":"medium","surveyed":false},"geometry":{"type":"Polygon","coordinates":[[[-77.1039693,38.7160171],[-77.1040034,38.715954],[-77.1040385,38.7159656],[-77.1040591,38.7159276],[-77.1041429,38.7159553],[-77.1041278,38.7159832],[-77.1042004,38.7160073],[-77.1041487,38.716103],[-77.1040682,38.7160763],[-77.1040803,38.716054],[-77.1039693,38.7160171]]]}},{"type":"Feature","id":"way/707931864","properties":{"id":"way/707931864","name":null,"class":"building","building":"yes","ground_elevation_m":23.61,"height_m":6.7,"height_source":"USGS 3DEP lidar VA_NorthernVA_1_B22","height_confidence":"high","height_surveyed":true,"roof_form":"pitched","roof_spread_m":1.38,"source":"openstreetmap","source_date":"2026-09-11","confidence":"medium","surveyed":false},"geometry":{"type":"Polygon","coordinates":[[[-77.1036059,38.7158853],[-77.1036585,38.7158986],[-77.1036452,38.7159311],[-77.1036761,38.7159389],[-77.1036729,38.7159466],[-77.1037415,38.7159639],[-77.1037084,38.7160429],[-77.1035568,38.7160047],[-77.1036059,38.7158853]]]}},{"type":"Feature","id":"way/707931865","properties":{"id":"way/707931865","name":null,"class":"building","building":"yes","ground_elevation_m":22.39,"height_m":5.4,"height_source":"USGS 3DEP lidar VA_NorthernVA_1_B22","height_confidence":"high","height_surveyed":true,"roof_form":"pitched","roof_spread_m":1.42,"source":"openstreetmap","source_date":"2026-09-11","confidence":"medium","surveyed":false},"geometry":{"type":"Polygon","coordinates":[[[-77.1033149,38.7158513],[-77.1034628,38.7158891],[-77.1034273,38.7159706],[-77.1032803,38.7159319],[-77.1033149,38.7158513]]]}},{"type":"Feature","id":"way/707931866","properties":{"id":"way/707931866","name":null,"class":"building","building":"yes","ground_elevation_m":17.72,"height_m":5.5,"height_source":"USGS 3DEP lidar VA_NorthernVA_1_B22","height_confidence":"high","height_surveyed":true,"roof_form":"pitched","roof_spread_m":2.55,"source":"openstreetmap","source_date":"2026-09-11","confidence":"medium","surveyed":false},"geometry":{"type":"Polygon","coordinates":[[[-77.1024664,38.7168738],[-77.1025261,38.7168231],[-77.102581,38.7168628],[-77.1025932,38.7168525],[-77.1026271,38.7168771],[-77.102639,38.716867],[-77.1026764,38.716894],[-77.1026624,38.7169059],[-77.1027184,38.7169465],[-77.1027056,38.7169573],[-77.1027499,38.7169893],[-77.1026746,38.7170533],[-77.1025645,38.7169736],[-77.1025829,38.716958],[-77.1024664,38.7168738]]]}},{"type":"Feature","id":"way/707931870","properties":{"id":"way/707931870","name":null,"class":"building","building":"yes","ground_elevation_m":25.2,"height_m":5.7,"height_source":"USGS 3DEP lidar VA_NorthernVA_1_B22","height_confidence":"high","height_surveyed":true,"roof_form":"pitched","roof_spread_m":2.4,"source":"openstreetmap","source_date":"2026-09-11","confidence":"medium","surveyed":false},"geometry":{"type":"Polygon","coordinates":[[[-77.1007181,38.7164366],[-77.1008849,38.7164249],[-77.1008967,38.7165287],[-77.10073,38.7165405],[-77.1007181,38.7164366]]]}},{"type":"Feature","id":"way/707931872","properties":{"id":"way/707931872","name":null,"class":"building","building":"yes","ground_elevation_m":18.12,"height_m":4.6,"height_source":"USGS 3DEP lidar VA_NorthernVA_1_B22","height_confidence":"high","height_surveyed":true,"roof_form":"pitched","roof_spread_m":1.59,"source":"openstreetmap","source_date":"2026-09-11","confidence":"medium","surveyed":false},"geometry":{"type":"Polygon","coordinates":[[[-77.1032701,38.7165105],[-77.1032364,38.71642],[-77.1033867,38.7163857],[-77.1034203,38.7164763],[-77.1032701,38.7165105]]]}},{"type":"Feature","id":"way/707931873","properties":{"id":"way/707931873","name":null,"class":"outbuilding","building":"shed","ground_elevation_m":25.09,"height_m":2.9,"height_source":"USGS 3DEP lidar VA_NorthernVA_1_B22","height_confidence":"low","height_surveyed":false,"roof_form":"flat","roof_spread_m":0.6,"source":"openstreetmap","source_date":"2026-09-11","confidence":"medium","surveyed":false},"geometry":{"type":"Polygon","coordinates":[[[-77.1026966,38.7164236],[-77.1027307,38.71645],[-77.1026951,38.7164783],[-77.10266,38.7164527],[-77.1026966,38.7164236]]]}},{"type":"Feature","id":"way/707931878","properties":{"id":"way/707931878","name":null,"class":"building","building":"yes","ground_elevation_m":25.12,"height_m":8.3,"height_source":"USGS 3DEP lidar VA_NorthernVA_1_B22","height_confidence":"high","height_surveyed":true,"roof_form":"pitched","roof_spread_m":4.07,"source":"openstreetmap","source_date":"2026-09-11","confidence":"medium","surveyed":false},"geometry":{"type":"Polygon","coordinates":[[[-77.1039482,38.7141664],[-77.1039733,38.7140904],[-77.1040829,38.7141126],[-77.1040877,38.714098],[-77.1041882,38.7141183],[-77.1041818,38.7141377],[-77.1042148,38.7141444],[-77.1041913,38.7142155],[-77.1039482,38.7141664]]]}},{"type":"Feature","id":"way/707931881","properties":{"id":"way/707931881","name":null,"class":"building","building":"yes","ground_elevation_m":26.88,"height_m":4.9,"height_source":"USGS 3DEP lidar VA_NorthernVA_1_B22","height_confidence":"high","height_surveyed":true,"roof_form":"pitched","roof_spread_m":1.74,"source":"openstreetmap","source_date":"2026-09-11","confidence":"medium","surveyed":false},"geometry":{"type":"Polygon","coordinates":[[[-77.1015914,38.7191691],[-77.1016143,38.7190861],[-77.1017244,38.7191048],[-77.1017015,38.7191878],[-77.1015914,38.7191691]]]}},{"type":"Feature","id":"way/707931882","properties":{"id":"way/707931882","name":null,"class":"building","building":"yes","ground_elevation_m":24.42,"height_m":6.2,"height_source":"USGS 3DEP lidar VA_NorthernVA_1_B22","height_confidence":"high","height_surveyed":true,"roof_form":"pitched","roof_spread_m":2.63,"source":"openstreetmap","source_date":"2026-09-11","confidence":"medium","surveyed":false},"geometry":{"type":"Polygon","coordinates":[[[-77.104157,38.7190365],[-77.1042437,38.7189229],[-77.10432,38.7189587],[-77.1043023,38.7189818],[-77.104374,38.7190154],[-77.1043208,38.7190851],[-77.1042474,38.7190507],[-77.1042315,38.7190714],[-77.104157,38.7190365]]]}},{"type":"Feature","id":"way/707931883","properties":{"id":"way/707931883","name":null,"class":"building","building":"yes","ground_elevation_m":27.94,"height_m":5.0,"height_source":"USGS 3DEP lidar VA_NorthernVA_1_B22","height_confidence":"high","height_surveyed":true,"roof_form":"pitched","roof_spread_m":1.86,"source":"openstreetmap","source_date":"2026-09-11","confidence":"medium","surveyed":false},"geometry":{"type":"Polygon","coordinates":[[[-77.100304,38.7152741],[-77.1002873,38.7152335],[-77.1003894,38.7152077],[-77.1004377,38.7153254],[-77.1003611,38.7153447],[-77.100371,38.715369],[-77.1002797,38.715392],[-77.1002381,38.7152907],[-77.100304,38.7152741]]]}},{"type":"Feature","id":"way/707931884","properties":{"id":"way/707931884","name":null,"class":"building","building":"yes","ground_elevation_m":13.84,"height_m":6.4,"height_source":"USGS 3DEP lidar VA_NorthernVA_1_B22","height_confidence":"high","height_surveyed":true,"roof_form":"pitched","roof_spread_m":1.27,"source":"openstreetmap","source_date":"2026-09-11","confidence":"medium","surveyed":false},"geometry":{"type":"Polygon","coordinates":[[[-77.1046819,38.7153898],[-77.1047122,38.7153121],[-77.1049399,38.7153667],[-77.1049095,38.7154444],[-77.1046819,38.7153898]]]}},{"type":"Feature","id":"way/707931887","properties":{"id":"way/707931887","name":null,"class":"outbuilding","building":"shed","ground_elevation_m":29.14,"height_m":1.7,"height_source":"USGS 3DEP lidar VA_NorthernVA_1_B22","height_confidence":"low","height_surveyed":false,"roof_form":"flat","roof_spread_m":0.43,"source":"openstreetmap","source_date":"2026-09-11","confidence":"medium","surveyed":false},"geometry":{"type":"Polygon","coordinates":[[[-77.1003255,38.7138481],[-77.100383,38.7138612],[-77.1003648,38.7139103],[-77.1003073,38.7138972],[-77.1003255,38.7138481]]]}},{"type":"Feature","id":"way/707931888","properties":{"id":"way/707931888","name":null,"class":"building","building":"yes","ground_elevation_m":22.74,"height_m":5.3,"height_source":"USGS 3DEP lidar VA_NorthernVA_1_B22","height_confidence":"high","height_surveyed":true,"roof_form":"pitched","roof_spread_m":2.01,"source":"openstreetmap","source_date":"2026-09-11","confidence":"medium","surveyed":false},"geometry":{"type":"Polygon","coordinates":[[[-77.0998802,38.7178215],[-77.0998654,38.717818],[-77.0999137,38.7176892],[-77.1000484,38.7177202],[-77.1000236,38.7177862],[-77.0999888,38.7177782],[-77.0999551,38.7178684],[-77.09987,38.7178489],[-77.0998802,38.7178215]]]}},{"type":"Feature","id":"way/707931889","properties":{"id":"way/707931889","name":null,"class":"outbuilding","building":"garage","ground_elevation_m":17.64,"height_m":3.1,"height_source":"USGS 3DEP lidar VA_NorthernVA_1_B22","height_confidence":"low","height_surveyed":false,"roof_form":"flat","roof_spread_m":0.73,"source":"openstreetmap","source_date":"2026-09-11","confidence":"medium","surveyed":false},"geometry":{"type":"Polygon","coordinates":[[[-77.1049616,38.7190683],[-77.1050165,38.7191189],[-77.1049535,38.7191608],[-77.1048987,38.7191102],[-77.1049616,38.7190683]]]}},{"type":"Feature","id":"way/707931890","properties":{"id":"way/707931890","name":null,"class":"building","building":"yes","ground_elevation_m":24.86,"height_m":4.2,"height_source":"USGS 3DEP lidar VA_NorthernVA_1_B22","height_confidence":"high","height_surveyed":true,"roof_form":"pitched","roof_spread_m":2.27,"source":"openstreetmap","source_date":"2026-09-11","confidence":"medium","surveyed":false},"geometry":{"type":"Polygon","coordinates":[[[-77.1034747,38.7190365],[-77.1034963,38.7190217],[-77.1035548,38.7190741],[-77.1034551,38.7191424],[-77.1033105,38.7190127],[-77.1032747,38.7190372],[-77.1032332,38.7190001],[-77.1033471,38.7189221],[-77.1034747,38.7190365]]]}},{"type":"Feature","id":"way/707931892","properties":{"id":"way/707931892","name":null,"class":"building","building":"yes","ground_elevation_m":24.04,"height_m":5.9,"height_source":"USGS 3DEP lidar VA_NorthernVA_1_B22","height_confidence":"high","height_surveyed":true,"roof_form":"pitched","roof_spread_m":2.18,"source":"openstreetmap","source_date":"2026-09-11","confidence":"medium","surveyed":false},"geometry":{"type":"Polygon","coordinates":[[[-77.1029233,38.7164101],[-77.1028854,38.7164093],[-77.102886,38.7163943],[-77.1028532,38.7163936],[-77.1028556,38.7163252],[-77.1029702,38.7163277],[-77.1029711,38.7163038],[-77.1030646,38.7163059],[-77.1030609,38.7164115],[-77.102994,38.7164101],[-77.1029924,38.7164542],[-77.1029218,38.7164526],[-77.1029233,38.7164101]]]}},{"type":"Feature","id":"way/707931893","properties":{"id":"way/707931893","name":null,"class":"outbuilding","building":"garage","ground_elevation_m":24.76,"height_m":4.1,"height_source":"USGS 3DEP lidar VA_NorthernVA_1_B22","height_confidence":"high","height_surveyed":true,"roof_form":"flat","roof_spread_m":1.09,"source":"openstreetmap","source_date":"2026-09-11","confidence":"medium","surveyed":false},"geometry":{"type":"Polygon","coordinates":[[[-77.1006356,38.7162859],[-77.100713,38.7162528],[-77.1007567,38.7163155],[-77.1006793,38.7163486],[-77.1006356,38.7162859]]]}},{"type":"Feature","id":"way/707931894","properties":{"id":"way/707931894","name":null,"class":"outbuilding","building":"shed","ground_elevation_m":26.35,"height_m":3.2,"height_source":"USGS 3DEP lidar VA_NorthernVA_1_B22","height_confidence":"low","height_surveyed":false,"roof_form":"flat","roof_spread_m":0.76,"source":"openstreetmap","source_date":"2026-09-11","confidence":"medium","surveyed":false},"geometry":{"type":"Polygon","coordinates":[[[-77.1004097,38.7188701],[-77.100426,38.7188294],[-77.1004717,38.7188407],[-77.1004554,38.7188814],[-77.1004097,38.7188701]]]}},{"type":"Feature","id":"way/707931896","properties":{"id":"way/707931896","name":null,"class":"building","building":"yes","ground_elevation_m":20.8,"height_m":5.2,"height_source":"USGS 3DEP lidar VA_NorthernVA_1_B22","height_confidence":"high","height_surveyed":true,"roof_form":"pitched","roof_spread_m":2.27,"source":"openstreetmap","source_date":"2026-09-11","confidence":"medium","surveyed":false},"geometry":{"type":"Polygon","coordinates":[[[-77.099941,38.7174517],[-77.1001063,38.7174757],[-77.1000824,38.7175766],[-77.0999172,38.7175525],[-77.099941,38.7174517]]]}},{"type":"Feature","id":"way/707931899","properties":{"id":"way/707931899","name":null,"class":"outbuilding","building":"shed","ground_elevation_m":28.05,"height_m":null,"height_source":null,"height_confidence":null,"height_surveyed":null,"roof_form":null,"roof_spread_m":null,"source":"openstreetmap","source_date":"2026-09-11","confidence":"medium","surveyed":false},"geometry":{"type":"Polygon","coordinates":[[[-77.1000947,38.7148795],[-77.1001424,38.7148558],[-77.1001691,38.7148886],[-77.1001214,38.7149123],[-77.1000947,38.7148795]]]}},{"type":"Feature","id":"way/707931902","properties":{"id":"way/707931902","name":null,"class":"building","building":"yes","ground_elevation_m":27.25,"height_m":7.3,"height_source":"USGS 3DEP lidar VA_NorthernVA_1_B22","height_confidence":"high","height_surveyed":true,"roof_form":"pitched","roof_spread_m":2.41,"source":"openstreetmap","source_date":"2026-09-11","confidence":"medium","surveyed":false},"geometry":{"type":"Polygon","coordinates":[[[-77.1014159,38.7193571],[-77.1014132,38.719367],[-77.1013746,38.7193607],[-77.1013704,38.7193764],[-77.1012627,38.7193588],[-77.1012803,38.7192926],[-77.1014286,38.7193169],[-77.1014249,38.719331],[-77.101481,38.7193402],[-77.1014739,38.7193666],[-77.1014159,38.7193571]]]}},{"type":"Feature","id":"way/707931903","properties":{"id":"way/707931903","name":null,"class":"building","building":"yes","ground_elevation_m":25.62,"height_m":4.6,"height_source":"USGS 3DEP lidar VA_NorthernVA_1_B22","height_confidence":"high","height_surveyed":true,"roof_form":"pitched","roof_spread_m":1.59,"source":"openstreetmap","source_date":"2026-09-11","confidence":"medium","surveyed":false},"geometry":{"type":"Polygon","coordinates":[[[-77.1036579,38.7197279],[-77.1036165,38.7197214],[-77.1036125,38.7197371],[-77.1035054,38.7197204],[-77.1035227,38.719652],[-77.1036713,38.7196751],[-77.1036579,38.7197279]]]}},{"type":"Feature","id":"way/707931904","properties":{"id":"way/707931904","name":null,"class":"building","building":"yes","ground_elevation_m":26.78,"height_m":6.4,"height_source":"USGS 3DEP lidar VA_NorthernVA_1_B22","height_confidence":"high","height_surveyed":true,"roof_form":"pitched","roof_spread_m":2.88,"source":"openstreetmap","source_date":"2026-09-11","confidence":"medium","surveyed":false},"geometry":{"type":"Polygon","coordinates":[[[-77.1008455,38.7158689],[-77.100767,38.7158262],[-77.1008513,38.715731],[-77.100916,38.7157661],[-77.1009337,38.7157461],[-77.1010082,38.7157866],[-77.1009985,38.7157976],[-77.1010656,38.7158341],[-77.1009822,38.7159282],[-77.1009046,38.7158859],[-77.1009214,38.7158669],[-77.1008714,38.7158397],[-77.1008455,38.7158689]]]}},{"type":"Feature","id":"way/707931906","properties":{"id":"way/707931906","name":null,"class":"outbuilding","building":"shed","ground_elevation_m":14.2,"height_m":5.9,"height_source":"USGS 3DEP lidar VA_NorthernVA_1_B22","height_confidence":"low","height_surveyed":false,"roof_form":"flat","roof_spread_m":0.54,"source":"openstreetmap","source_date":"2026-09-11","confidence":"medium","surveyed":false},"geometry":{"type":"Polygon","coordinates":[[[-77.1034863,38.7166274],[-77.1035648,38.7166273],[-77.103565,38.7166836],[-77.1034865,38.7166838],[-77.1034863,38.7166274]]]}},{"type":"Feature","id":"way/707931907","properties":{"id":"way/707931907","name":null,"class":"building","building":"yes","ground_elevation_m":23.14,"height_m":5.9,"height_source":"USGS 3DEP lidar VA_NorthernVA_1_B22","height_confidence":"high","height_surveyed":true,"roof_form":"pitched","roof_spread_m":2.4,"source":"openstreetmap","source_date":"2026-09-11","confidence":"medium","surveyed":false},"geometry":{"type":"Polygon","coordinates":[[[-77.101436,38.7165501],[-77.1014338,38.7165627],[-77.1014721,38.7165668],[-77.1014603,38.7166351],[-77.1013413,38.7166225],[-77.1013372,38.7166465],[-77.1012488,38.7166372],[-77.1012668,38.7165323],[-77.101436,38.7165501]]]}},{"type":"Feature","id":"way/707931909","properties":{"id":"way/707931909","name":null,"class":"building","building":"yes","ground_elevation_m":26.21,"height_m":6.8,"height_source":"USGS 3DEP lidar VA_NorthernVA_1_B22","height_confidence":"high","height_surveyed":true,"roof_form":"pitched","roof_spread_m":3.8,"source":"openstreetmap","source_date":"2026-09-11","confidence":"medium","surveyed":false},"geometry":{"type":"Polygon","coordinates":[[[-77.10049,38.7192439],[-77.100509,38.7191626],[-77.1006607,38.7191844],[-77.1006693,38.7191477],[-77.1007344,38.7191571],[-77.1007185,38.7192251],[-77.1007304,38.7192268],[-77.1007187,38.7192768],[-77.10049,38.7192439]]]}},{"type":"Feature","id":"way/707931912","properties":{"id":"way/707931912","name":null,"class":"building","building":"yes","ground_elevation_m":24.68,"height_m":6.5,"height_source":"USGS 3DEP lidar VA_NorthernVA_1_B22","height_confidence":"high","height_surveyed":true,"roof_form":"pitched","roof_spread_m":1.64,"source":"openstreetmap","source_date":"2026-09-11","confidence":"medium","surveyed":false},"geometry":{"type":"Polygon","coordinates":[[[-77.1028067,38.7121239],[-77.1027311,38.7120508],[-77.1027382,38.7120463],[-77.1027239,38.7120325],[-77.1028645,38.7119433],[-77.1029544,38.7120302],[-77.1028067,38.7121239]]]}},{"type":"Feature","id":"way/707931913","properties":{"id":"way/707931913","name":null,"class":"building","building":"yes","ground_elevation_m":13.44,"height_m":7.5,"height_source":"USGS 3DEP lidar VA_NorthernVA_1_B22","height_confidence":"high","height_surveyed":true,"roof_form":"pitched","roof_spread_m":3.98,"source":"openstreetmap","source_date":"2026-09-11","confidence":"medium","surveyed":false},"geometry":{"type":"Polygon","coordinates":[[[-77.1048188,38.7119581],[-77.1048828,38.7120186],[-77.1046897,38.712144],[-77.1046257,38.7120835],[-77.1048188,38.7119581]]]}},{"type":"Feature","id":"way/707931915","properties":{"id":"way/707931915","name":null,"class":"building","building":"yes","ground_elevation_m":23.71,"height_m":8.2,"height_source":"USGS 3DEP lidar VA_NorthernVA_1_B22","height_confidence":"high","height_surveyed":true,"roof_form":"pitched","roof_spread_m":3.55,"source":"openstreetmap","source_date":"2026-09-11","confidence":"medium","surveyed":false},"geometry":{"type":"Polygon","coordinates":[[[-77.1045626,38.7129402],[-77.1046483,38.7129621],[-77.1045604,38.7131737],[-77.1044734,38.7131516],[-77.1045626,38.7129402]]]}},{"type":"Feature","id":"way/707931916","properties":{"id":"way/707931916","name":null,"class":"building","building":"yes","ground_elevation_m":24.86,"height_m":5.4,"height_source":"USGS 3DEP lidar VA_NorthernVA_1_B22","height_confidence":"high","height_surveyed":true,"roof_form":"pitched","roof_spread_m":1.98,"source":"openstreetmap","source_date":"2026-09-11","confidence":"medium","surveyed":false},"geometry":{"type":"Polygon","coordinates":[[[-77.1037205,38.7178268],[-77.1037896,38.7179433],[-77.1037268,38.7179663],[-77.1037445,38.7179962],[-77.1037018,38.7180115],[-77.1036823,38.7179787],[-77.1036506,38.7179901],[-77.1036125,38.7179252],[-77.1036291,38.7179193],[-77.1035962,38.7178634],[-77.1037205,38.7178268]]]}},{"type":"Feature","id":"way/707931917","properties":{"id":"way/707931917","name":null,"class":"building","building":"yes","ground_elevation_m":21.92,"height_m":5.9,"height_source":"USGS 3DEP lidar VA_NorthernVA_1_B22","height_confidence":"high","height_surveyed":true,"roof_form":"pitched","roof_spread_m":2.34,"source":"openstreetmap","source_date":"2026-09-11","confidence":"medium","surveyed":false},"geometry":{"type":"Polygon","coordinates":[[[-77.1005173,38.7179078],[-77.1005345,38.7178446],[-77.1005695,38.7178504],[-77.1005736,38.7178353],[-77.1007468,38.7178642],[-77.1007196,38.7179643],[-77.100627,38.7179489],[-77.100633,38.7179271],[-77.1005173,38.7179078]]]}},{"type":"Feature","id":"way/707931918","properties":{"id":"way/707931918","name":null,"class":"building","building":"yes","ground_elevation_m":23.6,"height_m":4.0,"height_source":"USGS 3DEP lidar VA_NorthernVA_1_B22","height_confidence":"high","height_surveyed":true,"roof_form":"pitched","roof_spread_m":1.54,"source":"openstreetmap","source_date":"2026-09-11","confidence":"medium","surveyed":false},"geometry":{"type":"Polygon","coordinates":[[[-77.1039176,38.7197858],[-77.1039215,38.7197689],[-77.1038823,38.7197633],[-77.1038848,38.7197528],[-77.1037821,38.7197382],[-77.1037889,38.7197089],[-77.1038947,38.719724],[-77.1038973,38.7197125],[-77.1038702,38.7197086],[-77.103869,38.7197138],[-77.1038089,38.7197052],[-77.1038199,38.7196576],[-77.1038319,38.7196593],[-77.1038376,38.7196348],[-77.1038773,38.7196405],[-77.1038715,38.7196653],[-77.1039125,38.7196712],[-77.1039088,38.7196873],[-77.1039522,38.7196935],[-77.1039456,38.7197219],[-77.1040408,38.7197355],[-77.1040256,38.7198012],[-77.1039176,38.7197858]]]}},{"type":"Feature","id":"way/707931921","properties":{"id":"way/707931921","name":null,"class":"building","building":"yes","ground_elevation_m":24.49,"height_m":6.4,"height_source":"USGS 3DEP lidar VA_NorthernVA_1_B22","height_confidence":"high","height_surveyed":true,"roof_form":"pitched","roof_spread_m":2.9,"source":"openstreetmap","source_date":"2026-09-11","confidence":"medium","surveyed":false},"geometry":{"type":"Polygon","coordinates":[[[-77.1011446,38.7185747],[-77.1010936,38.7186023],[-77.1010507,38.7185467],[-77.1012043,38.7184606],[-77.1012564,38.7185178],[-77.1012256,38.7185351],[-77.1012738,38.7185871],[-77.1011901,38.7186343],[-77.1011592,38.7186007],[-77.1011423,38.7186032],[-77.1011329,38.7185898],[-77.1011446,38.7185747]]]}},{"type":"Feature","id":"way/707931923","properties":{"id":"way/707931923","name":null,"class":"building","building":"yes","ground_elevation_m":15.11,"height_m":5.5,"height_source":"USGS 3DEP lidar VA_NorthernVA_1_B22","height_confidence":"high","height_surveyed":true,"roof_form":"pitched","roof_spread_m":1.23,"source":"openstreetmap","source_date":"2026-09-11","confidence":"medium","surveyed":false},"geometry":{"type":"Polygon","coordinates":[[[-77.1035441,38.7166113],[-77.1035613,38.716463],[-77.1037162,38.7164741],[-77.103699,38.7166223],[-77.1035441,38.7166113]]]}},{"type":"Feature","id":"way/707931924","properties":{"id":"way/707931924","name":null,"class":"building","building":"yes","ground_elevation_m":24.64,"height_m":5.0,"height_source":"USGS 3DEP lidar VA_NorthernVA_1_B22","height_confidence":"high","height_surveyed":true,"roof_form":"pitched","roof_spread_m":2.19,"source":"openstreetmap","source_date":"2026-09-11","confidence":"medium","surveyed":false},"geometry":{"type":"Polygon","coordinates":[[[-77.0999815,38.7165778],[-77.0999516,38.7165177],[-77.0999074,38.7165312],[-77.0998784,38.7164731],[-77.0999253,38.7164587],[-77.0998984,38.7164047],[-77.0999827,38.7163789],[-77.1000367,38.7164873],[-77.1000689,38.7164775],[-77.1001007,38.7165413],[-77.0999815,38.7165778]]]}},{"type":"Feature","id":"way/707931925","properties":{"id":"way/707931925","name":null,"class":"building","building":"yes","ground_elevation_m":15.23,"height_m":5.6,"height_source":"USGS 3DEP lidar VA_NorthernVA_1_B22","height_confidence":"high","height_surveyed":true,"roof_form":"pitched","roof_spread_m":2.34,"source":"openstreetmap","source_date":"2026-09-11","confidence":"medium","surveyed":false},"geometry":{"type":"Polygon","coordinates":[[[-77.1044112,38.7161599],[-77.1043902,38.716178],[-77.104327,38.7161328],[-77.1044193,38.7160535],[-77.1045433,38.7161421],[-77.1045314,38.7161523],[-77.1045606,38.7161731],[-77.1045012,38.7162242],[-77.1044112,38.7161599]]]}},{"type":"Feature","id":"way/707931926","properties":{"id":"way/707931926","name":null,"class":"building","building":"yes","ground_elevation_m":27.66,"height_m":6.7,"height_source":"USGS 3DEP lidar VA_NorthernVA_1_B22","height_confidence":"high","height_surveyed":true,"roof_form":"pitched","roof_spread_m":4.27,"source":"openstreetmap","source_date":"2026-09-11","confidence":"medium","surveyed":false},"geometry":{"type":"Polygon","coordinates":[[[-77.1027298,38.719305],[-77.1027663,38.7191853],[-77.1028959,38.7192095],[-77.1028853,38.7192439],[-77.1028729,38.7192407],[-77.1028408,38.7193299],[-77.1027298,38.719305]]]}},{"type":"Feature","id":"way/707931927","properties":{"id":"way/707931927","name":null,"class":"building","building":"yes","ground_elevation_m":22.95,"height_m":5.2,"height_source":"USGS 3DEP lidar VA_NorthernVA_1_B22","height_confidence":"high","height_surveyed":true,"roof_form":"pitched","roof_spread_m":2.09,"source":"openstreetmap","source_date":"2026-09-11","confidence":"medium","surveyed":false},"geometry":{"type":"Polygon","coordinates":[[[-77.1007374,38.7172419],[-77.1008089,38.7172581],[-77.100813,38.7172469],[-77.1008777,38.7172616],[-77.1008647,38.7172967],[-77.1008851,38.7173013],[-77.1008602,38.7173688],[-77.1008314,38.7173622],[-77.1008179,38.7174041],[-77.1008255,38.7174057],[-77.1008045,38.7174526],[-77.1006513,38.7174172],[-77.1006755,38.7173528],[-77.1007026,38.7173591],[-77.1007226,38.7173052],[-77.1007148,38.7173035],[-77.1007374,38.7172419]]]}},{"type":"Feature","id":"way/707931928","properties":{"id":"way/707931928","name":null,"class":"building","building":"yes","ground_elevation_m":26.3,"height_m":6.0,"height_source":"USGS 3DEP lidar VA_NorthernVA_1_B22","height_confidence":"high","height_surveyed":true,"roof_form":"pitched","roof_spread_m":3.56,"source":"openstreetmap","source_date":"2026-09-11","confidence":"medium","surveyed":false},"geometry":{"type":"Polygon","coordinates":[[[-77.1028946,38.7158005],[-77.1028751,38.7157906],[-77.1028458,38.7158262],[-77.1027692,38.7157875],[-77.1027891,38.7157633],[-77.1027191,38.7157279],[-77.1027241,38.7157218],[-77.102684,38.7157015],[-77.1027306,38.715645],[-77.1027848,38.7156724],[-77.102788,38.7156685],[-77.1029196,38.7157376],[-77.1028921,38.715771],[-77.102909,38.7157796],[-77.102922,38.7157639],[-77.1029954,38.715801],[-77.1029483,38.7158581],[-77.1028769,38.715822],[-77.1028946,38.7158005]]]}},{"type":"Feature","id":"way/707931930","properties":{"id":"way/707931930","name":null,"class":"building","building":"yes","ground_elevation_m":25.17,"height_m":6.1,"height_source":"USGS 3DEP lidar VA_NorthernVA_1_B22","height_confidence":"high","height_surveyed":true,"roof_form":"pitched","roof_spread_m":2.08,"source":"openstreetmap","source_date":"2026-09-11","confidence":"medium","surveyed":false},"geometry":{"type":"Polygon","coordinates":[[[-77.1003979,38.7183521],[-77.1005687,38.7183478],[-77.1005727,38.7184487],[-77.1005031,38.7184504],[-77.1005053,38.7184926],[-77.1004386,38.7184946],[-77.1004368,38.718458],[-77.1004032,38.718459],[-77.1003979,38.7183521]]]}},{"type":"Feature","id":"way/707931932","properties":{"id":"way/707931932","name":null,"class":"building","building":"yes","ground_elevation_m":22.05,"height_m":8.0,"height_source":"USGS 3DEP lidar VA_NorthernVA_1_B22","height_confidence":"high","height_surveyed":true,"roof_form":"pitched","roof_spread_m":3.65,"source":"openstreetmap","source_date":"2026-09-11","confidence":"medium","surveyed":false},"geometry":{"type":"Polygon","coordinates":[[[-77.1036663,38.7126754],[-77.1037496,38.7127061],[-77.1036596,38.7128558],[-77.1035763,38.7128251],[-77.1036663,38.7126754]]]}},{"type":"Feature","id":"way/707931933","properties":{"id":"way/707931933","name":null,"class":"building","building":"yes","ground_elevation_m":22.67,"height_m":8.2,"height_source":"USGS 3DEP lidar VA_NorthernVA_1_B22","height_confidence":"high","height_surveyed":true,"roof_form":"pitched","roof_spread_m":4.12,"source":"openstreetmap","source_date":"2026-09-11","confidence":"medium","surveyed":false},"geometry":{"type":"Polygon","coordinates":[[[-77.1047597,38.7126566],[-77.1048427,38.7126943],[-77.1047149,38.7128672],[-77.1046319,38.7128295],[-77.1047597,38.7126566]]]}},{"type":"Feature","id":"way/707931936","properties":{"id":"way/707931936","name":null,"class":"building","building":"yes","ground_elevation_m":18.93,"height_m":6.5,"height_source":"USGS 3DEP lidar VA_NorthernVA_1_B22","height_confidence":"high","height_surveyed":true,"roof_form":"pitched","roof_spread_m":3.92,"source":"openstreetmap","source_date":"2026-09-11","confidence":"medium","surveyed":false},"geometry":{"type":"Polygon","coordinates":[[[-77.1042573,38.7127668],[-77.1042784,38.7127315],[-77.1042684,38.7127278],[-77.1043295,38.7126258],[-77.1044255,38.7126611],[-77.1043432,38.7127984],[-77.1042573,38.7127668]]]}},{"type":"Feature","id":"way/707931937","properties":{"id":"way/707931937","name":null,"class":"building","building":"yes","ground_elevation_m":22.84,"height_m":8.7,"height_source":"USGS 3DEP lidar VA_NorthernVA_1_B22","height_confidence":"high","height_surveyed":true,"roof_form":"pitched","roof_spread_m":4.31,"source":"openstreetmap","source_date":"2026-09-11","confidence":"medium","surveyed":false},"geometry":{"type":"Polygon","coordinates":[[[-77.1050662,38.7127627],[-77.105077,38.7127317],[-77.1049699,38.7127087],[-77.1049956,38.7126351],[-77.1050561,38.7126481],[-77.1050688,38.7126119],[-77.105125,38.712624],[-77.1051113,38.712663],[-77.1051784,38.7126773],[-77.1051428,38.7127792],[-77.1050662,38.7127627]]]}},{"type":"Feature","id":"way/707931938","properties":{"id":"way/707931938","name":null,"class":"building","building":"yes","ground_elevation_m":29.06,"height_m":7.8,"height_source":"USGS 3DEP lidar VA_NorthernVA_1_B22","height_confidence":"high","height_surveyed":true,"roof_form":"pitched","roof_spread_m":3.66,"source":"openstreetmap","source_date":"2026-09-11","confidence":"medium","surveyed":false},"geometry":{"type":"Polygon","coordinates":[[[-77.101097,38.7126859],[-77.1011722,38.7125115],[-77.1012918,38.7125431],[-77.1012746,38.712583],[-77.1012652,38.7125805],[-77.1012487,38.7126188],[-77.1012678,38.7126238],[-77.1012557,38.712652],[-77.1012407,38.712648],[-77.1012287,38.7126756],[-77.1012393,38.7126784],[-77.1012216,38.7127195],[-77.101097,38.7126859]]]}},{"type":"Feature","id":"way/707931939","properties":{"id":"way/707931939","name":null,"class":"building","building":"yes","ground_elevation_m":23.51,"height_m":6.6,"height_source":"USGS 3DEP lidar VA_NorthernVA_1_B22","height_confidence":"high","height_surveyed":true,"roof_form":"pitched","roof_spread_m":2.88,"source":"openstreetmap","source_date":"2026-09-11","confidence":"medium","surveyed":false},"geometry":{"type":"Polygon","coordinates":[[[-77.1039928,38.7131752],[-77.103968,38.7131654],[-77.1040045,38.7131081],[-77.1041267,38.7131559],[-77.1040577,38.7132641],[-77.1040436,38.7132586],[-77.1040212,38.7132939],[-77.1039379,38.7132614],[-77.1039928,38.7131752]]]}},{"type":"Feature","id":"way/707931942","properties":{"id":"way/707931942","name":null,"class":"outbuilding","building":"shed","ground_elevation_m":27.44,"height_m":2.7,"height_source":"USGS 3DEP lidar VA_NorthernVA_1_B22","height_confidence":"low","height_surveyed":false,"roof_form":"flat","roof_spread_m":0.55,"source":"openstreetmap","source_date":"2026-09-11","confidence":"medium","surveyed":false},"geometry":{"type":"Polygon","coordinates":[[[-77.1007306,38.7131118],[-77.100766,38.7131209],[-77.1007459,38.7131759],[-77.1007101,38.7131679],[-77.1007306,38.7131118]]]}},{"type":"Feature","id":"way/707931944","properties":{"id":"way/707931944","name":null,"class":"building","building":"yes","ground_elevation_m":24.16,"height_m":7.6,"height_source":"USGS 3DEP lidar VA_NorthernVA_1_B22","height_confidence":"high","height_surveyed":true,"roof_form":"pitched","roof_spread_m":4.04,"source":"openstreetmap","source_date":"2026-09-11","confidence":"medium","surveyed":false},"geometry":{"type":"Polygon","coordinates":[[[-77.1035115,38.7129232],[-77.103596,38.712956],[-77.103503,38.7131031],[-77.1034185,38.7130703],[-77.1035115,38.7129232]]]}},{"type":"Feature","id":"way/707931945","properties":{"id":"way/707931945","name":null,"class":"building","building":"yes","ground_elevation_m":28.41,"height_m":5.2,"height_source":"USGS 3DEP lidar VA_NorthernVA_1_B22","height_confidence":"high","height_surveyed":true,"roof_form":"pitched","roof_spread_m":2.42,"source":"openstreetmap","source_date":"2026-09-11","confidence":"medium","surveyed":false},"geometry":{"type":"Polygon","coordinates":[[[-77.101038,38.712971],[-77.1009828,38.7129715],[-77.100982,38.7129201],[-77.1010377,38.7129196],[-77.1010372,38.7128826],[-77.1010443,38.7128825],[-77.101044,38.712862],[-77.1011448,38.7128611],[-77.1011468,38.7129985],[-77.1011951,38.7129981],[-77.1011962,38.7130719],[-77.1010395,38.7130733],[-77.101038,38.712971]]]}},{"type":"Feature","id":"way/707931947","properties":{"id":"way/707931947","name":null,"class":"building","building":"yes","ground_elevation_m":16.08,"height_m":7.2,"height_source":"USGS 3DEP lidar VA_NorthernVA_1_B22","height_confidence":"high","height_surveyed":true,"roof_form":"pitched","roof_spread_m":3.8,"source":"openstreetmap","source_date":"2026-09-11","confidence":"medium","surveyed":false},"geometry":{"type":"Polygon","coordinates":[[[-77.1044314,38.7124571],[-77.1044405,38.7123881],[-77.1044856,38.7123918],[-77.1044949,38.7123208],[-77.1045994,38.7123292],[-77.1045898,38.7124023],[-77.1046374,38.7124061],[-77.1046286,38.712473],[-77.1044314,38.7124571]]]}},{"type":"Feature","id":"way/707931949","properties":{"id":"way/707931949","name":null,"class":"building","building":"yes","ground_elevation_m":29.82,"height_m":6.1,"height_source":"USGS 3DEP lidar VA_NorthernVA_1_B22","height_confidence":"high","height_surveyed":true,"roof_form":"pitched","roof_spread_m":2.64,"source":"openstreetmap","source_date":"2026-09-11","confidence":"medium","surveyed":false},"geometry":{"type":"Polygon","coordinates":[[[-77.1012689,38.7123217],[-77.1013157,38.7123066],[-77.101278,38.7122348],[-77.1013927,38.7121978],[-77.1014606,38.7123271],[-77.1014491,38.7123308],[-77.1014668,38.7123644],[-77.1013726,38.7123948],[-77.1013549,38.7123611],[-77.1012991,38.712379],[-77.1012689,38.7123217]]]}},{"type":"Feature","id":"way/707931950","properties":{"id":"way/707931950","name":null,"class":"building","building":"yes","ground_elevation_m":26.67,"height_m":5.7,"height_source":"USGS 3DEP lidar VA_NorthernVA_1_B22","height_confidence":"high","height_surveyed":true,"roof_form":"pitched","roof_spread_m":2.26,"source":"openstreetmap","source_date":"2026-09-11","confidence":"medium","surveyed":false},"geometry":{"type":"Polygon","coordinates":[[[-77.1025231,38.7123028],[-77.1024681,38.7122509],[-77.1025438,38.7122016],[-77.1025102,38.7121699],[-77.1025851,38.7121212],[-77.1026821,38.7122128],[-77.1026071,38.7122616],[-77.1026141,38.7122683],[-77.1025592,38.712304],[-77.1026142,38.7123559],[-77.1025352,38.7124072],[-77.1024648,38.7123408],[-77.1025231,38.7123028]]]}},{"type":"Feature","id":"way/707931955","properties":{"id":"way/707931955","name":null,"class":"building","building":"yes","ground_elevation_m":27.71,"height_m":6.2,"height_source":"USGS 3DEP lidar VA_NorthernVA_1_B22","height_confidence":"high","height_surveyed":true,"roof_form":"pitched","roof_spread_m":2.62,"source":"openstreetmap","source_date":"2026-09-11","confidence":"medium","surveyed":false},"geometry":{"type":"Polygon","coordinates":[[[-77.1020133,38.7127065],[-77.1019179,38.7126422],[-77.102036,38.7125345],[-77.1021314,38.7125988],[-77.1020133,38.7127065]]]}},{"type":"Feature","id":"way/707931959","properties":{"id":"way/707931959","name":null,"class":"building","building":"yes","ground_elevation_m":29.04,"height_m":7.5,"height_source":"USGS 3DEP lidar VA_NorthernVA_1_B22","height_confidence":"high","height_surveyed":true,"roof_form":"pitched","roof_spread_m":3.81,"source":"openstreetmap","source_date":"2026-09-11","confidence":"medium","surveyed":false},"geometry":{"type":"Polygon","coordinates":[[[-77.1008999,38.7123957],[-77.1008952,38.7124576],[-77.100877,38.7124567],[-77.1008682,38.7125728],[-77.1007605,38.7125678],[-77.1007698,38.7124464],[-77.100805,38.712448],[-77.1008093,38.7123914],[-77.1008999,38.7123957]]]}},{"type":"Feature","id":"way/707931960","properties":{"id":"way/707931960","name":null,"class":"building","building":"yes","ground_elevation_m":17.39,"height_m":8.0,"height_source":"USGS 3DEP lidar VA_NorthernVA_1_B22","height_confidence":"high","height_surveyed":true,"roof_form":"pitched","roof_spread_m":4.25,"source":"openstreetmap","source_date":"2026-09-11","confidence":"medium","surveyed":false},"geometry":{"type":"Polygon","coordinates":[[[-77.1037274,38.7125708],[-77.1038144,38.7124313],[-77.1038973,38.712463],[-77.1038322,38.7125679],[-77.1038266,38.7125654],[-77.1038061,38.7126009],[-77.1037274,38.7125708]]]}},{"type":"Feature","id":"way/707931961","properties":{"id":"way/707931961","name":null,"class":"building","building":"yes","ground_elevation_m":27.62,"height_m":6.5,"height_source":"USGS 3DEP lidar VA_NorthernVA_1_B22","height_confidence":"high","height_surveyed":true,"roof_form":"pitched","roof_spread_m":1.47,"source":"openstreetmap","source_date":"2026-09-11","confidence":"medium","surveyed":false},"geometry":{"type":"Polygon","coordinates":[[[-77.1023114,38.712306],[-77.1024138,38.71241],[-77.1023487,38.7124494],[-77.1023319,38.7124323],[-77.1022516,38.7124809],[-77.102166,38.712394],[-77.1023114,38.712306]]]}},{"type":"Feature","id":"way/707931963","properties":{"id":"way/707931963","name":null,"class":"building","building":"yes","ground_elevation_m":26.74,"height_m":7.3,"height_source":"USGS 3DEP lidar VA_NorthernVA_1_B22","height_confidence":"high","height_surveyed":true,"roof_form":"pitched","roof_spread_m":3.03,"source":"openstreetmap","source_date":"2026-09-11","confidence":"medium","surveyed":false},"geometry":{"type":"Polygon","coordinates":[[[-77.1031002,38.7196389],[-77.1031224,38.7195557],[-77.103241,38.7195751],[-77.1032328,38.7196062],[-77.1032971,38.7196167],[-77.1032792,38.7196842],[-77.1032045,38.7196721],[-77.1032086,38.7196566],[-77.1031002,38.7196389]]]}},{"type":"Feature","id":"way/707931964","properties":{"id":"way/707931964","name":null,"class":"building","building":"yes","ground_elevation_m":27.56,"height_m":6.6,"height_source":"USGS 3DEP lidar VA_NorthernVA_1_B22","height_confidence":"high","height_surveyed":true,"roof_form":"pitched","roof_spread_m":1.42,"source":"openstreetmap","source_date":"2026-09-11","confidence":"medium","surveyed":false},"geometry":{"type":"Polygon","coordinates":[[[-77.1028113,38.7194589],[-77.1029401,38.71948],[-77.102902,38.7196228],[-77.1027516,38.7195983],[-77.1027688,38.7195336],[-77.1027905,38.7195372],[-77.1028113,38.7194589]]]}},{"type":"Feature","id":"way/707931965","properties":{"id":"way/707931965","name":null,"class":"building","building":"yes","ground_elevation_m":27.46,"height_m":4.4,"height_source":"USGS 3DEP lidar VA_NorthernVA_1_B22","height_confidence":"high","height_surveyed":true,"roof_form":"pitched","roof_spread_m":1.42,"source":"openstreetmap","source_date":"2026-09-11","confidence":"medium","surveyed":false},"geometry":{"type":"Polygon","coordinates":[[[-77.1024183,38.7193922],[-77.1025107,38.719408],[-77.1024888,38.7194864],[-77.1025465,38.7194963],[-77.1025287,38.7195599],[-77.1024224,38.7195416],[-77.1024265,38.7195273],[-77.1023871,38.7195205],[-77.1023892,38.7195132],[-77.1023618,38.7195085],[-77.1023678,38.7194869],[-77.1023964,38.7194918],[-77.1024012,38.7194745],[-77.1023954,38.7194741],[-77.1024183,38.7193922]]]}},{"type":"Feature","id":"way/707931966","properties":{"id":"way/707931966","name":null,"class":"building","building":"yes","ground_elevation_m":27.68,"height_m":5.9,"height_source":"USGS 3DEP lidar VA_NorthernVA_1_B22","height_confidence":"high","height_surveyed":true,"roof_form":"pitched","roof_spread_m":2.12,"source":"openstreetmap","source_date":"2026-09-11","confidence":"medium","surveyed":false},"geometry":{"type":"Polygon","coordinates":[[[-77.1027819,38.7180992],[-77.1027831,38.7181113],[-77.1028216,38.7181088],[-77.1028286,38.7181751],[-77.102709,38.7181829],[-77.1027119,38.7182095],[-77.1026204,38.7182154],[-77.1026093,38.7181105],[-77.1027819,38.7180992]]]}},{"type":"Feature","id":"way/707931967","properties":{"id":"way/707931967","name":null,"class":"building","building":"yes","ground_elevation_m":24.41,"height_m":5.9,"height_source":"USGS 3DEP lidar VA_NorthernVA_1_B22","height_confidence":"high","height_surveyed":true,"roof_form":"pitched","roof_spread_m":1.53,"source":"openstreetmap","source_date":"2026-09-11","confidence":"medium","surveyed":false},"geometry":{"type":"Polygon","coordinates":[[[-77.1022219,38.7116296],[-77.1023188,38.7117095],[-77.102188,38.7118069],[-77.1020911,38.7117269],[-77.1022219,38.7116296]]]}},{"type":"Feature","id":"way/707931968","properties":{"id":"way/707931968","name":null,"class":"building","building":"yes","ground_elevation_m":27.59,"height_m":6.1,"height_source":"USGS 3DEP lidar VA_NorthernVA_1_B22","height_confidence":"high","height_surveyed":true,"roof_form":"pitched","roof_spread_m":1.77,"source":"openstreetmap","source_date":"2026-09-11","confidence":"medium","surveyed":false},"geometry":{"type":"Polygon","coordinates":[[[-77.1016369,38.7116821],[-77.1015872,38.7117725],[-77.1014196,38.711716],[-77.1014693,38.7116256],[-77.1016369,38.7116821]]]}},{"type":"Feature","id":"way/707931969","properties":{"id":"way/707931969","name":null,"class":"outbuilding","building":"shed","ground_elevation_m":27.41,"height_m":8.5,"height_source":"USGS 3DEP lidar VA_NorthernVA_1_B22","height_confidence":"low","height_surveyed":false,"roof_form":"flat","roof_spread_m":1.02,"source":"openstreetmap","source_date":"2026-09-11","confidence":"medium","surveyed":false},"geometry":{"type":"Polygon","coordinates":[[[-77.1029868,38.7192368],[-77.1030886,38.719253],[-77.1030757,38.7192914],[-77.1029768,38.7192756],[-77.1029868,38.7192368]]]}},{"type":"Feature","id":"way/707931971","properties":{"id":"way/707931971","name":null,"class":"building","building":"yes","ground_elevation_m":24.61,"height_m":5.8,"height_source":"USGS 3DEP lidar VA_NorthernVA_1_B22","height_confidence":"high","height_surveyed":true,"roof_form":"pitched","roof_spread_m":2.38,"source":"openstreetmap","source_date":"2026-09-11","confidence":"medium","surveyed":false},"geometry":{"type":"Polygon","coordinates":[[[-77.1048642,38.7181129],[-77.1048332,38.718126],[-77.1047874,38.7180597],[-77.1048695,38.7180249],[-77.1048545,38.7180031],[-77.1049548,38.7179607],[-77.1050183,38.7180526],[-77.1049503,38.7180814],[-77.1049764,38.7181192],[-77.104893,38.7181546],[-77.1048642,38.7181129]]]}},{"type":"Feature","id":"way/707931972","properties":{"id":"way/707931972","name":null,"class":"building","building":"yes","ground_elevation_m":19.53,"height_m":5.4,"height_source":"USGS 3DEP lidar VA_NorthernVA_1_B22","height_confidence":"high","height_surveyed":true,"roof_form":"pitched","roof_spread_m":2.26,"source":"openstreetmap","source_date":"2026-09-11","confidence":"medium","surveyed":false},"geometry":{"type":"Polygon","coordinates":[[[-77.1013192,38.7180416],[-77.1012029,38.7180559],[-77.1011907,38.717995],[-77.1012203,38.7179914],[-77.101216,38.7179699],[-77.1013919,38.7179483],[-77.1014129,38.7180525],[-77.1013236,38.7180635],[-77.1013192,38.7180416]]]}},{"type":"Feature","id":"way/707931974","properties":{"id":"way/707931974","name":null,"class":"building","building":"yes","ground_elevation_m":23.83,"height_m":5.9,"height_source":"USGS 3DEP lidar VA_NorthernVA_1_B22","height_confidence":"high","height_surveyed":true,"roof_form":"pitched","roof_spread_m":2.56,"source":"openstreetmap","source_date":"2026-09-11","confidence":"medium","surveyed":false},"geometry":{"type":"Polygon","coordinates":[[[-77.1022905,38.7181306],[-77.1022986,38.7181311],[-77.1023047,38.7180719],[-77.1023115,38.7180723],[-77.1023153,38.7180354],[-77.1023503,38.7180376],[-77.1023467,38.7180724],[-77.1024362,38.718078],[-77.1024223,38.7182125],[-77.102283,38.7182037],[-77.1022905,38.7181306]]]}},{"type":"Feature","id":"way/707931977","properties":{"id":"way/707931977","name":null,"class":"outbuilding","building":"shed","ground_elevation_m":27.43,"height_m":3.3,"height_source":"USGS 3DEP lidar VA_NorthernVA_1_B22","height_confidence":"low","height_surveyed":false,"roof_form":"flat","roof_spread_m":0.69,"source":"openstreetmap","source_date":"2026-09-11","confidence":"medium","surveyed":false},"geometry":{"type":"Polygon","coordinates":[[[-77.102633,38.7191953],[-77.1026884,38.7192045],[-77.1026792,38.7192393],[-77.1026238,38.7192301],[-77.102633,38.7191953]]]}},{"type":"Feature","id":"way/707931978","properties":{"id":"way/707931978","name":null,"class":"building","building":"yes","ground_elevation_m":23.25,"height_m":5.5,"height_source":"USGS 3DEP lidar VA_NorthernVA_1_B22","height_confidence":"high","height_surveyed":true,"roof_form":"pitched","roof_spread_m":2.43,"source":"openstreetmap","source_date":"2026-09-11","confidence":"medium","surveyed":false},"geometry":{"type":"Polygon","coordinates":[[[-77.1001519,38.7167387],[-77.1001665,38.7167408],[-77.1001727,38.7167141],[-77.1002574,38.7167262],[-77.1002357,38.7168191],[-77.1002658,38.7168233],[-77.1002503,38.7168895],[-77.1001211,38.716871],[-77.1001519,38.7167387]]]}},{"type":"Feature","id":"way/707931979","properties":{"id":"way/707931979","name":null,"class":"building","building":"yes","ground_elevation_m":20.78,"height_m":7.8,"height_source":"USGS 3DEP lidar VA_NorthernVA_1_B22","height_confidence":"high","height_surveyed":true,"roof_form":"pitched","roof_spread_m":3.68,"source":"openstreetmap","source_date":"2026-09-11","confidence":"medium","surveyed":false},"geometry":{"type":"Polygon","coordinates":[[[-77.1042501,38.7198385],[-77.1042665,38.719772],[-77.1043364,38.7197826],[-77.1043436,38.7197534],[-77.1043828,38.7197593],[-77.1043983,38.7196964],[-77.1044893,38.7197101],[-77.1044539,38.7198536],[-77.1043693,38.7198408],[-77.1043656,38.7198559],[-77.1042501,38.7198385]]]}},{"type":"Feature","id":"way/707931981","properties":{"id":"way/707931981","name":null,"class":"building","building":"yes","ground_elevation_m":27.74,"height_m":5.8,"height_source":"USGS 3DEP lidar VA_NorthernVA_1_B22","height_confidence":"high","height_surveyed":true,"roof_form":"pitched","roof_spread_m":2.35,"source":"openstreetmap","source_date":"2026-09-11","confidence":"medium","surveyed":false},"geometry":{"type":"Polygon","coordinates":[[[-77.1030909,38.7180238],[-77.103176,38.7181106],[-77.1031059,38.7181528],[-77.103086,38.7181325],[-77.1030215,38.7181719],[-77.1030167,38.7181668],[-77.1029874,38.7181843],[-77.1029386,38.7181341],[-77.1029291,38.7181398],[-77.1028986,38.7181085],[-77.1029425,38.7180823],[-77.1029618,38.7181022],[-77.1029922,38.7180841],[-77.1029675,38.7180586],[-77.1030051,38.7180362],[-77.1030302,38.7180621],[-77.1030909,38.7180238]]]}},{"type":"Feature","id":"way/707931982","properties":{"id":"way/707931982","name":null,"class":"building","building":"yes","ground_elevation_m":19.82,"height_m":5.0,"height_source":"USGS 3DEP lidar VA_NorthernVA_1_B22","height_confidence":"high","height_surveyed":true,"roof_form":"pitched","roof_spread_m":2.19,"source":"openstreetmap","source_date":"2026-09-11","confidence":"medium","surveyed":false},"geometry":{"type":"Polygon","coordinates":[[[-77.1019693,38.7181617],[-77.1019035,38.7180691],[-77.1020548,38.7180031],[-77.1021218,38.7180975],[-77.1019693,38.7181617]]]}},{"type":"Feature","id":"way/707931983","properties":{"id":"way/707931983","name":null,"class":"building","building":"yes","ground_elevation_m":25.04,"height_m":5.6,"height_source":"USGS 3DEP lidar VA_NorthernVA_1_B22","height_confidence":"high","height_surveyed":true,"roof_form":"pitched","roof_spread_m":2.06,"source":"openstreetmap","source_date":"2026-09-11","confidence":"medium","surveyed":false},"geometry":{"type":"Polygon","coordinates":[[[-77.1030848,38.7151386],[-77.103104,38.7152412],[-77.1029333,38.7152618],[-77.1029195,38.7151821],[-77.103001,38.7151735],[-77.1029966,38.7151486],[-77.1030848,38.7151386]]]}},{"type":"Feature","id":"way/707931984","properties":{"id":"way/707931984","name":null,"class":"building","building":"yes","ground_elevation_m":25.01,"height_m":4.9,"height_source":"USGS 3DEP lidar VA_NorthernVA_1_B22","height_confidence":"high","height_surveyed":true,"roof_form":"pitched","roof_spread_m":1.98,"source":"openstreetmap","source_date":"2026-09-11","confidence":"medium","surveyed":false},"geometry":{"type":"Polygon","coordinates":[[[-77.100446,38.7161884],[-77.1005845,38.7161106],[-77.1006615,38.7161948],[-77.1006049,38.7162265],[-77.1006284,38.7162516],[-77.100548,38.716301],[-77.100446,38.7161884]]]}},{"type":"Feature","id":"way/707931985","properties":{"id":"way/707931985","name":null,"class":"building","building":"yes","ground_elevation_m":25.67,"height_m":5.3,"height_source":"USGS 3DEP lidar VA_NorthernVA_1_B22","height_confidence":"high","height_surveyed":true,"roof_form":"pitched","roof_spread_m":2.67,"source":"openstreetmap","source_date":"2026-09-11","confidence":"medium","surveyed":false},"geometry":{"type":"Polygon","coordinates":[[[-77.1026223,38.7162895],[-77.1026195,38.7162966],[-77.1025356,38.7162759],[-77.1025711,38.7162001],[-77.1026481,38.7162199],[-77.1026583,38.7161971],[-77.1027384,38.7162196],[-77.1027323,38.7162449],[-77.1027845,38.7162541],[-77.1027616,38.7163168],[-77.1027073,38.7163022],[-77.1027041,38.7163106],[-77.1026223,38.7162895]]]}},{"type":"Feature","id":"way/707931987","properties":{"id":"way/707931987","name":null,"class":"building","building":"yes","ground_elevation_m":21.66,"height_m":6.3,"height_source":"USGS 3DEP lidar VA_NorthernVA_1_B22","height_confidence":"high","height_surveyed":true,"roof_form":"pitched","roof_spread_m":2.57,"source":"openstreetmap","source_date":"2026-09-11","confidence":"medium","surveyed":false},"geometry":{"type":"Polygon","coordinates":[[[-77.1019946,38.7168229],[-77.1019983,38.7168196],[-77.1019665,38.7167979],[-77.1020058,38.7167624],[-77.1020378,38.7167842],[-77.1021105,38.7167186],[-77.1021896,38.7167724],[-77.1021296,38.7168265],[-77.1021505,38.7168408],[-77.1020947,38.7168911],[-77.1019946,38.7168229]]]}},{"type":"Feature","id":"way/707931988","properties":{"id":"way/707931988","name":null,"class":"building","building":"yes","ground_elevation_m":26.36,"height_m":7.5,"height_source":"USGS 3DEP lidar VA_NorthernVA_1_B22","height_confidence":"high","height_surveyed":true,"roof_form":"pitched","roof_spread_m":3.79,"source":"openstreetmap","source_date":"2026-09-11","confidence":"medium","surveyed":false},"geometry":{"type":"Polygon","coordinates":[[[-77.1036222,38.7140606],[-77.1038522,38.7141017],[-77.1038306,38.7141757],[-77.1036007,38.7141346],[-77.1036222,38.7140606]]]}},{"type":"Feature","id":"way/707931989","properties":{"id":"way/707931989","name":null,"class":"outbuilding","building":"garage","ground_elevation_m":27.58,"height_m":3.3,"height_source":"USGS 3DEP lidar VA_NorthernVA_1_B22","height_confidence":"low","height_surveyed":true,"roof_form":"flat","roof_spread_m":0.51,"source":"openstreetmap","source_date":"2026-09-11","confidence":"medium","surveyed":false},"geometry":{"type":"Polygon","coordinates":[[[-77.1007865,38.7151296],[-77.100879,38.7151289],[-77.1008797,38.7151931],[-77.1007872,38.7151938],[-77.1007865,38.7151296]]]}},{"type":"Feature","id":"way/707931990","properties":{"id":"way/707931990","name":null,"class":"building","building":"yes","ground_elevation_m":18.22,"height_m":5.1,"height_source":"USGS 3DEP lidar VA_NorthernVA_1_B22","height_confidence":"high","height_surveyed":true,"roof_form":"pitched","roof_spread_m":1.45,"source":"openstreetmap","source_date":"2026-09-11","confidence":"medium","surveyed":false},"geometry":{"type":"Polygon","coordinates":[[[-77.1038637,38.7152233],[-77.1038028,38.7152054],[-77.1038175,38.7151747],[-77.1037253,38.7151476],[-77.1037655,38.7150636],[-77.1039188,38.7151086],[-77.1038637,38.7152233]]]}},{"type":"Feature","id":"way/707931993","properties":{"id":"way/707931993","name":null,"class":"building","building":"yes","ground_elevation_m":26.86,"height_m":7.3,"height_source":"USGS 3DEP lidar VA_NorthernVA_1_B22","height_confidence":"high","height_surveyed":true,"roof_form":"pitched","roof_spread_m":3.41,"source":"openstreetmap","source_date":"2026-09-11","confidence":"medium","surveyed":false},"geometry":{"type":"Polygon","coordinates":[[[-77.1018125,38.7127509],[-77.1019224,38.7127684],[-77.1018765,38.7129449],[-77.1017667,38.7129274],[-77.1018125,38.7127509]]]}},{"type":"Feature","id":"way/707932012","properties":{"id":"way/707932012","name":null,"class":"building","building":"yes","ground_elevation_m":26.48,"height_m":11.0,"height_source":"USGS 3DEP lidar VA_NorthernVA_1_B22","height_confidence":"high","height_surveyed":true,"roof_form":"pitched","roof_spread_m":1.99,"source":"openstreetmap","source_date":"2026-09-11","confidence":"medium","surveyed":false},"geometry":{"type":"Polygon","coordinates":[[[-77.1008212,38.719273],[-77.1008454,38.7191755],[-77.1008898,38.7191823],[-77.1008783,38.7192287],[-77.1010557,38.7192557],[-77.1010386,38.7193242],[-77.1009176,38.7193057],[-77.100922,38.7192884],[-77.1008212,38.719273]]]}},{"type":"Feature","id":"way/707932013","properties":{"id":"way/707932013","name":null,"class":"outbuilding","building":"shed","ground_elevation_m":26.72,"height_m":4.0,"height_source":"USGS 3DEP lidar VA_NorthernVA_1_B22","height_confidence":"low","height_surveyed":false,"roof_form":"flat","roof_spread_m":0.64,"source":"openstreetmap","source_date":"2026-09-11","confidence":"medium","surveyed":false},"geometry":{"type":"Polygon","coordinates":[[[-77.1036074,38.7193045],[-77.1035736,38.7192947],[-77.1035797,38.7192818],[-77.1035442,38.7192715],[-77.1035595,38.7192391],[-77.1035905,38.7192481],[-77.1035835,38.719263],[-77.1036217,38.719274],[-77.1036074,38.7193045]]]}},{"type":"Feature","id":"way/707932014","properties":{"id":"way/707932014","name":null,"class":"building","building":"yes","ground_elevation_m":26.48,"height_m":5.9,"height_source":"USGS 3DEP lidar VA_NorthernVA_1_B22","height_confidence":"high","height_surveyed":true,"roof_form":"pitched","roof_spread_m":2.7,"source":"openstreetmap","source_date":"2026-09-11","confidence":"medium","surveyed":false},"geometry":{"type":"Polygon","coordinates":[[[-77.1040957,38.7177106],[-77.1041035,38.7177206],[-77.1041624,38.7176927],[-77.1042096,38.7177537],[-77.1040772,38.7178165],[-77.1040927,38.7178367],[-77.1040153,38.7178734],[-77.1039448,38.7177821],[-77.1040957,38.7177106]]]}},{"type":"Feature","id":"way/707932018","properties":{"id":"way/707932018","name":null,"class":"outbuilding","building":"shed","ground_elevation_m":24.1,"height_m":3.9,"height_source":"USGS 3DEP lidar VA_NorthernVA_1_B22","height_confidence":"low","height_surveyed":false,"roof_form":"flat","roof_spread_m":0.62,"source":"openstreetmap","source_date":"2026-09-11","confidence":"medium","surveyed":false},"geometry":{"type":"Polygon","coordinates":[[[-77.1029046,38.7122184],[-77.1029394,38.7122419],[-77.1029002,38.7122774],[-77.1028638,38.7122555],[-77.1029046,38.7122184]]]}},{"type":"Feature","id":"way/707932021","properties":{"id":"way/707932021","name":null,"class":"building","building":"yes","ground_elevation_m":28.46,"height_m":5.7,"height_source":"USGS 3DEP lidar VA_NorthernVA_1_B22","height_confidence":"high","height_surveyed":true,"roof_form":"pitched","roof_spread_m":2.26,"source":"openstreetmap","source_date":"2026-09-11","confidence":"medium","surveyed":false},"geometry":{"type":"Polygon","coordinates":[[[-77.1029339,38.7187016],[-77.1028507,38.7186948],[-77.1028521,38.7186848],[-77.1028177,38.718682],[-77.102827,38.7186116],[-77.1029432,38.718621],[-77.1029467,38.7185949],[-77.1030347,38.7186021],[-77.1030136,38.7187622],[-77.1029268,38.7187552],[-77.1029339,38.7187016]]]}},{"type":"Feature","id":"way/707932022","properties":{"id":"way/707932022","name":null,"class":"building","building":"yes","ground_elevation_m":26.26,"height_m":5.4,"height_source":"USGS 3DEP lidar VA_NorthernVA_1_B22","height_confidence":"high","height_surveyed":true,"roof_form":"pitched","roof_spread_m":2.29,"source":"openstreetmap","source_date":"2026-09-11","confidence":"medium","surveyed":false},"geometry":{"type":"Polygon","coordinates":[[[-77.1032538,38.7180098],[-77.1033071,38.7179717],[-77.1032895,38.7179546],[-77.103343,38.7179208],[-77.1033608,38.7179381],[-77.1034115,38.7179061],[-77.1034953,38.7179875],[-77.1034232,38.7180331],[-77.1034044,38.7180148],[-77.1033162,38.7180705],[-77.1032538,38.7180098]]]}},{"type":"Feature","id":"way/707932023","properties":{"id":"way/707932023","name":null,"class":"building","building":"yes","ground_elevation_m":20.33,"height_m":5.2,"height_source":"USGS 3DEP lidar VA_NorthernVA_1_B22","height_confidence":"high","height_surveyed":true,"roof_form":"pitched","roof_spread_m":2.34,"source":"openstreetmap","source_date":"2026-09-11","confidence":"medium","surveyed":false},"geometry":{"type":"Polygon","coordinates":[[[-77.1008323,38.7179774],[-77.1008552,38.7178965],[-77.1009984,38.7179214],[-77.1010082,38.7178869],[-77.1010644,38.7178967],[-77.1010508,38.7179444],[-77.1010293,38.7179407],[-77.1010086,38.7180137],[-77.1009069,38.7179961],[-77.1009084,38.7179906],[-77.1008323,38.7179774]]]}},{"type":"Feature","id":"way/707932024","properties":{"id":"way/707932024","name":null,"class":"building","building":"yes","ground_elevation_m":26.79,"height_m":10.1,"height_source":"USGS 3DEP lidar VA_NorthernVA_1_B22","height_confidence":"high","height_surveyed":true,"roof_form":"pitched","roof_spread_m":2.77,"source":"openstreetmap","source_date":"2026-09-11","confidence":"medium","surveyed":false},"geometry":{"type":"Polygon","coordinates":[[[-77.1021004,38.7193441],[-77.1021722,38.7193556],[-77.1021528,38.7194299],[-77.1021757,38.7194336],[-77.1021618,38.7194867],[-77.1021221,38.7194803],[-77.1021177,38.7194971],[-77.1020076,38.7194795],[-77.1020257,38.7194098],[-77.102081,38.7194187],[-77.1021004,38.7193441]]]}},{"type":"Feature","id":"way/707932025","properties":{"id":"way/707932025","name":null,"class":"building","building":"yes","ground_elevation_m":27.47,"height_m":6.8,"height_source":"USGS 3DEP lidar VA_NorthernVA_1_B22","height_confidence":"high","height_surveyed":true,"roof_form":"pitched","roof_spread_m":2.53,"source":"openstreetmap","source_date":"2026-09-11","confidence":"medium","surveyed":false},"geometry":{"type":"Polygon","coordinates":[[[-77.1031631,38.7193968],[-77.1032505,38.7194116],[-77.1032262,38.7194995],[-77.1031388,38.7194847],[-77.1031631,38.7193968]]]}},{"type":"Feature","id":"way/707932027","properties":{"id":"way/707932027","name":null,"class":"building","building":"yes","ground_elevation_m":26.63,"height_m":5.9,"height_source":"USGS 3DEP lidar VA_NorthernVA_1_B22","height_confidence":"high","height_surveyed":true,"roof_form":"pitched","roof_spread_m":2.7,"source":"openstreetmap","source_date":"2026-09-11","confidence":"medium","surveyed":false},"geometry":{"type":"Polygon","coordinates":[[[-77.1017735,38.7118885],[-77.1017827,38.7118698],[-77.1017203,38.7118509],[-77.1017614,38.7117677],[-77.1020076,38.7118424],[-77.1019572,38.7119442],[-77.1017735,38.7118885]]]}},{"type":"Feature","id":"way/707932028","properties":{"id":"way/707932028","name":null,"class":"building","building":"yes","ground_elevation_m":21.55,"height_m":9.3,"height_source":"USGS 3DEP lidar VA_NorthernVA_1_B22","height_confidence":"high","height_surveyed":true,"roof_form":"pitched","roof_spread_m":4.29,"source":"openstreetmap","source_date":"2026-09-11","confidence":"medium","surveyed":false},"geometry":{"type":"Polygon","coordinates":[[[-77.1030024,38.7118501],[-77.1030404,38.7118252],[-77.1030148,38.7117996],[-77.1031616,38.7117033],[-77.1031883,38.7117283],[-77.103218,38.7117089],[-77.1033005,38.7117861],[-77.1031959,38.7118548],[-77.1032285,38.7118854],[-77.1031331,38.7119442],[-77.1030988,38.7119121],[-77.1030811,38.7119238],[-77.1030024,38.7118501]]]}},{"type":"Feature","id":"way/707932030","properties":{"id":"way/707932030","name":null,"class":"building","building":"yes","ground_elevation_m":12.76,"height_m":7.4,"height_source":"USGS 3DEP lidar VA_NorthernVA_1_B22","height_confidence":"high","height_surveyed":true,"roof_form":"pitched","roof_spread_m":4.04,"source":"openstreetmap","source_date":"2026-09-11","confidence":"medium","surveyed":false},"geometry":{"type":"Polygon","coordinates":[[[-77.1051001,38.7117812],[-77.1051648,38.7118429],[-77.1050325,38.7119281],[-77.1050271,38.711923],[-77.104975,38.7119565],[-77.1049157,38.7119001],[-77.1051001,38.7117812]]]}},{"type":"Feature","id":"way/707932032","properties":{"id":"way/707932032","name":null,"class":"building","building":"yes","ground_elevation_m":23.96,"height_m":7.9,"height_source":"USGS 3DEP lidar VA_NorthernVA_1_B22","height_confidence":"high","height_surveyed":true,"roof_form":"pitched","roof_spread_m":4.11,"source":"openstreetmap","source_date":"2026-09-11","confidence":"medium","surveyed":false},"geometry":{"type":"Polygon","coordinates":[[[-77.1048193,38.7182355],[-77.1048855,38.7183449],[-77.1047668,38.718389],[-77.1047006,38.7182797],[-77.1048193,38.7182355]]]}},{"type":"Feature","id":"way/707932036","properties":{"id":"way/707932036","name":null,"class":"building","building":"yes","ground_elevation_m":28.57,"height_m":6.9,"height_source":"USGS 3DEP lidar VA_NorthernVA_1_B22","height_confidence":"high","height_surveyed":true,"roof_form":"pitched","roof_spread_m":3.69,"source":"openstreetmap","source_date":"2026-09-11","confidence":"medium","surveyed":false},"geometry":{"type":"Polygon","coordinates":[[[-77.1009373,38.7121971],[-77.1009273,38.7121701],[-77.1008181,38.7121948],[-77.1007829,38.712099],[-77.1009617,38.7120586],[-77.1010072,38.7121821],[-77.1009373,38.7121971]]]}},{"type":"Feature","id":"way/707932037","properties":{"id":"way/707932037","name":null,"class":"building","building":"yes","ground_elevation_m":27.42,"height_m":5.5,"height_source":"USGS 3DEP lidar VA_NorthernVA_1_B22","height_confidence":"high","height_surveyed":true,"roof_form":"pitched","roof_spread_m":2.39,"source":"openstreetmap","source_date":"2026-09-11","confidence":"medium","surveyed":false},"geometry":{"type":"Polygon","coordinates":[[[-77.1000706,38.711994],[-77.1000728,38.7120037],[-77.1002211,38.7119827],[-77.1002238,38.7119944],[-77.1003032,38.7119832],[-77.1003199,38.7120555],[-77.1002447,38.7120662],[-77.1002472,38.7120774],[-77.1002091,38.7120828],[-77.1002177,38.71212],[-77.1000112,38.7121493],[-77.0999783,38.7120071],[-77.1000706,38.711994]]]}},{"type":"Feature","id":"way/707932038","properties":{"id":"way/707932038","name":null,"class":"building","building":"yes","ground_elevation_m":24.79,"height_m":5.1,"height_source":"USGS 3DEP lidar VA_NorthernVA_1_B22","height_confidence":"high","height_surveyed":true,"roof_form":"pitched","roof_spread_m":2.24,"source":"openstreetmap","source_date":"2026-09-11","confidence":"medium","surveyed":false},"geometry":{"type":"Polygon","coordinates":[[[-77.1039301,38.7191431],[-77.1038982,38.7191533],[-77.1038645,38.7190885],[-77.1040192,38.719039],[-77.1040276,38.7190551],[-77.1040572,38.7190456],[-77.1040746,38.7190791],[-77.1040464,38.7190882],[-77.1040524,38.7190996],[-77.1040218,38.7191094],[-77.1040542,38.7191717],[-77.1039606,38.7192016],[-77.1039301,38.7191431]]]}},{"type":"Feature","id":"way/707932039","properties":{"id":"way/707932039","name":null,"class":"building","building":"yes","ground_elevation_m":14.71,"height_m":5.4,"height_source":"USGS 3DEP lidar VA_NorthernVA_1_B22","height_confidence":"high","height_surveyed":true,"roof_form":"pitched","roof_spread_m":1.59,"source":"openstreetmap","source_date":"2026-09-11","confidence":"medium","surveyed":false},"geometry":{"type":"Polygon","coordinates":[[[-77.1049427,38.7189434],[-77.1049088,38.7188244],[-77.1050147,38.7188059],[-77.1050489,38.7189258],[-77.1049427,38.7189434]]]}},{"type":"Feature","id":"way/707932040","properties":{"id":"way/707932040","name":null,"class":"building","building":"yes","ground_elevation_m":27.56,"height_m":6.0,"height_source":"USGS 3DEP lidar VA_NorthernVA_1_B22","height_confidence":"high","height_surveyed":true,"roof_form":"pitched","roof_spread_m":2.51,"source":"openstreetmap","source_date":"2026-09-11","confidence":"medium","surveyed":false},"geometry":{"type":"Polygon","coordinates":[[[-77.1024404,38.7186573],[-77.1026064,38.7186247],[-77.1026275,38.7186907],[-77.1025971,38.7186967],[-77.1026157,38.7187549],[-77.1025139,38.7187748],[-77.1024941,38.7187126],[-77.1024602,38.7187193],[-77.1024404,38.7186573]]]}},{"type":"Feature","id":"way/707932041","properties":{"id":"way/707932041","name":null,"class":"building","building":"yes","ground_elevation_m":25.61,"height_m":5.3,"height_source":"USGS 3DEP lidar VA_NorthernVA_1_B22","height_confidence":"high","height_surveyed":true,"roof_form":"pitched","roof_spread_m":2.42,"source":"openstreetmap","source_date":"2026-09-11","confidence":"medium","surveyed":false},"geometry":{"type":"Polygon","coordinates":[[[-77.1023126,38.7186563],[-77.1022794,38.7186982],[-77.1023031,38.7187097],[-77.1022738,38.7187466],[-77.1022472,38.7187336],[-77.1022194,38.7187686],[-77.1021088,38.7187147],[-77.1021493,38.7186637],[-77.1021038,38.7186416],[-77.1021536,38.7185789],[-77.1023126,38.7186563]]]}},{"type":"Feature","id":"way/707932042","properties":{"id":"way/707932042","name":null,"class":"building","building":"yes","ground_elevation_m":27.97,"height_m":6.4,"height_source":"USGS 3DEP lidar VA_NorthernVA_1_B22","height_confidence":"high","height_surveyed":true,"roof_form":"pitched","roof_spread_m":3.54,"source":"openstreetmap","source_date":"2026-09-11","confidence":"medium","surveyed":false},"geometry":{"type":"Polygon","coordinates":[[[-77.1002588,38.7128684],[-77.1004398,38.712915],[-77.1003989,38.7130126],[-77.1002846,38.7129832],[-77.1002707,38.7130163],[-77.1002041,38.7129991],[-77.1002588,38.7128684]]]}},{"type":"Feature","id":"way/707932044","properties":{"id":"way/707932044","name":null,"class":"building","building":"yes","ground_elevation_m":19.17,"height_m":5.3,"height_source":"USGS 3DEP lidar VA_NorthernVA_1_B22","height_confidence":"high","height_surveyed":true,"roof_form":"pitched","roof_spread_m":2.2,"source":"openstreetmap","source_date":"2026-09-11","confidence":"medium","surveyed":false},"geometry":{"type":"Polygon","coordinates":[[[-77.1015538,38.7180319],[-77.1017154,38.7179818],[-77.1017655,38.7180811],[-77.101604,38.7181312],[-77.1015538,38.7180319]]]}},{"type":"Feature","id":"way/707932046","properties":{"id":"way/707932046","name":null,"class":"building","building":"yes","ground_elevation_m":24.69,"height_m":5.3,"height_source":"USGS 3DEP lidar VA_NorthernVA_1_B22","height_confidence":"high","height_surveyed":true,"roof_form":"pitched","roof_spread_m":2.35,"source":"openstreetmap","source_date":"2026-09-11","confidence":"medium","surveyed":false},"geometry":{"type":"Polygon","coordinates":[[[-77.1038435,38.7184093],[-77.1039157,38.718365],[-77.1039363,38.7183858],[-77.1040311,38.7183278],[-77.1040854,38.7183822],[-77.1040523,38.7184025],[-77.1040635,38.7184137],[-77.1039297,38.7184957],[-77.1038435,38.7184093]]]}},{"type":"Feature","id":"way/707932047","properties":{"id":"way/707932047","name":null,"class":"outbuilding","building":"shed","ground_elevation_m":21.8,"height_m":null,"height_source":null,"height_confidence":null,"height_surveyed":null,"roof_form":null,"roof_spread_m":null,"source":"openstreetmap","source_date":"2026-09-11","confidence":"medium","surveyed":false},"geometry":{"type":"Polygon","coordinates":[[[-77.1007096,38.7174777],[-77.1006526,38.7174646],[-77.1006644,38.7174329],[-77.1007214,38.717446],[-77.1007096,38.7174777]]]}},{"type":"Feature","id":"way/707932048","properties":{"id":"way/707932048","name":null,"class":"building","building":"yes","ground_elevation_m":21.44,"height_m":5.6,"height_source":"USGS 3DEP lidar VA_NorthernVA_1_B22","height_confidence":"high","height_surveyed":true,"roof_form":"pitched","roof_spread_m":2.44,"source":"openstreetmap","source_date":"2026-09-11","confidence":"medium","surveyed":false},"geometry":{"type":"Polygon","coordinates":[[[-77.1000747,38.7171561],[-77.1000939,38.717163],[-77.1001252,38.7171097],[-77.1001958,38.7171351],[-77.1001295,38.7172482],[-77.1001584,38.7172586],[-77.1001219,38.7173211],[-77.100003,38.7172784],[-77.1000747,38.7171561]]]}},{"type":"Feature","id":"way/707932051","properties":{"id":"way/707932051","name":null,"class":"outbuilding","building":"shed","ground_elevation_m":16.35,"height_m":3.7,"height_source":"USGS 3DEP lidar VA_NorthernVA_1_B22","height_confidence":"low","height_surveyed":false,"roof_form":"flat","roof_spread_m":1.13,"source":"openstreetmap","source_date":"2026-09-11","confidence":"medium","surveyed":false},"geometry":{"type":"Polygon","coordinates":[[[-77.102922,38.7167651],[-77.1029867,38.7168143],[-77.1029372,38.7168509],[-77.102874,38.7168036],[-77.102922,38.7167651]]]}},{"type":"Feature","id":"way/707932052","properties":{"id":"way/707932052","name":null,"class":"building","building":"yes","ground_elevation_m":22.14,"height_m":6.2,"height_source":"USGS 3DEP lidar VA_NorthernVA_1_B22","height_confidence":"high","height_surveyed":true,"roof_form":"pitched","roof_spread_m":2.39,"source":"openstreetmap","source_date":"2026-09-11","confidence":"medium","surveyed":false},"geometry":{"type":"Polygon","coordinates":[[[-77.1015414,38.716725],[-77.10157,38.7166673],[-77.101602,38.7166771],[-77.1016332,38.7166142],[-77.1017262,38.7166426],[-77.1016972,38.716701],[-77.1017271,38.7167101],[-77.1016958,38.7167732],[-77.1015414,38.716725]]]}},{"type":"Feature","id":"way/707932053","properties":{"id":"way/707932053","name":null,"class":"outbuilding","building":"shed","ground_elevation_m":23.84,"height_m":null,"height_source":null,"height_confidence":null,"height_surveyed":null,"roof_form":null,"roof_spread_m":null,"source":"openstreetmap","source_date":"2026-09-11","confidence":"medium","surveyed":false},"geometry":{"type":"Polygon","coordinates":[[[-77.1038991,38.7196186],[-77.1039657,38.7196253],[-77.1039608,38.7196551],[-77.1038942,38.7196484],[-77.1038991,38.7196186]]]}},{"type":"Feature","id":"way/707932056","properties":{"id":"way/707932056","name":null,"class":"outbuilding","building":"shed","ground_elevation_m":27.5,"height_m":3.0,"height_source":"USGS 3DEP lidar VA_NorthernVA_1_B22","height_confidence":"low","height_surveyed":false,"roof_form":"flat","roof_spread_m":0.98,"source":"openstreetmap","source_date":"2026-09-11","confidence":"medium","surveyed":false},"geometry":{"type":"Polygon","coordinates":[[[-77.100618,38.7151944],[-77.1006208,38.7152304],[-77.1005672,38.7152337],[-77.1005642,38.7151973],[-77.100618,38.7151944]]]}},{"type":"Feature","id":"way/707932057","properties":{"id":"way/707932057","name":null,"class":"building","building":"yes","ground_elevation_m":21.69,"height_m":7.6,"height_source":"USGS 3DEP lidar VA_NorthernVA_1_B22","height_confidence":"high","height_surveyed":true,"roof_form":"pitched","roof_spread_m":4.17,"source":"openstreetmap","source_date":"2026-09-11","confidence":"medium","surveyed":false},"geometry":{"type":"Polygon","coordinates":[[[-77.1041797,38.7128682],[-77.1042646,38.7129004],[-77.104174,38.7130471],[-77.104089,38.7130149],[-77.1041797,38.7128682]]]}},{"type":"Feature","id":"way/707932060","properties":{"id":"way/707932060","name":null,"class":"building","building":"yes","ground_elevation_m":28.76,"height_m":6.9,"height_source":"USGS 3DEP lidar VA_NorthernVA_1_B22","height_confidence":"high","height_surveyed":true,"roof_form":"pitched","roof_spread_m":2.67,"source":"openstreetmap","source_date":"2026-09-11","confidence":"medium","surveyed":false},"geometry":{"type":"Polygon","coordinates":[[[-77.1006003,38.7128954],[-77.1007007,38.7127708],[-77.100826,38.7128328],[-77.1007778,38.7128925],[-77.1007514,38.7128795],[-77.1006992,38.7129443],[-77.1006003,38.7128954]]]}},{"type":"Feature","id":"way/707932062","properties":{"id":"way/707932062","name":null,"class":"building","building":"yes","ground_elevation_m":26.57,"height_m":6.0,"height_source":"USGS 3DEP lidar VA_NorthernVA_1_B22","height_confidence":"high","height_surveyed":true,"roof_form":"pitched","roof_spread_m":2.29,"source":"openstreetmap","source_date":"2026-09-11","confidence":"medium","surveyed":false},"geometry":{"type":"Polygon","coordinates":[[[-77.1042056,38.7176752],[-77.1042692,38.7176585],[-77.1042632,38.7176445],[-77.1044312,38.7176005],[-77.1044755,38.7177044],[-77.1043911,38.7177265],[-77.1043819,38.717705],[-77.1042347,38.7177435],[-77.1042056,38.7176752]]]}},{"type":"Feature","id":"way/707932063","properties":{"id":"way/707932063","name":null,"class":"building","building":"yes","ground_elevation_m":23.13,"height_m":5.3,"height_source":"USGS 3DEP lidar VA_NorthernVA_1_B22","height_confidence":"high","height_surveyed":true,"roof_form":"pitched","roof_spread_m":2.33,"source":"openstreetmap","source_date":"2026-09-11","confidence":"medium","surveyed":false},"geometry":{"type":"Polygon","coordinates":[[[-77.1017672,38.718649],[-77.1017931,38.7185492],[-77.1018787,38.7185628],[-77.1018727,38.7185861],[-77.101989,38.7186046],[-77.1019692,38.7186811],[-77.1017672,38.718649]]]}},{"type":"Feature","id":"way/707932064","properties":{"id":"way/707932064","name":null,"class":"building","building":"yes","ground_elevation_m":22.78,"height_m":5.8,"height_source":"USGS 3DEP lidar VA_NorthernVA_1_B22","height_confidence":"high","height_surveyed":true,"roof_form":"pitched","roof_spread_m":2.28,"source":"openstreetmap","source_date":"2026-09-11","confidence":"medium","surveyed":false},"geometry":{"type":"Polygon","coordinates":[[[-77.1016373,38.7185536],[-77.1016174,38.71862],[-77.1015872,38.7186145],[-77.1015688,38.7186759],[-77.1014638,38.7186566],[-77.1014822,38.7185952],[-77.1014516,38.7185895],[-77.1014715,38.7185231],[-77.1016373,38.7185536]]]}},{"type":"Feature","id":"way/707932258","properties":{"id":"way/707932258","name":null,"class":"building","building":"yes","ground_elevation_m":6.26,"height_m":4.3,"height_source":"USGS 3DEP lidar VA_NorthernVA_1_B22","height_confidence":"high","height_surveyed":true,"roof_form":"flat","roof_spread_m":0.57,"source":"openstreetmap","source_date":"2026-09-11","confidence":"medium","surveyed":false},"geometry":{"type":"Polygon","coordinates":[[[-77.0812847,38.7192838],[-77.0812445,38.7193456],[-77.0812192,38.7193355],[-77.0812017,38.7193623],[-77.0812235,38.7193711],[-77.0811842,38.7194316],[-77.0810496,38.7193778],[-77.0810871,38.7193201],[-77.081125,38.7193353],[-77.0811447,38.719305],[-77.0811084,38.7192905],[-77.0811482,38.7192293],[-77.0812847,38.7192838]]]}},{"type":"Feature","id":"way/707932259","properties":{"id":"way/707932259","name":null,"class":"building","building":"yes","ground_elevation_m":7.03,"height_m":5.0,"height_source":"USGS 3DEP lidar VA_NorthernVA_1_B22","height_confidence":"high","height_surveyed":true,"roof_form":"pitched","roof_spread_m":1.24,"source":"openstreetmap","source_date":"2026-09-11","confidence":"medium","surveyed":false},"geometry":{"type":"Polygon","coordinates":[[[-77.0804914,38.7197302],[-77.0805654,38.7196981],[-77.0805774,38.719715],[-77.0807449,38.7196425],[-77.0807981,38.719718],[-77.0806278,38.7197917],[-77.0806335,38.7197997],[-77.0805622,38.7198306],[-77.0804914,38.7197302]]]}},{"type":"Feature","id":"way/707932260","properties":{"id":"way/707932260","name":null,"class":"building","building":"yes","ground_elevation_m":5.8,"height_m":3.6,"height_source":"USGS 3DEP lidar VA_NorthernVA_1_B22","height_confidence":"high","height_surveyed":true,"roof_form":"flat","roof_spread_m":0.58,"source":"openstreetmap","source_date":"2026-09-11","confidence":"medium","surveyed":false},"geometry":{"type":"Polygon","coordinates":[[[-77.0819888,38.7196021],[-77.0820689,38.7195755],[-77.0820805,38.7195967],[-77.0821173,38.7195845],[-77.0821051,38.7195618],[-77.082189,38.7195339],[-77.0822485,38.7196438],[-77.0821663,38.7196711],[-77.0821509,38.7196427],[-77.0821181,38.7196536],[-77.0821351,38.7196848],[-77.0820492,38.7197134],[-77.0819888,38.7196021]]]}},{"type":"Feature","id":"way/707932261","properties":{"id":"way/707932261","name":null,"class":"building","building":"yes","ground_elevation_m":9.35,"height_m":5.2,"height_source":"USGS 3DEP lidar VA_NorthernVA_1_B22","height_confidence":"high","height_surveyed":true,"roof_form":"pitched","roof_spread_m":1.24,"source":"openstreetmap","source_date":"2026-09-11","confidence":"medium","surveyed":false},"geometry":{"type":"Polygon","coordinates":[[[-77.083174,38.7195459],[-77.0832046,38.7196258],[-77.0830206,38.7196659],[-77.0830243,38.7196764],[-77.0829361,38.7196957],[-77.0828962,38.7195837],[-77.0829823,38.7195649],[-77.0829897,38.7195857],[-77.083174,38.7195459]]]}},{"type":"Feature","id":"way/707932262","properties":{"id":"way/707932262","name":null,"class":"building","building":"yes","ground_elevation_m":7.21,"height_m":4.4,"height_source":"USGS 3DEP lidar VA_NorthernVA_1_B22","height_confidence":"high","height_surveyed":true,"roof_form":"flat","roof_spread_m":0.58,"source":"openstreetmap","source_date":"2026-09-11","confidence":"medium","surveyed":false},"geometry":{"type":"Polygon","coordinates":[[[-77.0802996,38.7195048],[-77.0803077,38.7194832],[-77.0802712,38.7194749],[-77.0802633,38.7194962],[-77.0801828,38.7194779],[-77.0801993,38.7194335],[-77.0801654,38.7194258],[-77.0801848,38.7193734],[-77.0802184,38.719381],[-77.0802252,38.7193627],[-77.0803071,38.7193814],[-77.0802954,38.7194127],[-77.0803336,38.7194214],[-77.0803446,38.7193919],[-77.0804281,38.7194109],[-77.080386,38.7195245],[-77.0802996,38.7195048]]]}},{"type":"Feature","id":"way/707932263","properties":{"id":"way/707932263","name":null,"class":"building","building":"yes","ground_elevation_m":9.42,"height_m":5.3,"height_source":"USGS 3DEP lidar VA_NorthernVA_1_B22","height_confidence":"high","height_surveyed":true,"roof_form":"flat","roof_spread_m":1.16,"source":"openstreetmap","source_date":"2026-09-11","confidence":"medium","surveyed":false},"geometry":{"type":"Polygon","coordinates":[[[-77.0826393,38.7198509],[-77.0827302,38.7197563],[-77.0827079,38.7197432],[-77.0827657,38.719683],[-77.0828831,38.7197522],[-77.0828265,38.7198111],[-77.0828211,38.7198079],[-77.082729,38.7199037],[-77.0826393,38.7198509]]]}},{"type":"Feature","id":"way/707932264","properties":{"id":"way/707932264","name":null,"class":"building","building":"yes","ground_elevation_m":7.9,"height_m":7.2,"height_source":"USGS 3DEP lidar VA_NorthernVA_1_B22","height_confidence":"high","height_surveyed":true,"roof_form":"pitched","roof_spread_m":3.38,"source":"openstreetmap","source_date":"2026-09-11","confidence":"medium","surveyed":false},"geometry":{"type":"Polygon","coordinates":[[[-77.0827436,38.7191443],[-77.0826837,38.7191502],[-77.0826856,38.7191618],[-77.0827065,38.7191616],[-77.0827228,38.7192688],[-77.0826003,38.7192823],[-77.0825807,38.7191733],[-77.0826052,38.7191705],[-77.0826034,38.7191589],[-77.082542,38.7191649],[-77.0825318,38.7191015],[-77.0827336,38.7190817],[-77.0827436,38.7191443]]]}},{"type":"Feature","id":"way/707932265","properties":{"id":"way/707932265","name":null,"class":"building","building":"yes","ground_elevation_m":7.3,"height_m":8.0,"height_source":"USGS 3DEP lidar VA_NorthernVA_1_B22","height_confidence":"high","height_surveyed":true,"roof_form":"flat","roof_spread_m":1.1,"source":"openstreetmap","source_date":"2026-09-11","confidence":"medium","surveyed":false},"geometry":{"type":"Polygon","coordinates":[[[-77.0809813,38.7194407],[-77.0810909,38.7195184],[-77.0810234,38.7195769],[-77.0810325,38.7195833],[-77.0809374,38.7196657],[-77.0808491,38.7196032],[-77.0809447,38.7195204],[-77.0809584,38.7195301],[-77.0809667,38.7195229],[-77.0809226,38.7194916],[-77.0809813,38.7194407]]]}},{"type":"Feature","id":"way/707932266","properties":{"id":"way/707932266","name":null,"class":"building","building":"yes","ground_elevation_m":7.17,"height_m":5.3,"height_source":"USGS 3DEP lidar VA_NorthernVA_1_B22","height_confidence":"high","height_surveyed":true,"roof_form":"flat","roof_spread_m":0.56,"source":"openstreetmap","source_date":"2026-09-11","confidence":"medium","surveyed":false},"geometry":{"type":"Polygon","coordinates":[[[-77.0830588,38.7183371],[-77.0830627,38.7183053],[-77.0830213,38.7183022],[-77.0830173,38.7183353],[-77.0829354,38.7183293],[-77.0829497,38.71821],[-77.0830326,38.7182161],[-77.0830304,38.7182347],[-77.0830705,38.7182377],[-77.0830728,38.7182181],[-77.0831589,38.7182245],[-77.0831568,38.7182419],[-77.0831484,38.7182413],[-77.0831463,38.7182591],[-77.083178,38.7182586],[-77.0831683,38.7183391],[-77.0831424,38.7183372],[-77.0831417,38.7183432],[-77.0830588,38.7183371]]]}},{"type":"Feature","id":"way/707932267","properties":{"id":"way/707932267","name":null,"class":"building","building":"yes","ground_elevation_m":6.62,"height_m":6.8,"height_source":"USGS 3DEP lidar VA_NorthernVA_1_B22","height_confidence":"high","height_surveyed":true,"roof_form":"pitched","roof_spread_m":3.16,"source":"openstreetmap","source_date":"2026-09-11","confidence":"medium","surveyed":false},"geometry":{"type":"Polygon","coordinates":[[[-77.0825501,38.7183733],[-77.0826858,38.7183266],[-77.0826919,38.7183376],[-77.0827736,38.7183095],[-77.0828324,38.7184142],[-77.0827561,38.7184405],[-77.0827325,38.7183984],[-77.0827221,38.7184019],[-77.0827294,38.718415],[-77.0825987,38.7184599],[-77.0825501,38.7183733]]]}},{"type":"Feature","id":"way/707932268","properties":{"id":"way/707932268","name":null,"class":"building","building":"yes","ground_elevation_m":7.5,"height_m":5.0,"height_source":"USGS 3DEP lidar VA_NorthernVA_1_B22","height_confidence":"high","height_surveyed":true,"roof_form":"pitched","roof_spread_m":1.25,"source":"openstreetmap","source_date":"2026-09-11","confidence":"medium","surveyed":false},"geometry":{"type":"Polygon","coordinates":[[[-77.0820892,38.7184649],[-77.0820783,38.7183827],[-77.0822571,38.7183681],[-77.0822551,38.7183533],[-77.0823513,38.7183455],[-77.0823669,38.7184624],[-77.0822781,38.7184697],[-77.0822754,38.7184497],[-77.0820892,38.7184649]]]}},{"type":"Feature","id":"way/707932269","properties":{"id":"way/707932269","name":null,"class":"building","building":"yes","ground_elevation_m":6.29,"height_m":3.9,"height_source":"USGS 3DEP lidar VA_NorthernVA_1_B22","height_confidence":"high","height_surveyed":true,"roof_form":"flat","roof_spread_m":0.59,"source":"openstreetmap","source_date":"2026-09-11","confidence":"medium","surveyed":false},"geometry":{"type":"Polygon","coordinates":[[[-77.0817673,38.7198405],[-77.0817955,38.7197756],[-77.0818213,38.7197825],[-77.0818333,38.719755],[-77.0818065,38.7197478],[-77.0818348,38.7196829],[-77.0819777,38.7197211],[-77.0819509,38.7197825],[-77.0819126,38.7197723],[-77.0818975,38.7198069],[-77.081938,38.7198178],[-77.0819114,38.7198789],[-77.0817673,38.7198405]]]}},{"type":"Feature","id":"way/707932270","properties":{"id":"way/707932270","name":null,"class":"building","building":"yes","ground_elevation_m":7.05,"height_m":5.2,"height_source":"USGS 3DEP lidar VA_NorthernVA_1_B22","height_confidence":"high","height_surveyed":true,"roof_form":"flat","roof_spread_m":1.11,"source":"openstreetmap","source_date":"2026-09-11","confidence":"medium","surveyed":false},"geometry":{"type":"Polygon","coordinates":[[[-77.0823677,38.7194101],[-77.0824928,38.7193396],[-77.0825535,38.7194057],[-77.0824277,38.7194766],[-77.0824427,38.719493],[-77.0823733,38.7195321],[-77.0822875,38.7194387],[-77.0823554,38.7194004],[-77.0823677,38.7194101]]]}},{"type":"Feature","id":"way/707932271","properties":{"id":"way/707932271","name":null,"class":"building","building":"yes","ground_elevation_m":6.81,"height_m":5.2,"height_source":"USGS 3DEP lidar VA_NorthernVA_1_B22","height_confidence":"high","height_surveyed":true,"roof_form":"flat","roof_spread_m":0.69,"source":"openstreetmap","source_date":"2026-09-11","confidence":"medium","surveyed":false},"geometry":{"type":"Polygon","coordinates":[[[-77.0813399,38.7190712],[-77.0814263,38.7190552],[-77.0814433,38.7191111],[-77.0814807,38.7191041],[-77.0814721,38.7190757],[-77.0815562,38.71906],[-77.0815913,38.7191758],[-77.0815049,38.7191919],[-77.0814989,38.719172],[-77.0814635,38.7191786],[-77.0814688,38.7191961],[-77.0813827,38.7192121],[-77.0813399,38.7190712]]]}},{"type":"Feature","id":"way/707932272","properties":{"id":"way/707932272","name":null,"class":"building","building":"yes","ground_elevation_m":26.62,"height_m":5.8,"height_source":"USGS 3DEP lidar VA_NorthernVA_1_B22","height_confidence":"high","height_surveyed":true,"roof_form":"pitched","roof_spread_m":1.21,"source":"openstreetmap","source_date":"2026-09-11","confidence":"medium","surveyed":false},"geometry":{"type":"Polygon","coordinates":[[[-77.0996953,38.7098273],[-77.0996422,38.7099695],[-77.099491,38.7099349],[-77.0995164,38.7098668],[-77.0995564,38.709876],[-77.099584,38.7098018],[-77.0996953,38.7098273]]]}},{"type":"Feature","id":"way/707932273","properties":{"id":"way/707932273","name":null,"class":"building","building":"yes","ground_elevation_m":8.27,"height_m":6.6,"height_source":"USGS 3DEP lidar VA_NorthernVA_1_B22","height_confidence":"high","height_surveyed":true,"roof_form":"pitched","roof_spread_m":3.26,"source":"openstreetmap","source_date":"2026-09-11","confidence":"medium","surveyed":false},"geometry":{"type":"Polygon","coordinates":[[[-77.0810022,38.7189117],[-77.0809615,38.7188925],[-77.0808821,38.7189958],[-77.0807809,38.718948],[-77.0808558,38.7188506],[-77.0808733,38.7188588],[-77.0809216,38.718796],[-77.081046,38.7188547],[-77.0810022,38.7189117]]]}},{"type":"Feature","id":"way/707932274","properties":{"id":"way/707932274","name":null,"class":"building","building":"yes","ground_elevation_m":6.04,"height_m":6.0,"height_source":"USGS 3DEP lidar VA_NorthernVA_1_B22","height_confidence":"high","height_surveyed":true,"roof_form":"flat","roof_spread_m":0.93,"source":"openstreetmap","source_date":"2026-09-11","confidence":"medium","surveyed":false},"geometry":{"type":"Polygon","coordinates":[[[-77.0817755,38.7188853],[-77.0817694,38.718866],[-77.0818489,38.7188505],[-77.0818838,38.7189606],[-77.0818027,38.7189764],[-77.0817993,38.7189658],[-77.0816129,38.719002],[-77.0815875,38.7189219],[-77.0817755,38.7188853]]]}},{"type":"Feature","id":"way/707932275","properties":{"id":"way/707932275","name":null,"class":"outbuilding","building":"shed","ground_elevation_m":22.62,"height_m":3.0,"height_source":"USGS 3DEP lidar VA_NorthernVA_1_B22","height_confidence":"low","height_surveyed":false,"roof_form":"pitched","roof_spread_m":1.57,"source":"openstreetmap","source_date":"2026-09-11","confidence":"medium","surveyed":false},"geometry":{"type":"Polygon","coordinates":[[[-77.0996077,38.7090868],[-77.0996496,38.709121],[-77.0996207,38.7091439],[-77.0995788,38.7091096],[-77.0996077,38.7090868]]]}},{"type":"Feature","id":"way/707932276","properties":{"id":"way/707932276","name":null,"class":"building","building":"yes","ground_elevation_m":6.5,"height_m":5.9,"height_source":"USGS 3DEP lidar VA_NorthernVA_1_B22","height_confidence":"high","height_surveyed":true,"roof_form":"pitched","roof_spread_m":1.27,"source":"openstreetmap","source_date":"2026-09-11","confidence":"medium","surveyed":false},"geometry":{"type":"Polygon","coordinates":[[[-77.0819626,38.7189162],[-77.0819646,38.7188881],[-77.0819597,38.718888],[-77.0819643,38.7188042],[-77.0821247,38.7188094],[-77.0821256,38.7187927],[-77.0822147,38.7187989],[-77.0822046,38.7189104],[-77.0821132,38.7189053],[-77.0821141,38.7188957],[-77.0820008,38.7188902],[-77.0819988,38.7189178],[-77.0819626,38.7189162]]]}},{"type":"Feature","id":"way/707932277","properties":{"id":"way/707932277","name":null,"class":"building","building":"yes","ground_elevation_m":8.22,"height_m":6.6,"height_source":"USGS 3DEP lidar VA_NorthernVA_1_B22","height_confidence":"high","height_surveyed":true,"roof_form":"pitched","roof_spread_m":3.37,"source":"openstreetmap","source_date":"2026-09-11","confidence":"medium","surveyed":false},"geometry":{"type":"Polygon","coordinates":[[[-77.0813042,38.7186182],[-77.0813392,38.7186962],[-77.0811933,38.7187364],[-77.0812082,38.7187696],[-77.0811273,38.7187919],[-77.0810774,38.7186807],[-77.0813042,38.7186182]]]}},{"type":"Feature","id":"way/707932278","properties":{"id":"way/707932278","name":null,"class":"building","building":"yes","ground_elevation_m":8.35,"height_m":6.8,"height_source":"USGS 3DEP lidar VA_NorthernVA_1_B22","height_confidence":"high","height_surveyed":true,"roof_form":"pitched","roof_spread_m":3.3,"source":"openstreetmap","source_date":"2026-09-11","confidence":"medium","surveyed":false},"geometry":{"type":"Polygon","coordinates":[[[-77.0804614,38.7191266],[-77.0806547,38.7190141],[-77.0807456,38.71911],[-77.0806721,38.7191528],[-77.0806461,38.7191254],[-77.0805264,38.7191952],[-77.0804614,38.7191266]]]}},{"type":"Feature","id":"way/707932279","properties":{"id":"way/707932279","name":null,"class":"building","building":"yes","ground_elevation_m":25.12,"height_m":5.7,"height_source":"USGS 3DEP lidar VA_NorthernVA_1_B22","height_confidence":"high","height_surveyed":true,"roof_form":"pitched","roof_spread_m":1.53,"source":"openstreetmap","source_date":"2026-09-11","confidence":"medium","surveyed":false},"geometry":{"type":"Polygon","coordinates":[[[-77.0985966,38.7078513],[-77.0987149,38.7079108],[-77.0986156,38.708032],[-77.0984973,38.7079725],[-77.0985966,38.7078513]]]}},{"type":"Feature","id":"way/707932280","properties":{"id":"way/707932280","name":null,"class":"building","building":"yes","ground_elevation_m":24.72,"height_m":6.9,"height_source":"USGS 3DEP lidar VA_NorthernVA_1_B22","height_confidence":"high","height_surveyed":true,"roof_form":"pitched","roof_spread_m":2.64,"source":"openstreetmap","source_date":"2026-09-11","confidence":"medium","surveyed":false},"geometry":{"type":"Polygon","coordinates":[[[-77.0987202,38.7110524],[-77.0987341,38.7110194],[-77.0987956,38.7110352],[-77.0987387,38.7111708],[-77.0985563,38.7111238],[-77.0985994,38.7110213],[-77.0987202,38.7110524]]]}},{"type":"Feature","id":"way/707932281","properties":{"id":"way/707932281","name":null,"class":"building","building":"yes","ground_elevation_m":24.79,"height_m":7.7,"height_source":"USGS 3DEP lidar VA_NorthernVA_1_B22","height_confidence":"high","height_surveyed":true,"roof_form":"pitched","roof_spread_m":3.73,"source":"openstreetmap","source_date":"2026-09-11","confidence":"medium","surveyed":false},"geometry":{"type":"Polygon","coordinates":[[[-77.0978193,38.709061],[-77.0979019,38.7090807],[-77.0978932,38.7091033],[-77.0979253,38.7091124],[-77.0978859,38.7092132],[-77.0978361,38.709201],[-77.0978188,38.7092448],[-77.0977137,38.7092197],[-77.0977376,38.7091545],[-77.0977291,38.7091525],[-77.0977471,38.7091056],[-77.0977974,38.7091175],[-77.0978193,38.709061]]]}},{"type":"Feature","id":"way/707932282","properties":{"id":"way/707932282","name":null,"class":"outbuilding","building":"shed","ground_elevation_m":23.85,"height_m":4.4,"height_source":"USGS 3DEP lidar VA_NorthernVA_1_B22","height_confidence":"low","height_surveyed":false,"roof_form":"flat","roof_spread_m":0.87,"source":"openstreetmap","source_date":"2026-09-11","confidence":"medium","surveyed":false},"geometry":{"type":"Polygon","coordinates":[[[-77.0994335,38.7091981],[-77.0994507,38.7091545],[-77.0994942,38.7091651],[-77.099477,38.7092086],[-77.0994335,38.7091981]]]}},{"type":"Feature","id":"way/707932283","properties":{"id":"way/707932283","name":null,"class":"building","building":"yes","ground_elevation_m":26.86,"height_m":6.4,"height_source":"USGS 3DEP lidar VA_NorthernVA_1_B22","height_confidence":"high","height_surveyed":true,"roof_form":"pitched","roof_spread_m":1.41,"source":"openstreetmap","source_date":"2026-09-11","confidence":"medium","surveyed":false},"geometry":{"type":"Polygon","coordinates":[[[-77.0976239,38.7113369],[-77.0976804,38.7112386],[-77.0978566,38.7113007],[-77.0978001,38.7113991],[-77.0976239,38.7113369]]]}},{"type":"Feature","id":"way/707932284","properties":{"id":"way/707932284","name":null,"class":"building","building":"yes","ground_elevation_m":28.11,"height_m":6.7,"height_source":"USGS 3DEP lidar VA_NorthernVA_1_B22","height_confidence":"high","height_surveyed":true,"roof_form":"pitched","roof_spread_m":1.57,"source":"openstreetmap","source_date":"2026-09-11","confidence":"medium","surveyed":false},"geometry":{"type":"Polygon","coordinates":[[[-77.0974633,38.7111804],[-77.0973944,38.71125],[-77.0973655,38.7112324],[-77.0973177,38.7112806],[-77.0972152,38.7112183],[-77.0973318,38.7111005],[-77.0974633,38.7111804]]]}},{"type":"Feature","id":"way/707932285","properties":{"id":"way/707932285","name":null,"class":"building","building":"yes","ground_elevation_m":27.92,"height_m":7.7,"height_source":"USGS 3DEP lidar VA_NorthernVA_1_B22","height_confidence":"high","height_surveyed":true,"roof_form":"pitched","roof_spread_m":3.43,"source":"openstreetmap","source_date":"2026-09-11","confidence":"medium","surveyed":false},"geometry":{"type":"Polygon","coordinates":[[[-77.0972013,38.7114118],[-77.0972944,38.7114208],[-77.0972674,38.7116095],[-77.0971706,38.711601],[-77.0971757,38.7115637],[-77.0971492,38.7115608],[-77.0971689,38.7114475],[-77.0971946,38.7114502],[-77.0972013,38.7114118]]]}},{"type":"Feature","id":"way/707932286","properties":{"id":"way/707932286","name":null,"class":"building","building":"yes","ground_elevation_m":26.07,"height_m":6.3,"height_source":"USGS 3DEP lidar VA_NorthernVA_1_B22","height_confidence":"high","height_surveyed":true,"roof_form":"pitched","roof_spread_m":1.89,"source":"openstreetmap","source_date":"2026-09-11","confidence":"medium","surveyed":false},"geometry":{"type":"Polygon","coordinates":[[[-77.0980109,38.7115099],[-77.0980246,38.7114877],[-77.0979293,38.7114515],[-77.0979858,38.7113602],[-77.0981594,38.7114261],[-77.0981016,38.7115196],[-77.0980888,38.7115147],[-77.0980764,38.7115348],[-77.0980109,38.7115099]]]}},{"type":"Feature","id":"way/707932287","properties":{"id":"way/707932287","name":null,"class":"building","building":"yes","ground_elevation_m":25.24,"height_m":5.8,"height_source":"USGS 3DEP lidar VA_NorthernVA_1_B22","height_confidence":"high","height_surveyed":true,"roof_form":"pitched","roof_spread_m":1.5,"source":"openstreetmap","source_date":"2026-09-11","confidence":"medium","surveyed":false},"geometry":{"type":"Polygon","coordinates":[[[-77.0997379,38.7093947],[-77.0997913,38.7092545],[-77.099925,38.7092858],[-77.0998716,38.709426],[-77.0997379,38.7093947]]]}},{"type":"Feature","id":"way/707932288","properties":{"id":"way/707932288","name":null,"class":"building","building":"yes","ground_elevation_m":25.7,"height_m":6.5,"height_source":"USGS 3DEP lidar VA_NorthernVA_1_B22","height_confidence":"high","height_surveyed":true,"roof_form":"pitched","roof_spread_m":1.64,"source":"openstreetmap","source_date":"2026-09-11","confidence":"medium","surveyed":false},"geometry":{"type":"Polygon","coordinates":[[[-77.0997462,38.7113724],[-77.0999211,38.7114315],[-77.0998686,38.7115269],[-77.0996937,38.7114677],[-77.0997462,38.7113724]]]}},{"type":"Feature","id":"way/707932289","properties":{"id":"way/707932289","name":null,"class":"building","building":"yes","ground_elevation_m":24.26,"height_m":7.0,"height_source":"USGS 3DEP lidar VA_NorthernVA_1_B22","height_confidence":"high","height_surveyed":true,"roof_form":"pitched","roof_spread_m":4.02,"source":"openstreetmap","source_date":"2026-09-11","confidence":"medium","surveyed":false},"geometry":{"type":"Polygon","coordinates":[[[-77.0991342,38.7112808],[-77.0989434,38.7112709],[-77.0989518,38.7111709],[-77.0990588,38.7111764],[-77.0990612,38.7111466],[-77.0991451,38.711151],[-77.0991342,38.7112808]]]}},{"type":"Feature","id":"way/707932290","properties":{"id":"way/707932290","name":null,"class":"building","building":"yes","ground_elevation_m":6.28,"height_m":7.5,"height_source":"USGS 3DEP lidar VA_NorthernVA_1_B22","height_confidence":"high","height_surveyed":true,"roof_form":"pitched","roof_spread_m":3.77,"source":"openstreetmap","source_date":"2026-09-11","confidence":"medium","surveyed":false},"geometry":{"type":"Polygon","coordinates":[[[-77.0824621,38.7189118],[-77.0823818,38.7189553],[-77.0823009,38.7188638],[-77.0824688,38.7187727],[-77.0825504,38.7188649],[-77.0825799,38.718849],[-77.0826344,38.7189107],[-77.0825173,38.7189743],[-77.0824621,38.7189118]]]}},{"type":"Feature","id":"way/707932291","properties":{"id":"way/707932291","name":null,"class":"building","building":"yes","ground_elevation_m":24.79,"height_m":6.8,"height_source":"USGS 3DEP lidar VA_NorthernVA_1_B22","height_confidence":"high","height_surveyed":true,"roof_form":"pitched","roof_spread_m":1.8,"source":"openstreetmap","source_date":"2026-09-11","confidence":"medium","surveyed":false},"geometry":{"type":"Polygon","coordinates":[[[-77.0992242,38.7107118],[-77.0992788,38.7105678],[-77.099403,38.7105968],[-77.0993484,38.7107407],[-77.0992242,38.7107118]]]}},{"type":"Feature","id":"way/707932292","properties":{"id":"way/707932292","name":null,"class":"building","building":"yes","ground_elevation_m":24.96,"height_m":6.4,"height_source":"USGS 3DEP lidar VA_NorthernVA_1_B22","height_confidence":"high","height_surveyed":true,"roof_form":"pitched","roof_spread_m":1.77,"source":"openstreetmap","source_date":"2026-09-11","confidence":"medium","surveyed":false},"geometry":{"type":"Polygon","coordinates":[[[-77.0979647,38.7089065],[-77.0979874,38.7089124],[-77.0979638,38.7089675],[-77.0978208,38.70893],[-77.0978775,38.7087975],[-77.0979978,38.7088291],[-77.0979647,38.7089065]]]}},{"type":"Feature","id":"way/707932293","properties":{"id":"way/707932293","name":null,"class":"building","building":"yes","ground_elevation_m":25.35,"height_m":7.7,"height_source":"USGS 3DEP lidar VA_NorthernVA_1_B22","height_confidence":"high","height_surveyed":true,"roof_form":"pitched","roof_spread_m":3.66,"source":"openstreetmap","source_date":"2026-09-11","confidence":"medium","surveyed":false},"geometry":{"type":"Polygon","coordinates":[[[-77.098101,38.7084455],[-77.0981712,38.7083597],[-77.0981829,38.7083656],[-77.0982181,38.7083224],[-77.0983053,38.7083661],[-77.0982227,38.7084671],[-77.0981989,38.7084552],[-77.098176,38.7084832],[-77.098101,38.7084455]]]}},{"type":"Feature","id":"way/707932294","properties":{"id":"way/707932294","name":null,"class":"building","building":"yes","ground_elevation_m":21.15,"height_m":5.6,"height_source":"USGS 3DEP lidar VA_NorthernVA_1_B22","height_confidence":"high","height_surveyed":true,"roof_form":"pitched","roof_spread_m":1.55,"source":"openstreetmap","source_date":"2026-09-11","confidence":"medium","surveyed":false},"geometry":{"type":"Polygon","coordinates":[[[-77.0995254,38.7083992],[-77.0996987,38.7083244],[-77.0997639,38.7084171],[-77.0995906,38.7084919],[-77.0995254,38.7083992]]]}},{"type":"Feature","id":"way/707932295","properties":{"id":"way/707932295","name":null,"class":"building","building":"yes","ground_elevation_m":23.45,"height_m":5.8,"height_source":"USGS 3DEP lidar VA_NorthernVA_1_B22","height_confidence":"high","height_surveyed":true,"roof_form":"pitched","roof_spread_m":1.64,"source":"openstreetmap","source_date":"2026-09-11","confidence":"medium","surveyed":false},"geometry":{"type":"Polygon","coordinates":[[[-77.0998832,38.7090403],[-77.099838,38.7090273],[-77.0998556,38.7089898],[-77.1000283,38.7090395],[-77.0999603,38.7091846],[-77.0998327,38.7091479],[-77.0998832,38.7090403]]]}},{"type":"Feature","id":"way/707932296","properties":{"id":"way/707932296","name":null,"class":"building","building":"yes","ground_elevation_m":22.97,"height_m":6.2,"height_source":"USGS 3DEP lidar VA_NorthernVA_1_B22","height_confidence":"high","height_surveyed":true,"roof_form":"pitched","roof_spread_m":1.63,"source":"openstreetmap","source_date":"2026-09-11","confidence":"medium","surveyed":false},"geometry":{"type":"Polygon","coordinates":[[[-77.0991478,38.708439],[-77.0991612,38.7084189],[-77.0990909,38.7083902],[-77.0991407,38.7083152],[-77.0993833,38.708414],[-77.0993186,38.7085086],[-77.0991478,38.708439]]]}},{"type":"Feature","id":"way/707932297","properties":{"id":"way/707932297","name":null,"class":"building","building":"yes","ground_elevation_m":25.13,"height_m":7.0,"height_source":"USGS 3DEP lidar VA_NorthernVA_1_B22","height_confidence":"high","height_surveyed":true,"roof_form":"pitched","roof_spread_m":2.0,"source":"openstreetmap","source_date":"2026-09-11","confidence":"medium","surveyed":false},"geometry":{"type":"Polygon","coordinates":[[[-77.098058,38.7108016],[-77.0980803,38.7107686],[-77.0981912,38.7108146],[-77.0981175,38.7109236],[-77.097947,38.7108529],[-77.0979984,38.7107769],[-77.098058,38.7108016]]]}},{"type":"Feature","id":"way/707932298","properties":{"id":"way/707932298","name":null,"class":"building","building":"yes","ground_elevation_m":26.17,"height_m":6.3,"height_source":"USGS 3DEP lidar VA_NorthernVA_1_B22","height_confidence":"high","height_surveyed":true,"roof_form":"pitched","roof_spread_m":1.67,"source":"openstreetmap","source_date":"2026-09-11","confidence":"medium","surveyed":false},"geometry":{"type":"Polygon","coordinates":[[[-77.097678,38.7106611],[-77.0977448,38.7106876],[-77.09777,38.7106487],[-77.0978743,38.7106901],[-77.0977911,38.7108187],[-77.0976201,38.7107507],[-77.097678,38.7106611]]]}},{"type":"Feature","id":"way/707932299","properties":{"id":"way/707932299","name":null,"class":"building","building":"yes","ground_elevation_m":25.29,"height_m":7.9,"height_source":"USGS 3DEP lidar VA_NorthernVA_1_B22","height_confidence":"high","height_surveyed":true,"roof_form":"pitched","roof_spread_m":3.71,"source":"openstreetmap","source_date":"2026-09-11","confidence":"medium","surveyed":false},"geometry":{"type":"Polygon","coordinates":[[[-77.0983196,38.7081918],[-77.0983646,38.708136],[-77.0983577,38.7081326],[-77.0983864,38.7080969],[-77.0985084,38.7081572],[-77.0985281,38.7081328],[-77.0985917,38.7081642],[-77.0985684,38.7081931],[-77.0985346,38.7081764],[-77.0984951,38.7082255],[-77.0985344,38.708245],[-77.0985038,38.7082829],[-77.0983196,38.7081918]]]}},{"type":"Feature","id":"way/708076833","properties":{"id":"way/708076833","name":null,"class":"building","building":"yes","ground_elevation_m":20.11,"height_m":4.9,"height_source":"USGS 3DEP lidar VA_NorthernVA_1_B22","height_confidence":"high","height_surveyed":true,"roof_form":"flat","roof_spread_m":0.63,"source":"openstreetmap","source_date":"2026-09-11","confidence":"medium","surveyed":false},"geometry":{"type":"Polygon","coordinates":[[[-77.0881815,38.7199659],[-77.0883405,38.7199642],[-77.0883417,38.7200335],[-77.0883173,38.7200337],[-77.0883179,38.7200619],[-77.0883391,38.7200617],[-77.0883404,38.7201316],[-77.0881895,38.7201333],[-77.0881882,38.7200646],[-77.0882273,38.7200642],[-77.0882267,38.7200327],[-77.0881827,38.7200332],[-77.0881815,38.7199659]]]}},{"type":"Feature","id":"way/708076834","properties":{"id":"way/708076834","name":null,"class":"building","building":"yes","ground_elevation_m":10.18,"height_m":4.7,"height_source":"USGS 3DEP lidar VA_NorthernVA_1_B22","height_confidence":"high","height_surveyed":true,"roof_form":"flat","roof_spread_m":1.18,"source":"openstreetmap","source_date":"2026-09-11","confidence":"medium","surveyed":false},"geometry":{"type":"Polygon","coordinates":[[[-77.0867014,38.7200636],[-77.086694,38.7200765],[-77.0866123,38.7200475],[-77.0866716,38.7199447],[-77.0867548,38.7199742],[-77.0867496,38.7199831],[-77.0868899,38.7200328],[-77.0868431,38.7201138],[-77.0867014,38.7200636]]]}},{"type":"Feature","id":"way/708076847","properties":{"id":"way/708076847","name":null,"class":"building","building":"yes","ground_elevation_m":8.56,"height_m":7.2,"height_source":"USGS 3DEP lidar VA_NorthernVA_1_B22","height_confidence":"high","height_surveyed":true,"roof_form":"pitched","roof_spread_m":3.3,"source":"openstreetmap","source_date":"2026-09-11","confidence":"medium","surveyed":false},"geometry":{"type":"Polygon","coordinates":[[[-77.0839329,38.719932],[-77.0839525,38.7199602],[-77.0840831,38.7199044],[-77.0841439,38.7199918],[-77.0840179,38.7200456],[-77.0840087,38.7200323],[-77.083925,38.7200681],[-77.0838538,38.7199658],[-77.0839329,38.719932]]]}},{"type":"Feature","id":"way/708076848","properties":{"id":"way/708076848","name":null,"class":"building","building":"yes","ground_elevation_m":16.25,"height_m":5.4,"height_source":"USGS 3DEP lidar VA_NorthernVA_1_B22","height_confidence":"high","height_surveyed":true,"roof_form":"flat","roof_spread_m":0.83,"source":"openstreetmap","source_date":"2026-09-11","confidence":"medium","surveyed":false},"geometry":{"type":"Polygon","coordinates":[[[-77.0872771,38.7200121],[-77.0874764,38.719959],[-77.0875134,38.7200441],[-77.0873141,38.7200972],[-77.0872771,38.7200121]]]}},{"type":"Feature","id":"way/708076849","properties":{"id":"way/708076849","name":null,"class":"building","building":"yes","ground_elevation_m":25.46,"height_m":8.6,"height_source":"USGS 3DEP lidar VA_NorthernVA_1_B22","height_confidence":"high","height_surveyed":true,"roof_form":"pitched","roof_spread_m":2.13,"source":"openstreetmap","source_date":"2026-09-11","confidence":"medium","surveyed":false},"geometry":{"type":"Polygon","coordinates":[[[-77.0893192,38.7200085],[-77.0893337,38.7200072],[-77.0893166,38.7198891],[-77.0894187,38.71988],[-77.0894492,38.7200903],[-77.0893326,38.7201007],[-77.0893192,38.7200085]]]}},{"type":"Feature","id":"way/708076857","properties":{"id":"way/708076857","name":null,"class":"building","building":"yes","ground_elevation_m":9.28,"height_m":6.9,"height_source":"USGS 3DEP lidar VA_NorthernVA_1_B22","height_confidence":"high","height_surveyed":true,"roof_form":"pitched","roof_spread_m":3.28,"source":"openstreetmap","source_date":"2026-09-11","confidence":"medium","surveyed":false},"geometry":{"type":"Polygon","coordinates":[[[-77.0831614,38.7200688],[-77.0831467,38.7200641],[-77.0832002,38.7199613],[-77.0833154,38.719998],[-77.0832606,38.7201036],[-77.0832987,38.7201157],[-77.0832644,38.7201818],[-77.0831257,38.7201376],[-77.0831614,38.7200688]]]}},{"type":"Feature","id":"way/708076911","properties":{"id":"way/708076911","name":null,"class":"building","building":"yes","ground_elevation_m":29.26,"height_m":5.9,"height_source":"USGS 3DEP lidar VA_NorthernVA_1_B22","height_confidence":"high","height_surveyed":true,"roof_form":"pitched","roof_spread_m":1.37,"source":"openstreetmap","source_date":"2026-09-11","confidence":"medium","surveyed":false},"geometry":{"type":"Polygon","coordinates":[[[-77.093042,38.7200452],[-77.0930582,38.7199561],[-77.0931039,38.7199611],[-77.093269,38.7199795],[-77.0932529,38.7200686],[-77.093042,38.7200452]]]}},{"type":"Feature","id":"way/708076914","properties":{"id":"way/708076914","name":null,"class":"building","building":"yes","ground_elevation_m":24.38,"height_m":4.2,"height_source":"USGS 3DEP lidar VA_NorthernVA_1_B22","height_confidence":"high","height_surveyed":true,"roof_form":"flat","roof_spread_m":1.15,"source":"openstreetmap","source_date":"2026-09-11","confidence":"medium","surveyed":false},"geometry":{"type":"Polygon","coordinates":[[[-77.0991981,38.7200052],[-77.0991906,38.720006],[-77.0991985,38.7200475],[-77.0991008,38.720059],[-77.099078,38.71994],[-77.0990477,38.7199435],[-77.0990359,38.719882],[-77.0991706,38.7198662],[-77.0991782,38.7199063],[-77.0991887,38.7199051],[-77.099197,38.7199485],[-77.0991875,38.7199496],[-77.0991981,38.7200052]]]}},{"type":"Feature","id":"way/708076915","properties":{"id":"way/708076915","name":null,"class":"outbuilding","building":"shed","ground_elevation_m":30.33,"height_m":4.6,"height_source":"USGS 3DEP lidar VA_NorthernVA_1_B22","height_confidence":"low","height_surveyed":false,"roof_form":"flat","roof_spread_m":1.18,"source":"openstreetmap","source_date":"2026-09-11","confidence":"medium","surveyed":false},"geometry":{"type":"Polygon","coordinates":[[[-77.0947824,38.7199609],[-77.0948607,38.7199674],[-77.0948556,38.7200051],[-77.0947772,38.7199985],[-77.0947824,38.7199609]]]}},{"type":"Feature","id":"way/708076918","properties":{"id":"way/708076918","name":null,"class":"building","building":"yes","ground_elevation_m":30.46,"height_m":10.7,"height_source":"USGS 3DEP lidar VA_NorthernVA_1_B22","height_confidence":"high","height_surveyed":true,"roof_form":"pitched","roof_spread_m":3.63,"source":"openstreetmap","source_date":"2026-09-11","confidence":"medium","surveyed":false},"geometry":{"type":"Polygon","coordinates":[[[-77.094867,38.7198683],[-77.0948998,38.719871],[-77.0949076,38.7198124],[-77.0950643,38.719825],[-77.0950628,38.7198366],[-77.0950731,38.7198374],[-77.0950648,38.7199009],[-77.0950257,38.7198977],[-77.0950118,38.7200035],[-77.0948878,38.7199934],[-77.0948971,38.7199232],[-77.0948602,38.7199202],[-77.094867,38.7198683]]]}},{"type":"Feature","id":"way/708076919","properties":{"id":"way/708076919","name":null,"class":"building","building":"yes","ground_elevation_m":7.1,"height_m":5.2,"height_source":"USGS 3DEP lidar VA_NorthernVA_1_B22","height_confidence":"high","height_surveyed":true,"roof_form":"pitched","roof_spread_m":1.26,"source":"openstreetmap","source_date":"2026-09-11","confidence":"medium","surveyed":false},"geometry":{"type":"Polygon","coordinates":[[[-77.0843498,38.7200714],[-77.0843586,38.7200651],[-77.0842485,38.7199713],[-77.084329,38.7199133],[-77.0844392,38.7200071],[-77.0844577,38.7199938],[-77.0845198,38.7200467],[-77.084412,38.7201244],[-77.0843498,38.7200714]]]}},{"type":"Feature","id":"way/708076920","properties":{"id":"way/708076920","name":null,"class":"building","building":"yes","ground_elevation_m":8.93,"height_m":4.4,"height_source":"USGS 3DEP lidar VA_NorthernVA_1_B22","height_confidence":"high","height_surveyed":true,"roof_form":"flat","roof_spread_m":0.55,"source":"openstreetmap","source_date":"2026-09-11","confidence":"medium","surveyed":false},"geometry":{"type":"Polygon","coordinates":[[[-77.0859735,38.7198881],[-77.0859277,38.7200028],[-77.0858428,38.719982],[-77.0858505,38.7199629],[-77.0858175,38.7199548],[-77.0858099,38.7199739],[-77.0857248,38.7199531],[-77.0857711,38.7198372],[-77.0858539,38.7198575],[-77.0858401,38.719892],[-77.0858747,38.7199004],[-77.0858879,38.7198671],[-77.0859735,38.7198881]]]}},{"type":"Feature","id":"way/708076977","properties":{"id":"way/708076977","name":"Good Shepherd Catholic Church","class":"civic","building":"church","ground_elevation_m":28.02,"height_m":8.3,"height_source":"USGS 3DEP lidar VA_NorthernVA_1_B22","height_confidence":"high","height_surveyed":true,"roof_form":"pitched","roof_spread_m":4.85,"source":"openstreetmap","source_date":"2026-09-11","confidence":"medium","surveyed":false},"geometry":{"type":"Polygon","coordinates":[[[-77.0919272,38.7202568],[-77.0919271,38.7202393],[-77.0918272,38.7202422],[-77.0918286,38.7201786],[-77.0919279,38.720179],[-77.0919283,38.7201643],[-77.0918709,38.7201623],[-77.0918736,38.7200633],[-77.0919694,38.7200861],[-77.0919551,38.7199707],[-77.0918803,38.7199557],[-77.0918789,38.7196982],[-77.0919968,38.7197247],[-77.0919976,38.7196891],[-77.0923259,38.719761],[-77.0922317,38.7200548],[-77.092354,38.7200801],[-77.0924411,38.7200783],[-77.0924402,38.7201315],[-77.0925059,38.7201314],[-77.0925026,38.7203009],[-77.0924807,38.720301],[-77.0924771,38.7204673],[-77.0920434,38.7204668],[-77.0920428,38.7204731],[-77.0919203,38.720471],[-77.0919199,38.7204339],[-77.091871,38.7204322],[-77.0918718,38.7202587],[-77.0919272,38.7202568]]]}},{"type":"Feature","id":"way/708077042","properties":{"id":"way/708077042","name":null,"class":"building","building":"yes","ground_elevation_m":26.2,"height_m":5.1,"height_source":"USGS 3DEP lidar VA_NorthernVA_1_B22","height_confidence":"high","height_surveyed":true,"roof_form":"flat","roof_spread_m":0.94,"source":"openstreetmap","source_date":"2026-09-11","confidence":"medium","surveyed":false},"geometry":{"type":"Polygon","coordinates":[[[-77.1012377,38.7200499],[-77.1012571,38.7199732],[-77.1013073,38.719981],[-77.10131,38.7199705],[-77.101338,38.7199749],[-77.1013359,38.7199831],[-77.1014344,38.7199984],[-77.1014137,38.7200773],[-77.1012377,38.7200499]]]}},{"type":"Feature","id":"way/708077043","properties":{"id":"way/708077043","name":null,"class":"building","building":"yes","ground_elevation_m":24.87,"height_m":6.4,"height_source":"USGS 3DEP lidar VA_NorthernVA_1_B22","height_confidence":"high","height_surveyed":true,"roof_form":"flat","roof_spread_m":0.95,"source":"openstreetmap","source_date":"2026-09-11","confidence":"medium","surveyed":false},"geometry":{"type":"Polygon","coordinates":[[[-77.1010866,38.7199459],[-77.101066,38.7200249],[-77.1008907,38.7199968],[-77.1009113,38.7199178],[-77.1010866,38.7199459]]]}},{"type":"Feature","id":"way/708077044","properties":{"id":"way/708077044","name":null,"class":"outbuilding","building":"shed","ground_elevation_m":25.65,"height_m":null,"height_source":null,"height_confidence":null,"height_surveyed":null,"roof_form":null,"roof_spread_m":null,"source":"openstreetmap","source_date":"2026-09-11","confidence":"medium","surveyed":false},"geometry":{"type":"Polygon","coordinates":[[[-77.1028878,38.7199403],[-77.1029347,38.7199485],[-77.1029193,38.7200024],[-77.1028723,38.7199946],[-77.1028878,38.7199403]]]}},{"type":"Feature","id":"way/708077050","properties":{"id":"way/708077050","name":null,"class":"building","building":"yes","ground_elevation_m":23.12,"height_m":4.8,"height_source":"USGS 3DEP lidar VA_NorthernVA_1_B22","height_confidence":"high","height_surveyed":true,"roof_form":"flat","roof_spread_m":0.96,"source":"openstreetmap","source_date":"2026-09-11","confidence":"medium","surveyed":false},"geometry":{"type":"Polygon","coordinates":[[[-77.1000227,38.7198053],[-77.1000272,38.7197865],[-77.1000612,38.7197921],[-77.1000572,38.7198088],[-77.1000688,38.7198117],[-77.1000472,38.7198887],[-77.0998737,38.7198609],[-77.0998936,38.7197846],[-77.1000227,38.7198053]]]}},{"type":"Feature","id":"way/708077052","properties":{"id":"way/708077052","name":null,"class":"building","building":"yes","ground_elevation_m":22.79,"height_m":6.5,"height_source":"USGS 3DEP lidar VA_NorthernVA_1_B22","height_confidence":"high","height_surveyed":true,"roof_form":"pitched","roof_spread_m":3.05,"source":"openstreetmap","source_date":"2026-09-11","confidence":"medium","surveyed":false},"geometry":{"type":"Polygon","coordinates":[[[-77.1005356,38.7199365],[-77.1005547,38.7198577],[-77.1006768,38.7198758],[-77.1007523,38.7198871],[-77.1007332,38.7199659],[-77.1005356,38.7199365]]]}},{"type":"Feature","id":"way/708077053","properties":{"id":"way/708077053","name":null,"class":"outbuilding","building":"shed","ground_elevation_m":26.07,"height_m":3.8,"height_source":"USGS 3DEP lidar VA_NorthernVA_1_B22","height_confidence":"low","height_surveyed":false,"roof_form":"flat","roof_spread_m":1.03,"source":"openstreetmap","source_date":"2026-09-11","confidence":"medium","surveyed":false},"geometry":{"type":"Polygon","coordinates":[[[-77.102349,38.7199058],[-77.1024249,38.7199151],[-77.102416,38.7199598],[-77.1023402,38.7199506],[-77.102349,38.7199058]]]}},{"type":"Feature","id":"way/708077054","properties":{"id":"way/708077054","name":null,"class":"building","building":"yes","ground_elevation_m":22.02,"height_m":6.1,"height_source":"USGS 3DEP lidar VA_NorthernVA_1_B22","height_confidence":"high","height_surveyed":true,"roof_form":"pitched","roof_spread_m":2.95,"source":"openstreetmap","source_date":"2026-09-11","confidence":"medium","surveyed":false},"geometry":{"type":"Polygon","coordinates":[[[-77.1001973,38.719877],[-77.10021,38.7198045],[-77.1002526,38.7198091],[-77.1002584,38.7197756],[-77.1003133,38.7197815],[-77.1003078,38.7198134],[-77.100413,38.7198247],[-77.1004002,38.7198987],[-77.1001973,38.719877]]]}},{"type":"Feature","id":"way/708077056","properties":{"id":"way/708077056","name":null,"class":"building","building":"yes","ground_elevation_m":26.89,"height_m":4.4,"height_source":"USGS 3DEP lidar VA_NorthernVA_1_B22","height_confidence":"high","height_surveyed":true,"roof_form":"flat","roof_spread_m":0.89,"source":"openstreetmap","source_date":"2026-09-11","confidence":"medium","surveyed":false},"geometry":{"type":"Polygon","coordinates":[[[-77.1016999,38.7200146],[-77.1016907,38.7200492],[-77.1017729,38.7200626],[-77.1017524,38.7201398],[-77.101576,38.7201111],[-77.1016057,38.7199992],[-77.1016999,38.7200146]]]}},{"type":"Feature","id":"way/708077057","properties":{"id":"way/708077057","name":null,"class":"outbuilding","building":"shed","ground_elevation_m":24.18,"height_m":2.7,"height_source":"USGS 3DEP lidar VA_NorthernVA_1_B22","height_confidence":"low","height_surveyed":false,"roof_form":"flat","roof_spread_m":0.81,"source":"openstreetmap","source_date":"2026-09-11","confidence":"medium","surveyed":false},"geometry":{"type":"Polygon","coordinates":[[[-77.1029644,38.719976],[-77.1030115,38.7199925],[-77.1029854,38.7200381],[-77.102939,38.7200203],[-77.1029644,38.719976]]]}},{"type":"Feature","id":"way/708077139","properties":{"id":"way/708077139","name":null,"class":"building","building":"yes","ground_elevation_m":6.96,"height_m":4.7,"height_source":"USGS 3DEP lidar VA_NorthernVA_1_B22","height_confidence":"high","height_surveyed":true,"roof_form":"flat","roof_spread_m":0.56,"source":"openstreetmap","source_date":"2026-09-11","confidence":"medium","surveyed":false},"geometry":{"type":"Polygon","coordinates":[[[-77.0802141,38.7199907],[-77.0802552,38.7199951],[-77.0802615,38.7199585],[-77.0801935,38.7199513],[-77.0802045,38.719888],[-77.0802819,38.7198963],[-77.0802867,38.7198686],[-77.0803285,38.7198731],[-77.0803241,38.7198989],[-77.0803819,38.719905],[-77.0803698,38.7199744],[-77.0803458,38.7199718],[-77.0803404,38.7200025],[-77.080365,38.7200052],[-77.0803538,38.7200698],[-77.0802032,38.7200537],[-77.0802141,38.7199907]]]}},{"type":"Feature","id":"way/708077140","properties":{"id":"way/708077140","name":null,"class":"building","building":"yes","ground_elevation_m":9.4,"height_m":7.3,"height_source":"USGS 3DEP lidar VA_NorthernVA_1_B22","height_confidence":"high","height_surveyed":true,"roof_form":"pitched","roof_spread_m":3.33,"source":"openstreetmap","source_date":"2026-09-11","confidence":"medium","surveyed":false},"geometry":{"type":"Polygon","coordinates":[[[-77.0825437,38.7198526],[-77.0826581,38.7199459],[-77.0825906,38.7199968],[-77.0826016,38.7200058],[-77.0824939,38.7200869],[-77.0824072,38.7200164],[-77.0825181,38.7199329],[-77.0824792,38.7199012],[-77.0825437,38.7198526]]]}},{"type":"Feature","id":"way/708077141","properties":{"id":"way/708077141","name":null,"class":"building","building":"yes","ground_elevation_m":6.8,"height_m":5.2,"height_source":"USGS 3DEP lidar VA_NorthernVA_1_B22","height_confidence":"high","height_surveyed":true,"roof_form":"pitched","roof_spread_m":1.29,"source":"openstreetmap","source_date":"2026-09-11","confidence":"medium","surveyed":false},"geometry":{"type":"Polygon","coordinates":[[[-77.081506,38.7200383],[-77.0815582,38.719993],[-77.0815315,38.719974],[-77.0815915,38.7199222],[-77.0816083,38.7199342],[-77.0816598,38.7198895],[-77.0817661,38.7199647],[-77.081707,38.720016],[-77.0816907,38.7200044],[-77.0815844,38.7200936],[-77.081506,38.7200383]]]}},{"type":"Feature","id":"way/708077203","properties":{"id":"way/708077203","name":null,"class":"building","building":"yes","ground_elevation_m":13.04,"height_m":7.8,"height_source":"USGS 3DEP lidar VA_NorthernVA_1_B22","height_confidence":"high","height_surveyed":true,"roof_form":"pitched","roof_spread_m":3.5,"source":"openstreetmap","source_date":"2026-09-11","confidence":"medium","surveyed":false},"geometry":{"type":"Polygon","coordinates":[[[-77.1049663,38.719968],[-77.1049933,38.7198884],[-77.1052096,38.7199335],[-77.1051825,38.7200131],[-77.1049663,38.719968]]]}},{"type":"Feature","id":"way/1092539647","properties":{"id":"way/1092539647","name":null,"class":"residence","building":"detached","ground_elevation_m":9.09,"height_m":7.2,"height_source":"USGS 3DEP lidar VA_NorthernVA_1_B22","height_confidence":"high","height_surveyed":true,"roof_form":"pitched","roof_spread_m":3.11,"source":"openstreetmap","source_date":"2026-09-11","confidence":"medium","surveyed":false},"geometry":{"type":"Polygon","coordinates":[[[-77.072054,38.7177392],[-77.0720239,38.7177403],[-77.0720233,38.7177301],[-77.071982,38.7177316],[-77.0719772,38.7176497],[-77.0721159,38.7176446],[-77.0721165,38.7176559],[-77.0721665,38.7176541],[-77.0721711,38.7177322],[-77.0721215,38.717734],[-77.0721247,38.7177886],[-77.0720571,38.7177911],[-77.072054,38.7177392]]]}},{"type":"Feature","id":"way/1092539808","properties":{"id":"way/1092539808","name":null,"class":"residence","building":"detached","ground_elevation_m":6.73,"height_m":8.1,"height_source":"USGS 3DEP lidar VA_NorthernVA_1_B22","height_confidence":"high","height_surveyed":true,"roof_form":"pitched","roof_spread_m":2.56,"source":"openstreetmap","source_date":"2026-09-11","confidence":"medium","surveyed":false},"geometry":{"type":"Polygon","coordinates":[[[-77.0735678,38.7195687],[-77.0736503,38.7196251],[-77.0735249,38.7197377],[-77.0734424,38.7196813],[-77.0735678,38.7195687]]]}},{"type":"Feature","id":"way/1092539810","properties":{"id":"way/1092539810","name":null,"class":"residence","building":"detached","ground_elevation_m":4.87,"height_m":6.1,"height_source":"USGS 3DEP lidar VA_NorthernVA_1_B22","height_confidence":"high","height_surveyed":true,"roof_form":"pitched","roof_spread_m":1.57,"source":"openstreetmap","source_date":"2026-09-11","confidence":"medium","surveyed":false},"geometry":{"type":"Polygon","coordinates":[[[-77.0728434,38.7165889],[-77.0730007,38.7165259],[-77.0730372,38.7165819],[-77.0729915,38.7166002],[-77.0730135,38.716634],[-77.0730547,38.7166175],[-77.0730912,38.7166735],[-77.0729385,38.7167346],[-77.0728434,38.7165889]]]}},{"type":"Feature","id":"way/1092539889","properties":{"id":"way/1092539889","name":null,"class":"residence","building":"detached","ground_elevation_m":3.98,"height_m":12.8,"height_source":"USGS 3DEP lidar VA_NorthernVA_1_B22","height_confidence":"high","height_surveyed":true,"roof_form":"pitched","roof_spread_m":3.38,"source":"openstreetmap","source_date":"2026-09-11","confidence":"medium","surveyed":false},"geometry":{"type":"Polygon","coordinates":[[[-77.0748836,38.7183989],[-77.0747338,38.7182846],[-77.074767,38.7182579],[-77.0747864,38.7182727],[-77.074814,38.7182442],[-77.0748572,38.718277],[-77.0748638,38.7182717],[-77.0749172,38.7183123],[-77.0749107,38.7183175],[-77.074935,38.7183357],[-77.0749935,38.7184178],[-77.0749278,38.7184521],[-77.0748836,38.7183989]]]}},{"type":"Feature","id":"way/1092539952","properties":{"id":"way/1092539952","name":null,"class":"residence","building":"detached","ground_elevation_m":5.78,"height_m":7.6,"height_source":"USGS 3DEP lidar VA_NorthernVA_1_B22","height_confidence":"high","height_surveyed":true,"roof_form":"pitched","roof_spread_m":2.13,"source":"openstreetmap","source_date":"2026-09-11","confidence":"medium","surveyed":false},"geometry":{"type":"Polygon","coordinates":[[[-77.0736588,38.7194862],[-77.0738224,38.719406],[-77.0738816,38.7194801],[-77.0737947,38.7195227],[-77.0738028,38.7195329],[-77.0737262,38.7195705],[-77.0736588,38.7194862]]]}},{"type":"Feature","id":"way/1092540015","properties":{"id":"way/1092540015","name":null,"class":"residence","building":"detached","ground_elevation_m":4.34,"height_m":7.8,"height_source":"USGS 3DEP lidar VA_NorthernVA_1_B22","height_confidence":"high","height_surveyed":true,"roof_form":"pitched","roof_spread_m":3.97,"source":"openstreetmap","source_date":"2026-09-11","confidence":"medium","surveyed":false},"geometry":{"type":"Polygon","coordinates":[[[-77.0744584,38.7191157],[-77.0745336,38.7190932],[-77.0745469,38.7191207],[-77.0746233,38.719098],[-77.0746616,38.7191767],[-77.0745745,38.7192027],[-77.0745821,38.7192183],[-77.0745176,38.7192375],[-77.0744584,38.7191157]]]}},{"type":"Feature","id":"way/1092540040","properties":{"id":"way/1092540040","name":null,"class":"residence","building":"detached","ground_elevation_m":5.43,"height_m":7.8,"height_source":"USGS 3DEP lidar VA_NorthernVA_1_B22","height_confidence":"high","height_surveyed":true,"roof_form":"pitched","roof_spread_m":1.31,"source":"openstreetmap","source_date":"2026-09-11","confidence":"medium","surveyed":false},"geometry":{"type":"Polygon","coordinates":[[[-77.0730901,38.7169845],[-77.0732184,38.7169355],[-77.0733007,38.7170679],[-77.0731973,38.7171073],[-77.0731517,38.7170339],[-77.0731267,38.7170435],[-77.0730901,38.7169845]]]}},{"type":"Feature","id":"way/1092540073","properties":{"id":"way/1092540073","name":null,"class":"residence","building":"detached","ground_elevation_m":8.99,"height_m":8.5,"height_source":"USGS 3DEP lidar VA_NorthernVA_1_B22","height_confidence":"high","height_surveyed":true,"roof_form":"pitched","roof_spread_m":1.28,"source":"openstreetmap","source_date":"2026-09-11","confidence":"medium","surveyed":false},"geometry":{"type":"Polygon","coordinates":[[[-77.0726965,38.7172845],[-77.072556,38.7172701],[-77.0725801,38.7171257],[-77.0726928,38.7171373],[-77.0726792,38.7172188],[-77.072707,38.7172217],[-77.0726965,38.7172845]]]}},{"type":"Feature","id":"way/1092540217","properties":{"id":"way/1092540217","name":null,"class":"residence","building":"detached","ground_elevation_m":4.42,"height_m":5.1,"height_source":"USGS 3DEP lidar VA_NorthernVA_1_B22","height_confidence":"high","height_surveyed":true,"roof_form":"pitched","roof_spread_m":1.33,"source":"openstreetmap","source_date":"2026-09-11","confidence":"medium","surveyed":false},"geometry":{"type":"Polygon","coordinates":[[[-77.0734898,38.7190168],[-77.0735272,38.7190028],[-77.0735098,38.7189743],[-77.0735484,38.7189596],[-77.0735327,38.7189344],[-77.0736434,38.7188911],[-77.0737203,38.7190171],[-77.0735328,38.7190873],[-77.0734898,38.7190168]]]}},{"type":"Feature","id":"way/1092540264","properties":{"id":"way/1092540264","name":null,"class":"residence","building":"detached","ground_elevation_m":7.75,"height_m":8.6,"height_source":"USGS 3DEP lidar VA_NorthernVA_1_B22","height_confidence":"high","height_surveyed":true,"roof_form":"pitched","roof_spread_m":3.0,"source":"openstreetmap","source_date":"2026-09-11","confidence":"medium","surveyed":false},"geometry":{"type":"Polygon","coordinates":[[[-77.0724324,38.7169191],[-77.072358,38.7169449],[-77.0723249,38.7168864],[-77.0724942,38.7168275],[-77.0725458,38.7169187],[-77.072556,38.7169151],[-77.0725915,38.7169778],[-77.0724863,38.7170143],[-77.0724324,38.7169191]]]}},{"type":"Feature","id":"way/1092540432","properties":{"id":"way/1092540432","name":null,"class":"residence","building":"detached","ground_elevation_m":5.91,"height_m":8.3,"height_source":"USGS 3DEP lidar VA_NorthernVA_1_B22","height_confidence":"high","height_surveyed":true,"roof_form":"flat","roof_spread_m":1.12,"source":"openstreetmap","source_date":"2026-09-11","confidence":"medium","surveyed":false},"geometry":{"type":"Polygon","coordinates":[[[-77.0727282,38.7163867],[-77.0728587,38.7163429],[-77.0729346,38.7164817],[-77.0728256,38.7165183],[-77.0727847,38.7164434],[-77.0727631,38.7164506],[-77.0727282,38.7163867]]]}},{"type":"Feature","id":"way/1092540632","properties":{"id":"way/1092540632","name":null,"class":"residence","building":"detached","ground_elevation_m":7.9,"height_m":6.3,"height_source":"USGS 3DEP lidar VA_NorthernVA_1_B22","height_confidence":"high","height_surveyed":true,"roof_form":"pitched","roof_spread_m":2.49,"source":"openstreetmap","source_date":"2026-09-11","confidence":"medium","surveyed":false},"geometry":{"type":"Polygon","coordinates":[[[-77.0738989,38.7199265],[-77.0738978,38.7199139],[-77.0739529,38.7199109],[-77.0739543,38.7199267],[-77.0740673,38.7199206],[-77.0740745,38.7200034],[-77.0738192,38.7200171],[-77.0738117,38.7199312],[-77.0738989,38.7199265]]]}},{"type":"Feature","id":"way/1092540675","properties":{"id":"way/1092540675","name":null,"class":"residence","building":"detached","ground_elevation_m":5.21,"height_m":7.6,"height_source":"USGS 3DEP lidar VA_NorthernVA_1_B22","height_confidence":"high","height_surveyed":true,"roof_form":"pitched","roof_spread_m":3.86,"source":"openstreetmap","source_date":"2026-09-11","confidence":"medium","surveyed":false},"geometry":{"type":"Polygon","coordinates":[[[-77.073959,38.7193451],[-77.0740325,38.7193317],[-77.0740417,38.719363],[-77.0740669,38.7193582],[-77.0740752,38.7193448],[-77.0741028,38.7193384],[-77.074124,38.7193415],[-77.0741514,38.7194196],[-77.0741118,38.719427],[-77.0741164,38.7194468],[-77.0740522,38.7194585],[-77.0740512,38.7194554],[-77.0739955,38.719468],[-77.073959,38.7193451]]]}},{"type":"Feature","id":"way/1092540694","properties":{"id":"way/1092540694","name":null,"class":"residence","building":"detached","ground_elevation_m":4.6,"height_m":8.5,"height_source":"USGS 3DEP lidar VA_NorthernVA_1_B22","height_confidence":"high","height_surveyed":true,"roof_form":"flat","roof_spread_m":0.99,"source":"openstreetmap","source_date":"2026-09-11","confidence":"medium","surveyed":false},"geometry":{"type":"Polygon","coordinates":[[[-77.0736715,38.7174271],[-77.0736673,38.7174342],[-77.0735526,38.7173933],[-77.073594,38.7173222],[-77.0736133,38.7173291],[-77.07362,38.7173178],[-77.0737684,38.7173708],[-77.0737246,38.717446],[-77.0736715,38.7174271]]]}},{"type":"Feature","id":"way/1092540802","properties":{"id":"way/1092540802","name":null,"class":"outbuilding","building":"shed","ground_elevation_m":32.71,"height_m":5.4,"height_source":"USGS 3DEP lidar VA_NorthernVA_1_B22","height_confidence":"low","height_surveyed":false,"roof_form":"flat","roof_spread_m":1.15,"source":"openstreetmap","source_date":"2026-09-11","confidence":"medium","surveyed":false},"geometry":{"type":"Polygon","coordinates":[[[-77.0846293,38.7136099],[-77.0846183,38.7135342],[-77.0846638,38.7135301],[-77.0846747,38.7136058],[-77.0846293,38.7136099]]]}},{"type":"Feature","id":"way/1092540818","properties":{"id":"way/1092540818","name":null,"class":"residence","building":"detached","ground_elevation_m":4.82,"height_m":7.6,"height_source":"USGS 3DEP lidar VA_NorthernVA_1_B22","height_confidence":"high","height_surveyed":true,"roof_form":"pitched","roof_spread_m":3.61,"source":"openstreetmap","source_date":"2026-09-11","confidence":"medium","surveyed":false},"geometry":{"type":"Polygon","coordinates":[[[-77.074796,38.7191114],[-77.0748024,38.7190771],[-77.0747468,38.7190707],[-77.0747604,38.7189971],[-77.0749811,38.7190224],[-77.0749669,38.7190985],[-77.0749142,38.7190925],[-77.0749083,38.7191243],[-77.074796,38.7191114]]]}},{"type":"Feature","id":"way/1092540901","properties":{"id":"way/1092540901","name":null,"class":"residence","building":"detached","ground_elevation_m":5.48,"height_m":8.2,"height_source":"USGS 3DEP lidar VA_NorthernVA_1_B22","height_confidence":"high","height_surveyed":true,"roof_form":"pitched","roof_spread_m":1.32,"source":"openstreetmap","source_date":"2026-09-11","confidence":"medium","surveyed":false},"geometry":{"type":"Polygon","coordinates":[[[-77.0729736,38.7167969],[-77.073101,38.7167475],[-77.0731841,38.716879],[-77.0730798,38.7169194],[-77.0730339,38.7168468],[-77.0730108,38.7168557],[-77.0729736,38.7167969]]]}},{"type":"Feature","id":"way/1092540910","properties":{"id":"way/1092540910","name":null,"class":"residence","building":"detached","ground_elevation_m":4.61,"height_m":6.1,"height_source":"USGS 3DEP lidar VA_NorthernVA_1_B22","height_confidence":"high","height_surveyed":true,"roof_form":"pitched","roof_spread_m":2.28,"source":"openstreetmap","source_date":"2026-09-11","confidence":"medium","surveyed":false},"geometry":{"type":"Polygon","coordinates":[[[-77.0743125,38.7200114],[-77.0742479,38.7199297],[-77.074442,38.7198356],[-77.0745035,38.7199134],[-77.0743619,38.719982],[-77.074365,38.7199859],[-77.0743125,38.7200114]]]}},{"type":"Feature","id":"way/1092541137","properties":{"id":"way/1092541137","name":null,"class":"residence","building":"detached","ground_elevation_m":5.13,"height_m":7.2,"height_source":"USGS 3DEP lidar VA_NorthernVA_1_B22","height_confidence":"high","height_surveyed":true,"roof_form":"pitched","roof_spread_m":3.22,"source":"openstreetmap","source_date":"2026-09-11","confidence":"medium","surveyed":false},"geometry":{"type":"Polygon","coordinates":[[[-77.0731366,38.7191516],[-77.0732028,38.7192436],[-77.0730204,38.7193241],[-77.0729542,38.7192321],[-77.0731366,38.7191516]]]}},{"type":"Feature","id":"way/1092541163","properties":{"id":"way/1092541163","name":null,"class":"residence","building":"detached","ground_elevation_m":4.83,"height_m":6.6,"height_source":"USGS 3DEP lidar VA_NorthernVA_1_B22","height_confidence":"high","height_surveyed":true,"roof_form":"pitched","roof_spread_m":2.62,"source":"openstreetmap","source_date":"2026-09-11","confidence":"medium","surveyed":false},"geometry":{"type":"Polygon","coordinates":[[[-77.0732965,38.7189937],[-77.0734541,38.7191143],[-77.0733966,38.7191603],[-77.0733456,38.7191212],[-77.0732831,38.7191714],[-77.0731766,38.7190899],[-77.0732965,38.7189937]]]}},{"type":"Feature","id":"way/1092541173","properties":{"id":"way/1092541173","name":null,"class":"outbuilding","building":"shed","ground_elevation_m":4.51,"height_m":5.1,"height_source":"USGS 3DEP lidar VA_NorthernVA_1_B22","height_confidence":"low","height_surveyed":false,"roof_form":"pitched","roof_spread_m":1.35,"source":"openstreetmap","source_date":"2026-09-11","confidence":"medium","surveyed":false},"geometry":{"type":"Polygon","coordinates":[[[-77.0752069,38.7194896],[-77.0752609,38.7195309],[-77.0751995,38.7195801],[-77.0751455,38.7195388],[-77.0752069,38.7194896]]]}},{"type":"Feature","id":"way/1092541192","properties":{"id":"way/1092541192","name":null,"class":"residence","building":"detached","ground_elevation_m":5.1,"height_m":8.2,"height_source":"USGS 3DEP lidar VA_NorthernVA_1_B22","height_confidence":"high","height_surveyed":true,"roof_form":"pitched","roof_spread_m":1.51,"source":"openstreetmap","source_date":"2026-09-11","confidence":"medium","surveyed":false},"geometry":{"type":"Polygon","coordinates":[[[-77.0726536,38.7162788],[-77.0726723,38.7162625],[-77.0725939,38.7162072],[-77.0726851,38.7161277],[-77.0727331,38.7161615],[-77.0727628,38.7161356],[-77.07282,38.716176],[-77.072793,38.7161995],[-77.0728258,38.7162267],[-77.0727169,38.716323],[-77.0726536,38.7162788]]]}},{"type":"Feature","id":"way/1092541221","properties":{"id":"way/1092541221","name":null,"class":"outbuilding","building":"shed","ground_elevation_m":4.85,"height_m":3.3,"height_source":"USGS 3DEP lidar VA_NorthernVA_1_B22","height_confidence":"low","height_surveyed":false,"roof_form":"flat","roof_spread_m":0.54,"source":"openstreetmap","source_date":"2026-09-11","confidence":"medium","surveyed":false},"geometry":{"type":"Polygon","coordinates":[[[-77.0724324,38.7106859],[-77.0723744,38.710705],[-77.0723546,38.7106642],[-77.0724135,38.7106468],[-77.0724324,38.7106859]]]}},{"type":"Feature","id":"way/1092541268","properties":{"id":"way/1092541268","name":null,"class":"residence","building":"detached","ground_elevation_m":4.4,"height_m":7.5,"height_source":"USGS 3DEP lidar VA_NorthernVA_1_B22","height_confidence":"high","height_surveyed":true,"roof_form":"pitched","roof_spread_m":2.37,"source":"openstreetmap","source_date":"2026-09-11","confidence":"medium","surveyed":false},"geometry":{"type":"Polygon","coordinates":[[[-77.0753432,38.7194456],[-77.0754221,38.7193959],[-77.0755402,38.7195109],[-77.0754614,38.7195606],[-77.0753432,38.7194456]]]}},{"type":"Feature","id":"way/1092541323","properties":{"id":"way/1092541323","name":null,"class":"residence","building":"detached","ground_elevation_m":5.36,"height_m":6.2,"height_source":"USGS 3DEP lidar VA_NorthernVA_1_B22","height_confidence":"high","height_surveyed":true,"roof_form":"pitched","roof_spread_m":1.95,"source":"openstreetmap","source_date":"2026-09-11","confidence":"medium","surveyed":false},"geometry":{"type":"Polygon","coordinates":[[[-77.0744167,38.7196003],[-77.0743779,38.7195887],[-77.0743958,38.7195519],[-77.0745487,38.7195975],[-77.0745311,38.7196338],[-77.0745195,38.7196303],[-77.0744575,38.7197577],[-77.0743551,38.7197272],[-77.0744167,38.7196003]]]}},{"type":"Feature","id":"way/1092541384","properties":{"id":"way/1092541384","name":null,"class":"residence","building":"detached","ground_elevation_m":6.1,"height_m":7.9,"height_source":"USGS 3DEP lidar VA_NorthernVA_1_B22","height_confidence":"high","height_surveyed":true,"roof_form":"pitched","roof_spread_m":1.99,"source":"openstreetmap","source_date":"2026-09-11","confidence":"medium","surveyed":false},"geometry":{"type":"Polygon","coordinates":[[[-77.073343,38.7178944],[-77.0733681,38.7178073],[-77.0734732,38.7178259],[-77.0734789,38.717806],[-77.0735637,38.717821],[-77.0735542,38.7178537],[-77.073631,38.7178673],[-77.0736095,38.7179417],[-77.073343,38.7178944]]]}},{"type":"Feature","id":"way/1092541391","properties":{"id":"way/1092541391","name":null,"class":"residence","building":"detached","ground_elevation_m":6.09,"height_m":8.5,"height_source":"USGS 3DEP lidar VA_NorthernVA_1_B22","height_confidence":"high","height_surveyed":true,"roof_form":"pitched","roof_spread_m":1.22,"source":"openstreetmap","source_date":"2026-09-11","confidence":"medium","surveyed":false},"geometry":{"type":"Polygon","coordinates":[[[-77.0732754,38.7172923],[-77.0732581,38.7173068],[-77.0731923,38.7172589],[-77.0732896,38.7171769],[-77.0734295,38.7172788],[-77.0733494,38.7173462],[-77.0732754,38.7172923]]]}},{"type":"Feature","id":"way/1092541399","properties":{"id":"way/1092541399","name":null,"class":"residence","building":"detached","ground_elevation_m":4.7,"height_m":7.8,"height_source":"USGS 3DEP lidar VA_NorthernVA_1_B22","height_confidence":"high","height_surveyed":true,"roof_form":"pitched","roof_spread_m":3.3,"source":"openstreetmap","source_date":"2026-09-11","confidence":"medium","surveyed":false},"geometry":{"type":"Polygon","coordinates":[[[-77.0742118,38.7192286],[-77.0742824,38.7192126],[-77.0742916,38.7192373],[-77.0743763,38.7192181],[-77.0744043,38.7192939],[-77.0743106,38.7193151],[-77.0743066,38.7193045],[-77.074245,38.7193185],[-77.0742118,38.7192286]]]}},{"type":"Feature","id":"way/1092541403","properties":{"id":"way/1092541403","name":null,"class":"residence","building":"detached","ground_elevation_m":6.66,"height_m":7.7,"height_source":"USGS 3DEP lidar VA_NorthernVA_1_B22","height_confidence":"high","height_surveyed":true,"roof_form":"pitched","roof_spread_m":3.65,"source":"openstreetmap","source_date":"2026-09-11","confidence":"medium","surveyed":false},"geometry":{"type":"Polygon","coordinates":[[[-77.0721369,38.7165305],[-77.0720826,38.7165725],[-77.0720233,38.7165254],[-77.0720786,38.7164827],[-77.0720707,38.7164762],[-77.0721589,38.7164143],[-77.0723116,38.7165356],[-77.0722264,38.7166015],[-77.0721369,38.7165305]]]}},{"type":"Feature","id":"way/1092541520","properties":{"id":"way/1092541520","name":null,"class":"outbuilding","building":"shed","ground_elevation_m":7.55,"height_m":3.7,"height_source":"USGS 3DEP lidar VA_NorthernVA_1_B22","height_confidence":"low","height_surveyed":false,"roof_form":"flat","roof_spread_m":1.09,"source":"openstreetmap","source_date":"2026-09-11","confidence":"medium","surveyed":false},"geometry":{"type":"Polygon","coordinates":[[[-77.0737505,38.7197879],[-77.0737558,38.7198302],[-77.0737095,38.7198338],[-77.0737019,38.7197917],[-77.0737505,38.7197879]]]}},{"type":"Feature","id":"way/1092541593","properties":{"id":"way/1092541593","name":null,"class":"residence","building":"detached","ground_elevation_m":6.18,"height_m":7.3,"height_source":"USGS 3DEP lidar VA_NorthernVA_1_B22","height_confidence":"high","height_surveyed":true,"roof_form":"pitched","roof_spread_m":2.07,"source":"openstreetmap","source_date":"2026-09-11","confidence":"medium","surveyed":false},"geometry":{"type":"Polygon","coordinates":[[[-77.0718124,38.7164143],[-77.0718025,38.7164101],[-77.0718656,38.7163116],[-77.0719417,38.7163425],[-77.07193,38.7163613],[-77.0720207,38.7164007],[-77.0719654,38.7164789],[-77.0719438,38.7164695],[-77.0718858,38.7165509],[-77.0717897,38.7165123],[-77.0718303,38.7164512],[-77.0717972,38.7164369],[-77.0718124,38.7164143]]]}},{"type":"Feature","id":"way/1092541659","properties":{"id":"way/1092541659","name":null,"class":"residence","building":"detached","ground_elevation_m":4.62,"height_m":5.5,"height_source":"USGS 3DEP lidar VA_NorthernVA_1_B22","height_confidence":"high","height_surveyed":true,"roof_form":"pitched","roof_spread_m":2.05,"source":"openstreetmap","source_date":"2026-09-11","confidence":"medium","surveyed":false},"geometry":{"type":"Polygon","coordinates":[[[-77.0724575,38.7186269],[-77.0726623,38.7185453],[-77.072714,38.7186249],[-77.0724741,38.7187205],[-77.0724374,38.7186641],[-77.0724725,38.7186501],[-77.0724575,38.7186269]]]}},{"type":"Feature","id":"way/1092541696","properties":{"id":"way/1092541696","name":null,"class":"residence","building":"detached","ground_elevation_m":3.93,"height_m":6.3,"height_source":"USGS 3DEP lidar VA_NorthernVA_1_B22","height_confidence":"high","height_surveyed":true,"roof_form":"pitched","roof_spread_m":2.38,"source":"openstreetmap","source_date":"2026-09-11","confidence":"medium","surveyed":false},"geometry":{"type":"Polygon","coordinates":[[[-77.0749784,38.7200262],[-77.0750189,38.7199448],[-77.0751835,38.7199951],[-77.075197,38.7199677],[-77.0752787,38.7199926],[-77.0752252,38.7201015],[-77.0749784,38.7200262]]]}},{"type":"Feature","id":"way/1092541720","properties":{"id":"way/1092541720","name":null,"class":"residence","building":"detached","ground_elevation_m":9.32,"height_m":7.8,"height_source":"USGS 3DEP lidar VA_NorthernVA_1_B22","height_confidence":"high","height_surveyed":true,"roof_form":"flat","roof_spread_m":1.19,"source":"openstreetmap","source_date":"2026-09-11","confidence":"medium","surveyed":false},"geometry":{"type":"Polygon","coordinates":[[[-77.0722802,38.7172683],[-77.0723109,38.71716],[-77.0724898,38.7171911],[-77.0724646,38.7172805],[-77.0723624,38.7172627],[-77.0723571,38.7172816],[-77.0722802,38.7172683]]]}},{"type":"Feature","id":"way/1092541898","properties":{"id":"way/1092541898","name":null,"class":"residence","building":"detached","ground_elevation_m":9.23,"height_m":7.3,"height_source":"USGS 3DEP lidar VA_NorthernVA_1_B22","height_confidence":"high","height_surveyed":true,"roof_form":"pitched","roof_spread_m":3.01,"source":"openstreetmap","source_date":"2026-09-11","confidence":"medium","surveyed":false},"geometry":{"type":"Polygon","coordinates":[[[-77.0723339,38.7177158],[-77.0722709,38.7177159],[-77.0722708,38.7176346],[-77.0724033,38.7176346],[-77.0724033,38.7176509],[-77.0724511,38.7176509],[-77.0724512,38.7177283],[-77.072391,38.7177284],[-77.072391,38.717779],[-77.0723339,38.7177791],[-77.0723339,38.7177158]]]}},{"type":"Feature","id":"way/1092541951","properties":{"id":"way/1092541951","name":null,"class":"residence","building":"detached","ground_elevation_m":7.44,"height_m":7.1,"height_source":"USGS 3DEP lidar VA_NorthernVA_1_B22","height_confidence":"high","height_surveyed":true,"roof_form":"pitched","roof_spread_m":4.09,"source":"openstreetmap","source_date":"2026-09-11","confidence":"medium","surveyed":false},"geometry":{"type":"Polygon","coordinates":[[[-77.0735278,38.720002],[-77.0735491,38.7199748],[-77.0735346,38.7199678],[-77.0735214,38.7199846],[-77.073433,38.719942],[-77.0734964,38.7198612],[-77.0735264,38.7198756],[-77.0735576,38.7198374],[-77.0737192,38.7199151],[-77.0736642,38.7199853],[-77.0736408,38.7199741],[-77.0735937,38.7200339],[-77.0735278,38.720002]]]}},{"type":"Feature","id":"way/1092541963","properties":{"id":"way/1092541963","name":null,"class":"residence","building":"detached","ground_elevation_m":4.02,"height_m":8.9,"height_source":"USGS 3DEP lidar VA_NorthernVA_1_B22","height_confidence":"high","height_surveyed":true,"roof_form":"pitched","roof_spread_m":3.37,"source":"openstreetmap","source_date":"2026-09-11","confidence":"medium","surveyed":false},"geometry":{"type":"Polygon","coordinates":[[[-77.0752733,38.7187004],[-77.075292,38.7186874],[-77.0752671,38.7186654],[-77.0752412,38.7186835],[-77.0751812,38.7186307],[-77.0752885,38.7185558],[-77.0753443,38.7186047],[-77.0753629,38.7185917],[-77.0753945,38.7186194],[-77.075389,38.7186233],[-77.0755321,38.7187491],[-77.0755084,38.7187656],[-77.075525,38.7187802],[-77.0755496,38.718763],[-77.0755863,38.7187953],[-77.0755025,38.7188538],[-77.0754742,38.7188289],[-77.0754438,38.7188502],[-77.0752733,38.7187004]]]}},{"type":"Feature","id":"way/1092542105","properties":{"id":"way/1092542105","name":null,"class":"residence","building":"detached","ground_elevation_m":5.36,"height_m":6.7,"height_source":"USGS 3DEP lidar VA_NorthernVA_1_B22","height_confidence":"high","height_surveyed":true,"roof_form":"pitched","roof_spread_m":2.31,"source":"openstreetmap","source_date":"2026-09-11","confidence":"medium","surveyed":false},"geometry":{"type":"Polygon","coordinates":[[[-77.0749063,38.7195422],[-77.0748506,38.7195113],[-77.0749599,38.7193907],[-77.0750187,38.7194234],[-77.0749817,38.7194642],[-77.0751276,38.7195453],[-77.0750632,38.7196163],[-77.0749142,38.7195334],[-77.0749063,38.7195422]]]}},{"type":"Feature","id":"way/1092542121","properties":{"id":"way/1092542121","name":null,"class":"residence","building":"detached","ground_elevation_m":3.35,"height_m":10.1,"height_source":"USGS 3DEP lidar VA_NorthernVA_1_B22","height_confidence":"high","height_surveyed":true,"roof_form":"pitched","roof_spread_m":1.94,"source":"openstreetmap","source_date":"2026-09-11","confidence":"medium","surveyed":false},"geometry":{"type":"Polygon","coordinates":[[[-77.0739346,38.7176707],[-77.0739499,38.7176603],[-77.0739021,38.7176171],[-77.0739316,38.7175971],[-77.0739155,38.7175824],[-77.073942,38.7175366],[-77.0741636,38.717737],[-77.0741159,38.7177694],[-77.074139,38.7177903],[-77.0740907,38.7178231],[-77.0740308,38.7177689],[-77.0740237,38.7177738],[-77.0739767,38.7177313],[-77.0739909,38.7177217],[-77.0739346,38.7176707]]]}},{"type":"Feature","id":"way/1092542231","properties":{"id":"way/1092542231","name":null,"class":"residence","building":"detached","ground_elevation_m":5.24,"height_m":9.4,"height_source":"USGS 3DEP lidar VA_NorthernVA_1_B22","height_confidence":"high","height_surveyed":true,"roof_form":"pitched","roof_spread_m":1.32,"source":"openstreetmap","source_date":"2026-09-11","confidence":"medium","surveyed":false},"geometry":{"type":"Polygon","coordinates":[[[-77.0724801,38.7160762],[-77.0724672,38.7160938],[-77.0723933,38.7160604],[-77.072465,38.7159628],[-77.0726302,38.7160373],[-77.0726247,38.7160449],[-77.0726454,38.7160523],[-77.0726228,38.7160911],[-77.0725944,38.7160809],[-77.0725702,38.7161167],[-77.0724801,38.7160762]]]}},{"type":"Feature","id":"way/1092542236","properties":{"id":"way/1092542236","name":null,"class":"residence","building":"detached","ground_elevation_m":5.31,"height_m":7.3,"height_source":"USGS 3DEP lidar VA_NorthernVA_1_B22","height_confidence":"high","height_surveyed":true,"roof_form":"pitched","roof_spread_m":1.91,"source":"openstreetmap","source_date":"2026-09-11","confidence":"medium","surveyed":false},"geometry":{"type":"Polygon","coordinates":[[[-77.0718643,38.7127288],[-77.071888,38.7127347],[-77.0719119,38.7126814],[-77.0720045,38.7127088],[-77.0719768,38.7127649],[-77.0720136,38.7127749],[-77.0720256,38.7127865],[-77.0720249,38.7127937],[-77.0720156,38.7128073],[-77.0719986,38.712809],[-77.0719713,38.7128671],[-77.0719809,38.7128746],[-77.0719811,38.7128843],[-77.0719772,38.7128939],[-77.0719687,38.7128998],[-77.0719567,38.712902],[-77.0718007,38.7128604],[-77.0718643,38.7127288]]]}},{"type":"Feature","id":"way/1092542248","properties":{"id":"way/1092542248","name":null,"class":"residence","building":"detached","ground_elevation_m":4.57,"height_m":5.1,"height_source":"USGS 3DEP lidar VA_NorthernVA_1_B22","height_confidence":"high","height_surveyed":true,"roof_form":"flat","roof_spread_m":1.18,"source":"openstreetmap","source_date":"2026-09-11","confidence":"medium","surveyed":false},"geometry":{"type":"Polygon","coordinates":[[[-77.0754976,38.7196847],[-77.0755264,38.7196654],[-77.0754969,38.7196385],[-77.0755833,38.7195806],[-77.075664,38.7196545],[-77.0756739,38.7196478],[-77.0757261,38.7196956],[-77.0756347,38.7197569],[-77.0755902,38.719716],[-77.0755564,38.7197386],[-77.0754976,38.7196847]]]}},{"type":"Feature","id":"way/1092542337","properties":{"id":"way/1092542337","name":null,"class":"residence","building":"detached","ground_elevation_m":5.25,"height_m":7.6,"height_source":"USGS 3DEP lidar VA_NorthernVA_1_B22","height_confidence":"high","height_surveyed":true,"roof_form":"pitched","roof_spread_m":3.22,"source":"openstreetmap","source_date":"2026-09-11","confidence":"medium","surveyed":false},"geometry":{"type":"Polygon","coordinates":[[[-77.0728951,38.7193854],[-77.0727555,38.7194447],[-77.0727023,38.7193679],[-77.0727098,38.7193647],[-77.0726816,38.7193238],[-77.0727526,38.7192932],[-77.0727785,38.7193306],[-77.0728393,38.7193048],[-77.0728951,38.7193854]]]}},{"type":"Feature","id":"way/1092542372","properties":{"id":"way/1092542372","name":null,"class":"residence","building":"detached","ground_elevation_m":4.03,"height_m":6.3,"height_source":"USGS 3DEP lidar VA_NorthernVA_1_B22","height_confidence":"high","height_surveyed":true,"roof_form":"pitched","roof_spread_m":2.63,"source":"openstreetmap","source_date":"2026-09-11","confidence":"medium","surveyed":false},"geometry":{"type":"Polygon","coordinates":[[[-77.0742873,38.7186201],[-77.0743229,38.7185928],[-77.0742937,38.7185694],[-77.0743827,38.7185011],[-77.0745311,38.7186199],[-77.0744729,38.7186645],[-77.074427,38.7186278],[-77.0743606,38.7186787],[-77.0742873,38.7186201]]]}},{"type":"Feature","id":"way/1092542487","properties":{"id":"way/1092542487","name":null,"class":"residence","building":"detached","ground_elevation_m":3.94,"height_m":5.1,"height_source":"USGS 3DEP lidar VA_NorthernVA_1_B22","height_confidence":"high","height_surveyed":true,"roof_form":"pitched","roof_spread_m":1.5,"source":"openstreetmap","source_date":"2026-09-11","confidence":"medium","surveyed":false},"geometry":{"type":"Polygon","coordinates":[[[-77.0740259,38.7187425],[-77.074053,38.7187695],[-77.0740729,38.7187573],[-77.0740217,38.718706],[-77.0741049,38.718655],[-77.074084,38.7186341],[-77.0741272,38.7186076],[-77.0742021,38.7186826],[-77.0741738,38.7187],[-77.0742295,38.7187557],[-77.0740689,38.7188542],[-77.0739834,38.7187686],[-77.0740259,38.7187425]]]}},{"type":"Feature","id":"way/1092542511","properties":{"id":"way/1092542511","name":null,"class":"residence","building":"detached","ground_elevation_m":6.04,"height_m":7.2,"height_source":"USGS 3DEP lidar VA_NorthernVA_1_B22","height_confidence":"high","height_surveyed":true,"roof_form":"pitched","roof_spread_m":1.35,"source":"openstreetmap","source_date":"2026-09-11","confidence":"medium","surveyed":false},"geometry":{"type":"Polygon","coordinates":[[[-77.0732646,38.7177063],[-77.0732617,38.7177168],[-77.0733126,38.7177253],[-77.0732907,38.717806],[-77.0731449,38.7177817],[-77.0731477,38.7177716],[-77.0731119,38.7177656],[-77.0731338,38.7176846],[-77.0732646,38.7177063]]]}},{"type":"Feature","id":"way/1092542667","properties":{"id":"way/1092542667","name":null,"class":"residence","building":"detached","ground_elevation_m":4.23,"height_m":6.0,"height_source":"USGS 3DEP lidar VA_NorthernVA_1_B22","height_confidence":"high","height_surveyed":true,"roof_form":"pitched","roof_spread_m":1.85,"source":"openstreetmap","source_date":"2026-09-11","confidence":"medium","surveyed":false},"geometry":{"type":"Polygon","coordinates":[[[-77.0747592,38.7194027],[-77.0747954,38.7195089],[-77.0745665,38.7195567],[-77.0745419,38.7194845],[-77.0745891,38.7194746],[-77.0745848,38.7194621],[-77.0746736,38.7194436],[-77.0746663,38.7194221],[-77.0747592,38.7194027]]]}},{"type":"Feature","id":"way/1092542680","properties":{"id":"way/1092542680","name":null,"class":"residence","building":"detached","ground_elevation_m":4.28,"height_m":7.5,"height_source":"USGS 3DEP lidar VA_NorthernVA_1_B22","height_confidence":"high","height_surveyed":true,"roof_form":"pitched","roof_spread_m":2.22,"source":"openstreetmap","source_date":"2026-09-11","confidence":"medium","surveyed":false},"geometry":{"type":"Polygon","coordinates":[[[-77.0759239,38.7199708],[-77.0759996,38.7199196],[-77.0761199,38.7200288],[-77.0760441,38.7200799],[-77.0759239,38.7199708]]]}},{"type":"Feature","id":"way/1092542793","properties":{"id":"way/1092542793","name":null,"class":"residence","building":"detached","ground_elevation_m":5.76,"height_m":4.3,"height_source":"USGS 3DEP lidar VA_NorthernVA_1_B22","height_confidence":"high","height_surveyed":true,"roof_form":"flat","roof_spread_m":0.84,"source":"openstreetmap","source_date":"2026-09-11","confidence":"medium","surveyed":false},"geometry":{"type":"Polygon","coordinates":[[[-77.0717179,38.7194177],[-77.0718515,38.719367],[-77.0718905,38.7194299],[-77.0719625,38.7194026],[-77.0720156,38.7194884],[-77.07181,38.7195665],[-77.0717179,38.7194177]]]}},{"type":"Feature","id":"way/1092542796","properties":{"id":"way/1092542796","name":null,"class":"residence","building":"detached","ground_elevation_m":6.96,"height_m":7.7,"height_source":"USGS 3DEP lidar VA_NorthernVA_1_B22","height_confidence":"high","height_surveyed":true,"roof_form":"pitched","roof_spread_m":3.09,"source":"openstreetmap","source_date":"2026-09-11","confidence":"medium","surveyed":false},"geometry":{"type":"Polygon","coordinates":[[[-77.0723367,38.7167717],[-77.0723234,38.7167751],[-77.072278,38.7166656],[-77.0723752,38.7166409],[-77.0723887,38.7166735],[-77.0724007,38.7166705],[-77.072445,38.7167774],[-77.0723491,38.7168018],[-77.0723367,38.7167717]]]}},{"type":"Feature","id":"way/1092542912","properties":{"id":"way/1092542912","name":null,"class":"residence","building":"detached","ground_elevation_m":8.79,"height_m":7.7,"height_source":"USGS 3DEP lidar VA_NorthernVA_1_B22","height_confidence":"high","height_surveyed":true,"roof_form":"flat","roof_spread_m":1.19,"source":"openstreetmap","source_date":"2026-09-11","confidence":"medium","surveyed":false},"geometry":{"type":"Polygon","coordinates":[[[-77.0726155,38.7176328],[-77.072619,38.7176521],[-77.072722,38.7176408],[-77.0727381,38.7177301],[-77.0725554,38.7177503],[-77.0725358,38.7176416],[-77.0726155,38.7176328]]]}},{"type":"Feature","id":"way/1092543093","properties":{"id":"way/1092543093","name":null,"class":"residence","building":"detached","ground_elevation_m":4.56,"height_m":5.2,"height_source":"USGS 3DEP lidar VA_NorthernVA_1_B22","height_confidence":"high","height_surveyed":true,"roof_form":"flat","roof_spread_m":1.06,"source":"openstreetmap","source_date":"2026-09-11","confidence":"medium","surveyed":false},"geometry":{"type":"Polygon","coordinates":[[[-77.0757015,38.7198394],[-77.0756767,38.7198179],[-77.075755,38.7197627],[-77.0758346,38.7198319],[-77.0758486,38.719822],[-77.0759062,38.719872],[-77.0758127,38.719938],[-77.0757675,38.7198987],[-77.0757292,38.7199257],[-77.0756619,38.7198673],[-77.0757015,38.7198394]]]}},{"type":"Feature","id":"way/1092543174","properties":{"id":"way/1092543174","name":null,"class":"residence","building":"detached","ground_elevation_m":6.36,"height_m":7.7,"height_source":"USGS 3DEP lidar VA_NorthernVA_1_B22","height_confidence":"high","height_surveyed":true,"roof_form":"pitched","roof_spread_m":2.59,"source":"openstreetmap","source_date":"2026-09-11","confidence":"medium","surveyed":false},"geometry":{"type":"Polygon","coordinates":[[[-77.0719315,38.7197149],[-77.0720672,38.7196512],[-77.0721318,38.7197366],[-77.0720673,38.7197669],[-77.0720615,38.7197603],[-77.071991,38.7197936],[-77.0719315,38.7197149]]]}},{"type":"Feature","id":"way/1092543323","properties":{"id":"way/1092543323","name":null,"class":"residence","building":"detached","ground_elevation_m":5.89,"height_m":7.2,"height_source":"USGS 3DEP lidar VA_NorthernVA_1_B22","height_confidence":"high","height_surveyed":true,"roof_form":"pitched","roof_spread_m":2.84,"source":"openstreetmap","source_date":"2026-09-11","confidence":"medium","surveyed":false},"geometry":{"type":"Polygon","coordinates":[[[-77.0723549,38.7195061],[-77.0724215,38.7195928],[-77.0722442,38.7196765],[-77.0721775,38.7195899],[-77.0723549,38.7195061]]]}},{"type":"Feature","id":"way/1092543332","properties":{"id":"way/1092543332","name":null,"class":"residence","building":"detached","ground_elevation_m":7.71,"height_m":7.5,"height_source":"USGS 3DEP lidar VA_NorthernVA_1_B22","height_confidence":"high","height_surveyed":true,"roof_form":"flat","roof_spread_m":1.05,"source":"openstreetmap","source_date":"2026-09-11","confidence":"medium","surveyed":false},"geometry":{"type":"Polygon","coordinates":[[[-77.0729069,38.7176532],[-77.0729088,38.7176736],[-77.0730134,38.7176675],[-77.073022,38.7177579],[-77.0728376,38.7177687],[-77.072827,38.7176579],[-77.0729069,38.7176532]]]}},{"type":"Feature","id":"way/1092543337","properties":{"id":"way/1092543337","name":null,"class":"residence","building":"detached","ground_elevation_m":7.13,"height_m":7.8,"height_source":"USGS 3DEP lidar VA_NorthernVA_1_B22","height_confidence":"high","height_surveyed":true,"roof_form":"pitched","roof_spread_m":2.55,"source":"openstreetmap","source_date":"2026-09-11","confidence":"medium","surveyed":false},"geometry":{"type":"Polygon","coordinates":[[[-77.0728871,38.7199279],[-77.0728689,38.7199358],[-77.0728169,38.7198615],[-77.0729247,38.7198151],[-77.0730156,38.7199449],[-77.072926,38.7199834],[-77.0728871,38.7199279]]]}},{"type":"Feature","id":"way/1092543425","properties":{"id":"way/1092543425","name":null,"class":"residence","building":"detached","ground_elevation_m":3.92,"height_m":7.5,"height_source":"USGS 3DEP lidar VA_NorthernVA_1_B22","height_confidence":"high","height_surveyed":true,"roof_form":"pitched","roof_spread_m":4.03,"source":"openstreetmap","source_date":"2026-09-11","confidence":"medium","surveyed":false},"geometry":{"type":"Polygon","coordinates":[[[-77.0737085,38.7188608],[-77.0737424,38.7188455],[-77.0737321,38.7188315],[-77.0737852,38.7188075],[-77.0738307,38.7188692],[-77.0739229,38.7188275],[-77.0739749,38.7188982],[-77.0737956,38.7189792],[-77.0737085,38.7188608]]]}},{"type":"Feature","id":"way/1092543427","properties":{"id":"way/1092543427","name":null,"class":"residence","building":"detached","ground_elevation_m":4.05,"height_m":6.1,"height_source":"USGS 3DEP lidar VA_NorthernVA_1_B22","height_confidence":"high","height_surveyed":true,"roof_form":"pitched","roof_spread_m":1.61,"source":"openstreetmap","source_date":"2026-09-11","confidence":"medium","surveyed":false},"geometry":{"type":"Polygon","coordinates":[[[-77.0750999,38.7197],[-77.0752214,38.7196952],[-77.0752305,38.7198369],[-77.075109,38.7198417],[-77.0750999,38.7197]]]}},{"type":"Feature","id":"way/1092543445","properties":{"id":"way/1092543445","name":null,"class":"building","building":"public","ground_elevation_m":4.56,"height_m":4.8,"height_source":"USGS 3DEP lidar VA_NorthernVA_1_B22","height_confidence":"high","height_surveyed":true,"roof_form":"pitched","roof_spread_m":1.36,"source":"openstreetmap","source_date":"2026-09-11","confidence":"medium","surveyed":false},"geometry":{"type":"Polygon","coordinates":[[[-77.072911,38.7182007],[-77.0729944,38.7183355],[-77.0728983,38.718372],[-77.0728148,38.7182372],[-77.072911,38.7182007]]]}},{"type":"Feature","id":"way/1092543544","properties":{"id":"way/1092543544","name":null,"class":"residence","building":"detached","ground_elevation_m":4.61,"height_m":5.0,"height_source":"USGS 3DEP lidar VA_NorthernVA_1_B22","height_confidence":"high","height_surveyed":true,"roof_form":"pitched","roof_spread_m":1.34,"source":"openstreetmap","source_date":"2026-09-11","confidence":"medium","surveyed":false},"geometry":{"type":"Polygon","coordinates":[[[-77.0751013,38.7192478],[-77.0751977,38.7191807],[-77.0752507,38.7192274],[-77.0752345,38.7192387],[-77.0753154,38.71931],[-77.0752352,38.7193659],[-77.0751013,38.7192478]]]}},{"type":"Feature","id":"way/1092543776","properties":{"id":"way/1092543776","name":null,"class":"residence","building":"detached","ground_elevation_m":8.75,"height_m":7.4,"height_source":"USGS 3DEP lidar VA_NorthernVA_1_B22","height_confidence":"high","height_surveyed":true,"roof_form":"pitched","roof_spread_m":2.21,"source":"openstreetmap","source_date":"2026-09-11","confidence":"medium","surveyed":false},"geometry":{"type":"Polygon","coordinates":[[[-77.0720232,38.7173072],[-77.0719915,38.7172052],[-77.0720225,38.7171992],[-77.0720113,38.717163],[-77.0720607,38.7171536],[-77.0720571,38.717142],[-77.0720939,38.717135],[-77.0720975,38.7171467],[-77.0721422,38.7171381],[-77.0721531,38.7171734],[-77.0721638,38.7171713],[-77.0721969,38.7172777],[-77.0720232,38.7173072]]]}},{"type":"Feature","id":"way/1092543848","properties":{"id":"way/1092543848","name":null,"class":"residence","building":"detached","ground_elevation_m":5.56,"height_m":6.9,"height_source":"USGS 3DEP lidar VA_NorthernVA_1_B22","height_confidence":"high","height_surveyed":true,"roof_form":"pitched","roof_spread_m":3.21,"source":"openstreetmap","source_date":"2026-09-11","confidence":"medium","surveyed":false},"geometry":{"type":"Polygon","coordinates":[[[-77.0724137,38.7194357],[-77.0724992,38.7193952],[-77.0725289,38.7194347],[-77.0726235,38.7193926],[-77.0726788,38.7194685],[-77.0726134,38.7194985],[-77.0726229,38.7195091],[-77.0725103,38.7195609],[-77.0724137,38.7194357]]]}},{"type":"Feature","id":"way/1092543861","properties":{"id":"way/1092543861","name":null,"class":"residence","building":"detached","ground_elevation_m":6.21,"height_m":7.4,"height_source":"USGS 3DEP lidar VA_NorthernVA_1_B22","height_confidence":"high","height_surveyed":true,"roof_form":"flat","roof_spread_m":0.75,"source":"openstreetmap","source_date":"2026-09-11","confidence":"medium","surveyed":false},"geometry":{"type":"Polygon","coordinates":[[[-77.0721876,38.7160181],[-77.0721937,38.7160004],[-77.07209,38.7159781],[-77.0721177,38.7158993],[-77.0722863,38.7159357],[-77.0722524,38.716032],[-77.0721876,38.7160181]]]}},{"type":"Feature","id":"way/1122030684","properties":{"id":"way/1122030684","name":null,"class":"building","building":"yes","ground_elevation_m":26.72,"height_m":6.9,"height_source":"USGS 3DEP lidar VA_NorthernVA_1_B22","height_confidence":"high","height_surveyed":true,"roof_form":"pitched","roof_spread_m":2.73,"source":"openstreetmap","source_date":"2026-09-11","confidence":"medium","surveyed":false},"geometry":{"type":"Polygon","coordinates":[[[-77.0920875,38.7125319],[-77.0917816,38.7123794],[-77.0916924,38.7124883],[-77.0918442,38.712564],[-77.0916954,38.7127458],[-77.091555,38.7126758],[-77.091466,38.7127846],[-77.0917605,38.7129314],[-77.0920466,38.7125819],[-77.0920875,38.7125319]]]}},{"type":"Feature","id":"way/1323873472","properties":{"id":"way/1323873472","name":null,"class":"residence","building":"house","ground_elevation_m":12.59,"height_m":8.8,"height_source":"USGS 3DEP lidar VA_NorthernVA_1_B22","height_confidence":"high","height_surveyed":true,"roof_form":"pitched","roof_spread_m":3.37,"source":"openstreetmap","source_date":"2026-09-11","confidence":"medium","surveyed":false},"geometry":{"type":"Polygon","coordinates":[[[-77.1017269,38.7004998],[-77.1018161,38.7005143],[-77.1018244,38.7004836],[-77.1019355,38.7005017],[-77.1018829,38.7006984],[-77.1017864,38.7006826],[-77.1018053,38.7006121],[-77.1017239,38.7005989],[-77.1017086,38.7006563],[-77.1016943,38.700654],[-77.101692,38.7006625],[-77.1016094,38.7006491],[-77.1016594,38.7004619],[-77.1017337,38.700474],[-77.1017269,38.7004998]]]}},{"type":"Feature","id":"way/1323873473","properties":{"id":"way/1323873473","name":null,"class":"residence","building":"house","ground_elevation_m":10.0,"height_m":7.4,"height_source":"USGS 3DEP lidar VA_NorthernVA_1_B22","height_confidence":"high","height_surveyed":true,"roof_form":"pitched","roof_spread_m":3.65,"source":"openstreetmap","source_date":"2026-09-11","confidence":"medium","surveyed":false},"geometry":{"type":"Polygon","coordinates":[[[-77.1019907,38.7001203],[-77.1019904,38.7003183],[-77.1018821,38.7003181],[-77.1018822,38.7002894],[-77.1017902,38.7002893],[-77.1017903,38.7002399],[-77.1017616,38.7002398],[-77.1017617,38.7001783],[-77.1017847,38.7001784],[-77.1017847,38.7001383],[-77.101764,38.7001383],[-77.1017641,38.7001291],[-77.1017882,38.7001291],[-77.1017883,38.7001201],[-77.1019907,38.7001203]]]}},{"type":"Feature","id":"relation/9750358","properties":{"id":"relation/9750358","name":null,"class":"building","building":"yes","ground_elevation_m":11.2,"height_m":4.1,"height_source":"USGS 3DEP lidar VA_NorthernVA_1_B22","height_confidence":"high","height_surveyed":true,"roof_form":"flat","roof_spread_m":1.17,"source":"openstreetmap","source_date":"2026-09-11","confidence":"medium","surveyed":false},"geometry":{"type":"Polygon","coordinates":[[[-77.1043132,38.7066604],[-77.10445,38.7067135],[-77.1044262,38.7067512],[-77.1044531,38.7067616],[-77.1043891,38.7068628],[-77.1043595,38.7068513],[-77.104346,38.7068725],[-77.1042153,38.7068217],[-77.1042271,38.7068029],[-77.1042032,38.7067936],[-77.1042702,38.7066878],[-77.1042908,38.7066958],[-77.1043132,38.7066604]],[[-77.1043177,38.7067495],[-77.1042958,38.7067853],[-77.1043415,38.7068024],[-77.1043634,38.7067667],[-77.1043177,38.7067495]]]}},{"type":"Feature","id":"relation/9750359","properties":{"id":"relation/9750359","name":null,"class":"building","building":"yes","ground_elevation_m":18.74,"height_m":6.6,"height_source":"USGS 3DEP lidar VA_NorthernVA_1_B22","height_confidence":"high","height_surveyed":true,"roof_form":"pitched","roof_spread_m":1.78,"source":"openstreetmap","source_date":"2026-09-11","confidence":"medium","surveyed":false},"geometry":{"type":"Polygon","coordinates":[[[-77.1010849,38.7002291],[-77.1010941,38.7002374],[-77.1011018,38.7002371],[-77.1011326,38.7004209],[-77.1010281,38.7004316],[-77.1010251,38.7004138],[-77.1008465,38.7004322],[-77.1008193,38.7002669],[-77.1010481,38.700243],[-77.1010542,38.7002337],[-77.1010849,38.7002291]],[[-77.1010433,38.7003441],[-77.100941,38.7003544],[-77.1009497,38.7004099],[-77.1009544,38.7004094],[-77.1010232,38.7004025],[-77.1010202,38.7003839],[-77.1010494,38.700381],[-77.1010433,38.7003441]]]}},{"type":"Feature","id":"relation/9847212","properties":{"id":"relation/9847212","name":null,"class":"civic","building":"school","ground_elevation_m":29.32,"height_m":6.5,"height_source":"USGS 3DEP lidar VA_NorthernVA_1_B22","height_confidence":"high","height_surveyed":true,"roof_form":"pitched","roof_spread_m":1.24,"source":"openstreetmap","source_date":"2026-09-11","confidence":"medium","surveyed":false},"geometry":{"type":"Polygon","coordinates":[[[-77.0959968,38.7196871],[-77.096584,38.7197383],[-77.0965809,38.7197604],[-77.096566,38.7197591],[-77.0965402,38.7199406],[-77.096963,38.7199775],[-77.0969785,38.7198686],[-77.0971918,38.7198872],[-77.0971433,38.7202281],[-77.0969199,38.7202087],[-77.0969218,38.7201952],[-77.0968999,38.7201933],[-77.096859,38.7204809],[-77.0967529,38.7204716],[-77.0967476,38.7205085],[-77.0968973,38.7205216],[-77.0968875,38.720556],[-77.0969908,38.7205665],[-77.0970324,38.7202944],[-77.0972765,38.7203175],[-77.0971853,38.7209044],[-77.0970485,38.7208929],[-77.0970538,38.7208605],[-77.0969465,38.7208532],[-77.096972,38.7206899],[-77.0968657,38.7206821],[-77.0968644,38.7206999],[-77.0963815,38.7206486],[-77.096384,38.7206317],[-77.0963555,38.7206292],[-77.0963534,38.7206436],[-77.096187,38.7206291],[-77.0961826,38.7206603],[-77.0958836,38.7206342],[-77.0958807,38.7206597],[-77.0958419,38.7206599],[-77.0958189,38.7206494],[-77.0958087,38.7206301],[-77.0958354,38.7204456],[-77.0959092,38.7204539],[-77.0960049,38.71978],[-77.0959839,38.7197781],[-77.0959968,38.7196871]],[[-77.0961869,38.7200226],[-77.0961693,38.7201412],[-77.0962912,38.7201523],[-77.0962851,38.7201933],[-77.0963405,38.7201984],[-77.0963338,38.7202437],[-77.0962901,38.7202397],[-77.0962848,38.7202756],[-77.0962411,38.7202717],[-77.0962284,38.7203567],[-77.0961886,38.7203531],[-77.0961855,38.7203738],[-77.0961065,38.7203665],[-77.0960941,38.7204498],[-77.0966958,38.7205048],[-77.0967017,38.720465],[-77.0966058,38.7204562],[-77.0966638,38.7200662],[-77.0961869,38.7200226]]]}}]}