{"type":"FeatureCollection","name":"landcover","features":[{"type":"Feature","id":"way/43932369","properties":{"id":"way/43932369","name":"Bowling Green","class":"turf","source_value":"grassland","source":"openstreetmap","source_date":"2026-09-11","confidence":"medium","surveyed":false},"geometry":{"type":"Polygon","coordinates":[[[-77.0869858,38.7086607],[-77.0870953,38.7086731],[-77.0871681,38.708698],[-77.0872168,38.7087496],[-77.0872529,38.7088203],[-77.0873224,38.7089329],[-77.0874081,38.7090071],[-77.0874981,38.7090564],[-77.0875839,38.7090695],[-77.0876598,38.7090577],[-77.0879697,38.7087116],[-77.0879776,38.7086513],[-77.0879725,38.7086085],[-77.0879509,38.7085573],[-77.0879013,38.7085268],[-77.0878168,38.7085076],[-77.0877254,38.7085061],[-77.0876193,38.7085146],[-77.0875221,38.7085225],[-77.0874263,38.7085005],[-77.0873613,38.7084678],[-77.087302,38.708425],[-77.0872556,38.70836],[-77.0871803,38.7082905],[-77.0870708,38.7082507],[-77.0869174,38.7082194],[-77.086746,38.708161],[-77.0866944,38.7081314],[-77.0866791,38.7081382],[-77.0866752,38.708157],[-77.0866684,38.7081841],[-77.086651,38.7082108],[-77.0866247,38.7082433],[-77.0865756,38.7082697],[-77.0865253,38.7082871],[-77.0865077,38.7083034],[-77.0865164,38.7083217],[-77.0865899,38.7083812],[-77.0866906,38.7084902],[-77.0867975,38.7085998],[-77.0868797,38.7086385],[-77.0869858,38.7086607]]]}},{"type":"Feature","id":"way/232603529","properties":{"id":"way/232603529","name":null,"class":"water","source_value":"water","source":"openstreetmap","source_date":"2026-09-11","confidence":"medium","surveyed":false},"geometry":{"type":"Polygon","coordinates":[[[-77.0840543,38.7105287],[-77.0842226,38.7103194],[-77.083929,38.7101756],[-77.0837607,38.7103849],[-77.0840543,38.7105287]]]}},{"type":"Feature","id":"way/232717205","properties":{"id":"way/232717205","name":"Paddock with Animals","class":"farmland","source_value":"farmyard","source":"openstreetmap","source_date":"2026-09-11","confidence":"medium","surveyed":false},"geometry":{"type":"Polygon","coordinates":[[[-77.0880847,38.7082144],[-77.0880309,38.7081161],[-77.0879479,38.7080282],[-77.0878889,38.7079863],[-77.0877868,38.7079298],[-77.0874703,38.7077665],[-77.087225,38.7076401],[-77.0873021,38.707542],[-77.0873275,38.7075058],[-77.087347,38.7074778],[-77.0875588,38.7075782],[-77.0878313,38.7077238],[-77.0879935,38.7078105],[-77.0880766,38.7078712],[-77.0881516,38.7079403],[-77.0881946,38.708003],[-77.0882241,38.7080658],[-77.088259,38.70816],[-77.0881222,38.7082187],[-77.0880919,38.7082312],[-77.0880847,38.7082144]]]}},{"type":"Feature","id":"way/232717207","properties":{"id":"way/232717207","name":"Lower Garden","class":"garden","source_value":"garden","source":"openstreetmap","source_date":"2026-09-11","confidence":"medium","surveyed":false},"geometry":{"type":"Polygon","coordinates":[[[-77.0880847,38.7082144],[-77.0880919,38.7082312],[-77.0880877,38.7082324],[-77.0880834,38.7082345],[-77.0880797,38.7082374],[-77.0880767,38.7082411],[-77.0880753,38.7082441],[-77.0880745,38.7082495],[-77.0880751,38.7082529],[-77.0880533,38.7082614],[-77.0879666,38.7082919],[-77.0878701,38.708317],[-77.0877816,38.7083254],[-77.0876931,38.7083233],[-77.0876233,38.7083086],[-77.0875482,38.7082814],[-77.0874597,38.7082333],[-77.0869858,38.7079756],[-77.0869875,38.7079737],[-77.0869899,38.7079695],[-77.0869909,38.7079658],[-77.086991,38.7079634],[-77.0869907,38.7079603],[-77.0869901,38.7079581],[-77.0869888,38.7079553],[-77.0869871,38.7079528],[-77.0869847,38.7079503],[-77.0869809,38.7079475],[-77.086977,38.7079457],[-77.0869787,38.7079436],[-77.0871106,38.7077811],[-77.087225,38.7076401],[-77.0874703,38.7077665],[-77.0877868,38.7079298],[-77.0878889,38.7079863],[-77.0879479,38.7080282],[-77.0880309,38.7081161],[-77.0880847,38.7082144]]]}},{"type":"Feature","id":"way/232717210","properties":{"id":"way/232717210","name":"Upper Garden","class":"garden","source_value":"garden","source":"openstreetmap","source_date":"2026-09-11","confidence":"medium","surveyed":false},"geometry":{"type":"Polygon","coordinates":[[[-77.0872064,38.7092638],[-77.0872129,38.7092107],[-77.0872103,38.7091479],[-77.0871968,38.709083],[-77.0871645,38.7090161],[-77.0871083,38.7089386],[-77.0870217,38.7088766],[-77.0869581,38.7088382],[-77.0868534,38.7087879],[-77.0867622,38.7087419],[-77.0867107,38.7087174],[-77.0864457,38.7085828],[-77.0861709,38.708914],[-77.0863751,38.7090153],[-77.0863902,38.7089997],[-77.0864543,38.7090277],[-77.0865189,38.7090628],[-77.0865065,38.7090754],[-77.0866236,38.7091351],[-77.0867103,38.7091795],[-77.0867171,38.7091916],[-77.0867355,38.7092086],[-77.0868294,38.7092484],[-77.0869393,38.7092777],[-77.0870654,38.7092986],[-77.0871198,38.709304],[-77.0871579,38.7093018],[-77.0871575,38.7092975],[-77.0871584,38.7092927],[-77.0871605,38.7092886],[-77.087163,38.7092856],[-77.0871651,38.7092838],[-77.0871682,38.7092817],[-77.0871721,38.7092798],[-77.0871773,38.7092783],[-77.0871813,38.7092778],[-77.0871858,38.7092778],[-77.0871909,38.7092785],[-77.0871949,38.7092796],[-77.0871989,38.7092814],[-77.0872064,38.7092638]]]}},{"type":"Feature","id":"way/232718129","properties":{"id":"way/232718129","name":"Fruit Garden & Nursery","class":"garden","source_value":"garden","source":"openstreetmap","source_date":"2026-09-11","confidence":"medium","surveyed":false},"geometry":{"type":"Polygon","coordinates":[[[-77.0884944,38.707917],[-77.0887878,38.7075582],[-77.0890796,38.7072014],[-77.0886569,38.7069908],[-77.0878829,38.7066053],[-77.0875886,38.7069623],[-77.0872879,38.707327],[-77.088074,38.7077076],[-77.0884944,38.707917]]]}},{"type":"Feature","id":"way/232718134","properties":{"id":"way/232718134","name":"The Farm","class":"farmland","source_value":"farmland","source":"openstreetmap","source_date":"2026-09-11","confidence":"medium","surveyed":false},"geometry":{"type":"Polygon","coordinates":[[[-77.0906818,38.7055252],[-77.0909974,38.7058304],[-77.0911637,38.7060795],[-77.0912121,38.7062324],[-77.0912125,38.7063353],[-77.0911527,38.7063741],[-77.091104,38.706406],[-77.09102,38.7064633],[-77.0909489,38.7065117],[-77.0908994,38.7065441],[-77.0908418,38.7065839],[-77.0906623,38.7065651],[-77.0904021,38.7063099],[-77.0901257,38.7060753],[-77.0899172,38.705897],[-77.0898442,38.7058346],[-77.0895974,38.7056651],[-77.0893238,38.7054809],[-77.0891736,38.7053867],[-77.0890689,38.7053344],[-77.0889857,38.7053072],[-77.0890193,38.7052696],[-77.0890502,38.7052298],[-77.08912,38.7051859],[-77.0891817,38.7051733],[-77.0892863,38.7051649],[-77.0893989,38.7051377],[-77.0895035,38.7051021],[-77.0896484,38.705031],[-77.0896743,38.7050091],[-77.0898147,38.7048907],[-77.0902653,38.7051628],[-77.0904362,38.7052943],[-77.0904504,38.7053052],[-77.0906818,38.7055252]]]}},{"type":"Feature","id":"way/494734794","properties":{"id":"way/494734794","name":"Riverside Park","class":"park","source_value":"park","source":"openstreetmap","source_date":"2026-09-11","confidence":"medium","surveyed":false},"geometry":{"type":"Polygon","coordinates":[[[-77.0739989,38.7128548],[-77.0741274,38.7127968],[-77.0742774,38.7126681],[-77.0742318,38.7121469],[-77.074138,38.7119251],[-77.0737759,38.7115714],[-77.0734325,38.7111926],[-77.0732475,38.710841],[-77.0728183,38.7105333],[-77.072129,38.7101649],[-77.071563,38.7099556],[-77.0707557,38.7099224],[-77.069082,38.7100354],[-77.0679608,38.7099056],[-77.065149,38.709917],[-77.0651987,38.7102158],[-77.0681139,38.7104085],[-77.069629,38.7106203],[-77.0712727,38.711085],[-77.0726773,38.7118356],[-77.0735743,38.7125294],[-77.0739989,38.7128548]]]}},{"type":"Feature","id":"way/528121448","properties":{"id":"way/528121448","name":"12-Acre Field","class":"turf","source_value":"grass","source":"openstreetmap","source_date":"2026-09-11","confidence":"medium","surveyed":false},"geometry":{"type":"Polygon","coordinates":[[[-77.0902473,38.7098579],[-77.0903781,38.7097377],[-77.0905649,38.7096247],[-77.0907423,38.7095081],[-77.090775,38.7093769],[-77.0906863,38.7092311],[-77.0902706,38.7089287],[-77.0898223,38.7086226],[-77.0895468,38.7083055],[-77.0893332,38.7083703],[-77.0892646,38.7083779],[-77.0889492,38.708231],[-77.0888441,38.7081881],[-77.0884867,38.7086481],[-77.0883933,38.7087355],[-77.0882158,38.7090489],[-77.0880991,38.7091619],[-77.0879497,38.7093004],[-77.0878282,38.7093623],[-77.0879543,38.7095263],[-77.0879683,38.7096648],[-77.0879153,38.7097655],[-77.0881691,38.7098944],[-77.0886361,38.7098616],[-77.088851,38.7099272],[-77.0890471,38.7099964],[-77.0891358,38.710277],[-77.0896589,38.7101276],[-77.0899297,38.7100802],[-77.0901632,38.710011],[-77.090252,38.7099964],[-77.0902473,38.7098579]]]}},{"type":"Feature","id":"way/673369327","properties":{"id":"way/673369327","name":null,"class":"water","source_value":"swimming_pool","source":"openstreetmap","source_date":"2026-09-11","confidence":"medium","surveyed":false},"geometry":{"type":"Polygon","coordinates":[[[-77.0976585,38.7024884],[-77.0976046,38.7024235],[-77.0974561,38.7024986],[-77.0972928,38.7023021],[-77.0974376,38.7022288],[-77.097508,38.7023136],[-77.0976177,38.7022581],[-77.0977645,38.7024348],[-77.0976585,38.7024884]]]}},{"type":"Feature","id":"way/700231368","properties":{"id":"way/700231368","name":null,"class":"woodland","source_value":"wood","source":"openstreetmap","source_date":"2026-09-11","confidence":"medium","surveyed":false},"geometry":{"type":"Polygon","coordinates":[[[-77.0959838,38.7126458],[-77.0945528,38.7119352],[-77.0918167,38.7107012],[-77.0914178,38.7104769],[-77.0911906,38.7103491],[-77.0906621,38.7103776],[-77.0905198,38.7104157],[-77.0906702,38.710587],[-77.0908247,38.7105775],[-77.0910686,38.7106727],[-77.0912353,38.7108567],[-77.0914752,38.710936],[-77.0916581,38.7108916],[-77.0919874,38.7109899],[-77.0923452,38.7111898],[-77.0930973,38.7115355],[-77.0929835,38.7116497],[-77.0927436,38.7115006],[-77.0924956,38.7113769],[-77.0922232,38.7113357],[-77.0922883,38.7114721],[-77.0925932,38.7116466],[-77.0927721,38.7118052],[-77.0929144,38.7119701],[-77.0928005,38.7120621],[-77.0923493,38.7118781],[-77.0919468,38.7118306],[-77.0916663,38.7116878],[-77.091589,38.7118147],[-77.091337,38.7120812],[-77.0910077,38.7121573],[-77.0910622,38.7124421],[-77.0910225,38.712495],[-77.0908076,38.7121998],[-77.0907259,38.7120613],[-77.0906045,38.7120468],[-77.09042,38.7122818],[-77.0900908,38.7120632],[-77.0899974,38.7119083],[-77.0900278,38.7118026],[-77.0904107,38.7113508],[-77.0904597,38.7112232],[-77.0903827,38.7111321],[-77.0901865,38.7110556],[-77.0900324,38.7110374],[-77.0899484,38.7109608],[-77.0896658,38.7110283],[-77.0896635,38.7111194],[-77.0895911,38.7111194],[-77.089451,38.7110392],[-77.0893016,38.7110702],[-77.0890237,38.7111485],[-77.0888322,38.7111066],[-77.0888112,38.7109736],[-77.0889046,38.7109827],[-77.0889443,38.7109244],[-77.0889443,38.7108697],[-77.0888579,38.7107805],[-77.0886805,38.7108078],[-77.0884423,38.7106912],[-77.0881481,38.7107969],[-77.088057,38.7106657],[-77.0880407,38.7104962],[-77.088071,38.7103559],[-77.0881387,38.710314],[-77.0882485,38.7103031],[-77.0881784,38.7101828],[-77.0880173,38.7100553],[-77.088071,38.709946],[-77.0881691,38.7098944],[-77.0886361,38.7098616],[-77.088851,38.7099272],[-77.0890471,38.7099964],[-77.0888439,38.7100772],[-77.0885497,38.7101992],[-77.0885053,38.7102903],[-77.0885917,38.7104124],[-77.0886735,38.7105144],[-77.0888929,38.7105418],[-77.0889863,38.7104835],[-77.0892198,38.7103669],[-77.0895117,38.7101992],[-77.0896589,38.7101276],[-77.0899297,38.7100802],[-77.0901632,38.710011],[-77.0903547,38.7101081],[-77.0904737,38.7100006],[-77.0904317,38.7099241],[-77.0903547,38.7099059],[-77.0903873,38.7098366],[-77.0905788,38.709731],[-77.0908403,38.7096125],[-77.0909174,38.7095068],[-77.0909618,38.7093356],[-77.0908053,38.7091115],[-77.0899017,38.708492],[-77.0897569,38.7083207],[-77.089883,38.7081877],[-77.0899017,38.7080437],[-77.0898129,38.7076465],[-77.0897662,38.7074242],[-77.0894417,38.7072766],[-77.0890751,38.7070233],[-77.0890424,38.7068539],[-77.0888603,38.7067427],[-77.0887178,38.7067008],[-77.088545,38.7068757],[-77.0878726,38.7065733],[-77.0877605,38.7066881],[-77.087618,38.7066571],[-77.0872164,38.7068721],[-77.0866794,38.7069996],[-77.086565,38.7069905],[-77.0863898,38.7068101],[-77.0863758,38.7067026],[-77.0863244,38.7066042],[-77.0862567,38.7064494],[-77.0863548,38.7063327],[-77.0873355,38.7058809],[-77.0879122,38.7056075],[-77.088078,38.7054636],[-77.0881504,38.7054745],[-77.0882485,38.7054745],[-77.0882999,38.7054381],[-77.0882742,38.7054034],[-77.0883442,38.7053725],[-77.0885474,38.7053379],[-77.0887318,38.7053324],[-77.0888859,38.705316],[-77.0890564,38.7053524],[-77.0893389,38.7055073],[-77.0895911,38.7056914],[-77.0897546,38.7058189],[-77.0900044,38.7059884],[-77.0904021,38.7063099],[-77.0906623,38.7065651],[-77.090852,38.7066899],[-77.0909034,38.7067846],[-77.0908742,38.7068456],[-77.0907729,38.7070538],[-77.0910779,38.7071386],[-77.0911882,38.7071017],[-77.091284,38.7071199],[-77.0914217,38.707058],[-77.0914684,38.7069778],[-77.0915367,38.7068409],[-77.0917125,38.7067269],[-77.091397,38.7065107],[-77.0912125,38.7063353],[-77.0912121,38.7062324],[-77.0911637,38.7060795],[-77.0909974,38.7058304],[-77.0906818,38.7055252],[-77.0904362,38.7052943],[-77.0902653,38.7051628],[-77.0898147,38.7048907],[-77.0896743,38.7050091],[-77.0895071,38.7048641],[-77.0894697,38.7047584],[-77.089946,38.7044322],[-77.0904667,38.7040386],[-77.090859,38.7037489],[-77.0910481,38.703727],[-77.0911322,38.7038254],[-77.0908613,38.7040077],[-77.0907049,38.7041735],[-77.0913411,38.7046053],[-77.091687,38.7044842],[-77.0917859,38.7045962],[-77.0917266,38.7047343],[-77.0918686,38.7048932],[-77.09241,38.7051565],[-77.0927203,38.7052898],[-77.0931982,38.7053923],[-77.093197,38.7056399],[-77.0932466,38.7058113],[-77.0938066,38.7061746],[-77.0941981,38.7060922],[-77.094588,38.7059465],[-77.0944431,38.7055336],[-77.0941013,38.705272],[-77.0942818,38.7051748],[-77.0946671,38.7051743],[-77.0949107,38.7051761],[-77.0949762,38.7050473],[-77.0950652,38.7050498],[-77.0951382,38.705224],[-77.0954793,38.7053624],[-77.0957136,38.7054905],[-77.096284,38.7055493],[-77.0969282,38.7055745],[-77.0970413,38.7057001],[-77.0964521,38.7058593],[-77.0958441,38.7061025],[-77.0954776,38.7064056],[-77.0952582,38.7066079],[-77.0952021,38.7068083],[-77.0952441,38.7069596],[-77.0953889,38.7071509],[-77.0959376,38.7073641],[-77.0965774,38.7076265],[-77.0967946,38.7076101],[-77.0968763,38.7074916],[-77.0969487,38.7075955],[-77.0970374,38.7077668],[-77.0970771,38.7079198],[-77.0972779,38.7079927],[-77.0975371,38.7079872],[-77.0978126,38.708031],[-77.0980438,38.7078579],[-77.0981652,38.7078761],[-77.0978243,38.7082405],[-77.0977262,38.7082715],[-77.0974717,38.7086887],[-77.0970724,38.7098239],[-77.0969253,38.7102102],[-77.0968203,38.7108807],[-77.0966988,38.7116441],[-77.0965424,38.7126079],[-77.0962295,38.7125314],[-77.0961244,38.7126699],[-77.0959838,38.7126458]]]}},{"type":"Feature","id":"way/700231369","properties":{"id":"way/700231369","name":null,"class":"turf","source_value":"grass","source":"openstreetmap","source_date":"2026-09-11","confidence":"medium","surveyed":false},"geometry":{"type":"Polygon","coordinates":[[[-77.0898468,38.708077],[-77.0893103,38.7083192],[-77.0889329,38.7081317],[-77.0894094,38.7073925],[-77.0896589,38.7075076],[-77.0897756,38.7077745],[-77.0898468,38.708077]]]}},{"type":"Feature","id":"way/700231370","properties":{"id":"way/700231370","name":null,"class":"turf","source_value":"grass","source":"openstreetmap","source_date":"2026-09-11","confidence":"medium","surveyed":false},"geometry":{"type":"Polygon","coordinates":[[[-77.0865575,38.7081989],[-77.0864864,38.7082229],[-77.0864166,38.7082198],[-77.0863402,38.7081905],[-77.0862959,38.7081361],[-77.0862852,38.7080722],[-77.0863228,38.7080262],[-77.0863912,38.7080084],[-77.0864596,38.7080178],[-77.0865306,38.7080492],[-77.0865736,38.7080963],[-77.0865816,38.7081465],[-77.0865575,38.7081989]]]}},{"type":"Feature","id":"way/700231371","properties":{"id":"way/700231371","name":null,"class":"turf","source_value":"grass","source":"openstreetmap","source_date":"2026-09-11","confidence":"medium","surveyed":false},"geometry":{"type":"Polygon","coordinates":[[[-77.0866943,38.7074741],[-77.0864361,38.7078009],[-77.0862532,38.7078088],[-77.0861962,38.7078215],[-77.0861554,38.7078152],[-77.0859755,38.7080343],[-77.0859747,38.7080547],[-77.085745,38.7082823],[-77.0855326,38.708441],[-77.0853964,38.7084362],[-77.0853405,38.7084854],[-77.0853466,38.7085345],[-77.0852551,38.7085845],[-77.0851372,38.7084957],[-77.0850457,38.7085036],[-77.0849502,38.7084878],[-77.0849034,38.7084536],[-77.0848902,38.7083942],[-77.0849136,38.7083331],[-77.0852155,38.7081229],[-77.0851555,38.7080777],[-77.0855285,38.7077621],[-77.0856139,38.7077065],[-77.0858253,38.7074591],[-77.0860245,38.7073401],[-77.0861414,38.7072537],[-77.0862247,38.7072434],[-77.0863487,38.7072188],[-77.0864371,38.7071482],[-77.0864768,38.7071545],[-77.0865367,38.7071117],[-77.0866495,38.7070617],[-77.0866794,38.7069996],[-77.0872164,38.7068721],[-77.0873325,38.706888],[-77.0873651,38.7069229],[-77.0873122,38.7070062],[-77.0870205,38.7073568],[-77.0869453,38.707379],[-77.0868691,38.7073988],[-77.0868437,38.7074051],[-77.0868244,38.707421],[-77.0867522,38.7074781],[-77.0866943,38.7074741]]]}},{"type":"Feature","id":"way/700231372","properties":{"id":"way/700231372","name":null,"class":"woodland","source_value":"wood","source":"openstreetmap","source_date":"2026-09-11","confidence":"medium","surveyed":false},"geometry":{"type":"Polygon","coordinates":[[[-77.084032,38.7071099],[-77.0834176,38.7072576],[-77.0837134,38.7074909],[-77.0839352,38.7077024],[-77.0838767,38.7077722],[-77.0836949,38.7076495],[-77.0835409,38.7075101],[-77.0831342,38.7072673],[-77.0829339,38.7073706],[-77.0825981,38.7075678],[-77.0820866,38.7077529],[-77.0816768,38.7079621],[-77.081378,38.7082194],[-77.0808234,38.7085872],[-77.0801579,38.7089671],[-77.0800809,38.7092027],[-77.0802842,38.7092893],[-77.0806324,38.709258],[-77.0807895,38.7093734],[-77.0806354,38.709496],[-77.0807926,38.7096619],[-77.0808542,38.7098494],[-77.0807525,38.7101211],[-77.0809651,38.7104625],[-77.0809189,38.7108856],[-77.0807679,38.7113689],[-77.0803458,38.7117896],[-77.0801055,38.7119507],[-77.0799083,38.712143],[-77.0799206,38.712381],[-77.0801178,38.7125301],[-77.0800993,38.71272],[-77.0802133,38.7128402],[-77.0804444,38.7128667],[-77.0807125,38.7127993],[-77.0808295,38.7129003],[-77.0813133,38.7129316],[-77.081455,38.7130301],[-77.0813318,38.7131455],[-77.0809898,38.7131576],[-77.0806293,38.7133162],[-77.0803366,38.7134172],[-77.0798498,38.7133355],[-77.0791997,38.7133475],[-77.0789748,38.7135037],[-77.079098,38.7137201],[-77.0792521,38.7138932],[-77.079326,38.7140206],[-77.0792366,38.7140591],[-77.0790395,38.7139509],[-77.0788361,38.713797],[-77.0785434,38.7136985],[-77.0783894,38.7135494],[-77.0780381,38.7136047],[-77.0775883,38.713624],[-77.0768487,38.7133338],[-77.0765,38.7132229],[-77.0758352,38.7131864],[-77.0753206,38.7129989],[-77.0750772,38.7128859],[-77.0747537,38.7129316],[-77.0745257,38.7130301],[-77.0740896,38.713199],[-77.0738915,38.7134752],[-77.0739552,38.7137237],[-77.0740277,38.7140148],[-77.0742094,38.7147444],[-77.0747351,38.7148846],[-77.0752314,38.7150667],[-77.0753681,38.7152258],[-77.0756256,38.715322],[-77.0760362,38.7157783],[-77.0763901,38.7164024],[-77.076602,38.7168749],[-77.076897,38.7171846],[-77.0771009,38.7174107],[-77.0770526,38.7175488],[-77.0769258,38.7176913],[-77.0768734,38.7177802],[-77.0769505,38.7178211],[-77.0771384,38.7177682],[-77.0775622,38.7178334],[-77.0777714,38.7179004],[-77.0781523,38.7179799],[-77.0789194,38.7178041],[-77.079311,38.7176702],[-77.0795739,38.7175153],[-77.0797831,38.7173814],[-77.0802349,38.7174244],[-77.0800674,38.7178292],[-77.0794881,38.7181515],[-77.0789302,38.7185449],[-77.0792627,38.718863],[-77.0793969,38.7192021],[-77.0792627,38.7194113],[-77.0792735,38.7199261],[-77.079761,38.7202864],[-77.0799494,38.7197462],[-77.0804161,38.7190012],[-77.0812422,38.7185198],[-77.0830608,38.718072],[-77.0841551,38.7176492],[-77.0849222,38.7172098],[-77.0854908,38.7169168],[-77.0887739,38.7170005],[-77.0891628,38.7170663],[-77.0896268,38.7169335],[-77.0902866,38.7169628],[-77.0908874,38.7170842],[-77.0913541,38.7170172],[-77.0949787,38.7169789],[-77.0958846,38.7167093],[-77.0959692,38.716201],[-77.0952266,38.7161097],[-77.0945057,38.7159294],[-77.0939696,38.7156745],[-77.0931253,38.715201],[-77.0928018,38.7152442],[-77.0925769,38.7152466],[-77.0924105,38.7151385],[-77.0922411,38.7148908],[-77.0920685,38.7146504],[-77.0917697,38.7143235],[-77.090984,38.7137898],[-77.0907499,38.7139484],[-77.0906574,38.7139581],[-77.0905742,38.7138787],[-77.0905681,38.713708],[-77.0906451,38.7135566],[-77.089539,38.7128305],[-77.0892894,38.7128095],[-77.0891022,38.7127907],[-77.0890918,38.7126871],[-77.088974,38.712652],[-77.0884791,38.7123188],[-77.0884621,38.7121933],[-77.0884647,38.712049],[-77.0879993,38.7117724],[-77.0877835,38.7116618],[-77.0877743,38.7117123],[-77.0877065,38.7117183],[-77.0876356,38.7116979],[-77.0877234,38.7119034],[-77.087842,38.7120969],[-77.0883434,38.7124741],[-77.088567,38.7125541],[-77.088789,38.7127098],[-77.0888936,38.7128597],[-77.0888305,38.7130815],[-77.0888515,38.7132663],[-77.0890174,38.7132879],[-77.0891833,38.7135166],[-77.089274,38.7137537],[-77.0891146,38.7137736],[-77.0890249,38.7139315],[-77.0891138,38.7144317],[-77.0891292,38.7147682],[-77.0892956,38.7149341],[-77.0892001,38.715124],[-77.0888242,38.7150495],[-77.0882727,38.7147827],[-77.0883035,38.7145831],[-77.0881803,38.7143692],[-77.0879892,38.7141023],[-77.087715,38.7138234],[-77.0877783,38.7136421],[-77.0875385,38.7132682],[-77.0874626,38.7130328],[-77.0873329,38.7128712],[-77.0872765,38.712685],[-77.0872745,38.7124742],[-77.0873459,38.7123457],[-77.0874996,38.7121894],[-77.0875792,38.7120297],[-77.0873534,38.7119247],[-77.0872054,38.7118029],[-77.0869521,38.7119192],[-77.0868598,38.7120983],[-77.086667,38.712289],[-77.0864691,38.7125784],[-77.0869143,38.7128842],[-77.0870052,38.7131148],[-77.0869941,38.7132705],[-77.0869109,38.7133378],[-77.0869602,38.7134796],[-77.0870033,38.7136071],[-77.0868955,38.7136888],[-77.0869109,38.7139677],[-77.086763,38.7140759],[-77.0865535,38.714059],[-77.0862423,38.7137922],[-77.0861036,38.713696],[-77.0858818,38.7136455],[-77.0857801,38.7135253],[-77.0860328,38.7128137],[-77.0861867,38.7124876],[-77.0864115,38.712168],[-77.0866721,38.711921],[-77.087008,38.7117032],[-77.0871066,38.7116605],[-77.0872214,38.7116515],[-77.0872731,38.7116065],[-77.0872824,38.7115366],[-77.0872491,38.7114888],[-77.0872017,38.7114631],[-77.0869424,38.7115129],[-77.0866715,38.7116788],[-77.0864372,38.7118729],[-77.0862187,38.7121107],[-77.08599,38.712461],[-77.0858741,38.7127681],[-77.0854517,38.7126465],[-77.0854456,38.7128749],[-77.0852606,38.7134745],[-77.0850248,38.7135014],[-77.0849069,38.7134253],[-77.0848764,38.7131969],[-77.0849313,38.7129035],[-77.0849699,38.7127449],[-77.0849537,38.7126798],[-77.0848378,38.7124609],[-77.0848568,38.7113411],[-77.0847511,38.7112206],[-77.0845844,38.7112174],[-77.0845966,38.7114395],[-77.0844055,38.7115822],[-77.084186,38.7114395],[-77.083873,38.7114744],[-77.0837185,38.7115124],[-77.0834867,38.71143],[-77.0835152,38.7112015],[-77.0835274,38.7109668],[-77.0834746,38.7103672],[-77.0833404,38.7102784],[-77.0836025,38.7100186],[-77.0831615,38.7098025],[-77.0832243,38.7097214],[-77.0834926,38.7097277],[-77.0837689,38.7089919],[-77.0839055,38.7088096],[-77.0840844,38.7088635],[-77.0843771,38.7088191],[-77.0845328,38.7087532],[-77.0847145,38.7086763],[-77.0847796,38.7085748],[-77.084743,38.7083908],[-77.0848405,38.7081465],[-77.0849747,38.7080641],[-77.0847714,38.7080038],[-77.0846291,38.7078325],[-77.0847755,38.7076358],[-77.0846007,38.7075057],[-77.0844665,38.7074296],[-77.0842592,38.7074327],[-77.0841779,38.7071409],[-77.084032,38.7071099]]]}},{"type":"Feature","id":"way/700236289","properties":{"id":"way/700236289","name":null,"class":"water","source_value":"water","source":"openstreetmap","source_date":"2026-09-11","confidence":"medium","surveyed":false},"geometry":{"type":"Polygon","coordinates":[[[-77.083718,38.728392],[-77.083547,38.728416],[-77.083515,38.728415],[-77.083447,38.728402],[-77.083383,38.72838],[-77.083331,38.728367],[-77.083298,38.728377],[-77.083272,38.728401],[-77.083251,38.728466],[-77.083231,38.728488],[-77.083215,38.728518],[-77.083195,38.728599],[-77.08318,38.728622],[-77.083146,38.72864],[-77.083055,38.728659],[-77.08303,38.728654],[-77.082805,38.728492],[-77.082785,38.728482],[-77.08275,38.728528],[-77.082639,38.728763],[-77.082596,38.728877],[-77.082554,38.728972],[-77.082511,38.729045],[-77.082466,38.729084],[-77.082408,38.729163],[-77.082304,38.729361],[-77.082273,38.729389],[-77.08225,38.729393],[-77.082228,38.729404],[-77.082194,38.729452],[-77.082253,38.729489],[-77.082228,38.729537],[-77.082181,38.729653],[-77.082108,38.729899],[-77.082068,38.729994],[-77.082055,38.730056],[-77.082013,38.72902],[-77.082188,38.728651],[-77.082121,38.728286],[-77.081985,38.728322],[-77.08181,38.728237],[-77.081647,38.728197],[-77.081582,38.728195],[-77.081524,38.728205],[-77.08147,38.728232],[-77.081324,38.728285],[-77.081275,38.728299],[-77.081132,38.728282],[-77.081095,38.728282],[-77.081062,38.728263],[-77.081052,38.728245],[-77.081064,38.728229],[-77.081146,38.728187],[-77.081167,38.72817],[-77.081171,38.728152],[-77.081173,38.728052],[-77.081183,38.728005],[-77.081183,38.727956],[-77.081173,38.727939],[-77.081138,38.727934],[-77.081068,38.727958],[-77.080993,38.727978],[-77.08096,38.727965],[-77.080942,38.727936],[-77.080933,38.727894],[-77.080952,38.727876],[-77.081023,38.727838],[-77.081052,38.727811],[-77.081123,38.727676],[-77.081149,38.727698],[-77.081181,38.727718],[-77.081231,38.727716],[-77.081273,38.727703],[-77.081359,38.727649],[-77.081398,38.727618],[-77.08142,38.72761],[-77.081505,38.727623],[-77.081527,38.727616],[-77.08154,38.727596],[-77.081538,38.727573],[-77.081518,38.727547],[-77.081474,38.727528],[-77.081413,38.727515],[-77.081221,38.727502],[-77.081167,38.727484],[-77.081099,38.727454],[-77.081074,38.727428],[-77.081053,38.727385],[-77.081049,38.72736],[-77.08102,38.727353],[-77.080946,38.72736],[-77.080896,38.72738],[-77.080869,38.727406],[-77.080888,38.727417],[-77.080971,38.727429],[-77.080988,38.727443],[-77.081,38.727495],[-77.080993,38.727528],[-77.080977,38.727546],[-77.080945,38.727558],[-77.080824,38.727541],[-77.080778,38.727528],[-77.080721,38.727498],[-77.080704,38.727482],[-77.080708,38.727464],[-77.080762,38.727392],[-77.080707,38.727369],[-77.080485,38.727194],[-77.080225,38.72703],[-77.080158,38.72698],[-77.080034,38.726877],[-77.080011,38.726881],[-77.079993,38.726897],[-77.079936,38.726926],[-77.079913,38.726923],[-77.079906,38.726905],[-77.079948,38.726757],[-77.079949,38.726711],[-77.079864,38.726657],[-77.079852,38.726607],[-77.079789,38.726543],[-77.079741,38.726478],[-77.079702,38.726446],[-77.079643,38.726428],[-77.079561,38.726434],[-77.079542,38.726422],[-77.079471,38.726356],[-77.079444,38.726315],[-77.079411,38.726248],[-77.079406,38.726223],[-77.079398,38.726087],[-77.079443,38.725995],[-77.079452,38.725952],[-77.079428,38.725929],[-77.079381,38.725967],[-77.079345,38.725982],[-77.079248,38.726003],[-77.079215,38.725998],[-77.079203,38.725979],[-77.079206,38.725961],[-77.079228,38.72595],[-77.079375,38.725909],[-77.079402,38.725783],[-77.079402,38.725765],[-77.079388,38.725737],[-77.079396,38.725707],[-77.079497,38.725515],[-77.079623,38.725343],[-77.079669,38.725311],[-77.079842,38.725219],[-77.079864,38.725203],[-77.079912,38.725145],[-77.07996,38.72507],[-77.07998,38.72502],[-77.079994,38.724891],[-77.079992,38.724827],[-77.079967,38.72466],[-77.079944,38.724579],[-77.079944,38.724369],[-77.079959,38.724318],[-77.079955,38.72418],[-77.079929,38.724099],[-77.079955,38.72403],[-77.079965,38.723974],[-77.079899,38.723795],[-77.079823,38.723686],[-77.079768,38.723572],[-77.079765,38.723522],[-77.079782,38.723402],[-77.079761,38.723271],[-77.079815,38.72317],[-77.079779,38.723146],[-77.079743,38.723145],[-77.07967,38.723162],[-77.079444,38.723247],[-77.079405,38.723253],[-77.079368,38.723246],[-77.079344,38.723223],[-77.079432,38.723143],[-77.079463,38.723091],[-77.079492,38.72306],[-77.079559,38.723017],[-77.079614,38.722972],[-77.07967,38.72294],[-77.079718,38.722904],[-77.079757,38.722864],[-77.079776,38.722826],[-77.079781,38.722786],[-77.079773,38.722755],[-77.079734,38.722732],[-77.079683,38.722719],[-77.079405,38.722734],[-77.079351,38.72273],[-77.079167,38.722735],[-77.079134,38.722753],[-77.079084,38.722808],[-77.079068,38.722837],[-77.079042,38.722848],[-77.079011,38.722839],[-77.079,38.722819],[-77.078992,38.722736],[-77.079,38.722702],[-77.079032,38.722648],[-77.079193,38.722503],[-77.07925,38.722403],[-77.079262,38.722373],[-77.079276,38.722354],[-77.079321,38.722322],[-77.079344,38.722323],[-77.079357,38.722338],[-77.079393,38.722359],[-77.079432,38.722338],[-77.079421,38.722275],[-77.079458,38.722249],[-77.079502,38.722198],[-77.079577,38.722146],[-77.079642,38.722111],[-77.079659,38.722088],[-77.079662,38.722045],[-77.079668,38.722026],[-77.079739,38.721939],[-77.079567,38.72194],[-77.079544,38.721934],[-77.079506,38.721935],[-77.079419,38.721961],[-77.079368,38.721985],[-77.079335,38.721961],[-77.079312,38.721966],[-77.079275,38.721981],[-77.079226,38.721969],[-77.079179,38.721971],[-77.079107,38.721981],[-77.079068,38.721977],[-77.078995,38.721958],[-77.078884,38.721958],[-77.078808,38.72195],[-77.078744,38.721954],[-77.078704,38.721937],[-77.078692,38.721921],[-77.078685,38.721899],[-77.078654,38.721859],[-77.078651,38.721825],[-77.078668,38.72178],[-77.078685,38.721762],[-77.078725,38.721746],[-77.078805,38.721728],[-77.078856,38.721698],[-77.078922,38.7217],[-77.078986,38.721689],[-77.0791,38.721642],[-77.079037,38.721623],[-77.078956,38.721607],[-77.078887,38.721619],[-77.078849,38.72162],[-77.078786,38.721608],[-77.078708,38.721587],[-77.078628,38.72155],[-77.078571,38.721548],[-77.078542,38.721541],[-77.078518,38.721525],[-77.078482,38.721512],[-77.078432,38.721474],[-77.078334,38.721363],[-77.078259,38.721307],[-77.078239,38.721284],[-77.078197,38.721205],[-77.07818,38.721185],[-77.078146,38.721162],[-77.078105,38.721115],[-77.078092,38.721089],[-77.07809,38.721053],[-77.078052,38.720973],[-77.078038,38.72093],[-77.078015,38.720895],[-77.077961,38.720838],[-77.077893,38.72078],[-77.077847,38.72075],[-77.077824,38.720743],[-77.077808,38.720729],[-77.077787,38.720694],[-77.077722,38.72068],[-77.077644,38.72063],[-77.077588,38.720623],[-77.077527,38.7206],[-77.077501,38.720556],[-77.077379,38.720461],[-77.077334,38.720405],[-77.077304,38.720382],[-77.077288,38.720356],[-77.077216,38.720299],[-77.077067,38.720134],[-77.077023,38.720093],[-77.076987,38.720072],[-77.076957,38.720044],[-77.076941,38.720018],[-77.076929,38.71996],[-77.076899,38.719936],[-77.076861,38.719929],[-77.076819,38.719903],[-77.076777,38.71987],[-77.076732,38.719824],[-77.076606,38.719732],[-77.076584,38.719684],[-77.076514,38.719618],[-77.076495,38.719584],[-77.076466,38.719552],[-77.076425,38.71948],[-77.076325,38.719449],[-77.076123,38.719308],[-77.076114,38.719278],[-77.076079,38.719263],[-77.076048,38.719236],[-77.076014,38.719226],[-77.075981,38.719201],[-77.075943,38.719162],[-77.07591,38.719115],[-77.075905,38.719059],[-77.07591,38.719017],[-77.075922,38.719001],[-77.075958,38.718979],[-77.075981,38.718949],[-77.07598,38.718931],[-77.075936,38.718889],[-77.075923,38.71886],[-77.075924,38.718817],[-77.075935,38.718759],[-77.075966,38.718706],[-77.075955,38.718662],[-77.07592,38.718635],[-77.075912,38.718596],[-77.075893,38.718562],[-77.075873,38.718538],[-77.075813,38.718489],[-77.075774,38.718465],[-77.075713,38.718442],[-77.075639,38.718377],[-77.075599,38.718355],[-77.075563,38.718343],[-77.075525,38.718337],[-77.075388,38.718347],[-77.075311,38.718342],[-77.075234,38.718354],[-77.075161,38.718382],[-77.075117,38.718391],[-77.075072,38.718389],[-77.075052,38.718376],[-77.075038,38.718331],[-77.075007,38.718295],[-77.074972,38.718268],[-77.074925,38.718214],[-77.074878,38.718178],[-77.074797,38.718057],[-77.074754,38.718034],[-77.074641,38.718009],[-77.074563,38.717998],[-77.074509,38.717954],[-77.074437,38.717927],[-77.074418,38.717916],[-77.074375,38.717869],[-77.07433,38.717841],[-77.074317,38.717825],[-77.074284,38.717725],[-77.074241,38.717631],[-77.074187,38.71755],[-77.07418,38.717488],[-77.074081,38.717389],[-77.074025,38.717366],[-77.074007,38.717337],[-77.073971,38.717316],[-77.073867,38.717212],[-77.073837,38.717189],[-77.073797,38.717169],[-77.073747,38.717131],[-77.073706,38.717088],[-77.073574,38.716905],[-77.073506,38.716831],[-77.073512,38.716794],[-77.073464,38.716704],[-77.073417,38.716631],[-77.073341,38.716556],[-77.07332,38.716523],[-77.073321,38.716505],[-77.073307,38.716478],[-77.073266,38.716459],[-77.073233,38.71643],[-77.073179,38.716408],[-77.073153,38.716384],[-77.073149,38.716347],[-77.073074,38.716188],[-77.07307,38.716139],[-77.073079,38.716075],[-77.073058,38.716067],[-77.07302,38.716074],[-77.072991,38.716055],[-77.07293,38.715994],[-77.072915,38.715948],[-77.072879,38.715902],[-77.072833,38.715862],[-77.07278,38.715836],[-77.072665,38.715747],[-77.072588,38.715712],[-77.072578,38.715678],[-77.072564,38.715662],[-77.072515,38.71564],[-77.072492,38.715639],[-77.072441,38.715664],[-77.072411,38.715651],[-77.072385,38.715628],[-77.072385,38.715598],[-77.072393,38.715569],[-77.072373,38.715542],[-77.072309,38.715521],[-77.072243,38.715509],[-77.07203,38.715491],[-77.072015,38.715516],[-77.071976,38.715512],[-77.071959,38.715484],[-77.07184,38.715451],[-77.071803,38.715435],[-77.071773,38.715413],[-77.0717,38.715396],[-77.071606,38.715381],[-77.071542,38.71536],[-77.071474,38.715357],[-77.071368,38.714924],[-77.07151,38.71481],[-77.071574,38.714768],[-77.071583,38.714739],[-77.071625,38.71434],[-77.071645,38.71424],[-77.071627,38.714148],[-77.071633,38.714098],[-77.071663,38.714071],[-77.071707,38.714008],[-77.071738,38.713976],[-77.071736,38.713936],[-77.071742,38.713906],[-77.071685,38.713863],[-77.071701,38.71383],[-77.071797,38.713728],[-77.071844,38.713702],[-77.071863,38.713676],[-77.07206,38.713523],[-77.072075,38.713502],[-77.072138,38.713459],[-77.072227,38.713419],[-77.072266,38.713393],[-77.072402,38.713338],[-77.07245,38.713325],[-77.072474,38.713302],[-77.072625,38.713227],[-77.07266,38.713198],[-77.072673,38.713178],[-77.072696,38.713177],[-77.072765,38.713219],[-77.0728,38.713232],[-77.072931,38.713266],[-77.073031,38.713277],[-77.073189,38.713272],[-77.073237,38.713246],[-77.073262,38.71325],[-77.073297,38.713243],[-77.073328,38.713227],[-77.073335,38.713195],[-77.07337,38.713175],[-77.073439,38.713153],[-77.073576,38.713056],[-77.07369,38.713041],[-77.073721,38.713028],[-77.073777,38.712992],[-77.073851,38.71297],[-77.073927,38.712935],[-77.0741274,38.7127968],[-77.0742776,38.7129133],[-77.074099,38.713067],[-77.074039,38.713154],[-77.073981,38.713216],[-77.073918,38.713301],[-77.073894,38.713324],[-77.07385,38.713354],[-77.073849,38.713395],[-77.073826,38.713428],[-77.073814,38.713492],[-77.073796,38.713537],[-77.073747,38.713612],[-77.073624,38.713753],[-77.073645,38.713797],[-77.073637,38.713821],[-77.073646,38.713859],[-77.073742,38.713829],[-77.073771,38.713828],[-77.073799,38.713839],[-77.073823,38.713861],[-77.073836,38.713886],[-77.073843,38.713922],[-77.073837,38.713992],[-77.073795,38.714056],[-77.073771,38.714124],[-77.073768,38.714151],[-77.073789,38.714221],[-77.073795,38.714301],[-77.073828,38.714374],[-77.073809,38.714437],[-77.073774,38.714494],[-77.07379,38.714545],[-77.073821,38.714609],[-77.073814,38.714637],[-77.07374,38.714679],[-77.073719,38.714706],[-77.073714,38.714886],[-77.073697,38.714948],[-77.073695,38.715001],[-77.073704,38.715028],[-77.073777,38.715079],[-77.07382,38.715103],[-77.074021,38.715172],[-77.074109,38.715197],[-77.074121,38.715213],[-77.074135,38.715271],[-77.074154,38.715295],[-77.074178,38.715316],[-77.074226,38.715343],[-77.074284,38.715368],[-77.074281,38.715392],[-77.074287,38.71541],[-77.074313,38.715422],[-77.074449,38.715439],[-77.074471,38.715447],[-77.074483,38.715467],[-77.074476,38.715535],[-77.074479,38.715568],[-77.074493,38.715603],[-77.074508,38.715617],[-77.074565,38.715642],[-77.074589,38.715648],[-77.074749,38.715651],[-77.074793,38.715678],[-77.074828,38.715719],[-77.074855,38.715768],[-77.07486,38.715786],[-77.074828,38.715848],[-77.074829,38.715876],[-77.074872,38.715934],[-77.074864,38.715991],[-77.074877,38.71602],[-77.07491,38.716046],[-77.074969,38.716068],[-77.075032,38.716082],[-77.075064,38.716078],[-77.075111,38.716082],[-77.075159,38.716077],[-77.075158,38.716057],[-77.075123,38.715991],[-77.075125,38.715959],[-77.075135,38.715925],[-77.075158,38.715882],[-77.075306,38.71581],[-77.075357,38.715793],[-77.075381,38.715794],[-77.075401,38.715804],[-77.075435,38.715854],[-77.075503,38.715895],[-77.07554,38.715926],[-77.075575,38.715947],[-77.075718,38.716017],[-77.075935,38.716099],[-77.075977,38.716109],[-77.076007,38.716121],[-77.076019,38.716137],[-77.076026,38.716167],[-77.076021,38.7162],[-77.076034,38.716245],[-77.076064,38.716296],[-77.07611,38.716344],[-77.076159,38.716413],[-77.076205,38.716463],[-77.076298,38.716585],[-77.076319,38.716602],[-77.076358,38.716621],[-77.076418,38.716672],[-77.076471,38.716744],[-77.07656,38.716908],[-77.076646,38.717013],[-77.076742,38.717106],[-77.076883,38.717217],[-77.076937,38.717268],[-77.076985,38.717287],[-77.077009,38.717311],[-77.077018,38.717328],[-77.077014,38.717351],[-77.077036,38.717381],[-77.077045,38.717404],[-77.077047,38.717447],[-77.077032,38.717501],[-77.077032,38.717545],[-77.077022,38.717562],[-77.077004,38.717575],[-77.076914,38.71762],[-77.076854,38.717665],[-77.076827,38.717699],[-77.076803,38.717741],[-77.076798,38.717761],[-77.076808,38.717801],[-77.076833,38.71784],[-77.076875,38.717886],[-77.076899,38.717902],[-77.076935,38.717917],[-77.076967,38.717923],[-77.077075,38.717896],[-77.077114,38.717895],[-77.077154,38.717883],[-77.077227,38.717829],[-77.077255,38.71782],[-77.077333,38.717816],[-77.077363,38.717821],[-77.077467,38.717868],[-77.077663,38.717937],[-77.077798,38.717949],[-77.077931,38.718],[-77.077973,38.718011],[-77.078225,38.718026],[-77.078347,38.718029],[-77.078422,38.718018],[-77.07851,38.717986],[-77.078683,38.71794],[-77.078718,38.717926],[-77.078763,38.717887],[-77.078782,38.717876],[-77.078814,38.717873],[-77.078847,38.717882],[-77.078875,38.717908],[-77.07892,38.717917],[-77.079003,38.717911],[-77.079046,38.717888],[-77.079084,38.717906],[-77.079135,38.717912],[-77.079203,38.717912],[-77.079225,38.717905],[-77.079239,38.717869],[-77.079267,38.717839],[-77.07931,38.717775],[-77.079312,38.717753],[-77.079353,38.717763],[-77.079372,38.717752],[-77.079407,38.717715],[-77.079427,38.717704],[-77.079463,38.717699],[-77.07948,38.717685],[-77.079547,38.717677],[-77.079563,38.717664],[-77.07956,38.717629],[-77.079576,38.7176],[-77.079577,38.717578],[-77.079588,38.717562],[-77.079611,38.717563],[-77.079626,38.717584],[-77.079654,38.717607],[-77.079683,38.717623],[-77.079719,38.717626],[-77.079742,38.717607],[-77.07975,38.717563],[-77.079739,38.717523],[-77.079832,38.717457],[-77.07989,38.717443],[-77.079939,38.717441],[-77.079959,38.717432],[-77.080014,38.717378],[-77.080038,38.717363],[-77.080066,38.717356],[-77.080112,38.717379],[-77.080195,38.717432],[-77.080218,38.717435],[-77.080238,38.717425],[-77.080278,38.717393],[-77.080282,38.717372],[-77.080275,38.717312],[-77.080297,38.717275],[-77.080321,38.717248],[-77.080345,38.717255],[-77.080313,38.717328],[-77.080324,38.717359],[-77.080325,38.717379],[-77.080314,38.717406],[-77.080271,38.71744],[-77.08028,38.71749],[-77.080258,38.717496],[-77.080129,38.717498],[-77.080091,38.717503],[-77.080058,38.717512],[-77.080014,38.717538],[-77.07996,38.717549],[-77.07991,38.717552],[-77.07985,38.717544],[-77.079857,38.717578],[-77.07985,38.717627],[-77.079858,38.717644],[-77.079877,38.717662],[-77.079889,38.717697],[-77.079921,38.717721],[-77.079988,38.717752],[-77.080038,38.717764],[-77.080051,38.71778],[-77.080019,38.717794],[-77.079936,38.717808],[-77.079864,38.717808],[-77.079759,38.717797],[-77.079736,38.717798],[-77.079685,38.717833],[-77.079664,38.717841],[-77.079605,38.717845],[-77.07957,38.717841],[-77.079561,38.717858],[-77.079561,38.717888],[-77.079573,38.717922],[-77.079592,38.717947],[-77.079688,38.717979],[-77.079716,38.717999],[-77.079732,38.718025],[-77.07974,38.718052],[-77.079671,38.718035],[-77.079617,38.718029],[-77.079594,38.718019],[-77.079564,38.718018],[-77.079542,38.718026],[-77.079494,38.718075],[-77.079451,38.718137],[-77.079423,38.718161],[-77.079388,38.718178],[-77.079324,38.718197],[-77.079288,38.718215],[-77.079246,38.718265],[-77.079218,38.71831],[-77.079195,38.718317],[-77.079149,38.718311],[-77.079116,38.718314],[-77.07909,38.718323],[-77.079038,38.718382],[-77.078992,38.718421],[-77.078934,38.718493],[-77.078909,38.718531],[-77.078903,38.718569],[-77.078911,38.718595],[-77.07897,38.718673],[-77.079014,38.718743],[-77.079038,38.718761],[-77.079087,38.718815],[-77.079252,38.718917],[-77.079264,38.718937],[-77.079257,38.719065],[-77.079272,38.719092],[-77.079303,38.719123],[-77.079345,38.719154],[-77.079366,38.719178],[-77.079368,38.71921],[-77.079316,38.719246],[-77.079273,38.719263],[-77.079221,38.719322],[-77.079224,38.719359],[-77.079255,38.719394],[-77.079262,38.719412],[-77.079208,38.719628],[-77.079206,38.719721],[-77.079219,38.719853],[-77.079244,38.719929],[-77.079302,38.720037],[-77.079335,38.720075],[-77.079368,38.720097],[-77.07947,38.720221],[-77.079522,38.720252],[-77.079556,38.720304],[-77.079614,38.720358],[-77.079642,38.720401],[-77.07965,38.720425],[-77.079724,38.720521],[-77.079774,38.720557],[-77.07984,38.720581],[-77.079893,38.720586],[-77.080065,38.720582],[-77.080122,38.720587],[-77.080196,38.720583],[-77.080248,38.720617],[-77.080313,38.720624],[-77.080361,38.720635],[-77.080404,38.720635],[-77.080429,38.720628],[-77.080532,38.720524],[-77.080577,38.720465],[-77.080784,38.720119],[-77.081001,38.719928],[-77.081208,38.719753],[-77.08179,38.719242],[-77.082019,38.719181],[-77.082101,38.719138],[-77.082119,38.719153],[-77.082077,38.719225],[-77.081987,38.71931],[-77.080984,38.720162],[-77.08081,38.72042],[-77.080728,38.720555],[-77.080743,38.720681],[-77.080793,38.720742],[-77.08086,38.720907],[-77.08093,38.721005],[-77.080985,38.721039],[-77.081059,38.721047],[-77.081215,38.721079],[-77.081429,38.721084],[-77.081491,38.721079],[-77.081504,38.721096],[-77.082077,38.721135],[-77.082599,38.721162],[-77.08303,38.721109],[-77.083121,38.721101],[-77.083413,38.721062],[-77.083462,38.721074],[-77.083491,38.721112],[-77.083503,38.721143],[-77.083444,38.721161],[-77.083491,38.721361],[-77.083518,38.721443],[-77.083401,38.72148],[-77.083368,38.721498],[-77.083352,38.721531],[-77.083329,38.721635],[-77.083366,38.721669],[-77.083299,38.721672],[-77.083176,38.72164],[-77.083155,38.721628],[-77.08315,38.721598],[-77.083163,38.721562],[-77.083237,38.721461],[-77.083246,38.721425],[-77.08324,38.721399],[-77.08324,38.721336],[-77.083202,38.721309],[-77.083191,38.72129],[-77.083162,38.72127],[-77.083139,38.721264],[-77.082959,38.721301],[-77.082928,38.721313],[-77.082892,38.721304],[-77.082834,38.721313],[-77.082782,38.721331],[-77.082763,38.721342],[-77.082753,38.721359],[-77.082769,38.721445],[-77.082766,38.721474],[-77.082742,38.721486],[-77.082672,38.721497],[-77.082621,38.721523],[-77.082549,38.72153],[-77.082485,38.72155],[-77.082463,38.721543],[-77.082437,38.721512],[-77.082407,38.721488],[-77.082382,38.721487],[-77.082324,38.721519],[-77.082299,38.721522],[-77.082255,38.72154],[-77.082231,38.721537],[-77.0822,38.721513],[-77.082155,38.721507],[-77.082109,38.721486],[-77.082078,38.72149],[-77.082044,38.721503],[-77.082006,38.721505],[-77.08185,38.721485],[-77.081801,38.721483],[-77.081758,38.721469],[-77.081698,38.721467],[-77.081633,38.721452],[-77.081612,38.721418],[-77.08158,38.721391],[-77.081552,38.721378],[-77.081506,38.721377],[-77.081457,38.721397],[-77.081395,38.721393],[-77.081286,38.721369],[-77.081252,38.721409],[-77.081237,38.721442],[-77.081241,38.721505],[-77.08125,38.721522],[-77.081249,38.721565],[-77.081234,38.721638],[-77.081133,38.721662],[-77.081082,38.721684],[-77.0810751,38.7217069],[-77.081069,38.721727],[-77.081022,38.72174],[-77.0810197,38.721748],[-77.081016,38.721761],[-77.081016,38.7217707],[-77.081016,38.721811],[-77.08103,38.721838],[-77.080998,38.721964],[-77.080987,38.722097],[-77.080977,38.722119],[-77.080946,38.722252],[-77.080926,38.7223],[-77.080937,38.72237],[-77.08104,38.722427],[-77.081063,38.722444],[-77.081022,38.722617],[-77.081025,38.722763],[-77.08104,38.723036],[-77.081088,38.723207],[-77.081106,38.723249],[-77.081226,38.723423],[-77.08124,38.723458],[-77.081238,38.723477],[-77.081244,38.723495],[-77.081297,38.723574],[-77.081333,38.723602],[-77.081368,38.723614],[-77.081459,38.7236],[-77.081487,38.723604],[-77.081498,38.72362],[-77.081512,38.723661],[-77.081515,38.723762],[-77.08154,38.723863],[-77.081572,38.723919],[-77.0816,38.723948],[-77.08168,38.723992],[-77.081705,38.724012],[-77.081712,38.724041],[-77.081729,38.724057],[-77.081825,38.724098],[-77.081842,38.724113],[-77.081881,38.724205],[-77.081895,38.724293],[-77.08186,38.724356],[-77.081858,38.724408],[-77.081783,38.724439],[-77.081743,38.724473],[-77.081727,38.724624],[-77.081715,38.724683],[-77.081711,38.724773],[-77.0817,38.724839],[-77.081706,38.724888],[-77.081727,38.724949],[-77.081766,38.724999],[-77.081815,38.725039],[-77.0819591,38.7252179],[-77.081997,38.725265],[-77.08202,38.725285],[-77.082098,38.72533],[-77.082195,38.725337],[-77.082309,38.725351],[-77.082337,38.725358],[-77.082399,38.725398],[-77.082444,38.725459],[-77.082465,38.7255],[-77.082456,38.725517],[-77.082428,38.725533],[-77.082227,38.72557],[-77.081955,38.725588],[-77.081802,38.725607],[-77.081731,38.725625],[-77.081695,38.725646],[-77.081644,38.725697],[-77.081613,38.725748],[-77.081605,38.72579],[-77.081607,38.725857],[-77.081622,38.725919],[-77.081646,38.725969],[-77.081713,38.726064],[-77.081813,38.726175],[-77.081847,38.72622],[-77.081948,38.726381],[-77.082011,38.7265],[-77.082032,38.726528],[-77.082041,38.726575],[-77.082111,38.726734],[-77.082173,38.726853],[-77.082261,38.727],[-77.082298,38.727078],[-77.082342,38.727241],[-77.082359,38.727387],[-77.082375,38.727445],[-77.082376,38.727523],[-77.082387,38.727636],[-77.082388,38.727743],[-77.082416,38.727846],[-77.082447,38.72808],[-77.082457,38.728108],[-77.082505,38.72818],[-77.082545,38.728222],[-77.082583,38.728254],[-77.082713,38.728305],[-77.082731,38.728318],[-77.08275,38.728349],[-77.08277,38.728365],[-77.082873,38.728401],[-77.082922,38.72843],[-77.082976,38.728448],[-77.082999,38.728443],[-77.08303,38.728425],[-77.083188,38.728302],[-77.083239,38.728268],[-77.083287,38.728246],[-77.08335,38.72823],[-77.083507,38.728238],[-77.083528,38.72826],[-77.083509,38.72828],[-77.083497,38.728309],[-77.083498,38.728327],[-77.083516,38.728339],[-77.083668,38.728358],[-77.083705,38.728376],[-77.083718,38.728392]]]}},{"type":"Feature","id":"way/913396512","properties":{"id":"way/913396512","name":null,"class":"recreation","source_value":"sports_centre","source":"openstreetmap","source_date":"2026-09-11","confidence":"medium","surveyed":false},"geometry":{"type":"Polygon","coordinates":[[[-77.0977353,38.7027052],[-77.0976875,38.7026919],[-77.0975612,38.7027557],[-77.0971298,38.7022676],[-77.0974626,38.7020992],[-77.097669,38.7020632],[-77.098068,38.7025465],[-77.0977353,38.7027052]]]}},{"type":"Feature","id":"way/1028542145","properties":{"id":"way/1028542145","name":null,"class":"turf","source_value":"grass","source":"openstreetmap","source_date":"2026-09-11","confidence":"medium","surveyed":false},"geometry":{"type":"Polygon","coordinates":[[[-77.0864276,38.7108634],[-77.0863435,38.7108367],[-77.0862216,38.7108208],[-77.0861153,38.7108201],[-77.0860072,38.7108367],[-77.0859185,38.7108627],[-77.0858021,38.7109196],[-77.0857365,38.7109715],[-77.0856857,38.7110285],[-77.0856358,38.7111049],[-77.085609,38.7111712],[-77.0855988,38.711234],[-77.0855942,38.7112988],[-77.085596,38.711363],[-77.0856145,38.7114344],[-77.085645,38.7115115],[-77.085681,38.7115735],[-77.0857346,38.7116399],[-77.0857956,38.711699],[-77.0858658,38.7117487],[-77.0859222,38.7117819],[-77.0859832,38.7118006],[-77.0860525,38.7118122],[-77.0861162,38.7118151],[-77.0861846,38.7118107],[-77.0862493,38.7117985],[-77.086301,38.7117848],[-77.0863657,38.7117581],[-77.0864239,38.7117314],[-77.0864978,38.7116882],[-77.0865736,38.7116291],[-77.0866216,38.7115793],[-77.0866697,38.7115209],[-77.0867039,38.7114704],[-77.086727,38.7114149],[-77.086739,38.7113738],[-77.086751,38.7113176],[-77.086751,38.7112765],[-77.0867482,38.7112109],[-77.0867334,38.7111539],[-77.0867168,38.7111085],[-77.0866919,38.711066],[-77.0866503,38.7110141],[-77.0866041,38.7109672],[-77.0865542,38.7109311],[-77.0864987,38.7108965],[-77.0864276,38.7108634]]]}},{"type":"Feature","id":"way/1028542418","properties":{"id":"way/1028542418","name":null,"class":"turf","source_value":"grass","source":"openstreetmap","source_date":"2026-09-11","confidence":"medium","surveyed":false},"geometry":{"type":"Polygon","coordinates":[[[-77.0872046,38.7113331],[-77.0872102,38.7113447],[-77.0872093,38.7113598],[-77.0871954,38.7113699],[-77.08714,38.71138],[-77.087078,38.7113959],[-77.0870134,38.7114146],[-77.0868997,38.7114579],[-77.0868517,38.7114759],[-77.0868369,38.7114773],[-77.0868203,38.7114622],[-77.086824,38.7114427],[-77.0868415,38.7114016],[-77.0868554,38.7113288],[-77.0868591,38.7112776],[-77.0868581,38.7112293],[-77.0868489,38.7111875],[-77.0868507,38.7111752],[-77.0868683,38.7111673],[-77.0868859,38.711168],[-77.0869016,38.7111767],[-77.0869515,38.7112113],[-77.0870235,38.7112531],[-77.0871141,38.7112949],[-77.0872046,38.7113331]]]}},{"type":"Feature","id":"way/1028542419","properties":{"id":"way/1028542419","name":null,"class":"turf","source_value":"grass","source":"openstreetmap","source_date":"2026-09-11","confidence":"medium","surveyed":false},"geometry":{"type":"Polygon","coordinates":[[[-77.0873892,38.7114294],[-77.0873618,38.7114655],[-77.0872955,38.7114282],[-77.0872641,38.7114178],[-77.0872198,38.7114103],[-77.0872198,38.7114062],[-77.0872633,38.7114049],[-77.0872987,38.7114093],[-77.087363,38.7114206],[-77.0873892,38.7114294]]]}},{"type":"Feature","id":"way/1028542423","properties":{"id":"way/1028542423","name":null,"class":"turf","source_value":"grass","source":"openstreetmap","source_date":"2026-09-11","confidence":"medium","surveyed":false},"geometry":{"type":"Polygon","coordinates":[[[-77.0862828,38.7118829],[-77.086278,38.7118704],[-77.0862667,38.7118591],[-77.0862522,38.7118572],[-77.0861991,38.7118672],[-77.0861283,38.7118735],[-77.0860664,38.7118722],[-77.0860037,38.7118653],[-77.0859345,38.7118478],[-77.0858798,38.7118271],[-77.0858227,38.7117988],[-77.0857897,38.7117781],[-77.0857712,38.7117794],[-77.0857559,38.7117925],[-77.0857624,38.7118202],[-77.0857841,38.7119149],[-77.085805,38.7120053],[-77.0858203,38.7121108],[-77.085838,38.7122526],[-77.0858396,38.7123668],[-77.085842,38.7123932],[-77.0858541,38.712402],[-77.0858693,38.7124057],[-77.0858902,38.7123995],[-77.0859128,38.7123599],[-77.0860165,38.7122049],[-77.0861042,38.7120838],[-77.0862418,38.7119287],[-77.0862828,38.7118829]]]}},{"type":"Feature","id":"way/1028542424","properties":{"id":"way/1028542424","name":null,"class":"garden","source_value":"garden","source":"openstreetmap","source_date":"2026-09-11","confidence":"medium","surveyed":false},"geometry":{"type":"Polygon","coordinates":[[[-77.0861203,38.7119225],[-77.0861114,38.7119382],[-77.0860929,38.7119425],[-77.0860761,38.7119451],[-77.0860632,38.7119494],[-77.0860278,38.7119488],[-77.0860021,38.7119538],[-77.0859884,38.7119513],[-77.0859691,38.7119425],[-77.0859441,38.7119344],[-77.0859168,38.7119281],[-77.0859047,38.7119187],[-77.0859007,38.7119061],[-77.0859031,38.7118904],[-77.0859168,38.7118854],[-77.0859369,38.7118923],[-77.0859691,38.7119024],[-77.0860189,38.711908],[-77.0860608,38.7119105],[-77.0860938,38.7119124],[-77.0861131,38.711913],[-77.0861203,38.7119225]]]}},{"type":"Feature","id":"way/1115100533","properties":{"id":"way/1115100533","name":null,"class":"woodland","source_value":"wood","source":"openstreetmap","source_date":"2026-09-11","confidence":"medium","surveyed":false},"geometry":{"type":"Polygon","coordinates":[[[-77.074241,38.7179549],[-77.0745277,38.7177146],[-77.0747119,38.7178558],[-77.0748885,38.7179331],[-77.0749514,38.7180136],[-77.0747104,38.7182164],[-77.0746528,38.7182649],[-77.0746054,38.7183048],[-77.0742386,38.7180383],[-77.074293,38.7179921],[-77.074241,38.7179549]]]}},{"type":"Feature","id":"way/1115100559","properties":{"id":"way/1115100559","name":null,"class":"built_up","source_value":"residential","source":"openstreetmap","source_date":"2026-09-11","confidence":"medium","surveyed":false},"geometry":{"type":"Polygon","coordinates":[[[-77.0748058,38.7196363],[-77.0746939,38.7196573],[-77.0746274,38.7197185],[-77.0746139,38.7197876],[-77.0746582,38.7198928],[-77.0746319,38.72005],[-77.0745485,38.7200936],[-77.0734356,38.7201414],[-77.0733593,38.7201047],[-77.0732957,38.7195803],[-77.0733309,38.7195049],[-77.0746211,38.7189295],[-77.0747481,38.7188959],[-77.0749154,38.7188953],[-77.0750428,38.7189279],[-77.0751773,38.7190057],[-77.0768931,38.7205261],[-77.0768836,38.7206295],[-77.076384,38.7209746],[-77.07624,38.720972],[-77.075718,38.7205024],[-77.0754792,38.7203309],[-77.0752323,38.7202258],[-77.0748819,38.7201361],[-77.074814,38.7200682],[-77.0748479,38.7199298],[-77.0749459,38.7198346],[-77.074963,38.7197567],[-77.0749118,38.7196751],[-77.0748058,38.7196363]]]}},{"type":"Feature","id":"way/1115100581","properties":{"id":"way/1115100581","name":null,"class":"woodland","source_value":"wood","source":"openstreetmap","source_date":"2026-09-11","confidence":"medium","surveyed":false},"geometry":{"type":"Polygon","coordinates":[[[-77.0698552,38.7172068],[-77.0698371,38.7172265],[-77.06893,38.7166642],[-77.0690398,38.7165503],[-77.0690825,38.7165759],[-77.0696187,38.716899],[-77.0696614,38.7168327],[-77.0697378,38.7167144],[-77.0693824,38.7165683],[-77.0696013,38.7162944],[-77.0696095,38.7162843],[-77.0696622,38.716217],[-77.0699084,38.7159024],[-77.0700296,38.7157477],[-77.0700327,38.7157437],[-77.070103,38.7155115],[-77.0701684,38.7152955],[-77.0701904,38.7152904],[-77.0702118,38.7152839],[-77.0702324,38.7152761],[-77.0702521,38.715267],[-77.0702707,38.7152566],[-77.0702883,38.7152451],[-77.0703045,38.7152324],[-77.0703194,38.7152188],[-77.070327,38.7152108],[-77.0703342,38.7152026],[-77.0703428,38.7151907],[-77.0703502,38.7151783],[-77.0703566,38.7151656],[-77.0703624,38.7151507],[-77.0703667,38.7151354],[-77.0703694,38.7151199],[-77.0703705,38.7151043],[-77.07037,38.7150886],[-77.0703678,38.7150731],[-77.0703641,38.7150577],[-77.0703588,38.7150427],[-77.0705797,38.7149726],[-77.0708635,38.7148825],[-77.0711617,38.7147879],[-77.0713411,38.7147309],[-77.0716196,38.7146426],[-77.0716246,38.7146353],[-77.0717518,38.7144498],[-77.0717541,38.7144465],[-77.0717533,38.7144436],[-77.0717519,38.7144386],[-77.0717126,38.7142965],[-77.0716483,38.7140642],[-77.071645,38.714052],[-77.0716053,38.7139087],[-77.0715851,38.7138356],[-77.0715835,38.7138297],[-77.0715849,38.7138252],[-77.0716435,38.7136341],[-77.0716455,38.7136274],[-77.0717149,38.7134013],[-77.0717232,38.7133935],[-77.0717292,38.7133879],[-77.071879,38.7132475],[-77.0718876,38.7132394],[-77.0721221,38.7130197],[-77.0724598,38.7127032],[-77.0724673,38.7126961],[-77.0719584,38.7125239],[-77.0719548,38.7125255],[-77.0716704,38.7126572],[-77.0715622,38.7125846],[-77.0716904,38.712458],[-77.0717239,38.712425],[-77.0720273,38.7121253],[-77.0735705,38.713152],[-77.0733898,38.7133218],[-77.0732039,38.7133049],[-77.0726361,38.7137055],[-77.0724707,38.7139428],[-77.0725334,38.7140962],[-77.0723923,38.714285],[-77.0721875,38.7143637],[-77.0716724,38.7146524],[-77.0714405,38.7149734],[-77.0719451,38.7149438],[-77.0728534,38.7159802],[-77.072807,38.7159646],[-77.0727,38.7159287],[-77.0724573,38.7158472],[-77.0721269,38.7157362],[-77.072045,38.7157087],[-77.0720222,38.7157011],[-77.0717751,38.7157069],[-77.0714158,38.7157136],[-77.0712256,38.7157171],[-77.071057,38.7157843],[-77.0711127,38.7158722],[-77.0712731,38.7161257],[-77.0712176,38.7161479],[-77.0710424,38.715892],[-77.0709876,38.715812],[-77.0706404,38.7159504],[-77.070486,38.7162145],[-77.0703358,38.7164713],[-77.0702512,38.716684],[-77.0702489,38.7166899],[-77.0701679,38.7168934],[-77.070089,38.7170917],[-77.070019,38.7172645],[-77.0700053,38.7172985],[-77.0698552,38.7172068]]]}},{"type":"Feature","id":"way/1115100677","properties":{"id":"way/1115100677","name":null,"class":"built_up","source_value":"residential","source":"openstreetmap","source_date":"2026-09-11","confidence":"medium","surveyed":false},"geometry":{"type":"Polygon","coordinates":[[[-77.0711142,38.7115251],[-77.0720273,38.7121253],[-77.0717239,38.712425],[-77.0716904,38.712458],[-77.0715622,38.7125846],[-77.0713182,38.7124375],[-77.0708673,38.712244],[-77.0705798,38.7120305],[-77.0705855,38.7119367],[-77.0708459,38.7117656],[-77.0711142,38.7115251]]]}},{"type":"Feature","id":"way/1115100711","properties":{"id":"way/1115100711","name":null,"class":"built_up","source_value":"residential","source":"openstreetmap","source_date":"2026-09-11","confidence":"medium","surveyed":false},"geometry":{"type":"Polygon","coordinates":[[[-77.0715648,38.7193133],[-77.0715452,38.7190399],[-77.071634,38.7189676],[-77.0719181,38.7189486],[-77.071948,38.719291],[-77.0722445,38.7193046],[-77.0722689,38.7192982],[-77.072551,38.7192247],[-77.0728119,38.7191059],[-77.0730761,38.7189855],[-77.0733301,38.7188698],[-77.0735858,38.7187533],[-77.0738408,38.7186371],[-77.0740958,38.718521],[-77.0741114,38.7185139],[-77.0743941,38.7183803],[-77.0746619,38.7185449],[-77.074681,38.718625],[-77.0746306,38.7186963],[-77.0742968,38.7188494],[-77.074303,38.7188676],[-77.0720196,38.7198955],[-77.0719063,38.7198676],[-77.0716377,38.7195098],[-77.0715648,38.7193133]]]}},{"type":"Feature","id":"way/1115100721","properties":{"id":"way/1115100721","name":null,"class":"built_up","source_value":"residential","source":"openstreetmap","source_date":"2026-09-11","confidence":"medium","surveyed":false},"geometry":{"type":"Polygon","coordinates":[[[-77.0690825,38.7165759],[-77.0690398,38.7165503],[-77.06893,38.7166642],[-77.0686693,38.7165025],[-77.0681545,38.7161985],[-77.0679041,38.716107],[-77.0678724,38.7160029],[-77.068136,38.715493],[-77.0682359,38.7154424],[-77.0686309,38.7156056],[-77.0689794,38.7158143],[-77.069043,38.7159571],[-77.0691223,38.7160123],[-77.0692088,38.7160238],[-77.0692902,38.7160021],[-77.0693489,38.7159525],[-77.0693701,38.7158758],[-77.0692956,38.7157731],[-77.0691272,38.7157307],[-77.0687238,38.7154822],[-77.0683091,38.7153159],[-77.0682775,38.7152483],[-77.0683958,38.7149486],[-77.0684587,38.7146149],[-77.0685591,38.714553],[-77.0688798,38.7146848],[-77.0697529,38.715119],[-77.0698442,38.7151251],[-77.0699406,38.7150962],[-77.0700105,38.7150338],[-77.0700345,38.7149642],[-77.0700151,38.7148846],[-77.0699478,38.7148189],[-77.0688254,38.7143257],[-77.0685909,38.714246],[-77.0685389,38.7141515],[-77.0685847,38.713855],[-77.0686711,38.713577],[-77.0688015,38.7133024],[-77.0689886,38.7130208],[-77.0692405,38.7127407],[-77.0693336,38.7127143],[-77.0697464,38.7130091],[-77.0700603,38.7131835],[-77.0701014,38.7132815],[-77.0697653,38.7138319],[-77.0697871,38.7139267],[-77.0698887,38.7139866],[-77.0700041,38.7139793],[-77.0700909,38.7139098],[-77.0701023,38.7138343],[-77.0700523,38.7137509],[-77.0700527,38.7136859],[-77.0702544,38.7133449],[-77.0703824,38.713315],[-77.0709025,38.7134677],[-77.0709595,38.7135496],[-77.0709318,38.7137839],[-77.0710051,38.7141259],[-77.0709812,38.7141918],[-77.0708997,38.714273],[-77.0708895,38.7143392],[-77.0709516,38.7144249],[-77.0710855,38.7144542],[-77.071187,38.7144134],[-77.0712347,38.7143235],[-77.0711082,38.7137651],[-77.0711244,38.7136146],[-77.0712142,38.7133087],[-77.0713564,38.7130832],[-77.0716851,38.7127917],[-77.0717023,38.7127283],[-77.0716704,38.7126572],[-77.0719548,38.7125255],[-77.0719584,38.7125239],[-77.0724673,38.7126961],[-77.0724598,38.7127032],[-77.0721221,38.7130197],[-77.0718876,38.7132394],[-77.071879,38.7132475],[-77.0717292,38.7133879],[-77.0717232,38.7133935],[-77.0717149,38.7134013],[-77.0716455,38.7136274],[-77.0716435,38.7136341],[-77.0715849,38.7138252],[-77.0715835,38.7138297],[-77.0715851,38.7138356],[-77.0716053,38.7139087],[-77.071645,38.714052],[-77.0716483,38.7140642],[-77.0717126,38.7142965],[-77.0717519,38.7144386],[-77.0717533,38.7144436],[-77.0717541,38.7144465],[-77.0717518,38.7144498],[-77.0716246,38.7146353],[-77.0716196,38.7146426],[-77.0713411,38.7147309],[-77.0711617,38.7147879],[-77.0708635,38.7148825],[-77.0705797,38.7149726],[-77.0703588,38.7150427],[-77.0703641,38.7150577],[-77.0703678,38.7150731],[-77.07037,38.7150886],[-77.0703705,38.7151043],[-77.0703694,38.7151199],[-77.0703667,38.7151354],[-77.0703624,38.7151507],[-77.0703566,38.7151656],[-77.0703502,38.7151783],[-77.0703428,38.7151907],[-77.0703342,38.7152026],[-77.070327,38.7152108],[-77.0703194,38.7152188],[-77.0703045,38.7152324],[-77.0702883,38.7152451],[-77.0702707,38.7152566],[-77.0702521,38.715267],[-77.0702324,38.7152761],[-77.0702118,38.7152839],[-77.0701904,38.7152904],[-77.0701684,38.7152955],[-77.070103,38.7155115],[-77.0700327,38.7157437],[-77.0700296,38.7157477],[-77.0699084,38.7159024],[-77.0696622,38.716217],[-77.0696095,38.7162843],[-77.0696013,38.7162944],[-77.0693824,38.7165683],[-77.0697378,38.7167144],[-77.0696614,38.7168327],[-77.0696187,38.716899],[-77.0690825,38.7165759]]]}},{"type":"Feature","id":"way/1115100723","properties":{"id":"way/1115100723","name":null,"class":"woodland","source_value":"wood","source":"openstreetmap","source_date":"2026-09-11","confidence":"medium","surveyed":false},"geometry":{"type":"Polygon","coordinates":[[[-77.075797,38.7190573],[-77.0759811,38.7189317],[-77.0761223,38.7191529],[-77.076241,38.7193692],[-77.0768768,38.7199074],[-77.0770339,38.7201222],[-77.0768172,38.7202606],[-77.0756074,38.7191867],[-77.0757033,38.7191212],[-77.075797,38.7190573]]]}},{"type":"Feature","id":"way/1115100765","properties":{"id":"way/1115100765","name":null,"class":"built_up","source_value":"residential","source":"openstreetmap","source_date":"2026-09-11","confidence":"medium","surveyed":false},"geometry":{"type":"Polygon","coordinates":[[[-77.0730486,38.7196354],[-77.073112,38.7196511],[-77.0731441,38.7196968],[-77.073463,38.7229204],[-77.0734487,38.7233675],[-77.0733551,38.7240234],[-77.0732293,38.7241076],[-77.072404,38.7240012],[-77.0723221,38.7239032],[-77.072443,38.7232215],[-77.0724576,38.7226153],[-77.0724238,38.7221921],[-77.0722944,38.7215288],[-77.0721945,38.7203404],[-77.0721572,38.7202275],[-77.0720936,38.7201455],[-77.0721216,38.7200374],[-77.0730486,38.7196354]]]}},{"type":"Feature","id":"way/1115100787","properties":{"id":"way/1115100787","name":null,"class":"woodland","source_value":"wood","source":"openstreetmap","source_date":"2026-09-11","confidence":"medium","surveyed":false},"geometry":{"type":"Polygon","coordinates":[[[-77.0750583,38.7184371],[-77.0754324,38.7182695],[-77.0756538,38.7183139],[-77.0757127,38.7183364],[-77.0756197,38.7183786],[-77.075465,38.7184489],[-77.0754283,38.7184656],[-77.0751852,38.7185761],[-77.0751649,38.7185853],[-77.0751168,38.7185185],[-77.0750583,38.7184371]]]}},{"type":"Feature","id":"way/1115100829","properties":{"id":"way/1115100829","name":null,"class":"park","source_value":"park","source":"openstreetmap","source_date":"2026-09-11","confidence":"medium","surveyed":false},"geometry":{"type":"Polygon","coordinates":[[[-77.0724057,38.7178708],[-77.0724388,38.717871],[-77.072472,38.7178715],[-77.0725056,38.7178722],[-77.0725392,38.7178731],[-77.0725728,38.7178744],[-77.0726063,38.7178759],[-77.0726399,38.7178776],[-77.0726734,38.7178796],[-77.0727069,38.7178819],[-77.0727404,38.7178845],[-77.0727731,38.7178872],[-77.0728057,38.7178902],[-77.0728383,38.7178934],[-77.0728709,38.7178969],[-77.0729034,38.7179006],[-77.0729359,38.7179046],[-77.0729683,38.7179088],[-77.0730007,38.7179133],[-77.0730335,38.7179181],[-77.0730662,38.7179231],[-77.0730989,38.7179284],[-77.0731314,38.717934],[-77.0731639,38.7179398],[-77.0731964,38.7179458],[-77.0732287,38.7179521],[-77.073261,38.7179587],[-77.073293,38.7179654],[-77.073325,38.7179724],[-77.0733568,38.7179797],[-77.0733886,38.7179872],[-77.0734202,38.7179949],[-77.0734518,38.7180029],[-77.0734832,38.7180112],[-77.0735146,38.7180196],[-77.0735458,38.7180284],[-77.073577,38.7180373],[-77.073608,38.7180465],[-77.0736389,38.7180559],[-77.0736697,38.7180656],[-77.0737003,38.7180755],[-77.0737309,38.7180856],[-77.0737623,38.7180969],[-77.0742765,38.7183185],[-77.0741114,38.7185139],[-77.0740958,38.718521],[-77.0738408,38.7186371],[-77.0735858,38.7187533],[-77.0733301,38.7188698],[-77.0730761,38.7189855],[-77.0728119,38.7191059],[-77.072551,38.7192247],[-77.0722689,38.7192982],[-77.0722445,38.7193046],[-77.071948,38.719291],[-77.0719181,38.7189486],[-77.0719517,38.7189481],[-77.0719396,38.7188071],[-77.0718672,38.718437],[-77.0717399,38.718213],[-77.0716176,38.7179425],[-77.0716411,38.7179381],[-77.0716648,38.7179339],[-77.0716884,38.7179299],[-77.0717202,38.7179247],[-77.0717519,38.7179197],[-77.0717838,38.717915],[-77.0718157,38.7179105],[-77.0718476,38.7179062],[-77.0718796,38.7179022],[-77.0719117,38.7178984],[-77.0719438,38.7178949],[-77.0719766,38.7178915],[-77.0720094,38.7178884],[-77.0720423,38.7178856],[-77.0720752,38.7178829],[-77.0721081,38.7178806],[-77.072141,38.7178785],[-77.072174,38.7178767],[-77.072207,38.7178751],[-77.0722401,38.7178737],[-77.0722732,38.7178726],[-77.0723063,38.7178718],[-77.0723394,38.7178712],[-77.0723726,38.7178709],[-77.0724057,38.7178708]]]}},{"type":"Feature","id":"way/1115100832","properties":{"id":"way/1115100832","name":null,"class":"woodland","source_value":"wood","source":"openstreetmap","source_date":"2026-09-11","confidence":"medium","surveyed":false},"geometry":{"type":"Polygon","coordinates":[[[-77.0739186,38.7172634],[-77.07394,38.7172199],[-77.0740115,38.7173015],[-77.0738213,38.7176803],[-77.0737464,38.717615],[-77.0738499,38.7174038],[-77.0738947,38.7173123],[-77.0739186,38.7172634]]]}},{"type":"Feature","id":"way/1115100885","properties":{"id":"way/1115100885","name":null,"class":"built_up","source_value":"residential","source":"openstreetmap","source_date":"2026-09-11","confidence":"medium","surveyed":false},"geometry":{"type":"Polygon","coordinates":[[[-77.0709539,38.716612],[-77.0711405,38.7163727],[-77.0712666,38.7162917],[-77.0714884,38.716214],[-77.0716901,38.7161881],[-77.0718925,38.7162002],[-77.0721744,38.7162872],[-77.0724225,38.7164705],[-77.072837,38.7171067],[-77.0728842,38.71723],[-77.072889,38.717333],[-77.0728402,38.7173806],[-77.0727891,38.7173904],[-77.0722472,38.7173686],[-77.0717031,38.717417],[-77.0711253,38.7175306],[-77.0710124,38.717576],[-77.0708735,38.7176718],[-77.070798,38.7176871],[-77.0705843,38.7176058],[-77.0705507,38.7175408],[-77.0709539,38.716612]]]}},{"type":"Feature","id":"way/1115100887","properties":{"id":"way/1115100887","name":null,"class":"built_up","source_value":"residential","source":"openstreetmap","source_date":"2026-09-11","confidence":"medium","surveyed":false},"geometry":{"type":"Polygon","coordinates":[[[-77.0748004,38.7184477],[-77.0746054,38.7183048],[-77.0746528,38.7182649],[-77.0747104,38.7182164],[-77.0749514,38.7180136],[-77.0750817,38.7182035],[-77.0754324,38.7182695],[-77.0750583,38.7184371],[-77.0751168,38.7185185],[-77.0751649,38.7185853],[-77.0751852,38.7185761],[-77.0754283,38.7184656],[-77.075465,38.7184489],[-77.0756197,38.7183786],[-77.0757252,38.7183307],[-77.0758299,38.718695],[-77.0759811,38.7189317],[-77.075797,38.7190573],[-77.0757033,38.7191212],[-77.0756074,38.7191867],[-77.0748004,38.7184477]]]}},{"type":"Feature","id":"way/1115100892","properties":{"id":"way/1115100892","name":null,"class":"built_up","source_value":"residential","source":"openstreetmap","source_date":"2026-09-11","confidence":"medium","surveyed":false},"geometry":{"type":"Polygon","coordinates":[[[-77.071186,38.7181389],[-77.0712169,38.7180379],[-77.0711455,38.7180595],[-77.071005,38.7178238],[-77.0710322,38.7177473],[-77.0712272,38.7176638],[-77.0715109,38.7176027],[-77.0718937,38.7175499],[-77.072294,38.717526],[-77.0729292,38.7175524],[-77.0735026,38.717649],[-77.0736595,38.7177426],[-77.0738298,38.7179321],[-77.0737309,38.7180856],[-77.0737003,38.7180755],[-77.0736697,38.7180656],[-77.0736389,38.7180559],[-77.073608,38.7180465],[-77.073577,38.7180373],[-77.0735458,38.7180284],[-77.0735146,38.7180196],[-77.0734832,38.7180112],[-77.0734518,38.7180029],[-77.0734202,38.7179949],[-77.0733886,38.7179872],[-77.0733568,38.7179797],[-77.073325,38.7179724],[-77.073293,38.7179654],[-77.073261,38.7179587],[-77.0732287,38.7179521],[-77.0731964,38.7179458],[-77.0731639,38.7179398],[-77.0731314,38.717934],[-77.0730989,38.7179284],[-77.0730662,38.7179231],[-77.0730335,38.7179181],[-77.0730007,38.7179133],[-77.0729683,38.7179088],[-77.0729359,38.7179046],[-77.0729034,38.7179006],[-77.0728709,38.7178969],[-77.0728383,38.7178934],[-77.0728057,38.7178902],[-77.0727731,38.7178872],[-77.0727404,38.7178845],[-77.0727069,38.7178819],[-77.0726734,38.7178796],[-77.0726399,38.7178776],[-77.0726063,38.7178759],[-77.0725728,38.7178744],[-77.0725392,38.7178731],[-77.0725056,38.7178722],[-77.072472,38.7178715],[-77.0724388,38.717871],[-77.0724057,38.7178708],[-77.0723726,38.7178709],[-77.0723394,38.7178712],[-77.0723063,38.7178718],[-77.0722732,38.7178726],[-77.0722401,38.7178737],[-77.072207,38.7178751],[-77.072174,38.7178767],[-77.072141,38.7178785],[-77.0721081,38.7178806],[-77.0720752,38.7178829],[-77.0720423,38.7178856],[-77.0720094,38.7178884],[-77.0719766,38.7178915],[-77.0719438,38.7178949],[-77.0719117,38.7178984],[-77.0718796,38.7179022],[-77.0718476,38.7179062],[-77.0718157,38.7179105],[-77.0717838,38.717915],[-77.0717519,38.7179197],[-77.0717202,38.7179247],[-77.0716884,38.7179299],[-77.0716648,38.7179339],[-77.0716411,38.7179381],[-77.0716176,38.7179425],[-77.0717399,38.718213],[-77.0718672,38.718437],[-77.0719396,38.7188071],[-77.0716098,38.7188314],[-77.0715034,38.7187587],[-77.07141,38.7185201],[-77.071186,38.7181389]]]}},{"type":"Feature","id":"way/1115100908","properties":{"id":"way/1115100908","name":null,"class":"woodland","source_value":"wood","source":"openstreetmap","source_date":"2026-09-11","confidence":"medium","surveyed":false},"geometry":{"type":"Polygon","coordinates":[[[-77.0741114,38.7185139],[-77.0742765,38.7183185],[-77.0743002,38.7183306],[-77.0743941,38.7183803],[-77.0741114,38.7185139]]]}},{"type":"Feature","id":"way/1115100942","properties":{"id":"way/1115100942","name":null,"class":"built_up","source_value":"residential","source":"openstreetmap","source_date":"2026-09-11","confidence":"medium","surveyed":false},"geometry":{"type":"Polygon","coordinates":[[[-77.0717656,38.7160477],[-77.0715106,38.7160633],[-77.0712731,38.7161257],[-77.0711127,38.7158722],[-77.071057,38.7157843],[-77.0712256,38.7157171],[-77.0714158,38.7157136],[-77.0717751,38.7157069],[-77.0720222,38.7157011],[-77.072045,38.7157087],[-77.0721269,38.7157362],[-77.0724573,38.7158472],[-77.0727,38.7159287],[-77.072807,38.7159646],[-77.0728534,38.7159802],[-77.07394,38.7172199],[-77.0739186,38.7172634],[-77.0738947,38.7173123],[-77.0738499,38.7174038],[-77.0737464,38.717615],[-77.0734746,38.7174966],[-77.0730791,38.717408],[-77.0730522,38.7173664],[-77.0730529,38.7172014],[-77.0730136,38.7170853],[-77.0726457,38.7165045],[-77.0725204,38.716348],[-77.0723874,38.7162363],[-77.0722078,38.7161375],[-77.0720045,38.7160759],[-77.0717656,38.7160477]]]}},{"type":"Feature","id":"way/1121200688","properties":{"id":"way/1121200688","name":null,"class":"built_up","source_value":"residential","source":"openstreetmap","source_date":"2026-09-11","confidence":"medium","surveyed":false},"geometry":{"type":"Polygon","coordinates":[[[-77.1280445,38.7052863],[-77.1280151,38.7052766],[-77.1279506,38.7052758],[-77.127894,38.7052901],[-77.1278592,38.7052914],[-77.1278375,38.7052724],[-77.127745,38.7052855],[-77.1276706,38.7053007],[-77.127615,38.705341],[-77.1275345,38.7053447],[-77.1273284,38.7052557],[-77.1273038,38.7052312],[-77.1268744,38.705027],[-77.1267157,38.7050145],[-77.1266474,38.7049926],[-77.1265983,38.7049657],[-77.1264668,38.7049713],[-77.1263554,38.7050247],[-77.1262309,38.7050335],[-77.1259012,38.7051131],[-77.1256208,38.7051423],[-77.1252619,38.7052167],[-77.1251483,38.7052496],[-77.1249369,38.7053304],[-77.1248688,38.7053464],[-77.1248059,38.7053463],[-77.1244229,38.7053921],[-77.1243894,38.7054021],[-77.1243756,38.7054294],[-77.1243652,38.705433],[-77.1242686,38.7054345],[-77.124182,38.7054511],[-77.1240265,38.7054631],[-77.1239479,38.7054903],[-77.1238305,38.7054701],[-77.123772,38.7054382],[-77.1237465,38.7054018],[-77.1237534,38.7052627],[-77.1237302,38.7052251],[-77.1236808,38.7052094],[-77.1235587,38.7052047],[-77.123365,38.7052297],[-77.1233084,38.7052873],[-77.1232877,38.7054262],[-77.1232422,38.705515],[-77.1231805,38.7055897],[-77.1231246,38.7056092],[-77.1232106,38.7054705],[-77.1232259,38.705428],[-77.1232301,38.7052129],[-77.123248,38.7051788],[-77.1232885,38.7051605],[-77.1233664,38.7051454],[-77.1233128,38.7050791],[-77.1232921,38.7050242],[-77.123228,38.7049633],[-77.123211,38.7049364],[-77.1232098,38.7049035],[-77.1231946,38.704881],[-77.123141,38.704846],[-77.1230654,38.704757],[-77.1230119,38.7047165],[-77.1229594,38.7046957],[-77.1229843,38.7044884],[-77.122974,38.7044591],[-77.122951,38.7044346],[-77.1226543,38.7042588],[-77.1226748,38.7042258],[-77.1224503,38.7041133],[-77.1223847,38.7040846],[-77.1222442,38.7040405],[-77.1221164,38.7039807],[-77.121885,38.7038565],[-77.1217696,38.703785],[-77.1214594,38.70363],[-77.1210994,38.7034131],[-77.1210083,38.703352],[-77.1207938,38.7031739],[-77.1206501,38.7030314],[-77.1205876,38.7029464],[-77.1205046,38.7027979],[-77.1204679,38.7026757],[-77.1204145,38.7023979],[-77.1204002,38.7016975],[-77.1204209,38.7016367],[-77.1203336,38.7014369],[-77.120179,38.7009881],[-77.120156,38.7009682],[-77.119785,38.7007803],[-77.1195614,38.7006778],[-77.119523,38.7006708],[-77.119481,38.7006737],[-77.1192968,38.70071],[-77.1191845,38.7007218],[-77.1189016,38.7006418],[-77.1187588,38.7005921],[-77.1187476,38.7006068],[-77.1187078,38.7005874],[-77.1187149,38.7005686],[-77.1187099,38.7004994],[-77.118701,38.7003636],[-77.1189179,38.6999844],[-77.1180845,38.6997502],[-77.1177523,38.6997713],[-77.1170947,38.6995833],[-77.1169585,38.6995394],[-77.1168145,38.6994816],[-77.1164641,38.6993967],[-77.1163498,38.6993804],[-77.1162962,38.6993616],[-77.116168,38.6993352],[-77.1161162,38.6993162],[-77.1153203,38.699105],[-77.1153007,38.699143],[-77.1148699,38.699041],[-77.1146613,38.6989595],[-77.1143709,38.6988757],[-77.1142025,38.6988047],[-77.114153,38.6987768],[-77.1141051,38.6987618],[-77.1138869,38.6987454],[-77.113702,38.6986897],[-77.1134355,38.6986337],[-77.1133282,38.6985912],[-77.1132483,38.6985741],[-77.1130955,38.6985552],[-77.1129725,38.6985248],[-77.1129157,38.6984998],[-77.1128988,38.6984839],[-77.1128902,38.6984412],[-77.1128522,38.698433],[-77.1128305,38.6984591],[-77.1127816,38.6984727],[-77.1127122,38.698465],[-77.1125642,38.6984378],[-77.1124615,38.6984326],[-77.1123071,38.6983893],[-77.1121132,38.6983136],[-77.1117835,38.6983041],[-77.1116856,38.6982843],[-77.1113776,38.6981945],[-77.1113375,38.6982015],[-77.1112691,38.698198],[-77.111163,38.6981817],[-77.1110365,38.6981393],[-77.1109232,38.6980765],[-77.110888,38.6980653],[-77.1107627,38.698047],[-77.1104796,38.6979871],[-77.1104327,38.6979716],[-77.1102066,38.6979442],[-77.1099596,38.6979038],[-77.1098796,38.6979046],[-77.1098292,38.697928],[-77.1097489,38.6979305],[-77.1097104,38.69792],[-77.1096427,38.69792],[-77.1092361,38.6978607],[-77.1089325,38.6978006],[-77.1087913,38.697783],[-77.1087474,38.6977896],[-77.1086568,38.6978244],[-77.1085753,38.6978246],[-77.1083577,38.6978048],[-77.108242,38.6977781],[-77.107647,38.6976694],[-77.1073594,38.6976334],[-77.1068378,38.6975344],[-77.1067535,38.6975099],[-77.1065389,38.6974668],[-77.1065007,38.6974532],[-77.1064545,38.6974046],[-77.1062913,38.6973555],[-77.1052863,38.6971336],[-77.1051614,38.6971056],[-77.1050804,38.6971007],[-77.1050071,38.6970992],[-77.1047463,38.697145],[-77.1045364,38.6971998],[-77.1043277,38.6972796],[-77.1041441,38.6973717],[-77.10408,38.697429],[-77.104098,38.697468],[-77.104029,38.697489],[-77.104006,38.697518],[-77.103916,38.697597],[-77.103864,38.697671],[-77.103839,38.697708],[-77.103837,38.697726],[-77.103856,38.697763],[-77.103861,38.697786],[-77.103863,38.697793],[-77.103851,38.697809],[-77.1037892,38.6977834],[-77.1037225,38.6978016],[-77.103611,38.697853],[-77.103561,38.697855],[-77.103596,38.697907],[-77.103601,38.697915],[-77.103577,38.697926],[-77.103571,38.697918],[-77.103534,38.697872],[-77.103389,38.697914],[-77.103305,38.697933],[-77.103226,38.697957],[-77.102541,38.698104],[-77.102471,38.698125],[-77.10241,38.69816],[-77.102273,38.698195],[-77.102193,38.698162],[-77.102098,38.698174],[-77.102007,38.698176],[-77.101934,38.69817],[-77.101759,38.698138],[-77.101586,38.698112],[-77.10151,38.698092],[-77.101391,38.698056],[-77.101323,38.698058],[-77.10125,38.698069],[-77.101128,38.698066],[-77.101062,38.698068],[-77.100879,38.698106],[-77.100749,38.698177],[-77.100644,38.698231],[-77.100554,38.698257],[-77.100446,38.698307],[-77.100366,38.698338],[-77.1001889,38.6983557],[-77.099834,38.69846],[-77.099739,38.698499],[-77.099674,38.698531],[-77.099572,38.698568],[-77.099321,38.698658],[-77.0991651,38.6987053],[-77.0990581,38.6987355],[-77.0989479,38.6987774],[-77.098826,38.698836],[-77.098546,38.698934],[-77.098429,38.698991],[-77.098339,38.699037],[-77.098272,38.699053],[-77.098043,38.699214],[-77.098002,38.699238],[-77.097804,38.699327],[-77.097744,38.699375],[-77.097672,38.699464],[-77.097605,38.699547],[-77.097436,38.699686],[-77.097309,38.69977],[-77.097153,38.699852],[-77.096968,38.70001],[-77.096775,38.700118],[-77.0965469,38.7002358],[-77.0964752,38.7002963],[-77.0964048,38.7003603],[-77.09625,38.700409],[-77.0961753,38.7004828],[-77.0960417,38.7004937],[-77.0959421,38.7005219],[-77.0958983,38.7005476],[-77.09585,38.700576],[-77.095877,38.700615],[-77.09587,38.70064],[-77.095796,38.70074],[-77.095765,38.700808],[-77.095673,38.700911],[-77.095478,38.701095],[-77.095435,38.701131],[-77.095247,38.701289],[-77.095231,38.701302],[-77.095181,38.701344],[-77.095128,38.701435],[-77.09507,38.701492],[-77.09492,38.701611],[-77.094701,38.701762],[-77.09452,38.701865],[-77.094458,38.701892],[-77.094262,38.701964],[-77.09424,38.701951],[-77.09417,38.701986],[-77.094025,38.702075],[-77.093931,38.702144],[-77.093862,38.702093],[-77.093804,38.702123],[-77.0937073,38.7021881],[-77.093641,38.702229],[-77.093581,38.702279],[-77.093575,38.702313],[-77.093557,38.702406],[-77.093425,38.70255],[-77.093384,38.702656],[-77.093349,38.702693],[-77.093298,38.702719],[-77.093158,38.702757],[-77.0931,38.702779],[-77.093051,38.702803],[-77.092889,38.702897],[-77.0924237,38.7030853],[-77.0922648,38.7031398],[-77.0921053,38.7031998],[-77.0919717,38.7032389],[-77.0917569,38.7033011],[-77.091511,38.703373],[-77.091397,38.703422],[-77.091167,38.703539],[-77.091013,38.703624],[-77.090976,38.703648],[-77.090859,38.7037489],[-77.0910481,38.703727],[-77.0911322,38.7038254],[-77.0908613,38.7040077],[-77.0907049,38.7041735],[-77.0913411,38.7046053],[-77.091687,38.7044842],[-77.0917859,38.7045962],[-77.0917266,38.7047343],[-77.0918686,38.7048932],[-77.09241,38.7051565],[-77.0927203,38.7052898],[-77.0931982,38.7053923],[-77.093197,38.7056399],[-77.0932466,38.7058113],[-77.0938066,38.7061746],[-77.0941981,38.7060922],[-77.094588,38.7059465],[-77.0944431,38.7055336],[-77.0941013,38.705272],[-77.0942818,38.7051748],[-77.0946671,38.7051743],[-77.0949107,38.7051761],[-77.0949762,38.7050473],[-77.0950652,38.7050498],[-77.0951382,38.705224],[-77.0954793,38.7053624],[-77.0957136,38.7054905],[-77.096284,38.7055493],[-77.0969282,38.7055745],[-77.0970413,38.7057001],[-77.0964521,38.7058593],[-77.0958441,38.7061025],[-77.0954776,38.7064056],[-77.0952582,38.7066079],[-77.0952021,38.7068083],[-77.0952441,38.7069596],[-77.0953889,38.7071509],[-77.0959376,38.7073641],[-77.0965774,38.7076265],[-77.0967946,38.7076101],[-77.0968763,38.7074916],[-77.0969487,38.7075955],[-77.0970374,38.7077668],[-77.0970771,38.7079198],[-77.0972779,38.7079927],[-77.0975371,38.7079872],[-77.0978126,38.708031],[-77.0980438,38.7078579],[-77.0981652,38.7078761],[-77.0978243,38.7082405],[-77.0977262,38.7082715],[-77.0974717,38.7086887],[-77.0970724,38.7098239],[-77.0969253,38.7102102],[-77.0968203,38.7108807],[-77.0966988,38.7116441],[-77.0968352,38.7122223],[-77.0973688,38.7125],[-77.0974678,38.7125619],[-77.0975843,38.7126346],[-77.0984976,38.713205],[-77.0983991,38.7134561],[-77.0996918,38.7137947],[-77.0998795,38.7133193],[-77.0999401,38.713166],[-77.1006662,38.713342],[-77.100695,38.7132701],[-77.1007118,38.7132268],[-77.1007334,38.7132473],[-77.1011004,38.713595],[-77.1011927,38.7136826],[-77.1042904,38.7116881],[-77.103866,38.7111246],[-77.1037449,38.7109989],[-77.1036449,38.7111557],[-77.1036495,38.7111306],[-77.1036531,38.7110799],[-77.1036444,38.7110041],[-77.1036293,38.7109548],[-77.1036069,38.7109071],[-77.1032021,38.7103395],[-77.1031933,38.7103168],[-77.1031949,38.710293],[-77.1032028,38.7102762],[-77.1032215,38.7102575],[-77.1032761,38.7102293],[-77.1033591,38.710179],[-77.1034606,38.7101035],[-77.1035503,38.7100193],[-77.1036271,38.7099276],[-77.1036603,38.7098793],[-77.1037033,38.7098043],[-77.103866,38.709559],[-77.1043578,38.708744],[-77.1050131,38.7089739],[-77.1058703,38.7075509],[-77.106852,38.7084493],[-77.1071091,38.7086911],[-77.1079544,38.7094777],[-77.1098614,38.7087419],[-77.1118033,38.7081726],[-77.1136487,38.7078126],[-77.1156228,38.7075572],[-77.1167332,38.7075196],[-77.1198928,38.7076535],[-77.1211535,38.7078461],[-77.1248657,38.7087754],[-77.1254414,38.7089581],[-77.125788,38.7082244],[-77.1279249,38.7054916],[-77.1280445,38.7052863]]]}},{"type":"Feature","id":"way/1121200693","properties":{"id":"way/1121200693","name":null,"class":"park","source_value":"park","source":"openstreetmap","source_date":"2026-09-11","confidence":"medium","surveyed":false},"geometry":{"type":"Polygon","coordinates":[[[-77.0962008,38.7003422],[-77.0962266,38.7003217],[-77.096248,38.7003191],[-77.0963118,38.7003316],[-77.0963299,38.7003302],[-77.0963568,38.7003476],[-77.0963892,38.7003475],[-77.0967007,38.7005646],[-77.096709,38.7005704],[-77.0969284,38.7007206],[-77.0969342,38.7007246],[-77.0971177,38.7008058],[-77.097301,38.700887],[-77.0973516,38.7009156],[-77.0973607,38.700921],[-77.0974667,38.7009807],[-77.0975152,38.7010081],[-77.097533,38.7010126],[-77.0976712,38.7010471],[-77.0977889,38.7010764],[-77.0977427,38.7011291],[-77.0976851,38.7011947],[-77.097546,38.7013531],[-77.0977479,38.7014686],[-77.0976891,38.70154],[-77.0976564,38.7015798],[-77.0976352,38.7016025],[-77.0975668,38.7016754],[-77.0975033,38.7017432],[-77.0972403,38.702024],[-77.0969624,38.7021665],[-77.0969081,38.7021025],[-77.0968464,38.7020297],[-77.0968125,38.7019898],[-77.0970316,38.7017863],[-77.0971967,38.7016334],[-77.0972462,38.7015877],[-77.0972578,38.7015769],[-77.0972695,38.7015661],[-77.0972896,38.7015475],[-77.0972596,38.7015277],[-77.0970144,38.7013597],[-77.0968307,38.7012537],[-77.0966598,38.7011154],[-77.0965813,38.7010519],[-77.0960061,38.7007822],[-77.0958384,38.7006081],[-77.0959126,38.7005571],[-77.0959647,38.7005448],[-77.0960026,38.7005292],[-77.0960376,38.7004983],[-77.0961281,38.7004339],[-77.0962008,38.7003422]]]}},{"type":"Feature","id":"way/1121200712","properties":{"id":"way/1121200712","name":null,"class":"built_up","source_value":"religious","source":"openstreetmap","source_date":"2026-09-11","confidence":"medium","surveyed":false},"geometry":{"type":"Polygon","coordinates":[[[-77.0899454,38.7195215],[-77.0911179,38.7190615],[-77.0912059,38.7190226],[-77.0913001,38.7189942],[-77.0913654,38.7189813],[-77.091432,38.7189734],[-77.0914992,38.7189705],[-77.0915999,38.7189758],[-77.0916661,38.7189857],[-77.0917307,38.7190005],[-77.0924525,38.7192481],[-77.092578,38.7192799],[-77.0927085,38.719295],[-77.0930996,38.7192983],[-77.0930328,38.7197773],[-77.0929567,38.7202432],[-77.0929519,38.7202726],[-77.0928591,38.7208411],[-77.0926812,38.7208177],[-77.0924237,38.720784],[-77.0921278,38.7207452],[-77.091841,38.7207076],[-77.0916016,38.7206762],[-77.0914737,38.7206595],[-77.0905698,38.720541],[-77.0905666,38.7205406],[-77.0901918,38.7204915],[-77.0900637,38.7204664],[-77.089908,38.7195636],[-77.0899454,38.7195215]]]}},{"type":"Feature","id":"way/1121200719","properties":{"id":"way/1121200719","name":null,"class":"woodland","source_value":"wood","source":"openstreetmap","source_date":"2026-09-11","confidence":"medium","surveyed":false},"geometry":{"type":"Polygon","coordinates":[[[-77.0964861,38.7139938],[-77.0966168,38.7131289],[-77.0986143,38.7136075],[-77.0986025,38.7136345],[-77.0985241,38.7138221],[-77.0982627,38.7138441],[-77.0978491,38.713879],[-77.0975577,38.7139036],[-77.0972954,38.7139258],[-77.0965776,38.7139864],[-77.0964861,38.7139938]]]}},{"type":"Feature","id":"way/1121200729","properties":{"id":"way/1121200729","name":null,"class":"built_up","source_value":"industrial","source":"openstreetmap","source_date":"2026-09-11","confidence":"medium","surveyed":false},"geometry":{"type":"Polygon","coordinates":[[[-77.0954947,38.7061843],[-77.0957681,38.7061305],[-77.0958838,38.7061539],[-77.0958715,38.7062021],[-77.0958279,38.7063617],[-77.0955623,38.7063493],[-77.0954947,38.7061843]]]}},{"type":"Feature","id":"way/1121200730","properties":{"id":"way/1121200730","name":null,"class":"woodland","source_value":"wood","source":"openstreetmap","source_date":"2026-09-11","confidence":"medium","surveyed":false},"geometry":{"type":"Polygon","coordinates":[[[-77.0967204,38.7130609],[-77.0968141,38.7123637],[-77.0968352,38.7122223],[-77.0973688,38.7125],[-77.0974678,38.7125619],[-77.0975843,38.7126346],[-77.0984976,38.713205],[-77.0983991,38.7134561],[-77.0967204,38.7130609]]]}},{"type":"Feature","id":"way/1121200762","properties":{"id":"way/1121200762","name":null,"class":"built_up","source_value":"religious","source":"openstreetmap","source_date":"2026-09-11","confidence":"medium","surveyed":false},"geometry":{"type":"Polygon","coordinates":[[[-77.0996918,38.7137947],[-77.0998795,38.7133193],[-77.0999401,38.713166],[-77.1006662,38.713342],[-77.100695,38.7132701],[-77.1007118,38.7132268],[-77.1007334,38.7132473],[-77.1011004,38.713595],[-77.1011927,38.7136826],[-77.1006582,38.714029],[-77.0996918,38.7137947]]]}},{"type":"Feature","id":"way/1122030671","properties":{"id":"way/1122030671","name":null,"class":"turf","source_value":"meadow","source":"openstreetmap","source_date":"2026-09-11","confidence":"medium","surveyed":false},"geometry":{"type":"Polygon","coordinates":[[[-77.0848632,38.7097193],[-77.0848524,38.7098093],[-77.0847049,38.7100249],[-77.0842516,38.7101442],[-77.0837098,38.7099705],[-77.0836025,38.7100186],[-77.0831615,38.7098025],[-77.0832243,38.7097214],[-77.0834926,38.7097277],[-77.0837689,38.7089919],[-77.0839673,38.709127],[-77.0848632,38.7097193]]]}},{"type":"Feature","id":"way/1122030672","properties":{"id":"way/1122030672","name":null,"class":"turf","source_value":"meadow","source":"openstreetmap","source_date":"2026-09-11","confidence":"medium","surveyed":false},"geometry":{"type":"Polygon","coordinates":[[[-77.0854774,38.7090851],[-77.0851072,38.7087503],[-77.084898,38.7086498],[-77.0847666,38.7087335],[-77.0845328,38.7087532],[-77.0843771,38.7088191],[-77.0840844,38.7088635],[-77.0840961,38.709083],[-77.0844742,38.7093175],[-77.0849168,38.7096795],[-77.0854774,38.7090851]]]}},{"type":"Feature","id":"way/1122030673","properties":{"id":"way/1122030673","name":null,"class":"turf","source_value":"meadow","source":"openstreetmap","source_date":"2026-09-11","confidence":"medium","surveyed":false},"geometry":{"type":"Polygon","coordinates":[[[-77.0840934,38.7069251],[-77.0836079,38.7070842],[-77.0832136,38.7073061],[-77.0835409,38.7075101],[-77.0836949,38.7076495],[-77.0838767,38.7077722],[-77.0839352,38.7077024],[-77.0837134,38.7074909],[-77.0834176,38.7072576],[-77.084032,38.7071099],[-77.0841779,38.7071409],[-77.0842592,38.7074327],[-77.0844665,38.7074296],[-77.0846007,38.7075057],[-77.0847755,38.7076358],[-77.0846291,38.7078325],[-77.0847714,38.7080038],[-77.0849747,38.7080641],[-77.0851555,38.7080777],[-77.0855285,38.7077621],[-77.0856139,38.7077065],[-77.0858253,38.7074591],[-77.0860245,38.7073401],[-77.0861414,38.7072537],[-77.0862247,38.7072434],[-77.0863487,38.7072188],[-77.0864371,38.7071482],[-77.0864768,38.7071545],[-77.0865367,38.7071117],[-77.0866495,38.7070617],[-77.0866794,38.7069996],[-77.086565,38.7069905],[-77.0863898,38.7068101],[-77.0863758,38.7067026],[-77.0863244,38.7066042],[-77.0862567,38.7064494],[-77.0861479,38.7064018],[-77.084949,38.7068414],[-77.0847586,38.7069],[-77.0840934,38.7069251]]]}},{"type":"Feature","id":"way/1122030678","properties":{"id":"way/1122030678","name":null,"class":"woodland","source_value":"wood","source":"openstreetmap","source_date":"2026-09-11","confidence":"medium","surveyed":false},"geometry":{"type":"Polygon","coordinates":[[[-77.0891869,38.7179841],[-77.0890554,38.7176708],[-77.0887202,38.7177371],[-77.0880497,38.7178501],[-77.0875669,38.7179966],[-77.0871914,38.7185742],[-77.0866549,38.7187877],[-77.0864725,38.7185073],[-77.0862633,38.7182268],[-77.0860434,38.7183189],[-77.086258,38.7187375],[-77.0862526,38.7191937],[-77.0864618,38.7195829],[-77.0867354,38.7198131],[-77.0871806,38.7197503],[-77.087422,38.7195662],[-77.0876742,38.7189677],[-77.0882535,38.7183147],[-77.0887202,38.7179966],[-77.0891869,38.7179841]]]}},{"type":"Feature","id":"way/1122030679","properties":{"id":"way/1122030679","name":null,"class":"built_up","source_value":"residential","source":"openstreetmap","source_date":"2026-09-11","confidence":"medium","surveyed":false},"geometry":{"type":"Polygon","coordinates":[[[-77.0890554,38.7176708],[-77.0887739,38.7170005],[-77.0854908,38.7169168],[-77.0849222,38.7172098],[-77.0841551,38.7176492],[-77.0830608,38.718072],[-77.0812422,38.7185198],[-77.0804161,38.7190012],[-77.0799494,38.7197462],[-77.079761,38.7202864],[-77.0798367,38.7204493],[-77.0803464,38.7205246],[-77.080784,38.720119],[-77.081001,38.719928],[-77.081208,38.719753],[-77.08179,38.719242],[-77.082019,38.719181],[-77.082101,38.719138],[-77.082119,38.719153],[-77.082077,38.719225],[-77.081987,38.71931],[-77.080984,38.720162],[-77.08081,38.72042],[-77.080728,38.720555],[-77.080743,38.720681],[-77.080793,38.720742],[-77.08086,38.720907],[-77.08093,38.721005],[-77.080985,38.721039],[-77.081059,38.721047],[-77.081215,38.721079],[-77.081429,38.721084],[-77.081491,38.721079],[-77.081504,38.721096],[-77.082077,38.721135],[-77.082599,38.721162],[-77.08303,38.721109],[-77.083121,38.721101],[-77.083413,38.721062],[-77.083462,38.721074],[-77.083491,38.721112],[-77.083503,38.721143],[-77.083444,38.721161],[-77.083491,38.721361],[-77.083518,38.721443],[-77.083401,38.72148],[-77.083368,38.721498],[-77.083352,38.721531],[-77.083329,38.721635],[-77.083366,38.721669],[-77.083299,38.721672],[-77.083176,38.72164],[-77.083155,38.721628],[-77.08315,38.721598],[-77.083163,38.721562],[-77.083237,38.721461],[-77.083246,38.721425],[-77.08324,38.721399],[-77.08324,38.721336],[-77.083202,38.721309],[-77.083191,38.72129],[-77.083162,38.72127],[-77.083139,38.721264],[-77.082959,38.721301],[-77.082928,38.721313],[-77.082892,38.721304],[-77.082834,38.721313],[-77.082782,38.721331],[-77.082763,38.721342],[-77.082753,38.721359],[-77.082769,38.721445],[-77.082766,38.721474],[-77.082742,38.721486],[-77.082672,38.721497],[-77.082621,38.721523],[-77.082549,38.72153],[-77.082485,38.72155],[-77.082463,38.721543],[-77.082437,38.721512],[-77.082407,38.721488],[-77.082382,38.721487],[-77.082324,38.721519],[-77.082299,38.721522],[-77.082255,38.72154],[-77.082231,38.721537],[-77.0822,38.721513],[-77.082155,38.721507],[-77.082109,38.721486],[-77.082078,38.72149],[-77.082044,38.721503],[-77.082006,38.721505],[-77.08185,38.721485],[-77.081801,38.721483],[-77.081758,38.721469],[-77.081698,38.721467],[-77.081633,38.721452],[-77.081612,38.721418],[-77.08158,38.721391],[-77.081552,38.721378],[-77.081506,38.721377],[-77.081457,38.721397],[-77.081395,38.721393],[-77.081286,38.721369],[-77.081252,38.721409],[-77.081237,38.721442],[-77.081241,38.721505],[-77.08125,38.721522],[-77.081249,38.721565],[-77.081234,38.721638],[-77.081133,38.721662],[-77.081082,38.721684],[-77.0810751,38.7217069],[-77.081022,38.72174],[-77.0810197,38.721748],[-77.081016,38.721761],[-77.081016,38.7217707],[-77.081016,38.721811],[-77.08103,38.721838],[-77.080998,38.721964],[-77.080987,38.722097],[-77.080977,38.722119],[-77.080946,38.722252],[-77.080926,38.7223],[-77.080937,38.72237],[-77.08104,38.722427],[-77.081063,38.722444],[-77.081022,38.722617],[-77.081025,38.722763],[-77.08104,38.723036],[-77.081088,38.723207],[-77.081106,38.723249],[-77.081226,38.723423],[-77.08124,38.723458],[-77.081238,38.723477],[-77.081244,38.723495],[-77.081297,38.723574],[-77.081333,38.723602],[-77.081368,38.723614],[-77.081459,38.7236],[-77.081487,38.723604],[-77.081498,38.72362],[-77.081512,38.723661],[-77.081515,38.723762],[-77.08154,38.723863],[-77.081572,38.723919],[-77.0816,38.723948],[-77.08168,38.723992],[-77.081705,38.724012],[-77.081712,38.724041],[-77.081729,38.724057],[-77.081825,38.724098],[-77.081842,38.724113],[-77.081881,38.724205],[-77.081895,38.724293],[-77.08186,38.724356],[-77.081858,38.724408],[-77.081783,38.724439],[-77.081743,38.724473],[-77.081727,38.724624],[-77.081715,38.724683],[-77.081711,38.724773],[-77.0817,38.724839],[-77.081706,38.724888],[-77.081727,38.724949],[-77.081766,38.724999],[-77.081815,38.725039],[-77.0819591,38.7252179],[-77.0850976,38.7246093],[-77.0850353,38.7250218],[-77.085498,38.7250498],[-77.0854825,38.7252069],[-77.0854795,38.7253906],[-77.0850256,38.725391],[-77.0848528,38.725743],[-77.0843992,38.7257815],[-77.0837382,38.7257721],[-77.0818254,38.7261849],[-77.081847,38.72622],[-77.081948,38.726381],[-77.082011,38.7265],[-77.082032,38.726528],[-77.082041,38.726575],[-77.082111,38.726734],[-77.082173,38.726853],[-77.082261,38.727],[-77.082298,38.727078],[-77.082342,38.727241],[-77.082359,38.727387],[-77.082375,38.727445],[-77.082376,38.727523],[-77.082387,38.727636],[-77.082388,38.727743],[-77.082416,38.727846],[-77.0823815,38.7279363],[-77.0828039,38.7279361],[-77.0830297,38.7278753],[-77.0838197,38.7276344],[-77.0842566,38.7275754],[-77.0847863,38.7276475],[-77.0853978,38.7276817],[-77.0855401,38.7279127],[-77.0857351,38.7281345],[-77.0859914,38.728309],[-77.0862666,38.7280242],[-77.0864382,38.7281079],[-77.0856074,38.7288272],[-77.085909,38.7291699],[-77.0863724,38.7293997],[-77.0864237,38.7296887],[-77.0867884,38.7298956],[-77.0867003,38.7299923],[-77.0863887,38.7298169],[-77.0861163,38.7299152],[-77.0861029,38.729897],[-77.0859727,38.7297587],[-77.085859,38.7296558],[-77.0848204,38.7288342],[-77.0847417,38.7287813],[-77.0846216,38.7287277],[-77.0845234,38.7287018],[-77.084421,38.7286888],[-77.0843173,38.7286891],[-77.0842179,38.7287063],[-77.0836828,38.7288669],[-77.0835659,38.7289245],[-77.0834887,38.7289787],[-77.0831308,38.7287197],[-77.0827025,38.7286553],[-77.082639,38.728763],[-77.082596,38.728877],[-77.082554,38.728972],[-77.082511,38.729045],[-77.082466,38.729084],[-77.082408,38.729163],[-77.082304,38.729361],[-77.082273,38.729389],[-77.08225,38.729393],[-77.082228,38.729404],[-77.082194,38.729452],[-77.082253,38.729489],[-77.082228,38.729537],[-77.082181,38.729653],[-77.082108,38.729899],[-77.082068,38.729994],[-77.082055,38.730056],[-77.082032,38.730081],[-77.081967,38.730115],[-77.081945,38.730132],[-77.081916,38.73024],[-77.08207,38.730534],[-77.082096,38.730628],[-77.082131,38.730722],[-77.082154,38.730812],[-77.082154,38.730868],[-77.082116,38.730953],[-77.082128,38.730969],[-77.082169,38.730992],[-77.082268,38.731021],[-77.082311,38.731047],[-77.082353,38.731086],[-77.082307,38.731075],[-77.082239,38.731045],[-77.082199,38.731037],[-77.082157,38.731046],[-77.082081,38.731049],[-77.081994,38.730997],[-77.081972,38.730989],[-77.081949,38.731007],[-77.081925,38.731042],[-77.081921,38.731101],[-77.081944,38.73116],[-77.081987,38.731227],[-77.082023,38.731266],[-77.082058,38.731289],[-77.082103,38.73133],[-77.082102,38.731354],[-77.082083,38.731367],[-77.082004,38.731387],[-77.081725,38.731265],[-77.081696,38.731287],[-77.08169,38.731305],[-77.081614,38.731356],[-77.081573,38.731369],[-77.081405,38.731307],[-77.081351,38.7313],[-77.08116,38.731326],[-77.081125,38.731342],[-77.081119,38.731361],[-77.08114,38.731382],[-77.081453,38.731518],[-77.081546,38.731565],[-77.081595,38.731629],[-77.081644,38.731654],[-77.081714,38.731658],[-77.08182,38.731652],[-77.0819,38.731655],[-77.081983,38.731688],[-77.082007,38.731717],[-77.082014,38.731776],[-77.082008,38.731794],[-77.081988,38.731811],[-77.081852,38.731813],[-77.081833,38.731824],[-77.081822,38.731848],[-77.081826,38.731963],[-77.081862,38.732119],[-77.081888,38.732197],[-77.081923,38.732218],[-77.081949,38.732239],[-77.081947,38.73231],[-77.082056,38.732443],[-77.082093,38.732534],[-77.082144,38.732712],[-77.0826423,38.7328536],[-77.0839459,38.7328578],[-77.0841712,38.7331424],[-77.0850939,38.7330712],[-77.0860756,38.7328285],[-77.0867407,38.7328034],[-77.0862901,38.7329624],[-77.0856786,38.7332512],[-77.0855338,38.7333683],[-77.085169,38.7332261],[-77.0848257,38.7332763],[-77.0837957,38.7334729],[-77.0835596,38.733565],[-77.0837474,38.7339291],[-77.0843589,38.7340713],[-77.0849437,38.7339207],[-77.0851046,38.7338412],[-77.0851797,38.7339374],[-77.0849973,38.7343517],[-77.0850241,38.7348246],[-77.0853675,38.7352137],[-77.0857269,38.7353518],[-77.086376,38.7356447],[-77.0869607,38.7361301],[-77.0876903,38.7364565],[-77.0883769,38.7365402],[-77.088393,38.7369586],[-77.089718,38.7369586],[-77.088747,38.737649],[-77.0885968,38.7381093],[-77.0891065,38.7382056],[-77.0895624,38.7375695],[-77.09041,38.7369963],[-77.0908123,38.7364105],[-77.0913917,38.7355694],[-77.0918101,38.7346655],[-77.0922232,38.7334562],[-77.092309,38.7324812],[-77.0918745,38.7308743],[-77.0908714,38.7281081],[-77.0904261,38.7253962],[-77.0900291,38.7230567],[-77.0901472,38.7225503],[-77.0898467,38.7204242],[-77.0895142,38.7190807],[-77.0891869,38.7179841],[-77.0887202,38.7179966],[-77.0882535,38.7183147],[-77.0876742,38.7189677],[-77.087422,38.7195662],[-77.0871806,38.7197503],[-77.0867354,38.7198131],[-77.0864618,38.7195829],[-77.0862526,38.7191937],[-77.086258,38.7187375],[-77.0860434,38.7183189],[-77.0862633,38.7182268],[-77.0864725,38.7185073],[-77.0866549,38.7187877],[-77.0871914,38.7185742],[-77.0875669,38.7179966],[-77.0880497,38.7178501],[-77.0887202,38.7177371],[-77.0890554,38.7176708]]]}},{"type":"Feature","id":"way/1122030680","properties":{"id":"way/1122030680","name":null,"class":"wetland","source_value":"wetland","source":"openstreetmap","source_date":"2026-09-11","confidence":"medium","surveyed":false},"geometry":{"type":"Polygon","coordinates":[[[-77.0763901,38.7164024],[-77.0761487,38.716268],[-77.0759314,38.716065],[-77.0755479,38.7158745],[-77.0753252,38.7157427],[-77.0751107,38.7158599],[-77.0748907,38.715728],[-77.0746359,38.7155836],[-77.0745313,38.7155815],[-77.074471,38.715447],[-77.074135,38.715271],[-77.0740136,38.7151253],[-77.0737642,38.7149809],[-77.0737588,38.7147339],[-77.07385,38.7146063],[-77.0738393,38.7141752],[-77.0740277,38.7140148],[-77.0742094,38.7147444],[-77.0747351,38.7148846],[-77.0752314,38.7150667],[-77.0753681,38.7152258],[-77.0756256,38.715322],[-77.0760362,38.7157783],[-77.0763901,38.7164024]]]}},{"type":"Feature","id":"way/1122030681","properties":{"id":"way/1122030681","name":null,"class":"built_up","source_value":"residential","source":"openstreetmap","source_date":"2026-09-11","confidence":"medium","surveyed":false},"geometry":{"type":"Polygon","coordinates":[[[-77.0958846,38.7167093],[-77.0952594,38.7214036],[-77.0948678,38.7238687],[-77.0924592,38.7238142],[-77.0910616,38.7240316],[-77.0913161,38.7258012],[-77.0914985,38.7271321],[-77.0909546,38.7270609],[-77.0907641,38.7254799],[-77.0901686,38.7215961],[-77.0900637,38.7204664],[-77.0901918,38.7204915],[-77.0905666,38.7205406],[-77.0905698,38.720541],[-77.0914737,38.7206595],[-77.0916016,38.7206762],[-77.091841,38.7207076],[-77.0921278,38.7207452],[-77.0924237,38.720784],[-77.0926812,38.7208177],[-77.0928591,38.7208411],[-77.0929519,38.7202726],[-77.0929567,38.7202432],[-77.0930328,38.7197773],[-77.0930996,38.7192983],[-77.0931029,38.7191393],[-77.0924485,38.7191016],[-77.091676,38.7188547],[-77.091279,38.7188547],[-77.0899594,38.7193778],[-77.0895839,38.7184026],[-77.0891628,38.7170663],[-77.0896268,38.7169335],[-77.0902866,38.7169628],[-77.0908874,38.7170842],[-77.0913541,38.7170172],[-77.0949787,38.7169789],[-77.0958846,38.7167093]]]}},{"type":"Feature","id":"way/1122030682","properties":{"id":"way/1122030682","name":null,"class":"turf","source_value":"meadow","source":"openstreetmap","source_date":"2026-09-11","confidence":"medium","surveyed":false},"geometry":{"type":"Polygon","coordinates":[[[-77.0938674,38.7125155],[-77.0935535,38.7128273],[-77.0930198,38.7125908],[-77.0927515,38.7129194],[-77.0921829,38.7126515],[-77.0920466,38.7125819],[-77.0917605,38.7129314],[-77.091466,38.7127846],[-77.0914346,38.7128336],[-77.0913742,38.7128859],[-77.0912334,38.7129048],[-77.090882,38.7132466],[-77.0931459,38.7149956],[-77.0941329,38.7135557],[-77.0943099,38.713179],[-77.0941973,38.7131287],[-77.0943019,38.7126829],[-77.0938674,38.7125155]]]}},{"type":"Feature","id":"way/1122030683","properties":{"id":"way/1122030683","name":null,"class":"turf","source_value":"meadow","source":"openstreetmap","source_date":"2026-09-11","confidence":"medium","surveyed":false},"geometry":{"type":"Polygon","coordinates":[[[-77.0914178,38.7104769],[-77.0913568,38.7107365],[-77.0914752,38.710936],[-77.0916581,38.7108916],[-77.0919874,38.7109899],[-77.0923452,38.7111898],[-77.0930973,38.7115355],[-77.0933604,38.71167],[-77.0955089,38.7126662],[-77.0955759,38.7128253],[-77.0961097,38.7132857],[-77.0964396,38.713585],[-77.0965424,38.7126079],[-77.0962295,38.7125314],[-77.0961244,38.7126699],[-77.0959838,38.7126458],[-77.0945528,38.7119352],[-77.0918167,38.7107012],[-77.0914178,38.7104769]]]}},{"type":"Feature","id":"way/1122030685","properties":{"id":"way/1122030685","name":null,"class":"woodland","source_value":"wood","source":"openstreetmap","source_date":"2026-09-11","confidence":"medium","surveyed":false},"geometry":{"type":"Polygon","coordinates":[[[-77.0960587,38.7160462],[-77.0953506,38.715975],[-77.0942563,38.7156318],[-77.0931459,38.7149956],[-77.0941329,38.7135557],[-77.0943099,38.713179],[-77.0941973,38.7131287],[-77.0943019,38.7126829],[-77.0938674,38.7125155],[-77.0930332,38.7121492],[-77.0931673,38.7119358],[-77.0933604,38.71167],[-77.0955089,38.7126662],[-77.0955759,38.7128253],[-77.0961097,38.7132857],[-77.0964396,38.713585],[-77.0960587,38.7160462]]]}},{"type":"Feature","id":"way/1122030686","properties":{"id":"way/1122030686","name":null,"class":"woodland","source_value":"wood","source":"openstreetmap","source_date":"2026-09-11","confidence":"medium","surveyed":false},"geometry":{"type":"Polygon","coordinates":[[[-77.1105238,38.7136801],[-77.1104062,38.7138719],[-77.1098292,38.7137943],[-77.1086276,38.7158494],[-77.1083969,38.7165442],[-77.1079356,38.7174483],[-77.1075386,38.7179673],[-77.1072275,38.7183901],[-77.1071077,38.7184899],[-77.1070994,38.7184972],[-77.1065984,38.7197748],[-77.1068551,38.7198393],[-77.1066142,38.7199705],[-77.1063627,38.7202782],[-77.1061077,38.7206099],[-77.1060845,38.720659],[-77.1060089,38.7207665],[-77.1056035,38.7210743],[-77.1054612,38.7212603],[-77.105296,38.7215149],[-77.1053354,38.7218647],[-77.1052356,38.7221173],[-77.1051347,38.7225754],[-77.1052909,38.7229278],[-77.1053378,38.7229419],[-77.1050741,38.7234251],[-77.1047043,38.7233179],[-77.1046792,38.7232682],[-77.1046177,38.7232262],[-77.1045651,38.7232143],[-77.1044973,38.72322],[-77.1044845,38.7232239],[-77.1044493,38.7232405],[-77.1040802,38.7231276],[-77.104557,38.7222288],[-77.1042703,38.7221809],[-77.1041379,38.7217688],[-77.1041809,38.7217567],[-77.1042185,38.7217363],[-77.1042482,38.7217091],[-77.104272,38.7216652],[-77.1042727,38.7216058],[-77.1042379,38.7215128],[-77.1042386,38.721458],[-77.1042487,38.7214222],[-77.1044473,38.7211025],[-77.1047623,38.7206354],[-77.1048333,38.7204894],[-77.1048895,38.7202939],[-77.1049126,38.7202623],[-77.1049523,38.7202435],[-77.1050063,38.7202438],[-77.1055295,38.7204006],[-77.1057927,38.7199054],[-77.1055698,38.7197754],[-77.1038801,38.7194281],[-77.1037245,38.7192313],[-77.1041858,38.7192481],[-77.1045077,38.718976],[-77.1042395,38.7186831],[-77.1045399,38.7184361],[-77.1048778,38.718524],[-77.1047705,38.7187919],[-77.1046901,38.7191602],[-77.1049529,38.7193109],[-77.1053982,38.7194615],[-77.105602,38.7194113],[-77.1059507,38.7191351],[-77.1062726,38.7182436],[-77.1062028,38.717666],[-77.1067178,38.7170047],[-77.1070496,38.7162534],[-77.1068683,38.7162118],[-77.1070542,38.7157208],[-77.1076298,38.7151546],[-77.1078122,38.7147612],[-77.1082789,38.7136603],[-77.109105,38.7130576],[-77.1098024,38.7123753],[-77.1097693,38.7119045],[-77.1102522,38.7120193],[-77.1105238,38.7136801]]]}},{"type":"Feature","id":"way/1122030688","properties":{"id":"way/1122030688","name":null,"class":"built_up","source_value":"residential","source":"openstreetmap","source_date":"2026-09-11","confidence":"medium","surveyed":false},"geometry":{"type":"Polygon","coordinates":[[[-77.1079306,38.7097807],[-77.1080308,38.7098533],[-77.1079486,38.7099715],[-77.108245,38.710151],[-77.1083289,38.7104396],[-77.1084956,38.7106577],[-77.1088476,38.7109164],[-77.109007,38.7110986],[-77.109418,38.7115076],[-77.1095241,38.7117123],[-77.1095005,38.7118406],[-77.1097693,38.7119045],[-77.1098024,38.7123753],[-77.109105,38.7130576],[-77.1082789,38.7136603],[-77.1078122,38.7147612],[-77.1076298,38.7151546],[-77.1070542,38.7157208],[-77.1068683,38.7162118],[-77.1070496,38.7162534],[-77.1067178,38.7170047],[-77.1062028,38.717666],[-77.1062726,38.7182436],[-77.1059507,38.7191351],[-77.105602,38.7194113],[-77.1053982,38.7194615],[-77.1049529,38.7193109],[-77.1046901,38.7191602],[-77.1047705,38.7187919],[-77.1048778,38.718524],[-77.1045399,38.7184361],[-77.1042395,38.7186831],[-77.1045077,38.718976],[-77.1041858,38.7192481],[-77.1037245,38.7192313],[-77.1038801,38.7194281],[-77.1055698,38.7197754],[-77.1057927,38.7199054],[-77.1055295,38.7204006],[-77.1050063,38.7202438],[-77.1047223,38.7202233],[-77.1046042,38.7205121],[-77.1040517,38.7214245],[-77.1039712,38.7216379],[-77.1041379,38.7217688],[-77.1042703,38.7221809],[-77.104557,38.7222288],[-77.1040802,38.7231276],[-77.1039915,38.7234049],[-77.1032611,38.7232595],[-77.1029345,38.7243175],[-77.1029145,38.7245006],[-77.1034616,38.7245173],[-77.1036333,38.7246262],[-77.1022975,38.7290748],[-77.1010637,38.7288446],[-77.1013802,38.7277063],[-77.101509,38.7272669],[-77.0998862,38.7269551],[-77.0998566,38.727096],[-77.0997273,38.7275107],[-77.0964891,38.7271046],[-77.0961228,38.7283066],[-77.0946908,38.7280496],[-77.0945694,38.7284466],[-77.094097,38.7283688],[-77.0946157,38.7260826],[-77.0948801,38.724968],[-77.0965979,38.7253006],[-77.0968088,38.7246239],[-77.0950132,38.7242656],[-77.0954264,38.7213561],[-77.0964458,38.7214124],[-77.0963261,38.7222627],[-77.0983742,38.7225756],[-77.0985922,38.7212895],[-77.0989436,38.7199956],[-77.0957905,38.7194532],[-77.0963216,38.7163224],[-77.097593,38.716088],[-77.0987785,38.7155481],[-77.1047115,38.7116595],[-77.1062672,38.7106465],[-77.1079306,38.7097807]]]}},{"type":"Feature","id":"way/1122178440","properties":{"id":"way/1122178440","name":null,"class":"built_up","source_value":"residential","source":"openstreetmap","source_date":"2026-09-11","confidence":"medium","surveyed":false},"geometry":{"type":"Polygon","coordinates":[[[-77.0986143,38.7136075],[-77.0999372,38.7139617],[-77.0998138,38.7146753],[-77.0983788,38.7155585],[-77.0974428,38.7159206],[-77.0966166,38.7160294],[-77.0962411,38.7159666],[-77.0964861,38.7139938],[-77.0965776,38.7139864],[-77.0972954,38.7139258],[-77.0975577,38.7139036],[-77.0978491,38.713879],[-77.0982627,38.7138441],[-77.0985241,38.7138221],[-77.0986025,38.7136345],[-77.0986143,38.7136075]]]}},{"type":"Feature","id":"relation/3154669","properties":{"id":"relation/3154669","name":null,"class":"water","source_value":"water","source":"openstreetmap","source_date":"2026-09-11","confidence":"medium","surveyed":false},"geometry":{"type":"Polygon","coordinates":[[[-77.0750188,38.7126654],[-77.074978,38.712692],[-77.074834,38.712705],[-77.074803,38.712716],[-77.07474,38.712724],[-77.074694,38.712724],[-77.074668,38.712708],[-77.074637,38.712717],[-77.074602,38.712739],[-77.074584,38.712758],[-77.074507,38.712797],[-77.074423,38.712852],[-77.074339,38.712892],[-77.074304,38.712902],[-77.0742776,38.7129133],[-77.0741274,38.7127968],[-77.0741236,38.7127834],[-77.074166,38.712738],[-77.0742242,38.7126955],[-77.0742443,38.7126463],[-77.0742483,38.7125689],[-77.07419,38.71241],[-77.074133,38.7123366],[-77.0741062,38.7122633],[-77.074074,38.7122089],[-77.0740874,38.7121356],[-77.0740901,38.7120415],[-77.0740499,38.7120289],[-77.074023,38.7119954],[-77.0739882,38.7119494],[-77.0739318,38.7118991],[-77.0739023,38.7118615],[-77.0738272,38.7117987],[-77.0737146,38.711715],[-77.0736824,38.7116145],[-77.0737184,38.7115584],[-77.0736885,38.7115176],[-77.073621,38.711436],[-77.073528,38.711332],[-77.073501,38.711314],[-77.073433,38.711244],[-77.073408,38.711212],[-77.073352,38.711173],[-77.073336,38.711143],[-77.073291,38.71109],[-77.073272,38.711061],[-77.073273,38.711039],[-77.07326,38.711018],[-77.073248,38.71098],[-77.073229,38.71091],[-77.073208,38.710876],[-77.073157,38.710811],[-77.07301,38.710702],[-77.072859,38.710624],[-77.07283,38.710583],[-77.072803,38.710568],[-77.072697,38.710529],[-77.072649,38.710493],[-77.072582,38.710455],[-77.072516,38.710419],[-77.072451,38.710371],[-77.072405,38.710343],[-77.072365,38.710327],[-77.072329,38.710298],[-77.072226,38.710253],[-77.072107,38.710207],[-77.072004,38.710174],[-77.071894,38.710121],[-77.071834,38.710085],[-77.071631,38.710026],[-77.0715266,38.7099853],[-77.071433,38.709981],[-77.071377,38.709974],[-77.071321,38.709973],[-77.071239,38.709981],[-77.071196,38.709973],[-77.071143,38.70997],[-77.071089,38.709973],[-77.071032,38.709988],[-77.070959,38.709987],[-77.070896,38.709995],[-77.070849,38.709985],[-77.0707594,38.7099732],[-77.07068,38.709997],[-77.070437,38.710007],[-77.070239,38.710006],[-77.070181,38.710025],[-77.070005,38.710024],[-77.069818,38.710043],[-77.069634,38.710045],[-77.069593,38.710053],[-77.069402,38.710045],[-77.069237,38.710066],[-77.069118,38.710082],[-77.06908,38.710082],[-77.068963,38.710069],[-77.068885,38.710053],[-77.068773,38.710018],[-77.06873,38.71001],[-77.068581,38.710012],[-77.068539,38.710007],[-77.068481,38.709992],[-77.068384,38.709993],[-77.068314,38.709983],[-77.068286,38.709986],[-77.068156,38.709977],[-77.067982,38.709944],[-77.067768,38.709968],[-77.067681,38.709955],[-77.067326,38.709959],[-77.067244,38.709943],[-77.067161,38.709937],[-77.066986,38.709949],[-77.066936,38.709947],[-77.066805,38.709926],[-77.066743,38.709933],[-77.066599,38.709928],[-77.066508,38.709935],[-77.066467,38.709931],[-77.066233,38.709937],[-77.066088,38.709928],[-77.065952,38.709928],[-77.065811,38.70992],[-77.065765,38.709927],[-77.065648,38.709914],[-77.065538,38.709912],[-77.065449,38.709902],[-77.065286,38.709901],[-77.065267,38.709913],[-77.065149,38.709917],[-77.064793,38.709917],[-77.064074,38.709891],[-77.063599,38.709857],[-77.063537,38.709848],[-77.063159,38.709826],[-77.063098,38.709813],[-77.063039,38.709807],[-77.062834,38.709814],[-77.062804,38.709809],[-77.062705,38.709811],[-77.062639,38.7098],[-77.062425,38.709811],[-77.06239,38.709805],[-77.062329,38.709803],[-77.062269,38.709807],[-77.062223,38.709817],[-77.062196,38.709829],[-77.062117,38.709848],[-77.062097,38.709857],[-77.062059,38.709864],[-77.0619928,38.7098566],[-77.061961,38.709853],[-77.061926,38.709843],[-77.061897,38.709823],[-77.061858,38.709813],[-77.061792,38.70981],[-77.06148,38.709825],[-77.061412,38.709844],[-77.061388,38.709837],[-77.061324,38.709834],[-77.061204,38.70985],[-77.061176,38.709854],[-77.060849,38.709873],[-77.059916,38.709928],[-77.059683,38.709938],[-77.059198,38.709981],[-77.0591795,38.7100249],[-77.0591398,38.7100528],[-77.0591074,38.7100471],[-77.059066,38.710019],[-77.058983,38.710025],[-77.0589,38.710023],[-77.058835,38.710015],[-77.058771,38.710019],[-77.05871,38.71001],[-77.058528,38.710018],[-77.058466,38.710027],[-77.058364,38.71003],[-77.058312,38.709999],[-77.058239,38.710002],[-77.058201,38.709993],[-77.058159,38.709969],[-77.058121,38.709932],[-77.058065,38.709915],[-77.057983,38.709913],[-77.057948,38.709896],[-77.05788,38.709902],[-77.057794,38.709898],[-77.057638,38.709916],[-77.057525,38.709943],[-77.057367,38.709998],[-77.057218,38.710029],[-77.057118,38.710076],[-77.057056,38.710098],[-77.05695,38.710118],[-77.056704,38.71019],[-77.056608,38.710197],[-77.056508,38.710216],[-77.05638,38.710183],[-77.056298,38.710184],[-77.056107,38.710151],[-77.055888,38.710082],[-77.055775,38.710086],[-77.055724,38.710091],[-77.055622,38.710079],[-77.055521,38.710066],[-77.05549,38.710051],[-77.055399,38.710042],[-77.055351,38.710027],[-77.055278,38.709993],[-77.055241,38.709995],[-77.055203,38.710007],[-77.055108,38.710005],[-77.055057,38.709987],[-77.054991,38.709976],[-77.05484,38.709946],[-77.054781,38.709919],[-77.054609,38.709897],[-77.054552,38.709896],[-77.054477,38.709866],[-77.054374,38.709867],[-77.054322,38.709857],[-77.054201,38.709858],[-77.054053,38.709837],[-77.053956,38.709828],[-77.05373,38.709823],[-77.0535451,38.7098536],[-77.0534833,38.7098892],[-77.0534269,38.7098748],[-77.0533085,38.7099046],[-77.053237,38.709914],[-77.053142,38.709891],[-77.053068,38.709922],[-77.053017,38.709932],[-77.052897,38.710012],[-77.052844,38.710055],[-77.052826,38.710088],[-77.052781,38.710126],[-77.052699,38.710207],[-77.052668,38.710256],[-77.05262,38.7103224],[-77.0526044,38.7103712],[-77.0525937,38.7104049],[-77.052548,38.710426],[-77.052505,38.710462],[-77.052472,38.710506],[-77.0523891,38.7105949],[-77.052351,38.710659],[-77.052332,38.710686],[-77.0522852,38.7107519],[-77.0522101,38.7108354],[-77.052096,38.710928],[-77.052051,38.710974],[-77.051971,38.711027],[-77.051896,38.711087],[-77.051773,38.711148],[-77.051736,38.711178],[-77.051652,38.711227],[-77.051495,38.711296],[-77.051317,38.711388],[-77.051269,38.711409],[-77.051139,38.711447],[-77.051032,38.711502],[-77.050919,38.711541],[-77.050891,38.711567],[-77.050781,38.71163],[-77.050681,38.71169],[-77.050517,38.711758],[-77.0504112,38.7117846],[-77.050337,38.711849],[-77.050308,38.711874],[-77.050261,38.711882],[-77.050089,38.712007],[-77.050045,38.712021],[-77.049897,38.712092],[-77.049807,38.712137],[-77.0497064,38.7121808],[-77.049616,38.712238],[-77.04949,38.712301],[-77.049412,38.712328],[-77.049324,38.712372],[-77.049033,38.712487],[-77.0489461,38.7125114],[-77.0488844,38.7125007],[-77.0487879,38.7125596],[-77.0487635,38.7125994],[-77.0487066,38.7126335],[-77.048668,38.712669],[-77.048619,38.71269],[-77.048578,38.71272],[-77.048454,38.712756],[-77.048409,38.712773],[-77.048335,38.712797],[-77.048315,38.712807],[-77.048262,38.712879],[-77.0482378,38.7129383],[-77.0481575,38.7129531],[-77.048091,38.712973],[-77.0480931,38.7130178],[-77.048073,38.7130684],[-77.048015,38.7131162],[-77.0479295,38.7132043],[-77.0479031,38.7132526],[-77.047752,38.713331],[-77.047681,38.713404],[-77.047604,38.713456],[-77.047558,38.713481],[-77.047441,38.713576],[-77.047352,38.713656],[-77.047307,38.713685],[-77.047233,38.713751],[-77.047164,38.713822],[-77.046919,38.714029],[-77.046756,38.714127],[-77.046679,38.714162],[-77.046582,38.714221],[-77.046415,38.714301],[-77.046196,38.714431],[-77.046165,38.71446],[-77.046143,38.714495],[-77.046132,38.714523],[-77.046098,38.714568],[-77.046075,38.714611],[-77.046065,38.714671],[-77.0460809,38.7147236],[-77.046036,38.714805],[-77.04599,38.714969],[-77.04595,38.715017],[-77.045903,38.715087],[-77.045883,38.715115],[-77.045875,38.715154],[-77.045837,38.715197],[-77.045801,38.715255],[-77.045767,38.715279],[-77.045726,38.715342],[-77.045645,38.715433],[-77.045629,38.715466],[-77.045596,38.715511],[-77.045559,38.715552],[-77.045541,38.715565],[-77.045492,38.715619],[-77.04547,38.715707],[-77.045443,38.715766],[-77.045359,38.715874],[-77.045298,38.715933],[-77.04528,38.715973],[-77.045207,38.716049],[-77.045134,38.716142],[-77.04509,38.716197],[-77.045042,38.716271],[-77.044956,38.716372],[-77.044929,38.716428],[-77.044885,38.716477],[-77.044847,38.716504],[-77.044817,38.716538],[-77.044775,38.716599],[-77.044699,38.716685],[-77.044682,38.716724],[-77.044636,38.716779],[-77.044561,38.716882],[-77.044511,38.716933],[-77.044465,38.717007],[-77.044383,38.717085],[-77.044343,38.71714],[-77.044307,38.717172],[-77.044218,38.717273],[-77.044173,38.717342],[-77.044152,38.717417],[-77.044093,38.717459],[-77.043965,38.717608],[-77.043892,38.717655],[-77.043858,38.717711],[-77.043848,38.717743],[-77.043799,38.717799],[-77.0437265,38.7178721],[-77.04366,38.717926],[-77.0435988,38.7180245],[-77.0435534,38.7181208],[-77.0434942,38.7182383],[-77.0434492,38.7183123],[-77.0434366,38.7183338],[-77.043409,38.718381],[-77.043384,38.718435],[-77.043338,38.718468],[-77.043366,38.718535],[-77.043324,38.718579],[-77.043298,38.718672],[-77.043251,38.718716],[-77.043246,38.718734],[-77.0432812,38.7187882],[-77.043289,38.718863],[-77.043302,38.718944],[-77.043301,38.718981],[-77.04329,38.71903],[-77.0433617,38.7190534],[-77.0433474,38.7191145],[-77.0433252,38.7191666],[-77.0432865,38.7192363],[-77.043263,38.719275],[-77.0432244,38.7193368],[-77.04323,38.719462],[-77.043204,38.719565],[-77.043185,38.7196502],[-77.043178,38.719779],[-77.043082,38.719983],[-77.04307,38.720038],[-77.043038,38.720096],[-77.043019,38.720155],[-77.043016,38.720195],[-77.042993,38.720261],[-77.042984,38.720314],[-77.042968,38.72034],[-77.042945,38.7203988],[-77.042883,38.720582],[-77.042851,38.720654],[-77.042836,38.720804],[-77.04276,38.72099],[-77.0427292,38.7210775],[-77.0426745,38.7210986],[-77.042664,38.721236],[-77.042646,38.72131],[-77.042623,38.721363],[-77.042618,38.721405],[-77.042623,38.721447],[-77.042635,38.721484],[-77.042612,38.721553],[-77.042573,38.721654],[-77.042567,38.721769],[-77.042554,38.721805],[-77.042534,38.721843],[-77.042544,38.721875],[-77.042524,38.722019],[-77.042492,38.722078],[-77.042476,38.722135],[-77.042473,38.722198],[-77.04244,38.722273],[-77.042432,38.722338],[-77.042434,38.722464],[-77.042421,38.722542],[-77.042393,38.722631],[-77.042386,38.72267],[-77.042397,38.72277],[-77.042318,38.723215],[-77.042296,38.723441],[-77.042288,38.723585],[-77.042268,38.723727],[-77.042229,38.723903],[-77.042151,38.724255],[-77.042065,38.724498],[-77.042053,38.724592],[-77.042021,38.724677],[-77.041895,38.724927],[-77.041826,38.725037],[-77.041803,38.725097],[-77.041746,38.725309],[-77.041725,38.725369],[-77.0417,38.725427],[-77.041662,38.725517],[-77.041634,38.725562],[-77.041526,38.725698],[-77.041495,38.725738],[-77.041485,38.725765],[-77.041479,38.725821],[-77.041469,38.725847],[-77.041487,38.72591],[-77.041549,38.726262],[-77.041623,38.726496],[-77.041633,38.726541],[-77.04167,38.726899],[-77.041676,38.727121],[-77.041663,38.727212],[-77.041633,38.727718],[-77.04163,38.727879],[-77.041634,38.727996],[-77.041656,38.728211],[-77.041669,38.728421],[-77.041684,38.728536],[-77.041688,38.728564],[-77.041688,38.728567],[-77.041694,38.728614],[-77.04171,38.72881],[-77.041704,38.729049],[-77.041686,38.729327],[-77.0416532,38.7296783],[-77.041658,38.729829],[-77.041678,38.730023],[-77.04168,38.730194],[-77.0416704,38.7303035],[-77.041663,38.730388],[-77.04171,38.730637],[-77.041746,38.730827],[-77.04175,38.730852],[-77.041694,38.731061],[-77.041663,38.731362],[-77.041707,38.731513],[-77.041742,38.732261],[-77.041761,38.732323],[-77.041765,38.732458],[-77.0417147,38.7329219],[-77.0416717,38.7331083],[-77.041658,38.733238],[-77.041614,38.733507],[-77.041606,38.733662],[-77.041623,38.733811],[-77.0416366,38.7340134],[-77.041678,38.734285],[-77.041681,38.734425],[-77.041699,38.734523],[-77.041734,38.734627],[-77.041734,38.734652],[-77.041714,38.734674],[-77.041653,38.734687],[-77.041696,38.735246],[-77.041712,38.735308],[-77.041764,38.735428],[-77.041761,38.735515],[-77.04175,38.735543],[-77.041741,38.735592],[-77.041742,38.73572],[-77.041753,38.73578],[-77.04177,38.735813],[-77.041795,38.735888],[-77.041798,38.73606],[-77.041814,38.736226],[-77.041816,38.736301],[-77.041831,38.736353],[-77.04184,38.736413],[-77.041834,38.736434],[-77.041764,38.736522],[-77.041706,38.736633],[-77.041637,38.736705],[-77.041607,38.736743],[-77.041588,38.736787],[-77.04159,38.736817],[-77.041638,38.736938],[-77.041741,38.73712],[-77.041752,38.737139],[-77.041765,38.737163],[-77.041827,38.737251],[-77.041889,38.737326],[-77.042155,38.737593],[-77.042279,38.737677],[-77.042308,38.737701],[-77.042382,38.737785],[-77.042566,38.738053],[-77.04253,38.738073],[-77.04265,38.738206],[-77.042809,38.738383],[-77.042835,38.738376],[-77.042856,38.738407],[-77.042956,38.738507],[-77.043125,38.738643],[-77.0431734,38.7386745],[-77.043231,38.738712],[-77.043295,38.738772],[-77.043299,38.738778],[-77.0433054,38.7387878],[-77.0433105,38.7387955],[-77.043353,38.73886],[-77.04342,38.739004],[-77.043467,38.739147],[-77.043478,38.739241],[-77.043465,38.739352],[-77.043452,38.739401],[-77.043421,38.739463],[-77.043354,38.739538],[-77.043311,38.739574],[-77.043241,38.739661],[-77.043184,38.739699],[-77.0431836,38.7396993],[-77.043133,38.739742],[-77.043079,38.739797],[-77.042972,38.739907],[-77.04282,38.740045],[-77.042724,38.740162],[-77.0426758,38.7402509],[-77.042332,38.74087],[-77.04229,38.741024],[-77.042268,38.741155],[-77.042282,38.741285],[-77.042361,38.7415489],[-77.0424146,38.741733],[-77.0423395,38.7420427],[-77.0423288,38.7423648],[-77.042479,38.7425155],[-77.0425756,38.7428251],[-77.0426614,38.7429506],[-77.0427952,38.7430994],[-77.0429833,38.7434067],[-77.0431657,38.7435364],[-77.0433212,38.7436703],[-77.0434929,38.7438711],[-77.0436485,38.743959],[-77.0439435,38.7441096],[-77.044024,38.7442225],[-77.0440025,38.7442937],[-77.0437289,38.7444903],[-77.0437877,38.7445554],[-77.0438577,38.7445489],[-77.0438952,38.7446284],[-77.0441795,38.7449003],[-77.04426,38.7448752],[-77.0443244,38.7448794],[-77.0445709,38.7450282],[-77.0446892,38.7451137],[-77.0447589,38.7453229],[-77.0448015,38.7454497],[-77.0449252,38.7455801],[-77.0450108,38.7456934],[-77.0451505,38.745873],[-77.0453409,38.7460738],[-77.0455633,38.7462645],[-77.0457671,38.7464737],[-77.045821,38.7465696],[-77.0458264,38.7466345],[-77.0457966,38.7466954],[-77.0457859,38.7467812],[-77.0458208,38.7468147],[-77.0459039,38.7468712],[-77.0459817,38.7470322],[-77.0460434,38.7470845],[-77.0462687,38.7473105],[-77.0464457,38.7475217],[-77.0466203,38.7477578],[-77.0467166,38.7479987],[-77.0467461,38.7480886],[-77.0467571,38.7482306],[-77.0467837,38.748302],[-77.0468239,38.7483731],[-77.0468591,38.7484084],[-77.046899,38.7484359],[-77.0469285,38.7484547],[-77.0469932,38.7484879],[-77.0471324,38.7486325],[-77.0471672,38.7486869],[-77.0472209,38.7487915],[-77.0472909,38.7488351],[-77.0474304,38.7491217],[-77.0474921,38.7491552],[-77.0474921,38.749197],[-77.0474918,38.7492203],[-77.0475186,38.7492371],[-77.0475511,38.7492493],[-77.0475967,38.7492953],[-77.047642,38.74935],[-77.0476396,38.7493748],[-77.0476959,38.7494355],[-77.0477788,38.7496073],[-77.0477707,38.7496743],[-77.0478086,38.7497451],[-77.0477925,38.7497723],[-77.0477978,38.749812],[-77.0477898,38.7498748],[-77.0477603,38.7500484],[-77.0476635,38.7502955],[-77.0476366,38.750352],[-77.0475991,38.7506593],[-77.0475723,38.7508791],[-77.0475913,38.7509039],[-77.0475618,38.7509729],[-77.0475243,38.7510043],[-77.0474652,38.7511549],[-77.0474167,38.7511532],[-77.0473952,38.7511866],[-77.0473633,38.7511989],[-77.047307,38.7511989],[-77.0472963,38.7512637],[-77.0472906,38.7513038],[-77.0473231,38.7513578],[-77.0472882,38.7514164],[-77.0472611,38.7515213],[-77.0472829,38.7515712],[-77.0472638,38.7516615],[-77.0472775,38.7517469],[-77.0472748,38.7517887],[-77.0472373,38.7518368],[-77.0471563,38.7518463],[-77.0470763,38.7518557],[-77.0470146,38.7518536],[-77.0469905,38.7518348],[-77.047001,38.7518058],[-77.0470173,38.7517804],[-77.0470227,38.7517385],[-77.0470119,38.7516967],[-77.0469717,38.7516632],[-77.0468912,38.7516779],[-77.0467947,38.7516758],[-77.0467086,38.7516845],[-77.0466552,38.7516988],[-77.0465933,38.7517347],[-77.0465479,38.7517574],[-77.0464755,38.7517699],[-77.0464058,38.7517553],[-77.0463199,38.7518013],[-77.0462743,38.7518536],[-77.0462312,38.7519543],[-77.0461268,38.7524246],[-77.0460464,38.7525962],[-77.0459468,38.7531842],[-77.0418829,38.7531016],[-77.0353766,38.7530343],[-77.02643,38.753968],[-77.0263,38.753657],[-77.026126,38.753476],[-77.025326,38.752904],[-77.02516,38.752763],[-77.024755,38.752542],[-77.024429,38.752429],[-77.024089,38.752367],[-77.023948,38.752362],[-77.023688,38.752379],[-77.023232,38.752464],[-77.022654,38.752667],[-77.022318,38.752928],[-77.022216,38.752933],[-77.021978,38.752894],[-77.021739,38.752747],[-77.021645,38.752724],[-77.021616,38.752724],[-77.021529,38.752769],[-77.021486,38.752764],[-77.021384,38.752724],[-77.021128,38.752554],[-77.020505,38.752108],[-77.01993,38.751474],[-77.019858,38.7514011],[-77.0217409,38.7437722],[-77.0218541,38.7437276],[-77.022263,38.743526],[-77.022633,38.743293],[-77.022806,38.743148],[-77.024097,38.742257],[-77.024246,38.742168],[-77.024418,38.742098],[-77.024842,38.741869],[-77.025262,38.74171],[-77.025757,38.741673],[-77.025888,38.741622],[-77.026198,38.741435],[-77.026511,38.74122],[-77.027089,38.740702],[-77.027584,38.740319],[-77.028076,38.739941],[-77.028719,38.739495],[-77.028851,38.73934],[-77.029073,38.738967],[-77.029221,38.738439],[-77.029215,38.738095],[-77.029259,38.737943],[-77.029259,38.737745],[-77.029316,38.737017],[-77.029269,38.736242],[-77.029297,38.735712],[-77.029397,38.735299],[-77.029586,38.735029],[-77.029531,38.734622],[-77.029536,38.734487],[-77.029576,38.734312],[-77.029774,38.733968],[-77.029813,38.73377],[-77.029805,38.733695],[-77.029776,38.733652],[-77.029578,38.733452],[-77.029548,38.733394],[-77.029525,38.733102],[-77.029569,38.732867],[-77.029576,38.732454],[-77.029656,38.731949],[-77.029965,38.731235],[-77.030031,38.731005],[-77.030039,38.730859],[-77.030018,38.73075],[-77.02996,38.730518],[-77.029901,38.730403],[-77.029886,38.730317],[-77.029895,38.730027],[-77.03012,38.729158],[-77.030439,38.728298],[-77.03053,38.728002],[-77.030558,38.727721],[-77.030543,38.727598],[-77.030488,38.727463],[-77.030438,38.727394],[-77.030416,38.727277],[-77.030511,38.72693],[-77.030609,38.726826],[-77.030693,38.726677],[-77.030711,38.726301],[-77.030663,38.725876],[-77.030687,38.725644],[-77.030719,38.725469],[-77.03088,38.724961],[-77.030874,38.72475],[-77.030712,38.724437],[-77.030719,38.724366],[-77.030821,38.723723],[-77.030841,38.723381],[-77.03087,38.723219],[-77.03095,38.723055],[-77.031022,38.722738],[-77.031139,38.722481],[-77.031211,38.722159],[-77.031209,38.722075],[-77.03115,38.721908],[-77.031142,38.721634],[-77.031175,38.721388],[-77.031326,38.720711],[-77.031332,38.720583],[-77.031135,38.720303],[-77.030955,38.720174],[-77.030757,38.720081],[-77.029868,38.717391],[-77.030071,38.717237],[-77.030451,38.717036],[-77.030648,38.716904],[-77.030966,38.716774],[-77.031313,38.716561],[-77.0313645,38.7165374],[-77.031596,38.716431],[-77.031818,38.716372],[-77.0319739,38.7163111],[-77.032005,38.716299],[-77.032223,38.716157],[-77.03241,38.716059],[-77.0324316,38.7160426],[-77.032617,38.715902],[-77.0326986,38.7158265],[-77.032803,38.71573],[-77.0328839,38.7156323],[-77.032947,38.715556],[-77.0330338,38.715421],[-77.03312,38.715287],[-77.033198,38.715218],[-77.0332424,38.7151479],[-77.033286,38.715079],[-77.033362,38.714893],[-77.0334266,38.7148249],[-77.033519,38.714756],[-77.0337017,38.7146783],[-77.033947,38.714574],[-77.034027,38.714513],[-77.034093,38.714427],[-77.034158,38.714197],[-77.0341929,38.7141313],[-77.034227,38.714067],[-77.034441,38.713798],[-77.034625,38.71359],[-77.034974,38.713252],[-77.035168,38.71309],[-77.035604,38.712835],[-77.0359,38.712705],[-77.03625,38.712617],[-77.036667,38.71258],[-77.036987,38.712525],[-77.037107,38.712479],[-77.037141,38.712444],[-77.037148,38.712302],[-77.037107,38.71224],[-77.0369696,38.7121079],[-77.036952,38.712091],[-77.036807,38.711908],[-77.036522,38.711733],[-77.03648,38.711617],[-77.036465,38.711488],[-77.036514,38.710607],[-77.036681,38.71019],[-77.036871,38.7098002],[-77.037009,38.709517],[-77.037014,38.709256],[-77.036862,38.708932],[-77.036733,38.708806],[-77.036575,38.708696],[-77.036417,38.708612],[-77.036362,38.708553],[-77.036245,38.70833],[-77.036098,38.707945],[-77.035928,38.70771],[-77.035825,38.707603],[-77.035742,38.707471],[-77.035639,38.707409],[-77.0412341,38.7027818],[-77.0432305,38.7018942],[-77.0434794,38.702001],[-77.0434882,38.7020047],[-77.0435431,38.7020276],[-77.0435558,38.7020329],[-77.043665,38.7020707],[-77.0437731,38.7020889],[-77.0437861,38.702088],[-77.0438382,38.7020844],[-77.0438482,38.7020837],[-77.0442586,38.7020795],[-77.044392,38.7021025],[-77.0445258,38.7020923],[-77.0447466,38.7020953],[-77.0447615,38.7020929],[-77.0448329,38.7020813],[-77.044844,38.7020795],[-77.045029,38.7020308],[-77.0450408,38.7020269],[-77.0450875,38.7020113],[-77.0450994,38.7020073],[-77.0452818,38.7019335],[-77.0454334,38.7018853],[-77.0454435,38.7018823],[-77.0455065,38.7018636],[-77.0455125,38.7018618],[-77.0458062,38.7017692],[-77.0458919,38.7017443],[-77.0458981,38.7017425],[-77.0462556,38.701603],[-77.0465606,38.701428],[-77.0465726,38.7014169],[-77.046635,38.7013594],[-77.0469998,38.7011072],[-77.0473035,38.7008655],[-77.047665,38.7005703],[-77.0478307,38.7004503],[-77.0483067,38.7001223],[-77.0483536,38.700105],[-77.0483604,38.7001019],[-77.0484598,38.700056],[-77.048467,38.7000527],[-77.0486562,38.6999476],[-77.0487661,38.6998959],[-77.0489967,38.6997367],[-77.0493508,38.6993851],[-77.0497906,38.6989162],[-77.0499752,38.6987901],[-77.0504236,38.6982798],[-77.0507691,38.6978188],[-77.0515309,38.6968392],[-77.0517647,38.6965381],[-77.052239,38.6959851],[-77.0523153,38.6958974],[-77.0523412,38.6958768],[-77.0525409,38.6957174],[-77.052611,38.6956248],[-77.0526096,38.6955829],[-77.0527129,38.6954625],[-77.0529275,38.695261],[-77.0530576,38.6951851],[-77.0530649,38.6951685],[-77.0530426,38.6951633],[-77.053041,38.6951278],[-77.0530696,38.6951046],[-77.0530844,38.6950145],[-77.0532239,38.6948806],[-77.0533194,38.6948226],[-77.0535418,38.6946233],[-77.0538881,38.6944055],[-77.0542462,38.6942152],[-77.0545903,38.6940013],[-77.0546752,38.6939313],[-77.0549834,38.6938757],[-77.0551356,38.69399],[-77.0551872,38.6940516],[-77.0553106,38.6940714],[-77.0553862,38.6940836],[-77.0554986,38.6940553],[-77.0556146,38.6940637],[-77.05571,38.6941155],[-77.0558151,38.6942107],[-77.0559012,38.6942655],[-77.0559978,38.6943538],[-77.0561333,38.694423],[-77.0563674,38.6944619],[-77.0567322,38.6946042],[-77.0570862,38.6947801],[-77.0573652,38.6949978],[-77.0575047,38.6952071],[-77.0575175,38.6953654],[-77.0575873,38.6954864],[-77.0577341,38.6956206],[-77.0577965,38.6956417],[-77.0582879,38.6956844],[-77.0585368,38.6957338],[-77.0587621,38.6957506],[-77.0590941,38.6957333],[-77.0592449,38.6957255],[-77.0594251,38.6957431],[-77.0599401,38.6959273],[-77.0600925,38.6959516],[-77.0605195,38.695877],[-77.061013,38.6956677],[-77.0613992,38.695517],[-77.0617232,38.6954408],[-77.0620988,38.6953152],[-77.0624507,38.6952406],[-77.062804,38.6952987],[-77.0628584,38.6953076],[-77.0632982,38.695383],[-77.0635364,38.6953403],[-77.0641158,38.6953152],[-77.0643282,38.6953579],[-77.0645138,38.6954436],[-77.0648539,38.6956007],[-77.0653582,38.6957765],[-77.065768,38.6958427],[-77.0660448,38.6958687],[-77.0664203,38.6958687],[-77.0666671,38.6958268],[-77.0667435,38.6958133],[-77.067195,38.6957338],[-77.0677207,38.6956501],[-77.0682786,38.695558],[-77.0685017,38.6954835],[-77.0687163,38.6953495],[-77.0689309,38.6952239],[-77.0691664,38.6951569],[-77.069381,38.694994],[-77.0700009,38.6945462],[-77.0713152,38.6937139],[-77.0722346,38.6932935],[-77.0734848,38.692591],[-77.0739566,38.6921488],[-77.0750853,38.6912786],[-77.0753156,38.6910704],[-77.0761217,38.6905623],[-77.0769168,38.6901274],[-77.077892,38.689867],[-77.0778395,38.689656],[-77.0775187,38.6892444],[-77.0778588,38.6888236],[-77.0785073,38.6883588],[-77.0788421,38.6882859],[-77.0790164,38.6882947],[-77.079452,38.6883106],[-77.0797545,38.6883433],[-77.0800217,38.6885669],[-77.0801007,38.6886737],[-77.0802524,38.6888788],[-77.0807432,38.6892176],[-77.0814266,38.689535],[-77.0822199,38.6897973],[-77.0828133,38.6899749],[-77.0835922,38.6900083],[-77.0855728,38.6897929],[-77.086754,38.6896417],[-77.0875694,38.6894269],[-77.0883703,38.689285],[-77.0894337,38.6947885],[-77.097804,38.699327],[-77.097744,38.699375],[-77.097672,38.699464],[-77.097605,38.699547],[-77.097436,38.699686],[-77.097309,38.69977],[-77.097153,38.699852],[-77.096968,38.70001],[-77.096775,38.700118],[-77.0965469,38.7002358],[-77.0964752,38.7002963],[-77.0964048,38.7003603],[-77.09625,38.700409],[-77.0961753,38.7004828],[-77.0960417,38.7004937],[-77.0959421,38.7005219],[-77.0958983,38.7005476],[-77.09585,38.700576],[-77.095877,38.700615],[-77.09587,38.70064],[-77.095796,38.70074],[-77.095765,38.700808],[-77.095673,38.700911],[-77.095478,38.701095],[-77.095435,38.701131],[-77.095247,38.701289],[-77.095231,38.701302],[-77.095181,38.701344],[-77.095128,38.701435],[-77.09507,38.701492],[-77.09492,38.701611],[-77.094701,38.701762],[-77.09452,38.701865],[-77.094458,38.701892],[-77.094262,38.701964],[-77.09424,38.701951],[-77.09417,38.701986],[-77.094025,38.702075],[-77.093931,38.702144],[-77.093862,38.702093],[-77.093804,38.702123],[-77.0937073,38.7021881],[-77.093641,38.702229],[-77.093581,38.702279],[-77.093575,38.702313],[-77.093557,38.702406],[-77.093425,38.70255],[-77.093384,38.702656],[-77.093349,38.702693],[-77.093298,38.702719],[-77.093158,38.702757],[-77.0931,38.702779],[-77.093051,38.702803],[-77.092889,38.702897],[-77.0924237,38.7030853],[-77.0922648,38.7031398],[-77.0921053,38.7031998],[-77.0919717,38.7032389],[-77.0917569,38.7033011],[-77.091511,38.703373],[-77.091397,38.703422],[-77.091167,38.703539],[-77.091013,38.703624],[-77.090976,38.703648],[-77.090613,38.703884],[-77.0904938,38.7039827],[-77.09045,38.704019],[-77.0904,38.704049],[-77.090358,38.704068],[-77.090265,38.704126],[-77.090152,38.704224],[-77.090015,38.704333],[-77.0899066,38.7043834],[-77.0898257,38.7044685],[-77.0896912,38.7045473],[-77.0896264,38.7045952],[-77.0893126,38.704827],[-77.0892278,38.7048513],[-77.08869,38.705151],[-77.088662,38.705186],[-77.0883282,38.7051894],[-77.0882985,38.7051331],[-77.0883065,38.7051303],[-77.0882427,38.705018],[-77.0881928,38.7049238],[-77.088172,38.7049185],[-77.0881436,38.7048718],[-77.0881563,38.7048254],[-77.088119,38.7047629],[-77.0879952,38.704718],[-77.0879672,38.7048197],[-77.0880026,38.70488],[-77.0880552,38.7049024],[-77.088087,38.70495],[-77.088072,38.7049671],[-77.0881905,38.705171],[-77.0881982,38.7051684],[-77.0882293,38.7052239],[-77.088036,38.705376],[-77.087853,38.705524],[-77.087728,38.705606],[-77.087607,38.705671],[-77.086891,38.706014],[-77.08608,38.70636],[-77.0857935,38.7064705],[-77.0857807,38.7064755],[-77.085753,38.706485],[-77.0851565,38.706694],[-77.084851,38.706801],[-77.084807,38.706805],[-77.084296,38.70682],[-77.08414,38.706834],[-77.083648,38.706995],[-77.083397,38.707062],[-77.083244,38.707117],[-77.083223,38.707134],[-77.0831539,38.7071883],[-77.0830594,38.7072176],[-77.0829987,38.7072682],[-77.0829458,38.7073396],[-77.0828606,38.7073791],[-77.082734,38.707449],[-77.082673,38.707482],[-77.082603,38.707506],[-77.082485,38.707563],[-77.082392,38.707593],[-77.082345,38.707599],[-77.082246,38.707628],[-77.082146,38.70768],[-77.082087,38.7077],[-77.082046,38.707721],[-77.081963,38.707752],[-77.081931,38.70776],[-77.081843,38.707812],[-77.081771,38.707839],[-77.081677,38.707899],[-77.081638,38.707911],[-77.081614,38.707926],[-77.081607,38.707975],[-77.081556,38.708017],[-77.08155,38.708048],[-77.081465,38.7081],[-77.081421,38.708143],[-77.081329,38.708207],[-77.081254,38.708269],[-77.08117,38.708323],[-77.081106,38.708348],[-77.081046,38.708385],[-77.080926,38.708449],[-77.080909,38.70847],[-77.080869,38.708501],[-77.080777,38.708552],[-77.080605,38.708626],[-77.080412,38.70874],[-77.080344,38.708769],[-77.080266,38.708822],[-77.080037,38.708924],[-77.0800318,38.7089276],[-77.080004,38.708947],[-77.079978,38.708988],[-77.079948,38.70901],[-77.079928,38.709064],[-77.079945,38.709097],[-77.079945,38.70914],[-77.079954,38.709169],[-77.079983,38.709193],[-77.080027,38.709297],[-77.080044,38.709353],[-77.08008,38.709391],[-77.08012,38.709404],[-77.080164,38.709558],[-77.080167,38.709587],[-77.080162,38.709615],[-77.080137,38.709679],[-77.080131,38.709712],[-77.08014,38.709766],[-77.08019,38.709863],[-77.080216,38.709987],[-77.080248,38.710029],[-77.080278,38.710055],[-77.080316,38.710075],[-77.080364,38.710126],[-77.080406,38.710151],[-77.080621,38.710167],[-77.080681,38.710191],[-77.080731,38.71022],[-77.080777,38.710257],[-77.080802,38.710308],[-77.08083,38.710383],[-77.080816,38.710417],[-77.08081,38.710453],[-77.080833,38.71054],[-77.080817,38.710664],[-77.080821,38.710754],[-77.080817,38.710793],[-77.080822,38.710824],[-77.080805,38.710907],[-77.080809,38.710939],[-77.080792,38.710979],[-77.080791,38.711018],[-77.080801,38.711048],[-77.0808,38.711125],[-77.080796,38.711143],[-77.080759,38.711199],[-77.080724,38.711277],[-77.080614,38.711426],[-77.080574,38.711466],[-77.080529,38.7115],[-77.080507,38.711526],[-77.080495,38.711555],[-77.080438,38.711613],[-77.080372,38.711649],[-77.080269,38.711755],[-77.080241,38.711774],[-77.080183,38.711794],[-77.080105,38.711865],[-77.079988,38.711928],[-77.079931,38.711983],[-77.079868,38.71208],[-77.07984,38.712185],[-77.07982,38.712209],[-77.079796,38.712291],[-77.079773,38.712399],[-77.079777,38.712464],[-77.079801,38.712488],[-77.079806,38.712519],[-77.0798,38.712556],[-77.079813,38.71263],[-77.079814,38.712672],[-77.079775,38.712715],[-77.079701,38.712741],[-77.079637,38.712794],[-77.079563,38.712835],[-77.079492,38.712887],[-77.079468,38.712894],[-77.079348,38.712961],[-77.0793423,38.7129648],[-77.079295,38.712996],[-77.079232,38.713052],[-77.079054,38.713116],[-77.078955,38.713157],[-77.078914,38.713159],[-77.078856,38.713198],[-77.078772,38.713234],[-77.078686,38.713259],[-77.078644,38.71326],[-77.078588,38.713275],[-77.078524,38.713309],[-77.07848,38.713322],[-77.078401,38.713327],[-77.078345,38.713336],[-77.07834,38.713354],[-77.07831,38.713375],[-77.078269,38.713391],[-77.078198,38.713409],[-77.078062,38.713427],[-77.077923,38.713458],[-77.0777644,38.713412],[-77.0775461,38.7134089],[-77.0773706,38.7133794],[-77.0772207,38.7133436],[-77.0771405,38.7132684],[-77.0770885,38.7131849],[-77.076993,38.7131552],[-77.0768798,38.7131579],[-77.076777,38.713074],[-77.076685,38.713052],[-77.0765673,38.7130623],[-77.0764759,38.7130211],[-77.0763329,38.7130311],[-77.07623,38.712916],[-77.076184,38.712905],[-77.076102,38.712867],[-77.0760035,38.712912],[-77.0758166,38.7128992],[-77.075683,38.712822],[-77.075654,38.712832],[-77.07562,38.712818],[-77.075527,38.712792],[-77.075484,38.712793],[-77.075455,38.712789],[-77.075379,38.712751],[-77.075321,38.712709],[-77.075296,38.712691],[-77.075226,38.712674],[-77.075164,38.712622],[-77.075132,38.712603],[-77.075093,38.712604],[-77.0750188,38.7126654]]]}}]}