{"type":"FeatureCollection","name":"paths","features":[{"type":"Feature","id":"way/8801950","properties":{"id":"way/8801950","name":null,"class":"service_road","highway":"service","surface":"asphalt","base_width":5,"step_free":true,"surface_advisory":false,"routable":false,"access_blocked":true,"profiles":[],"source":"openstreetmap","source_date":"2026-09-11","confidence":"medium","surveyed":false},"geometry":{"type":"LineString","coordinates":[[-77.0875879,38.7114545],[-77.0876692,38.7113682],[-77.0877292,38.7113111],[-77.0878138,38.7112451]]}},{"type":"Feature","id":"way/8803083","properties":{"id":"way/8803083","name":"George Washington Memorial Parkway","class":"public_road","highway":"primary","surface":"asphalt","base_width":8,"step_free":true,"surface_advisory":false,"routable":false,"access_blocked":false,"profiles":[],"source":"openstreetmap","source_date":"2026-09-11","confidence":"medium","surveyed":false},"geometry":{"type":"LineString","coordinates":[[-77.0874091,38.7113788],[-77.0872179,38.7113211],[-77.0870578,38.7112458],[-77.086932,38.7111705],[-77.0867385,38.7110381]]}},{"type":"Feature","id":"way/8803087","properties":{"id":"way/8803087","name":"George Washington Memorial Parkway","class":"public_road","highway":"primary","surface":"asphalt","base_width":8,"step_free":true,"surface_advisory":false,"routable":false,"access_blocked":false,"profiles":[],"source":"openstreetmap","source_date":"2026-09-11","confidence":"medium","surveyed":false},"geometry":{"type":"LineString","coordinates":[[-77.0865813,38.7116694],[-77.0866931,38.7115378],[-77.0867415,38.7114723],[-77.0867646,38.711431],[-77.0867904,38.7113705],[-77.0868077,38.711299],[-77.0868051,38.7112137],[-77.0867808,38.7111276],[-77.0867385,38.7110381]]}},{"type":"Feature","id":"way/8803562","properties":{"id":"way/8803562","name":"Mount Vernon Highway Service Road","class":"service_road","highway":"residential","surface":"asphalt","base_width":5,"step_free":true,"surface_advisory":false,"routable":true,"access_blocked":false,"profiles":["visitor","step_free"],"source":"openstreetmap","source_date":"2026-09-11","confidence":"medium","surveyed":false},"geometry":{"type":"LineString","coordinates":[[-77.1059219,38.7110246],[-77.1056235,38.7112135],[-77.1054511,38.7113289],[-77.104111,38.712195],[-77.103917,38.712315]]}},{"type":"Feature","id":"way/8803563","properties":{"id":"way/8803563","name":null,"class":"service_road","highway":"service","surface":null,"base_width":5,"step_free":true,"surface_advisory":false,"routable":true,"access_blocked":false,"profiles":["visitor","step_free"],"source":"openstreetmap","source_date":"2026-09-11","confidence":"medium","surveyed":false},"geometry":{"type":"LineString","coordinates":[[-77.105024,38.714103],[-77.104861,38.714518]]}},{"type":"Feature","id":"way/8803567","properties":{"id":"way/8803567","name":null,"class":"public_road","highway":"primary_link","surface":"asphalt","base_width":8,"step_free":true,"surface_advisory":false,"routable":false,"access_blocked":false,"profiles":[],"source":"openstreetmap","source_date":"2026-09-11","confidence":"medium","surveyed":false},"geometry":{"type":"LineString","coordinates":[[-77.0919408,38.7142719],[-77.0920491,38.714414],[-77.0922677,38.7146586],[-77.0923615,38.7147868],[-77.0925586,38.7150866],[-77.0925863,38.7151167],[-77.092631,38.7151468],[-77.0926749,38.7151591],[-77.0927334,38.7151673],[-77.092778,38.7151656],[-77.0928297,38.7151488],[-77.0928728,38.7151291],[-77.0929273,38.7150892],[-77.0930069,38.7150066]]}},{"type":"Feature","id":"way/8803568","properties":{"id":"way/8803568","name":null,"class":"service_road","highway":"residential","surface":"asphalt","base_width":5,"step_free":true,"surface_advisory":false,"routable":true,"access_blocked":false,"profiles":["visitor","step_free"],"source":"openstreetmap","source_date":"2026-09-11","confidence":"medium","surveyed":false},"geometry":{"type":"LineString","coordinates":[[-77.093922,38.718708],[-77.093844,38.719232]]}},{"type":"Feature","id":"way/8803569","properties":{"id":"way/8803569","name":null,"class":"service_road","highway":"unclassified","surface":"asphalt","base_width":5,"step_free":true,"surface_advisory":false,"routable":true,"access_blocked":false,"profiles":["visitor","step_free"],"source":"openstreetmap","source_date":"2026-09-11","confidence":"medium","surveyed":false},"geometry":{"type":"LineString","coordinates":[[-77.089726,38.718609],[-77.089808,38.71895],[-77.089844,38.719039],[-77.089881,38.719095],[-77.089927,38.719147],[-77.090195,38.719366]]}},{"type":"Feature","id":"way/8808189","properties":{"id":"way/8808189","name":null,"class":"service_road","highway":"residential","surface":null,"base_width":5,"step_free":true,"surface_advisory":false,"routable":true,"access_blocked":false,"profiles":["visitor","step_free"],"source":"openstreetmap","source_date":"2026-09-11","confidence":"medium","surveyed":false},"geometry":{"type":"LineString","coordinates":[[-77.0961349,38.7038281],[-77.096029,38.703786],[-77.095311,38.703508]]}},{"type":"Feature","id":"way/8808191","properties":{"id":"way/8808191","name":null,"class":"service_road","highway":"residential","surface":null,"base_width":5,"step_free":true,"surface_advisory":false,"routable":true,"access_blocked":false,"profiles":["visitor","step_free"],"source":"openstreetmap","source_date":"2026-09-11","confidence":"medium","surveyed":false},"geometry":{"type":"LineString","coordinates":[[-77.098472,38.705929],[-77.098311,38.706032],[-77.098206,38.706063],[-77.098144,38.706077],[-77.097687,38.706143]]}},{"type":"Feature","id":"way/8808192","properties":{"id":"way/8808192","name":null,"class":"service_road","highway":"residential","surface":null,"base_width":5,"step_free":true,"surface_advisory":false,"routable":true,"access_blocked":false,"profiles":["visitor","step_free"],"source":"openstreetmap","source_date":"2026-09-11","confidence":"medium","surveyed":false},"geometry":{"type":"LineString","coordinates":[[-77.097392,38.707641],[-77.097316,38.707472],[-77.097213,38.707182]]}},{"type":"Feature","id":"way/8810317","properties":{"id":"way/8810317","name":"Admiral Vernon Terrace","class":"service_road","highway":"residential","surface":"asphalt","base_width":5,"step_free":true,"surface_advisory":false,"routable":true,"access_blocked":false,"profiles":["visitor","step_free"],"source":"openstreetmap","source_date":"2026-09-11","confidence":"medium","surveyed":false},"geometry":{"type":"LineString","coordinates":[[-77.104111,38.712195],[-77.104157,38.712353],[-77.10416,38.712383],[-77.104152,38.712437],[-77.104132,38.712478],[-77.103973,38.712743],[-77.103765,38.71309],[-77.103699,38.713212]]}},{"type":"Feature","id":"way/8810399","properties":{"id":"way/8810399","name":"Belle Rive Terrace","class":"service_road","highway":"residential","surface":null,"base_width":5,"step_free":true,"surface_advisory":false,"routable":true,"access_blocked":false,"profiles":["visitor","step_free"],"source":"openstreetmap","source_date":"2026-09-11","confidence":"medium","surveyed":false},"geometry":{"type":"LineString","coordinates":[[-77.0978824,38.7005087],[-77.09826,38.700234],[-77.098842,38.699804],[-77.098894,38.699772],[-77.098961,38.699738],[-77.100533,38.69916],[-77.100691,38.699131],[-77.1007797,38.6991449]]}},{"type":"Feature","id":"way/8811216","properties":{"id":"way/8811216","name":"Ferry Crossing Harbour Court","class":"service_road","highway":"residential","surface":null,"base_width":5,"step_free":true,"surface_advisory":false,"routable":true,"access_blocked":false,"profiles":["visitor","step_free"],"source":"openstreetmap","source_date":"2026-09-11","confidence":"medium","surveyed":false},"geometry":{"type":"LineString","coordinates":[[-77.102588,38.701277],[-77.102678,38.701174],[-77.102703,38.701099],[-77.102716,38.700895],[-77.102747,38.700176],[-77.102765,38.699762]]}},{"type":"Feature","id":"way/8811325","properties":{"id":"way/8811325","name":"Boland Place","class":"service_road","highway":"residential","surface":"asphalt","base_width":5,"step_free":true,"surface_advisory":false,"routable":true,"access_blocked":false,"profiles":["visitor","step_free"],"source":"openstreetmap","source_date":"2026-09-11","confidence":"medium","surveyed":false},"geometry":{"type":"LineString","coordinates":[[-77.099808,38.720269],[-77.099634,38.720117],[-77.099599,38.720079],[-77.09955,38.719997],[-77.09953,38.7199171]]}},{"type":"Feature","id":"way/8811391","properties":{"id":"way/8811391","name":"Washington Woods Drive","class":"service_road","highway":"residential","surface":null,"base_width":5,"step_free":true,"surface_advisory":false,"routable":true,"access_blocked":false,"profiles":["visitor","step_free"],"source":"openstreetmap","source_date":"2026-09-11","confidence":"medium","surveyed":false},"geometry":{"type":"LineString","coordinates":[[-77.099067,38.704951],[-77.09889,38.704976],[-77.098766,38.704971],[-77.098698,38.704961],[-77.098618,38.704943],[-77.098529,38.704914],[-77.098457,38.704881],[-77.09839,38.704843],[-77.098338,38.704807],[-77.098283,38.704759],[-77.098241,38.704716],[-77.098174,38.704623],[-77.09815,38.704573],[-77.098108,38.704448],[-77.098085,38.704399],[-77.098043,38.704333],[-77.097992,38.704271],[-77.097911,38.704201],[-77.09781,38.704138],[-77.097579,38.704019],[-77.097433,38.703944],[-77.097392,38.703918],[-77.097327,38.703867],[-77.097271,38.703809],[-77.09721,38.703717],[-77.097056,38.703378],[-77.0970277,38.7033263],[-77.097009,38.703292],[-77.096966,38.703235],[-77.096917,38.703183],[-77.09686,38.703135],[-77.096798,38.703091],[-77.096741,38.703059],[-77.096658,38.703021],[-77.0965748,38.7029933],[-77.09652,38.702975],[-77.096387,38.702953],[-77.096183,38.702948],[-77.096035,38.70293],[-77.095947,38.70291],[-77.095639,38.702817]]}},{"type":"Feature","id":"way/8813236","properties":{"id":"way/8813236","name":"Boothe Street","class":"service_road","highway":"residential","surface":null,"base_width":5,"step_free":true,"surface_advisory":false,"routable":true,"access_blocked":false,"profiles":["visitor","step_free"],"source":"openstreetmap","source_date":"2026-09-11","confidence":"medium","surveyed":false},"geometry":{"type":"LineString","coordinates":[[-77.103395,38.706079],[-77.103864,38.705331],[-77.104473,38.704354],[-77.105489,38.702728],[-77.105567,38.70261]]}},{"type":"Feature","id":"way/8813334","properties":{"id":"way/8813334","name":"Presidential Drive","class":"service_road","highway":"residential","surface":null,"base_width":5,"step_free":true,"surface_advisory":false,"routable":true,"access_blocked":false,"profiles":["visitor","step_free"],"source":"openstreetmap","source_date":"2026-09-11","confidence":"medium","surveyed":false},"geometry":{"type":"LineString","coordinates":[[-77.100372,38.707789],[-77.100542,38.707567],[-77.100973,38.707049],[-77.101025,38.706975],[-77.101057,38.706904],[-77.101072,38.706831],[-77.101061,38.706683],[-77.100991,38.706551],[-77.100939,38.70649],[-77.100885,38.706441],[-77.100826,38.706397],[-77.100772,38.706364],[-77.100672,38.706311],[-77.100546,38.706256],[-77.099719,38.705946],[-77.099504,38.70587],[-77.099319,38.7058242]]}},{"type":"Feature","id":"way/8813525","properties":{"id":"way/8813525","name":"Sulgrave Drive","class":"service_road","highway":"residential","surface":null,"base_width":5,"step_free":true,"surface_advisory":false,"routable":true,"access_blocked":false,"profiles":["visitor","step_free"],"source":"openstreetmap","source_date":"2026-09-11","confidence":"medium","surveyed":false},"geometry":{"type":"LineString","coordinates":[[-77.097174,38.717625],[-77.097248,38.717505],[-77.097403,38.717213],[-77.097461,38.71712],[-77.097506,38.717066],[-77.097596,38.716984],[-77.097652,38.716944],[-77.097765,38.716882],[-77.097921,38.716816],[-77.098274,38.716703],[-77.098449,38.716641],[-77.098655,38.71656],[-77.098857,38.716468],[-77.099274,38.716248],[-77.099808,38.715911],[-77.100121,38.715703],[-77.100201,38.715656],[-77.100309,38.715606],[-77.100407,38.715573],[-77.100537,38.715543],[-77.100631,38.71553],[-77.10074,38.715524],[-77.100876,38.715531],[-77.101018,38.715556],[-77.102295,38.715887],[-77.104176,38.716379]]}},{"type":"Feature","id":"way/8816147","properties":{"id":"way/8816147","name":"Edward Gibbs Place","class":"service_road","highway":"residential","surface":"asphalt","base_width":5,"step_free":true,"surface_advisory":false,"routable":true,"access_blocked":false,"profiles":["visitor","step_free"],"source":"openstreetmap","source_date":"2026-09-11","confidence":"medium","surveyed":false},"geometry":{"type":"LineString","coordinates":[[-77.084383,38.718775],[-77.084238,38.718692],[-77.084212,38.718671],[-77.08419,38.718643],[-77.083954,38.718266]]}},{"type":"Feature","id":"way/8816170","properties":{"id":"way/8816170","name":"Anne Tucker Lane","class":"service_road","highway":"residential","surface":"asphalt","base_width":5,"step_free":true,"surface_advisory":false,"routable":true,"access_blocked":false,"profiles":["visitor","step_free"],"source":"openstreetmap","source_date":"2026-09-11","confidence":"medium","surveyed":false},"geometry":{"type":"LineString","coordinates":[[-77.085712,38.719433],[-77.085767,38.719341],[-77.085781,38.719303],[-77.085782,38.719244],[-77.085739,38.719086],[-77.085716,38.718973],[-77.085678,38.718681],[-77.085669,38.718542]]}},{"type":"Feature","id":"way/8816174","properties":{"id":"way/8816174","name":"Scotland Road","class":"service_road","highway":"residential","surface":null,"base_width":5,"step_free":true,"surface_advisory":false,"routable":true,"access_blocked":false,"profiles":["visitor","step_free"],"source":"openstreetmap","source_date":"2026-09-11","confidence":"medium","surveyed":false},"geometry":{"type":"LineString","coordinates":[[-77.103405,38.703943],[-77.104473,38.704354],[-77.105543,38.704763],[-77.106613,38.705175]]}},{"type":"Feature","id":"way/8816437","properties":{"id":"way/8816437","name":"Maybrook Place","class":"service_road","highway":"residential","surface":null,"base_width":5,"step_free":true,"surface_advisory":false,"routable":true,"access_blocked":false,"profiles":["visitor","step_free"],"source":"openstreetmap","source_date":"2026-09-11","confidence":"medium","surveyed":false},"geometry":{"type":"LineString","coordinates":[[-77.102326,38.705668],[-77.103405,38.703943]]}},{"type":"Feature","id":"way/8816503","properties":{"id":"way/8816503","name":"Belwood Court","class":"service_road","highway":"residential","surface":null,"base_width":5,"step_free":true,"surface_advisory":false,"routable":true,"access_blocked":false,"profiles":["visitor","step_free"],"source":"openstreetmap","source_date":"2026-09-11","confidence":"medium","surveyed":false},"geometry":{"type":"LineString","coordinates":[[-77.099442,38.708119],[-77.099706,38.707677],[-77.099782,38.707567]]}},{"type":"Feature","id":"way/8817537","properties":{"id":"way/8817537","name":"Tidewater Court","class":"service_road","highway":"residential","surface":"asphalt","base_width":5,"step_free":true,"surface_advisory":false,"routable":true,"access_blocked":false,"profiles":["visitor","step_free"],"source":"openstreetmap","source_date":"2026-09-11","confidence":"medium","surveyed":false},"geometry":{"type":"LineString","coordinates":[[-77.102332,38.707791],[-77.10299,38.708296]]}},{"type":"Feature","id":"way/8817794","properties":{"id":"way/8817794","name":"Dandridge Terrace","class":"service_road","highway":"residential","surface":"asphalt","base_width":5,"step_free":true,"surface_advisory":false,"routable":true,"access_blocked":false,"profiles":["visitor","step_free"],"source":"openstreetmap","source_date":"2026-09-11","confidence":"medium","surveyed":false},"geometry":{"type":"LineString","coordinates":[[-77.103285,38.71393],[-77.103381,38.713868],[-77.103494,38.713848],[-77.10356,38.713844],[-77.103864,38.71385],[-77.103946,38.713854],[-77.104041,38.71387],[-77.105024,38.714103],[-77.106015,38.714336],[-77.10611,38.714358],[-77.106188,38.71437],[-77.106471,38.714389],[-77.10665,38.714418],[-77.10721,38.71455]]}},{"type":"Feature","id":"way/8817840","properties":{"id":"way/8817840","name":"Congressional Court","class":"service_road","highway":"residential","surface":"asphalt","base_width":5,"step_free":true,"surface_advisory":false,"routable":true,"access_blocked":false,"profiles":["visitor","step_free"],"source":"openstreetmap","source_date":"2026-09-11","confidence":"medium","surveyed":false},"geometry":{"type":"LineString","coordinates":[[-77.1017944,38.7094535],[-77.102286,38.709232]]}},{"type":"Feature","id":"way/8818086","properties":{"id":"way/8818086","name":"Adrienne Court","class":"service_road","highway":"residential","surface":"asphalt","base_width":5,"step_free":true,"surface_advisory":false,"routable":true,"access_blocked":false,"profiles":["visitor","step_free"],"source":"openstreetmap","source_date":"2026-09-11","confidence":"medium","surveyed":false},"geometry":{"type":"LineString","coordinates":[[-77.103751,38.7188],[-77.103532,38.718324],[-77.103506,38.718261]]}},{"type":"Feature","id":"way/8818621","properties":{"id":"way/8818621","name":"Gibbs Street","class":"service_road","highway":"residential","surface":null,"base_width":5,"step_free":true,"surface_advisory":false,"routable":true,"access_blocked":false,"profiles":["visitor","step_free"],"source":"openstreetmap","source_date":"2026-09-11","confidence":"medium","surveyed":false},"geometry":{"type":"LineString","coordinates":[[-77.098619,38.723424],[-77.098668,38.723319],[-77.098723,38.723163],[-77.09888,38.722582],[-77.099039,38.722048],[-77.099177,38.721516],[-77.09926,38.721233],[-77.09932,38.721073],[-77.099415,38.720863],[-77.099603,38.720484],[-77.099648,38.72042],[-77.099704,38.720357],[-77.099808,38.720269],[-77.099905,38.720216],[-77.099973,38.720187],[-77.100088,38.720153],[-77.100208,38.720133],[-77.100304,38.720129],[-77.100399,38.720135],[-77.100816,38.720201],[-77.101653,38.72033],[-77.102513,38.720468],[-77.102637,38.720489],[-77.102757,38.7205],[-77.102825,38.720502],[-77.102906,38.720497],[-77.102986,38.720485],[-77.103065,38.720467],[-77.10314,38.720441],[-77.10321,38.720409],[-77.103275,38.720369],[-77.103333,38.720324],[-77.103384,38.720274],[-77.10345,38.720185],[-77.103475,38.720138],[-77.103509,38.720042],[-77.103538,38.719928]]}},{"type":"Feature","id":"way/8818827","properties":{"id":"way/8818827","name":"Westgate Drive","class":"service_road","highway":"residential","surface":"asphalt","base_width":5,"step_free":true,"surface_advisory":false,"routable":true,"access_blocked":false,"profiles":["visitor","step_free"],"source":"openstreetmap","source_date":"2026-09-11","confidence":"medium","surveyed":false},"geometry":{"type":"LineString","coordinates":[[-77.096962,38.710799],[-77.097147,38.710818],[-77.097215,38.710832],[-77.097306,38.71086],[-77.098993,38.711521],[-77.099071,38.711545],[-77.099283,38.711598],[-77.099581,38.711674],[-77.100074,38.71178],[-77.100133,38.711778],[-77.100318,38.711737],[-77.1004,38.711729],[-77.100446,38.711731],[-77.100484,38.711737],[-77.100644,38.711778],[-77.10103,38.7118742],[-77.101318,38.711946],[-77.101494,38.712007],[-77.1015932,38.7120551],[-77.101622,38.712069],[-77.10178,38.712166],[-77.10191,38.712282]]}},{"type":"Feature","id":"way/8819215","properties":{"id":"way/8819215","name":"Robertson Boulevard","class":"service_road","highway":"residential","surface":null,"base_width":5,"step_free":true,"surface_advisory":false,"routable":true,"access_blocked":false,"profiles":["visitor","step_free"],"source":"openstreetmap","source_date":"2026-09-11","confidence":"medium","surveyed":false},"geometry":{"type":"LineString","coordinates":[[-77.099041,38.704409],[-77.100169,38.704844],[-77.101258,38.70526],[-77.102326,38.705668],[-77.103395,38.706079],[-77.103864,38.706259],[-77.104458,38.706487],[-77.105542,38.706899],[-77.106775,38.707376],[-77.106944,38.707445],[-77.107322,38.707586],[-77.107467,38.707623],[-77.107548,38.707635],[-77.107563,38.7076363],[-77.107631,38.707642],[-77.107714,38.707643],[-77.10781,38.707638],[-77.107973,38.707612],[-77.108077,38.707583],[-77.108425,38.707459],[-77.109745,38.706976],[-77.10998,38.706928]]}},{"type":"Feature","id":"way/8819466","properties":{"id":"way/8819466","name":"Carriage House Court","class":"service_road","highway":"residential","surface":"asphalt","base_width":5,"step_free":true,"surface_advisory":false,"routable":true,"access_blocked":false,"profiles":["visitor","step_free"],"source":"openstreetmap","source_date":"2026-09-11","confidence":"medium","surveyed":false},"geometry":{"type":"LineString","coordinates":[[-77.095835,38.706883],[-77.095936,38.706939],[-77.096325,38.707122],[-77.096449,38.707166],[-77.096564,38.707195],[-77.096723,38.707219],[-77.096817,38.707224],[-77.096897,38.707224],[-77.096977,38.707219],[-77.097069,38.707207],[-77.097213,38.707182],[-77.097353,38.707133],[-77.097418,38.707105],[-77.097535,38.707042],[-77.097918,38.706816],[-77.097999,38.706772]]}},{"type":"Feature","id":"way/8819598","properties":{"id":"way/8819598","name":"Beauchamp Drive","class":"service_road","highway":"residential","surface":"asphalt","base_width":5,"step_free":true,"surface_advisory":false,"routable":true,"access_blocked":false,"profiles":["visitor","step_free"],"source":"openstreetmap","source_date":"2026-09-11","confidence":"medium","surveyed":false},"geometry":{"type":"LineString","coordinates":[[-77.099892,38.719339],[-77.10021,38.718084],[-77.100516,38.716902],[-77.100533,38.7168],[-77.100526,38.71672],[-77.100506,38.716651],[-77.10047,38.716573],[-77.10042,38.716499],[-77.100365,38.71644],[-77.099859,38.715964],[-77.099808,38.715911]]}},{"type":"Feature","id":"way/8820248","properties":{"id":"way/8820248","name":"Cunningham Drive","class":"service_road","highway":"residential","surface":null,"base_width":5,"step_free":true,"surface_advisory":false,"routable":true,"access_blocked":false,"profiles":["visitor","step_free"],"source":"openstreetmap","source_date":"2026-09-11","confidence":"medium","surveyed":false},"geometry":{"type":"LineString","coordinates":[[-77.080714,38.719361],[-77.081187,38.718982],[-77.081282,38.718912],[-77.081439,38.718821],[-77.081609,38.718745],[-77.081729,38.718705],[-77.08183,38.718678],[-77.082029,38.718642],[-77.082164,38.718628],[-77.082737,38.718599],[-77.082906,38.718576],[-77.08303,38.718553],[-77.083201,38.718518],[-77.083392,38.718468],[-77.083529,38.718428],[-77.083691,38.718369],[-77.083954,38.718266],[-77.084307,38.718127],[-77.084629,38.717968],[-77.084837,38.717847],[-77.085039,38.71772],[-77.085405,38.717462],[-77.085485,38.717422],[-77.085583,38.717388],[-77.085648,38.717372],[-77.085714,38.717362],[-77.085781,38.717357],[-77.085848,38.717358],[-77.086684,38.717438],[-77.086838,38.717446],[-77.086963,38.717445],[-77.087101,38.717434],[-77.0874,38.717385],[-77.087507,38.717374],[-77.08827,38.717373],[-77.088701,38.717346],[-77.088846,38.717328],[-77.0888791,38.7173226],[-77.089041,38.7172938],[-77.089126,38.717282]]}},{"type":"Feature","id":"way/8820329","properties":{"id":"way/8820329","name":"Surrey Court","class":"service_road","highway":"residential","surface":"asphalt","base_width":5,"step_free":true,"surface_advisory":false,"routable":true,"access_blocked":false,"profiles":["visitor","step_free"],"source":"openstreetmap","source_date":"2026-09-11","confidence":"medium","surveyed":false},"geometry":{"type":"LineString","coordinates":[[-77.091855,38.718978],[-77.091886,38.71893],[-77.09211,38.718531],[-77.092138,38.718495],[-77.092179,38.718453],[-77.092236,38.718408],[-77.092314,38.718366],[-77.092399,38.718335],[-77.092491,38.718315],[-77.0925528,38.718294],[-77.092591,38.718281],[-77.092671,38.718238],[-77.092711,38.718208],[-77.092779,38.718141],[-77.092812,38.718094],[-77.092843,38.718026],[-77.0929214,38.7177187],[-77.09294,38.717646],[-77.092962,38.717587],[-77.093005,38.71752],[-77.093119,38.717446]]}},{"type":"Feature","id":"way/8820655","properties":{"id":"way/8820655","name":"Great Neck Court","class":"service_road","highway":"residential","surface":"asphalt","base_width":5,"step_free":true,"surface_advisory":false,"routable":true,"access_blocked":false,"profiles":["visitor","step_free"],"source":"openstreetmap","source_date":"2026-09-11","confidence":"medium","surveyed":false},"geometry":{"type":"LineString","coordinates":[[-77.096339,38.714921],[-77.096949,38.71499],[-77.097158,38.715005],[-77.097285,38.715007],[-77.097406,38.715001],[-77.09752,38.714986],[-77.097628,38.714964],[-77.097791,38.714911],[-77.097868,38.714877],[-77.097948,38.714835],[-77.098042,38.714778],[-77.098702,38.714346],[-77.098749,38.714319],[-77.098839,38.714284],[-77.098977,38.714251]]}},{"type":"Feature","id":"way/8822750","properties":{"id":"way/8822750","name":"Renault Place","class":"service_road","highway":"residential","surface":"asphalt","base_width":5,"step_free":true,"surface_advisory":false,"routable":true,"access_blocked":false,"profiles":["visitor","step_free"],"source":"openstreetmap","source_date":"2026-09-11","confidence":"medium","surveyed":false},"geometry":{"type":"LineString","coordinates":[[-77.100533,38.7168],[-77.100979,38.7168],[-77.10104,38.716804],[-77.101095,38.716813],[-77.102346,38.717178]]}},{"type":"Feature","id":"way/8822789","properties":{"id":"way/8822789","name":"Riverwood Road","class":"service_road","highway":"residential","surface":"asphalt","base_width":5,"step_free":true,"surface_advisory":false,"routable":true,"access_blocked":false,"profiles":["visitor","step_free"],"source":"openstreetmap","source_date":"2026-09-11","confidence":"medium","surveyed":false},"geometry":{"type":"LineString","coordinates":[[-77.092574,38.70481],[-77.092739,38.704898],[-77.09286,38.704947],[-77.092923,38.704965],[-77.093042,38.704989],[-77.093137,38.704998],[-77.093232,38.704998],[-77.093692,38.704959],[-77.095011,38.704849],[-77.095201,38.70485],[-77.095398,38.70487],[-77.09554,38.704899],[-77.095706,38.704949],[-77.095981,38.705056],[-77.096156,38.705115],[-77.097103,38.705362],[-77.097184,38.70539],[-77.097244,38.705416],[-77.097334,38.705466],[-77.097423,38.705533],[-77.09749,38.705601],[-77.097551,38.705685],[-77.097582,38.705745],[-77.097605,38.705807],[-77.097687,38.706143],[-77.097707,38.70623],[-77.0977333,38.7063101],[-77.0977783,38.7064262],[-77.097816,38.70651],[-77.097856,38.706578],[-77.097999,38.706772]]}},{"type":"Feature","id":"way/8824393","properties":{"id":"way/8824393","name":"Lynnhall Place","class":"service_road","highway":"residential","surface":null,"base_width":5,"step_free":true,"surface_advisory":false,"routable":true,"access_blocked":false,"profiles":["visitor","step_free"],"source":"openstreetmap","source_date":"2026-09-11","confidence":"medium","surveyed":false},"geometry":{"type":"LineString","coordinates":[[-77.10483,38.70228],[-77.105001,38.70202],[-77.105064,38.701916],[-77.105139,38.701758],[-77.105222,38.70151],[-77.105276,38.701388],[-77.105354,38.701251],[-77.105614,38.700832],[-77.105745,38.700631],[-77.105841,38.700451],[-77.105905,38.700302],[-77.106008,38.70001],[-77.106118,38.699792],[-77.106222,38.699633],[-77.106399,38.699406],[-77.106538,38.699275],[-77.106698,38.699128],[-77.106751,38.699071],[-77.106863,38.698936],[-77.106924,38.698846],[-77.106954,38.698793],[-77.106992,38.698699],[-77.10701,38.698606],[-77.106959,38.698432]]}},{"type":"Feature","id":"way/8825331","properties":{"id":"way/8825331","name":"Ferry Landing Road","class":"public_road","highway":"tertiary","surface":"asphalt","base_width":8,"step_free":true,"surface_advisory":false,"routable":false,"access_blocked":false,"profiles":[],"source":"openstreetmap","source_date":"2026-09-11","confidence":"medium","surveyed":false},"geometry":{"type":"LineString","coordinates":[[-77.101155,38.700888],[-77.101184,38.700854],[-77.101238,38.700815],[-77.101299,38.700791],[-77.101351,38.700782],[-77.1013879,38.7007825],[-77.101419,38.700783],[-77.101471,38.700793],[-77.101773,38.700915],[-77.102278,38.701146],[-77.102377,38.70118],[-77.1024479,38.7012126],[-77.102588,38.701277],[-77.103302,38.701604],[-77.1033954,38.7016449],[-77.1035043,38.7016926],[-77.1036604,38.7017609],[-77.103864,38.70185],[-77.104,38.701923],[-77.1041396,38.7019837],[-77.10452,38.702149],[-77.10483,38.70228],[-77.105567,38.70261],[-77.106016,38.702806],[-77.106456,38.702998],[-77.106604,38.703057],[-77.106858,38.703161],[-77.107281,38.703347],[-77.107652,38.703519],[-77.110231,38.704581],[-77.111191,38.704979],[-77.111476,38.705102],[-77.111635,38.705182],[-77.111807,38.705268],[-77.113682,38.706083],[-77.1148857,38.7066093],[-77.1153937,38.7068243],[-77.1161469,38.7071524],[-77.1169655,38.7075107],[-77.117357,38.7076537]]}},{"type":"Feature","id":"way/8826898","properties":{"id":"way/8826898","name":"Bordeaux Street","class":"service_road","highway":"residential","surface":"asphalt","base_width":5,"step_free":true,"surface_advisory":false,"routable":true,"access_blocked":false,"profiles":["visitor","step_free"],"source":"openstreetmap","source_date":"2026-09-11","confidence":"medium","surveyed":false},"geometry":{"type":"LineString","coordinates":[[-77.102295,38.715887],[-77.102352,38.715749],[-77.102466,38.715494],[-77.102696,38.715079],[-77.102763,38.714938],[-77.102891,38.714638]]}},{"type":"Feature","id":"way/8826995","properties":{"id":"way/8826995","name":"Warburton Court","class":"service_road","highway":"residential","surface":null,"base_width":5,"step_free":true,"surface_advisory":false,"routable":true,"access_blocked":false,"profiles":["visitor","step_free"],"source":"openstreetmap","source_date":"2026-09-11","confidence":"medium","surveyed":false},"geometry":{"type":"LineString","coordinates":[[-77.097579,38.704019],[-77.097523,38.70408],[-77.0972545,38.7044092]]}},{"type":"Feature","id":"way/8827232","properties":{"id":"way/8827232","name":"Colonial Avenue","class":"service_road","highway":"residential","surface":null,"base_width":5,"step_free":true,"surface_advisory":false,"routable":true,"access_blocked":false,"profiles":["visitor","step_free"],"source":"openstreetmap","source_date":"2026-09-11","confidence":"medium","surveyed":false},"geometry":{"type":"LineString","coordinates":[[-77.095762,38.718687],[-77.096882,38.718871],[-77.0988586,38.7191783],[-77.099892,38.719339],[-77.103245,38.719877],[-77.103538,38.719928],[-77.103864,38.719973],[-77.103996,38.719992],[-77.104568,38.72009],[-77.104838,38.72015],[-77.104976,38.720175]]}},{"type":"Feature","id":"way/8827417","properties":{"id":"way/8827417","name":"Densmore Court","class":"service_road","highway":"residential","surface":"asphalt","base_width":5,"step_free":true,"surface_advisory":false,"routable":true,"access_blocked":false,"profiles":["visitor","step_free"],"source":"openstreetmap","source_date":"2026-09-11","confidence":"medium","surveyed":false},"geometry":{"type":"LineString","coordinates":[[-77.098917,38.712518],[-77.098451,38.712408],[-77.098217,38.712348],[-77.09811,38.712296],[-77.098058,38.712227]]}},{"type":"Feature","id":"way/8827431","properties":{"id":"way/8827431","name":"Brookmay Court","class":"service_road","highway":"residential","surface":null,"base_width":5,"step_free":true,"surface_advisory":false,"routable":true,"access_blocked":false,"profiles":["visitor","step_free"],"source":"openstreetmap","source_date":"2026-09-11","confidence":"medium","surveyed":false},"geometry":{"type":"LineString","coordinates":[[-77.10452,38.702149],[-77.10434,38.702447],[-77.104259,38.702572]]}},{"type":"Feature","id":"way/8828270","properties":{"id":"way/8828270","name":"Heather Glen Drive","class":"service_road","highway":"residential","surface":null,"base_width":5,"step_free":true,"surface_advisory":false,"routable":true,"access_blocked":false,"profiles":["visitor","step_free"],"source":"openstreetmap","source_date":"2026-09-11","confidence":"medium","surveyed":false},"geometry":{"type":"LineString","coordinates":[[-77.104458,38.706487],[-77.104541,38.706372],[-77.10472,38.706085],[-77.105543,38.704763],[-77.106604,38.703057]]}},{"type":"Feature","id":"way/8828425","properties":{"id":"way/8828425","name":"Picardy Court","class":"service_road","highway":"residential","surface":null,"base_width":5,"step_free":true,"surface_advisory":false,"routable":true,"access_blocked":false,"profiles":["visitor","step_free"],"source":"openstreetmap","source_date":"2026-09-11","confidence":"medium","surveyed":false},"geometry":{"type":"LineString","coordinates":[[-77.098983,38.702706],[-77.099049,38.702805],[-77.099092,38.702841],[-77.099128,38.702865],[-77.099347,38.702977],[-77.099795,38.703154]]}},{"type":"Feature","id":"way/8828779","properties":{"id":"way/8828779","name":"Brambly Lane","class":"service_road","highway":"residential","surface":null,"base_width":5,"step_free":true,"surface_advisory":false,"routable":true,"access_blocked":false,"profiles":["visitor","step_free"],"source":"openstreetmap","source_date":"2026-09-11","confidence":"medium","surveyed":false},"geometry":{"type":"LineString","coordinates":[[-77.100169,38.704844],[-77.101007,38.703499],[-77.101072,38.703416]]}},{"type":"Feature","id":"way/8829006","properties":{"id":"way/8829006","name":"Four Seasons Court","class":"service_road","highway":"residential","surface":"asphalt","base_width":5,"step_free":true,"surface_advisory":false,"routable":true,"access_blocked":false,"profiles":["visitor","step_free"],"source":"openstreetmap","source_date":"2026-09-11","confidence":"medium","surveyed":false},"geometry":{"type":"LineString","coordinates":[[-77.09089,38.717859],[-77.09036,38.717484]]}},{"type":"Feature","id":"way/8829599","properties":{"id":"way/8829599","name":"Macklin Court","class":"service_road","highway":"residential","surface":null,"base_width":5,"step_free":true,"surface_advisory":false,"routable":true,"access_blocked":false,"profiles":["visitor","step_free"],"source":"openstreetmap","source_date":"2026-09-11","confidence":"medium","surveyed":false},"geometry":{"type":"LineString","coordinates":[[-77.099995,38.701516],[-77.100016,38.700655],[-77.100026,38.700606],[-77.1001,38.700462]]}},{"type":"Feature","id":"way/8831016","properties":{"id":"way/8831016","name":"Kimbrelee Court","class":"service_road","highway":"residential","surface":null,"base_width":5,"step_free":true,"surface_advisory":false,"routable":true,"access_blocked":false,"profiles":["visitor","step_free"],"source":"openstreetmap","source_date":"2026-09-11","confidence":"medium","surveyed":false},"geometry":{"type":"LineString","coordinates":[[-77.105614,38.700832],[-77.105389,38.700699],[-77.105226,38.700577],[-77.10513,38.700522],[-77.104568,38.700271],[-77.104364,38.700186],[-77.104106,38.700071]]}},{"type":"Feature","id":"way/8831171","properties":{"id":"way/8831171","name":"Chickawane Court","class":"service_road","highway":"residential","surface":"asphalt","base_width":5,"step_free":true,"surface_advisory":false,"routable":true,"access_blocked":false,"profiles":["visitor","step_free"],"source":"openstreetmap","source_date":"2026-09-11","confidence":"medium","surveyed":false},"geometry":{"type":"LineString","coordinates":[[-77.1004,38.712627],[-77.100388,38.712484],[-77.100401,38.712406],[-77.100519,38.712092],[-77.100644,38.711778],[-77.1007189,38.7115913],[-77.101169,38.71047],[-77.101177,38.710403]]}},{"type":"Feature","id":"way/8831480","properties":{"id":"way/8831480","name":"George Washington Memorial Parkway","class":"public_road","highway":"primary","surface":"asphalt","base_width":8,"step_free":true,"surface_advisory":false,"routable":false,"access_blocked":false,"profiles":[],"source":"openstreetmap","source_date":"2026-09-11","confidence":"medium","surveyed":false},"geometry":{"type":"LineString","coordinates":[[-77.0875879,38.7114545],[-77.0874091,38.7113788]]}},{"type":"Feature","id":"way/8832315","properties":{"id":"way/8832315","name":"Creek Drive","class":"service_road","highway":"residential","surface":"asphalt","base_width":5,"step_free":true,"surface_advisory":false,"routable":true,"access_blocked":false,"profiles":["visitor","step_free"],"source":"openstreetmap","source_date":"2026-09-11","confidence":"medium","surveyed":false},"geometry":{"type":"LineString","coordinates":[[-77.069757,38.718189],[-77.069949,38.718106],[-77.070015,38.718068],[-77.070073,38.718024],[-77.070145,38.717947],[-77.070388,38.717619],[-77.070568,38.717331],[-77.070751,38.716889],[-77.070854,38.716619],[-77.070901,38.716524],[-77.070958,38.716445],[-77.071038,38.71636],[-77.071122,38.716286],[-77.071156,38.716263],[-77.071311,38.716185],[-77.071411,38.716154],[-77.071487,38.716139],[-77.071603,38.716126],[-77.071768,38.716121],[-77.071848,38.716125],[-77.071991,38.716147],[-77.072062,38.716166],[-77.072174,38.716209],[-77.072287,38.716263],[-77.072382,38.716326],[-77.072483,38.716412],[-77.07261,38.716586],[-77.072828,38.716943],[-77.072956,38.717171],[-77.072971,38.717227],[-77.072976,38.717284],[-77.072943,38.717476]]}},{"type":"Feature","id":"way/8832837","properties":{"id":"way/8832837","name":"Old Mill Road","class":"public_road","highway":"tertiary","surface":"asphalt","base_width":8,"step_free":true,"surface_advisory":false,"routable":false,"access_blocked":false,"profiles":[],"source":"openstreetmap","source_date":"2026-09-11","confidence":"medium","surveyed":false},"geometry":{"type":"LineString","coordinates":[[-77.096602,38.713093],[-77.096767,38.713121],[-77.098093,38.713424],[-77.098525,38.713534],[-77.099267,38.7137223],[-77.099653,38.7138198],[-77.1001575,38.7139485],[-77.1004911,38.7140287],[-77.1005944,38.7140546],[-77.1008022,38.7140999]]}},{"type":"Feature","id":"way/8833736","properties":{"id":"way/8833736","name":"Ludgate Drive","class":"service_road","highway":"residential","surface":null,"base_width":5,"step_free":true,"surface_advisory":false,"routable":true,"access_blocked":false,"profiles":["visitor","step_free"],"source":"openstreetmap","source_date":"2026-09-11","confidence":"medium","surveyed":false},"geometry":{"type":"LineString","coordinates":[[-77.095011,38.704849],[-77.095005,38.704714],[-77.094968,38.704208],[-77.094976,38.704125],[-77.094987,38.704088],[-77.09501,38.704036],[-77.095154,38.703799],[-77.095311,38.703508],[-77.0954044,38.7033167],[-77.095457,38.703209],[-77.095576,38.702932],[-77.095639,38.702817],[-77.095711,38.702683],[-77.095775,38.702596],[-77.095862,38.702488],[-77.095916,38.70239],[-77.095912,38.702289]]}},{"type":"Feature","id":"way/8834730","properties":{"id":"way/8834730","name":"Maybrook Court","class":"service_road","highway":"residential","surface":null,"base_width":5,"step_free":true,"surface_advisory":false,"routable":true,"access_blocked":false,"profiles":["visitor","step_free"],"source":"openstreetmap","source_date":"2026-09-11","confidence":"medium","surveyed":false},"geometry":{"type":"LineString","coordinates":[[-77.103405,38.703943],[-77.103685,38.703494]]}},{"type":"Feature","id":"way/8835721","properties":{"id":"way/8835721","name":"Old Mansion Road","class":"service_road","highway":"residential","surface":null,"base_width":5,"step_free":true,"surface_advisory":false,"routable":true,"access_blocked":false,"profiles":["visitor","step_free"],"source":"openstreetmap","source_date":"2026-09-11","confidence":"medium","surveyed":false},"geometry":{"type":"LineString","coordinates":[[-77.093906,38.705691],[-77.09382,38.705624],[-77.093795,38.70558],[-77.09377,38.705514],[-77.093692,38.704959],[-77.093595,38.704289],[-77.093572,38.704226],[-77.09354,38.704165],[-77.09349,38.704099],[-77.093438,38.704048],[-77.093399,38.704017],[-77.093345,38.703982],[-77.093251,38.703935],[-77.093201,38.703917],[-77.093083,38.703889],[-77.093029,38.703883],[-77.092933,38.70388],[-77.092852,38.703886],[-77.092785,38.703898],[-77.092515,38.703968]]}},{"type":"Feature","id":"way/8837670","properties":{"id":"way/8837670","name":"Mansion Farm Place","class":"service_road","highway":"residential","surface":"asphalt","base_width":5,"step_free":true,"surface_advisory":false,"routable":true,"access_blocked":false,"profiles":["visitor","step_free"],"source":"openstreetmap","source_date":"2026-09-11","confidence":"medium","surveyed":false},"geometry":{"type":"LineString","coordinates":[[-77.086815,38.718154],[-77.086838,38.717446]]}},{"type":"Feature","id":"way/8838046","properties":{"id":"way/8838046","name":"Wittington Boulevard","class":"service_road","highway":"residential","surface":"asphalt","base_width":5,"step_free":true,"surface_advisory":false,"routable":true,"access_blocked":false,"profiles":["visitor","step_free"],"source":"openstreetmap","source_date":"2026-09-11","confidence":"medium","surveyed":false},"geometry":{"type":"LineString","coordinates":[[-77.065098,38.7226824],[-77.065374,38.722515],[-77.06541,38.722499],[-77.065622,38.722422],[-77.065875,38.722338],[-77.066639,38.722062],[-77.067693,38.721666],[-77.068116,38.721518],[-77.068866,38.721243],[-77.069703,38.720937],[-77.070671,38.720578],[-77.07122,38.720353],[-77.071894,38.720051],[-77.0731905,38.7194697],[-77.07413,38.719038],[-77.07492,38.718681]]}},{"type":"Feature","id":"way/8838517","properties":{"id":"way/8838517","name":"Adrienne Drive","class":"service_road","highway":"residential","surface":null,"base_width":5,"step_free":true,"surface_advisory":false,"routable":true,"access_blocked":false,"profiles":["visitor","step_free"],"source":"openstreetmap","source_date":"2026-09-11","confidence":"medium","surveyed":false},"geometry":{"type":"LineString","coordinates":[[-77.09595,38.717392],[-77.096594,38.717453],[-77.096717,38.717471],[-77.096839,38.717503],[-77.097174,38.717625],[-77.097341,38.717685],[-77.097552,38.717743],[-77.097877,38.717816],[-77.098133,38.717861],[-77.09851,38.717907],[-77.099148,38.717941],[-77.099403,38.717964],[-77.099697,38.718001],[-77.10021,38.718084],[-77.102071,38.718387],[-77.102242,38.718411],[-77.102391,38.718422],[-77.10265,38.718423],[-77.102888,38.7184],[-77.103114,38.718355],[-77.103506,38.718261],[-77.104048,38.718082],[-77.104501,38.717918],[-77.104779,38.717802],[-77.105224,38.717606],[-77.105334,38.717553],[-77.105443,38.717485],[-77.105622,38.717356],[-77.105725,38.717267],[-77.105876,38.717109],[-77.105941,38.717024],[-77.106005,38.716927],[-77.106104,38.716732],[-77.106521,38.715653],[-77.106594,38.715497],[-77.106667,38.715345],[-77.106696,38.715303],[-77.106741,38.715253],[-77.106928,38.715079],[-77.106965,38.715037],[-77.107004,38.714984],[-77.107057,38.714889],[-77.10721,38.71455],[-77.107524,38.713831],[-77.107639,38.713576],[-77.107701,38.713479],[-77.107775,38.713388],[-77.107882,38.713289],[-77.108609,38.712781],[-77.108691,38.712709],[-77.108755,38.712639],[-77.108811,38.712565],[-77.108857,38.712487],[-77.108983,38.712194]]}},{"type":"Feature","id":"way/8838894","properties":{"id":"way/8838894","name":"Bradgate Court","class":"service_road","highway":"residential","surface":"asphalt","base_width":5,"step_free":true,"surface_advisory":false,"routable":true,"access_blocked":false,"profiles":["visitor","step_free"],"source":"openstreetmap","source_date":"2026-09-11","confidence":"medium","surveyed":false},"geometry":{"type":"LineString","coordinates":[[-77.074694,38.720179],[-77.074777,38.71977]]}},{"type":"Feature","id":"way/8839339","properties":{"id":"way/8839339","name":"Mavis Court","class":"service_road","highway":"residential","surface":null,"base_width":5,"step_free":true,"surface_advisory":false,"routable":true,"access_blocked":false,"profiles":["visitor","step_free"],"source":"openstreetmap","source_date":"2026-09-11","confidence":"medium","surveyed":false},"geometry":{"type":"LineString","coordinates":[[-77.101061,38.706683],[-77.101714,38.706574]]}},{"type":"Feature","id":"way/8840143","properties":{"id":"way/8840143","name":"Riverwood Court","class":"service_road","highway":"residential","surface":null,"base_width":5,"step_free":true,"surface_advisory":false,"routable":true,"access_blocked":false,"profiles":["visitor","step_free"],"source":"openstreetmap","source_date":"2026-09-11","confidence":"medium","surveyed":false},"geometry":{"type":"LineString","coordinates":[[-77.096558,38.706212],[-77.096908,38.706225],[-77.097126,38.706219],[-77.097342,38.706197],[-77.097687,38.706143]]}},{"type":"Feature","id":"way/8840383","properties":{"id":"way/8840383","name":"Surrey Drive","class":"public_road","highway":"tertiary","surface":"asphalt","base_width":8,"step_free":true,"surface_advisory":false,"routable":false,"access_blocked":false,"profiles":[],"source":"openstreetmap","source_date":"2026-09-11","confidence":"medium","surveyed":false},"geometry":{"type":"LineString","coordinates":[[-77.089758,38.719535],[-77.089989,38.719454],[-77.0901511,38.7193848],[-77.090195,38.719366],[-77.0910899,38.7189904],[-77.091171,38.718959],[-77.091236,38.718939],[-77.09133,38.718919],[-77.091391,38.718911],[-77.091461,38.718907],[-77.09156,38.718908],[-77.091654,38.71892],[-77.091727,38.718935],[-77.091855,38.718978],[-77.092382,38.719156],[-77.092479,38.719181],[-77.09257,38.719197],[-77.092697,38.719205],[-77.093094,38.719203],[-77.093844,38.719232],[-77.094174,38.719241],[-77.094535,38.7192454],[-77.095499,38.719257],[-77.095686,38.719256]]}},{"type":"Feature","id":"way/8840801","properties":{"id":"way/8840801","name":"Doeg Indian Court","class":"service_road","highway":"residential","surface":"asphalt","base_width":5,"step_free":true,"surface_advisory":false,"routable":true,"access_blocked":false,"profiles":["visitor","step_free"],"source":"openstreetmap","source_date":"2026-09-11","confidence":"medium","surveyed":false},"geometry":{"type":"LineString","coordinates":[[-77.083229,38.720533],[-77.083451,38.72027],[-77.083568,38.720107],[-77.08375,38.719794],[-77.08381,38.719701]]}},{"type":"Feature","id":"way/8841012","properties":{"id":"way/8841012","name":"Wessynton Way","class":"service_road","highway":"residential","surface":null,"base_width":5,"step_free":true,"surface_advisory":false,"routable":true,"access_blocked":false,"profiles":["visitor","step_free"],"source":"openstreetmap","source_date":"2026-09-11","confidence":"medium","surveyed":false},"geometry":{"type":"LineString","coordinates":[[-77.082737,38.718599],[-77.082775,38.718758],[-77.082838,38.718912],[-77.082925,38.71906],[-77.08303,38.719193],[-77.083099,38.719269],[-77.083168,38.719334],[-77.083316,38.719447],[-77.083454,38.719535],[-77.083653,38.719631],[-77.08381,38.719701],[-77.083969,38.719738],[-77.084061,38.719755],[-77.084155,38.719765],[-77.084318,38.719769],[-77.08448,38.719755],[-77.0845002,38.7197511],[-77.084626,38.719727],[-77.084764,38.719686],[-77.084881,38.719638],[-77.085137,38.719516],[-77.08531,38.71945],[-77.085412,38.719423],[-77.085464,38.719415],[-77.085557,38.719413],[-77.085712,38.719433],[-77.085833,38.719491],[-77.085894,38.719529],[-77.085941,38.719565],[-77.085986,38.719613],[-77.086181,38.719865],[-77.0862761,38.7199675],[-77.086283,38.719975],[-77.086358,38.720046],[-77.086515,38.720179],[-77.086556,38.720209],[-77.086612,38.720242],[-77.086672,38.720269],[-77.086735,38.720291],[-77.086815,38.720309],[-77.086884,38.720317],[-77.086995,38.720317],[-77.08709,38.720304],[-77.087528,38.720212],[-77.087591,38.720193],[-77.087673,38.720161],[-77.08777,38.720111],[-77.087859,38.720048],[-77.0879072,38.7200003],[-77.087943,38.719965],[-77.087995,38.719892],[-77.088029,38.719823],[-77.088049,38.719763],[-77.088136,38.719351],[-77.088173,38.71924],[-77.088217,38.719152],[-77.088269,38.719077],[-77.088331,38.719007],[-77.088392,38.718951],[-77.08847,38.718892],[-77.088566,38.718835],[-77.088658,38.718793],[-77.088754,38.718761],[-77.088857,38.718738],[-77.089031,38.718707],[-77.089236,38.7186768],[-77.089499,38.718638],[-77.089726,38.718609],[-77.090057,38.71855],[-77.090122,38.718535],[-77.090222,38.718503],[-77.090326,38.718453],[-77.090409,38.718399],[-77.090481,38.718336],[-77.090545,38.718264],[-77.090796,38.717948],[-77.09089,38.717859],[-77.090998,38.717777],[-77.091282,38.717582],[-77.091393,38.717513],[-77.091501,38.717465],[-77.091618,38.717431],[-77.09174,38.717413],[-77.091819,38.71741],[-77.092116,38.717414]]}},{"type":"Feature","id":"way/8842754","properties":{"id":"way/8842754","name":"South Place","class":"service_road","highway":"residential","surface":"asphalt","base_width":5,"step_free":true,"surface_advisory":false,"routable":false,"access_blocked":true,"profiles":[],"source":"openstreetmap","source_date":"2026-09-11","confidence":"medium","surveyed":false},"geometry":{"type":"LineString","coordinates":[[-77.095036,38.717363],[-77.095158,38.717363],[-77.095198,38.717409],[-77.095228,38.717469],[-77.095237,38.717499],[-77.095238,38.717551],[-77.095219,38.717611],[-77.095194,38.717647],[-77.09515,38.717685],[-77.095087,38.717719],[-77.095015,38.71774],[-77.094977,38.717745],[-77.094882,38.717748],[-77.09473,38.717745],[-77.094586,38.717731],[-77.094456,38.717707],[-77.094357,38.71768],[-77.094265,38.717642],[-77.09421,38.717603],[-77.094185,38.717575],[-77.094164,38.717526],[-77.094162,38.717474],[-77.094179,38.717424],[-77.094205,38.717388],[-77.094252,38.717351],[-77.09431,38.717326],[-77.094344,38.717319],[-77.094423,38.717321],[-77.094705,38.71735],[-77.095036,38.717363]]}},{"type":"Feature","id":"way/8842755","properties":{"id":"way/8842755","name":"South Place","class":"service_road","highway":"residential","surface":"asphalt","base_width":5,"step_free":true,"surface_advisory":false,"routable":true,"access_blocked":false,"profiles":["visitor","step_free"],"source":"openstreetmap","source_date":"2026-09-11","confidence":"medium","surveyed":false},"geometry":{"type":"LineString","coordinates":[[-77.095158,38.717363],[-77.095219,38.717222],[-77.095237,38.71719],[-77.09527,38.717149],[-77.095326,38.717098],[-77.095384,38.717064],[-77.095458,38.71704],[-77.095509,38.717032],[-77.095997,38.717036]]}},{"type":"Feature","id":"way/8842866","properties":{"id":"way/8842866","name":"Mount Vernon Memorial Highway","class":"public_road","highway":"primary","surface":"asphalt","base_width":8,"step_free":true,"surface_advisory":false,"routable":false,"access_blocked":false,"profiles":[],"source":"openstreetmap","source_date":"2026-09-11","confidence":"medium","surveyed":false},"geometry":{"type":"LineString","coordinates":[[-77.0875879,38.7114545],[-77.0876426,38.7115029],[-77.0880829,38.711739],[-77.0885213,38.7119843]]}},{"type":"Feature","id":"way/8843529","properties":{"id":"way/8843529","name":"Continental Drive","class":"service_road","highway":"residential","surface":"asphalt","base_width":5,"step_free":true,"surface_advisory":false,"routable":true,"access_blocked":false,"profiles":["visitor","step_free"],"source":"openstreetmap","source_date":"2026-09-11","confidence":"medium","surveyed":false},"geometry":{"type":"LineString","coordinates":[[-77.10306,38.710267],[-77.103286,38.710155],[-77.103355,38.710114],[-77.103458,38.710033],[-77.103499,38.709992],[-77.103548,38.70993],[-77.103864,38.709414],[-77.104452,38.708449],[-77.104825,38.707841]]}},{"type":"Feature","id":"way/8843659","properties":{"id":"way/8843659","name":"Cherrytree Drive","class":"service_road","highway":"residential","surface":"asphalt","base_width":5,"step_free":true,"surface_advisory":false,"routable":true,"access_blocked":false,"profiles":["visitor","step_free"],"source":"openstreetmap","source_date":"2026-09-11","confidence":"medium","surveyed":false},"geometry":{"type":"LineString","coordinates":[[-77.1017122,38.7135104],[-77.1016844,38.7134589],[-77.1016698,38.7134318],[-77.101616,38.7133377],[-77.101552,38.7132182],[-77.1015414,38.7131905],[-77.1015227,38.7131504],[-77.101497,38.713037],[-77.101496,38.712918],[-77.101511,38.712797],[-77.101527,38.712749],[-77.101596,38.712608],[-77.101663,38.7125],[-77.101779,38.712374],[-77.101825,38.712338],[-77.10191,38.712282],[-77.1021287,38.7121348],[-77.102259,38.712047],[-77.102714,38.711755],[-77.1034637,38.7112702],[-77.103516,38.711223],[-77.103561,38.711158],[-77.103576,38.711117],[-77.103584,38.711075],[-77.103585,38.711033],[-77.103572,38.71097],[-77.103543,38.710917],[-77.1034485,38.7107863],[-77.1032885,38.7105724],[-77.10306,38.710267],[-77.102286,38.709232],[-77.10202,38.708875],[-77.101917,38.708751],[-77.101779,38.708617],[-77.101661,38.708516],[-77.101537,38.708421],[-77.101185,38.708149],[-77.101104,38.708094],[-77.10104,38.708057],[-77.100855,38.707969],[-77.100372,38.707789],[-77.099782,38.707567],[-77.098944,38.707254],[-77.0987128,38.7071745]]}},{"type":"Feature","id":"way/8844130","properties":{"id":"way/8844130","name":"Nellie Custis Court","class":"service_road","highway":"residential","surface":"asphalt","base_width":5,"step_free":true,"surface_advisory":false,"routable":true,"access_blocked":false,"profiles":["visitor","step_free"],"source":"openstreetmap","source_date":"2026-09-11","confidence":"medium","surveyed":false},"geometry":{"type":"LineString","coordinates":[[-77.102241,38.711307],[-77.102714,38.711755]]}},{"type":"Feature","id":"way/8844138","properties":{"id":"way/8844138","name":"Rive Drive","class":"service_road","highway":"residential","surface":null,"base_width":5,"step_free":true,"surface_advisory":false,"routable":true,"access_blocked":false,"profiles":["visitor","step_free"],"source":"openstreetmap","source_date":"2026-09-11","confidence":"medium","surveyed":false},"geometry":{"type":"LineString","coordinates":[[-77.09826,38.700234],[-77.098565,38.700487],[-77.098611,38.700539],[-77.098642,38.700586],[-77.09867,38.700645],[-77.098688,38.700718],[-77.098691,38.700781],[-77.098683,38.700946],[-77.098692,38.70101],[-77.098706,38.701062],[-77.098735,38.701126],[-77.098771,38.701179],[-77.09881,38.701223],[-77.098874,38.701279],[-77.098915,38.701307],[-77.09897,38.701337],[-77.0991,38.701392],[-77.099235,38.701437],[-77.099389,38.701476],[-77.099559,38.701506],[-77.099731,38.701523],[-77.099825,38.701527],[-77.099995,38.701516],[-77.100297,38.701493],[-77.100363,38.701494],[-77.100417,38.7015],[-77.100494,38.701515],[-77.100587,38.701545],[-77.100637,38.701566],[-77.100721,38.701615]]}},{"type":"Feature","id":"way/8844469","properties":{"id":"way/8844469","name":"Sevor Lane","class":"service_road","highway":"residential","surface":"asphalt","base_width":5,"step_free":true,"surface_advisory":false,"routable":true,"access_blocked":false,"profiles":["visitor","step_free"],"source":"openstreetmap","source_date":"2026-09-11","confidence":"medium","surveyed":false},"geometry":{"type":"LineString","coordinates":[[-77.081638,38.720423],[-77.081808,38.720237],[-77.082267,38.71984],[-77.082461,38.719689],[-77.082662,38.719545],[-77.082871,38.719406],[-77.08303,38.719309],[-77.083099,38.719269]]}},{"type":"Feature","id":"way/8844562","properties":{"id":"way/8844562","name":"Volunteer Drive","class":"service_road","highway":"residential","surface":null,"base_width":5,"step_free":true,"surface_advisory":false,"routable":true,"access_blocked":false,"profiles":["visitor","step_free"],"source":"openstreetmap","source_date":"2026-09-11","confidence":"medium","surveyed":false},"geometry":{"type":"LineString","coordinates":[[-77.098525,38.713534],[-77.098579,38.713369],[-77.098917,38.712518],[-77.099283,38.711598],[-77.100016,38.709765],[-77.100233,38.709205],[-77.100268,38.709134],[-77.10032,38.709057],[-77.100367,38.709002],[-77.100439,38.708936],[-77.100511,38.708883],[-77.1006,38.708831],[-77.100672,38.708798],[-77.100757,38.708767],[-77.10082,38.708749],[-77.101058,38.708699],[-77.101194,38.708653],[-77.101263,38.70862],[-77.101338,38.708575],[-77.1015,38.708449],[-77.101537,38.708421],[-77.102332,38.707791],[-77.102713,38.707487],[-77.102773,38.707446],[-77.102827,38.707416],[-77.102945,38.707367],[-77.103058,38.707337],[-77.103164,38.707321],[-77.103284,38.707318],[-77.103403,38.707329],[-77.103526,38.707357],[-77.104825,38.707841],[-77.105219,38.707988],[-77.10531,38.708033],[-77.105405,38.708091]]}},{"type":"Feature","id":"way/8845569","properties":{"id":"way/8845569","name":"Fairfax Street","class":"service_road","highway":"residential","surface":null,"base_width":5,"step_free":true,"surface_advisory":false,"routable":true,"access_blocked":false,"profiles":["visitor","step_free"],"source":"openstreetmap","source_date":"2026-09-11","confidence":"medium","surveyed":false},"geometry":{"type":"LineString","coordinates":[[-77.101258,38.70526],[-77.102425,38.703383],[-77.10253,38.703255]]}},{"type":"Feature","id":"way/8845848","properties":{"id":"way/8845848","name":"Highgate Road","class":"service_road","highway":"residential","surface":"asphalt","base_width":5,"step_free":true,"surface_advisory":false,"routable":true,"access_blocked":false,"profiles":["visitor","step_free"],"source":"openstreetmap","source_date":"2026-09-11","confidence":"medium","surveyed":false},"geometry":{"type":"LineString","coordinates":[[-77.073389,38.724202],[-77.073412,38.724122],[-77.073495,38.72371],[-77.07352,38.723546],[-77.073541,38.723281],[-77.073549,38.723018],[-77.073482,38.722338],[-77.073269,38.720227],[-77.0731905,38.7194697]]}},{"type":"Feature","id":"way/38878103","properties":{"id":"way/38878103","name":"George Washington Memorial Parkway","class":"public_road","highway":"primary","surface":"asphalt","base_width":8,"step_free":true,"surface_advisory":false,"routable":false,"access_blocked":true,"profiles":[],"source":"openstreetmap","source_date":"2026-09-11","confidence":"medium","surveyed":false},"geometry":{"type":"LineString","coordinates":[[-77.085804,38.712611],[-77.0859182,38.7124092],[-77.0860527,38.7122046],[-77.0862188,38.7120033],[-77.086388,38.7118347],[-77.0865096,38.7117234]]}},{"type":"Feature","id":"way/38878112","properties":{"id":"way/38878112","name":null,"class":"service_road","highway":"service","surface":"asphalt","base_width":5,"step_free":true,"surface_advisory":false,"routable":true,"access_blocked":false,"profiles":["visitor","step_free"],"source":"openstreetmap","source_date":"2026-09-11","confidence":"medium","surveyed":false},"geometry":{"type":"LineString","coordinates":[[-77.0852007,38.7126827],[-77.085312,38.712679],[-77.085345,38.712669],[-77.085391,38.712639],[-77.085418,38.712609],[-77.085454,38.712586],[-77.085477,38.712578],[-77.085536,38.712573],[-77.085569,38.712575],[-77.0856332,38.7125859],[-77.0856787,38.7125926],[-77.085804,38.712611]]}},{"type":"Feature","id":"way/43932371","properties":{"id":"way/43932371","name":null,"class":"visitor_path","highway":"footway","surface":"gravel","base_width":3.2,"step_free":true,"surface_advisory":true,"routable":true,"access_blocked":false,"profiles":["visitor","step_free"],"source":"openstreetmap","source_date":"2026-09-11","confidence":"medium","surveyed":false},"geometry":{"type":"LineString","coordinates":[[-77.0863453,38.7082233],[-77.08626,38.7083293],[-77.0861543,38.7084606],[-77.0861092,38.7085166],[-77.0860637,38.7085731],[-77.0860504,38.7085914],[-77.0860181,38.7086297],[-77.0859817,38.7086896],[-77.0859725,38.7087482],[-77.0859688,38.7088175],[-77.0859779,38.7088807],[-77.0859932,38.7089161],[-77.08601,38.7089549],[-77.0860707,38.7090129],[-77.0861128,38.7090429],[-77.0861549,38.7090728],[-77.0865451,38.709272],[-77.0866294,38.709315]]}},{"type":"Feature","id":"way/43932372","properties":{"id":"way/43932372","name":null,"class":"visitor_path","highway":"footway","surface":"compacted","base_width":3.2,"step_free":true,"surface_advisory":false,"routable":true,"access_blocked":false,"profiles":["visitor","step_free"],"source":"openstreetmap","source_date":"2026-09-11","confidence":"medium","surveyed":false},"geometry":{"type":"LineString","coordinates":[[-77.0865338,38.7080099],[-77.0864671,38.7079905],[-77.0864242,38.7079842],[-77.0863786,38.7079842],[-77.0863474,38.7079896],[-77.0863077,38.7080044],[-77.0862827,38.7080215],[-77.0862559,38.708056],[-77.0862464,38.7081022],[-77.0862612,38.708149],[-77.0862893,38.7081823],[-77.0863453,38.7082233]]}},{"type":"Feature","id":"way/43932375","properties":{"id":"way/43932375","name":null,"class":"service_road","highway":"service","surface":null,"base_width":5,"step_free":true,"surface_advisory":false,"routable":true,"access_blocked":false,"profiles":["visitor","step_free"],"source":"openstreetmap","source_date":"2026-09-11","confidence":"medium","surveyed":false},"geometry":{"type":"LineString","coordinates":[[-77.0856433,38.7109878],[-77.0853579,38.7110526]]}},{"type":"Feature","id":"way/69072781","properties":{"id":"way/69072781","name":"George Washington Memorial Parkway","class":"public_road","highway":"primary","surface":"asphalt","base_width":8,"step_free":true,"surface_advisory":false,"routable":false,"access_blocked":true,"profiles":[],"source":"openstreetmap","source_date":"2026-09-11","confidence":"medium","surveyed":false},"geometry":{"type":"LineString","coordinates":[[-77.0856567,38.7116125],[-77.0857114,38.7118008],[-77.0857425,38.7119568],[-77.0857754,38.7121412],[-77.0857871,38.7122982],[-77.085804,38.712611]]}},{"type":"Feature","id":"way/69072786","properties":{"id":"way/69072786","name":"George Washington Memorial Parkway","class":"public_road","highway":"primary","surface":"asphalt","base_width":8,"step_free":true,"surface_advisory":false,"routable":false,"access_blocked":true,"profiles":[],"source":"openstreetmap","source_date":"2026-09-11","confidence":"medium","surveyed":false},"geometry":{"type":"LineString","coordinates":[[-77.0867385,38.7110381],[-77.0866381,38.7109417],[-77.0865653,38.7108878],[-77.0864907,38.710847],[-77.0863762,38.7108081],[-77.086264,38.7107921],[-77.0861935,38.7107857],[-77.0861052,38.7107871],[-77.0860156,38.7107969],[-77.0859272,38.7108171],[-77.0858288,38.7108606],[-77.0857578,38.7108963],[-77.0856959,38.7109426],[-77.0856433,38.7109878]]}},{"type":"Feature","id":"way/69072790","properties":{"id":"way/69072790","name":"George Washington Memorial Parkway","class":"public_road","highway":"primary","surface":"asphalt","base_width":8,"step_free":true,"surface_advisory":false,"routable":false,"access_blocked":false,"profiles":[],"source":"openstreetmap","source_date":"2026-09-11","confidence":"medium","surveyed":false},"geometry":{"type":"LineString","coordinates":[[-77.0865813,38.7116694],[-77.0867174,38.7115864],[-77.086795,38.7115363],[-77.0869102,38.7114842]]}},{"type":"Feature","id":"way/69072794","properties":{"id":"way/69072794","name":"George Washington Memorial Parkway","class":"public_road","highway":"primary","surface":"asphalt","base_width":8,"step_free":true,"surface_advisory":false,"routable":false,"access_blocked":true,"profiles":[],"source":"openstreetmap","source_date":"2026-09-11","confidence":"medium","surveyed":false},"geometry":{"type":"LineString","coordinates":[[-77.0856433,38.7109878],[-77.0856008,38.7110472],[-77.0855649,38.7111152],[-77.0855505,38.7111659],[-77.0855424,38.7112411],[-77.0855424,38.7113075],[-77.0855473,38.7113605],[-77.0855724,38.7114448],[-77.0855999,38.711509],[-77.0856304,38.7115672],[-77.0856567,38.7116125]]}},{"type":"Feature","id":"way/122023870","properties":{"id":"way/122023870","name":null,"class":"trail","highway":"track","surface":null,"base_width":2.6,"step_free":true,"surface_advisory":false,"routable":true,"access_blocked":false,"profiles":["visitor","step_free"],"source":"openstreetmap","source_date":"2026-09-11","confidence":"medium","surveyed":false},"geometry":{"type":"LineString","coordinates":[[-77.0895309,38.7082557],[-77.0895919,38.7082877],[-77.0896295,38.7083107],[-77.0896858,38.7083589],[-77.0897689,38.7084489],[-77.0898575,38.708541],[-77.089954,38.7086247],[-77.0900828,38.708723],[-77.0903188,38.7088821],[-77.0905817,38.7090663],[-77.090697,38.7091668],[-77.0907694,38.7092337],[-77.0908123,38.7092965],[-77.0908284,38.709351],[-77.0908365,38.7093949],[-77.0908338,38.709443],[-77.0908177,38.7094891],[-77.0907855,38.7095372],[-77.0907372,38.7095875],[-77.090638,38.7096503],[-77.09041,38.7097675],[-77.090351,38.7098156],[-77.0903161,38.7098575],[-77.0903054,38.7098951],[-77.0903028,38.7099437]]}},{"type":"Feature","id":"way/132581098","properties":{"id":"way/132581098","name":null,"class":"cycleway","highway":"cycleway","surface":"asphalt","base_width":2.6,"step_free":true,"surface_advisory":false,"routable":true,"access_blocked":false,"profiles":["visitor","step_free"],"source":"openstreetmap","source_date":"2026-09-11","confidence":"medium","surveyed":false},"geometry":{"type":"LineString","coordinates":[[-77.0960448,38.7162441],[-77.0957698,38.7162322],[-77.0955239,38.7162003],[-77.0951024,38.7161318],[-77.094919,38.7160961],[-77.0948399,38.7160774],[-77.0947696,38.7160543],[-77.0945431,38.7159785],[-77.0943833,38.7159172],[-77.0942287,38.7158466],[-77.0941332,38.7158035],[-77.094005,38.7157395],[-77.093582,38.7154845],[-77.0931875,38.7152142],[-77.093128,38.7151809],[-77.0930736,38.7151631],[-77.093021,38.7151551],[-77.0929708,38.7151552],[-77.0929219,38.7151646],[-77.0928589,38.715192],[-77.092811,38.7152082],[-77.0927443,38.715215],[-77.0926896,38.7152101],[-77.0926312,38.7151972],[-77.0925749,38.7151731],[-77.0925309,38.7151392],[-77.0924987,38.7150996],[-77.0923085,38.7148042],[-77.0922168,38.7146842],[-77.0921244,38.7145669],[-77.0920175,38.714456],[-77.0918722,38.7143291],[-77.0917246,38.7142161],[-77.0909692,38.7136974],[-77.0908987,38.7136466],[-77.0898463,38.7129235],[-77.0895119,38.7127226],[-77.0894869,38.7127005]]}},{"type":"Feature","id":"way/135210217","properties":{"id":"way/135210217","name":null,"class":"service_road","highway":"service","surface":null,"base_width":5,"step_free":true,"surface_advisory":false,"routable":true,"access_blocked":false,"profiles":["visitor","step_free"],"source":"openstreetmap","source_date":"2026-09-11","confidence":"medium","surveyed":false},"geometry":{"type":"LineString","coordinates":[[-77.0721034,38.7107823],[-77.0721737,38.7108224],[-77.0727075,38.7111928],[-77.0727665,38.7112096],[-77.0728121,38.7112033],[-77.0728604,38.7111698],[-77.0728765,38.71113],[-77.0728657,38.7110756],[-77.072816,38.7110369],[-77.0726485,38.7108977],[-77.0724247,38.7107686],[-77.07236,38.7107313],[-77.0722891,38.7107177],[-77.0721979,38.7107387],[-77.0721034,38.7107823]]}},{"type":"Feature","id":"way/135210218","properties":{"id":"way/135210218","name":null,"class":"service_road","highway":"service","surface":null,"base_width":5,"step_free":true,"surface_advisory":false,"routable":true,"access_blocked":false,"profiles":["visitor","step_free"],"source":"openstreetmap","source_date":"2026-09-11","confidence":"medium","surveyed":false},"geometry":{"type":"LineString","coordinates":[[-77.0712727,38.711085],[-77.0713054,38.7110371],[-77.0713497,38.7109722],[-77.0714187,38.7108926],[-77.071518,38.7108046],[-77.0715895,38.7107641],[-77.0716855,38.7107399],[-77.0718145,38.7107235],[-77.0719451,38.7107348],[-77.0721034,38.7107823]]}},{"type":"Feature","id":"way/140350600","properties":{"id":"way/140350600","name":"George Washington Memorial Parkway","class":"public_road","highway":"primary","surface":"paved","base_width":8,"step_free":true,"surface_advisory":false,"routable":false,"access_blocked":true,"profiles":[],"source":"openstreetmap","source_date":"2026-09-11","confidence":"medium","surveyed":false},"geometry":{"type":"LineString","coordinates":[[-77.0743077,38.7130909],[-77.076333,38.714631],[-77.07709,38.715171],[-77.077863,38.715696],[-77.07857,38.716153],[-77.078863,38.716338],[-77.079283,38.716593],[-77.07978,38.716881],[-77.079941,38.716967],[-77.080108,38.717046],[-77.080281,38.717118],[-77.080397,38.717159],[-77.080459,38.717181],[-77.080733,38.717261],[-77.080921,38.717303],[-77.081111,38.717338],[-77.081303,38.717363],[-77.081531,38.717383],[-77.081723,38.71739],[-77.081915,38.717388],[-77.082106,38.717377],[-77.082296,38.717358],[-77.082485,38.71733],[-77.082671,38.717293],[-77.082854,38.717248],[-77.08303,38.717196],[-77.0833,38.717101],[-77.083545,38.71699],[-77.083794,38.71685],[-77.084045,38.716679],[-77.084254,38.716507],[-77.08445,38.716313],[-77.084622,38.716106],[-77.084773,38.715884],[-77.084864,38.715723],[-77.084941,38.715559],[-77.085035,38.71532],[-77.085117,38.71508],[-77.085305,38.714419],[-77.085804,38.712611]]}},{"type":"Feature","id":"way/140350606","properties":{"id":"way/140350606","name":"George Washington Memorial Parkway","class":"public_road","highway":"primary","surface":"concrete","base_width":8,"step_free":true,"surface_advisory":false,"routable":false,"access_blocked":true,"profiles":[],"source":"openstreetmap","source_date":"2026-09-11","confidence":"medium","surveyed":false},"geometry":{"type":"LineString","coordinates":[[-77.0739989,38.7128548],[-77.0743077,38.7130909]]}},{"type":"Feature","id":"way/141669636","properties":{"id":"way/141669636","name":"Old Mount Vernon Road","class":"public_road","highway":"tertiary","surface":null,"base_width":8,"step_free":true,"surface_advisory":false,"routable":false,"access_blocked":false,"profiles":[],"source":"openstreetmap","source_date":"2026-09-11","confidence":"medium","surveyed":false},"geometry":{"type":"LineString","coordinates":[[-77.0961433,38.7161562],[-77.096178,38.715964],[-77.096339,38.714921],[-77.096536,38.713505],[-77.096602,38.713093],[-77.096686,38.712523],[-77.0967767,38.7119948],[-77.096809,38.711807],[-77.096962,38.710799],[-77.097037,38.71028],[-77.097102,38.710004],[-77.097151,38.709857],[-77.0975,38.708926],[-77.097564,38.708779],[-77.097661,38.7086],[-77.097763,38.708449],[-77.0983796,38.7077093],[-77.0984934,38.7075532],[-77.098589,38.7074008],[-77.098643,38.707303],[-77.0987128,38.7071745],[-77.0988386,38.7069066],[-77.0988794,38.7068098],[-77.098981,38.706538],[-77.0989866,38.7065257],[-77.099049,38.706388],[-77.0991655,38.7061865],[-77.0992613,38.7060528],[-77.099316,38.7059344],[-77.099319,38.7058242],[-77.0992894,38.7057025],[-77.0992563,38.7055825],[-77.099215,38.70546],[-77.099067,38.704951],[-77.099005,38.704743],[-77.098999,38.704701],[-77.099,38.704616],[-77.099014,38.70452],[-77.099041,38.704409],[-77.0990841,38.7043195],[-77.0992581,38.7040279],[-77.099715,38.703292],[-77.099795,38.703154],[-77.1000701,38.7026673],[-77.1003887,38.7021469],[-77.100721,38.701615],[-77.100863,38.701387],[-77.101102,38.700969],[-77.101155,38.700888]]}},{"type":"Feature","id":"way/189853021","properties":{"id":"way/189853021","name":null,"class":"service_road","highway":"service","surface":null,"base_width":5,"step_free":true,"surface_advisory":false,"routable":false,"access_blocked":true,"profiles":[],"source":"openstreetmap","source_date":"2026-09-11","confidence":"medium","surveyed":false},"geometry":{"type":"LineString","coordinates":[[-77.0858211,38.7099812],[-77.0857841,38.7099256],[-77.0857511,38.7099033],[-77.0856889,38.7098772],[-77.0856396,38.7098557],[-77.0855219,38.7098069],[-77.0854676,38.7097789],[-77.0853959,38.709878],[-77.0852692,38.7100176],[-77.085312,38.71005],[-77.0855257,38.71016],[-77.0855789,38.7102311]]}},{"type":"Feature","id":"way/189853022","properties":{"id":"way/189853022","name":null,"class":"service_road","highway":"service","surface":null,"base_width":5,"step_free":true,"surface_advisory":false,"routable":false,"access_blocked":true,"profiles":[],"source":"openstreetmap","source_date":"2026-09-11","confidence":"medium","surveyed":false},"geometry":{"type":"LineString","coordinates":[[-77.0866294,38.709315],[-77.0866013,38.7093489],[-77.0865712,38.7093872],[-77.0865306,38.7094328],[-77.0864811,38.7094615],[-77.086384,38.709462],[-77.086259,38.7094835]]}},{"type":"Feature","id":"way/189853026","properties":{"id":"way/189853026","name":null,"class":"service_road","highway":"service","surface":null,"base_width":5,"step_free":true,"surface_advisory":false,"routable":false,"access_blocked":true,"profiles":[],"source":"openstreetmap","source_date":"2026-09-11","confidence":"medium","surveyed":false},"geometry":{"type":"LineString","coordinates":[[-77.0861368,38.7095964],[-77.0860977,38.709571],[-77.0860603,38.70955],[-77.0860058,38.7095457],[-77.0859656,38.709575],[-77.085947,38.7096156],[-77.0859656,38.7096399],[-77.0859899,38.7096574],[-77.0860583,38.7096916]]}},{"type":"Feature","id":"way/193618729","properties":{"id":"way/193618729","name":"Mount Vernon Trail","class":"cycleway","highway":"cycleway","surface":"asphalt","base_width":2.6,"step_free":true,"surface_advisory":false,"routable":true,"access_blocked":false,"profiles":["visitor","step_free"],"source":"openstreetmap","source_date":"2026-09-11","confidence":"medium","surveyed":false},"geometry":{"type":"LineString","coordinates":[[-77.0853579,38.7110526],[-77.0854137,38.7111914],[-77.0854115,38.7112252],[-77.0854038,38.7112987],[-77.0853971,38.7114208],[-77.0853998,38.7114627],[-77.0854171,38.7115232],[-77.0854397,38.7115939],[-77.0854618,38.7116623],[-77.0855058,38.7116949],[-77.0855413,38.7117271],[-77.0855813,38.7118582],[-77.0856018,38.7119302],[-77.0856763,38.7120783],[-77.0856828,38.7121144],[-77.0856833,38.7121696],[-77.0856546,38.7123074],[-77.0856472,38.7124508],[-77.0856332,38.7125859],[-77.0856215,38.7126361],[-77.0855968,38.7127401],[-77.0855934,38.7128275],[-77.0855727,38.7128964],[-77.0854887,38.7129984],[-77.0854241,38.7131036],[-77.0854001,38.7131485],[-77.085337,38.7133474],[-77.0852937,38.7134038],[-77.0852446,38.7134396]]}},{"type":"Feature","id":"way/220185195","properties":{"id":"way/220185195","name":"George Washington Memorial Parkway","class":"public_road","highway":"primary","surface":"concrete","base_width":8,"step_free":true,"surface_advisory":false,"routable":false,"access_blocked":true,"profiles":[],"source":"openstreetmap","source_date":"2026-09-11","confidence":"medium","surveyed":false},"geometry":{"type":"LineString","coordinates":[[-77.0735743,38.7125294],[-77.0739989,38.7128548]]}},{"type":"Feature","id":"way/220185432","properties":{"id":"way/220185432","name":"George Washington Memorial Parkway","class":"public_road","highway":"primary","surface":"concrete","base_width":8,"step_free":true,"surface_advisory":false,"routable":false,"access_blocked":true,"profiles":[],"source":"openstreetmap","source_date":"2026-09-11","confidence":"medium","surveyed":false},"geometry":{"type":"LineString","coordinates":[[-77.0735743,38.7125294],[-77.073289,38.7122793],[-77.0730166,38.7120729],[-77.0726773,38.7118356],[-77.0722652,38.7115967]]}},{"type":"Feature","id":"way/221266515","properties":{"id":"way/221266515","name":"Ferry Hall Court","class":"service_road","highway":"residential","surface":null,"base_width":5,"step_free":true,"surface_advisory":false,"routable":true,"access_blocked":false,"profiles":["visitor","step_free"],"source":"openstreetmap","source_date":"2026-09-11","confidence":"medium","surveyed":false},"geometry":{"type":"LineString","coordinates":[[-77.1044163,38.7014496],[-77.1043948,38.7016235],[-77.1041396,38.7019837]]}},{"type":"Feature","id":"way/227941019","properties":{"id":"way/227941019","name":null,"class":"service_road","highway":"service","surface":null,"base_width":5,"step_free":true,"surface_advisory":false,"routable":true,"access_blocked":false,"profiles":["visitor","step_free"],"source":"openstreetmap","source_date":"2026-09-11","confidence":"medium","surveyed":false},"geometry":{"type":"LineString","coordinates":[[-77.0990841,38.7043195],[-77.0988905,38.7042442],[-77.0987202,38.7040657],[-77.0985393,38.7038124],[-77.0981882,38.7034221],[-77.0979488,38.7032021],[-77.0978318,38.7030277],[-77.0977413,38.7028741],[-77.0977201,38.7027994],[-77.0977626,38.7027496],[-77.0978424,38.7027413],[-77.0979009,38.7027911],[-77.0979914,38.7030236],[-77.0981344,38.7033132],[-77.0981882,38.7034221]]}},{"type":"Feature","id":"way/227941020","properties":{"id":"way/227941020","name":"Brambly Lane","class":"service_road","highway":"residential","surface":null,"base_width":5,"step_free":true,"surface_advisory":false,"routable":true,"access_blocked":false,"profiles":["visitor","step_free"],"source":"openstreetmap","source_date":"2026-09-11","confidence":"medium","surveyed":false},"geometry":{"type":"LineString","coordinates":[[-77.1024479,38.7012126],[-77.1013962,38.7029176]]}},{"type":"Feature","id":"way/232595713","properties":{"id":"way/232595713","name":"Thomas J Stockton Parkway","class":"service_road","highway":"residential","surface":"asphalt","base_width":5,"step_free":true,"surface_advisory":false,"routable":true,"access_blocked":false,"profiles":["visitor","step_free"],"source":"openstreetmap","source_date":"2026-09-11","confidence":"medium","surveyed":false},"geometry":{"type":"LineString","coordinates":[[-77.078104,38.723736],[-77.07819,38.723585],[-77.07831,38.723347],[-77.078375,38.723188],[-77.07846,38.72294],[-77.078514,38.722774],[-77.078543,38.722652],[-77.078558,38.722507],[-77.078556,38.722338],[-77.078524,38.72217],[-77.078468,38.722006],[-77.078418,38.7219],[-77.078357,38.721798],[-77.078247,38.721651],[-77.078118,38.721518],[-77.077074,38.720591],[-77.075229,38.718948],[-77.07492,38.718681],[-77.0747322,38.7184916],[-77.073857,38.717851],[-77.073717,38.717687],[-77.073676,38.717654],[-77.073631,38.717626],[-77.073531,38.717581],[-77.073404,38.717547],[-77.07323,38.717513],[-77.072943,38.717476],[-77.072867,38.717467],[-77.07262,38.717453],[-77.072367,38.717448],[-77.07218,38.717452],[-77.071862,38.717476],[-77.071598,38.717513],[-77.071269,38.717577],[-77.071171,38.717603],[-77.07104,38.717649],[-77.070984,38.717683],[-77.070832,38.717824]]}},{"type":"Feature","id":"way/232599945","properties":{"id":"way/232599945","name":null,"class":"public_road","highway":"primary_link","surface":"asphalt","base_width":8,"step_free":true,"surface_advisory":false,"routable":false,"access_blocked":false,"profiles":[],"source":"openstreetmap","source_date":"2026-09-11","confidence":"medium","surveyed":false},"geometry":{"type":"LineString","coordinates":[[-77.1021703,38.7132184],[-77.102036,38.7132422],[-77.1019666,38.7132498],[-77.1018715,38.7132564],[-77.1018387,38.7132587],[-77.10179,38.7132622],[-77.1016632,38.7132571],[-77.1016036,38.7132433],[-77.101552,38.7132182]]}},{"type":"Feature","id":"way/232599946","properties":{"id":"way/232599946","name":null,"class":"service_road","highway":"service","surface":null,"base_width":5,"step_free":true,"surface_advisory":false,"routable":true,"access_blocked":false,"profiles":["visitor","step_free"],"source":"openstreetmap","source_date":"2026-09-11","confidence":"medium","surveyed":false},"geometry":{"type":"LineString","coordinates":[[-77.1030346,38.7126553],[-77.1030848,38.7127428],[-77.1030969,38.7127754],[-77.1031017,38.7128061],[-77.103076,38.7130485],[-77.1030712,38.7131205],[-77.1030575,38.71319],[-77.1030415,38.7132326],[-77.103015,38.7132664],[-77.1029781,38.7132977],[-77.1029379,38.7133378],[-77.1028974,38.7134128],[-77.1028733,38.7134629],[-77.1027717,38.7136331],[-77.1026545,38.7138354],[-77.1026328,38.713888],[-77.1026039,38.7138993],[-77.1025694,38.713898],[-77.10252,38.7138863],[-77.102402,38.7138487],[-77.1022894,38.7138298],[-77.1022035,38.7138257],[-77.1021494,38.7138376],[-77.1020859,38.7138657],[-77.1020453,38.7138926],[-77.102017,38.713924],[-77.1019818,38.7139813],[-77.1018368,38.7143496]]}},{"type":"Feature","id":"way/232599948","properties":{"id":"way/232599948","name":null,"class":"public_road","highway":"primary_link","surface":"asphalt","base_width":8,"step_free":true,"surface_advisory":false,"routable":false,"access_blocked":false,"profiles":[],"source":"openstreetmap","source_date":"2026-09-11","confidence":"medium","surveyed":false},"geometry":{"type":"LineString","coordinates":[[-77.101552,38.7132182],[-77.1015464,38.7132837],[-77.1015383,38.7133895],[-77.1015165,38.7134804],[-77.1014912,38.7135896],[-77.1014741,38.7136264],[-77.1014519,38.7136592],[-77.101391,38.7137106]]}},{"type":"Feature","id":"way/232603470","properties":{"id":"way/232603470","name":null,"class":"service_road","highway":"service","surface":"asphalt","base_width":5,"step_free":true,"surface_advisory":false,"routable":true,"access_blocked":false,"profiles":["visitor","step_free"],"source":"openstreetmap","source_date":"2026-09-11","confidence":"medium","surveyed":false},"geometry":{"type":"LineString","coordinates":[[-77.0853288,38.7128087],[-77.0851095,38.7127815]]}},{"type":"Feature","id":"way/232603471","properties":{"id":"way/232603471","name":null,"class":"service_road","highway":"service","surface":"asphalt","base_width":5,"step_free":true,"surface_advisory":false,"routable":true,"access_blocked":false,"profiles":["visitor","step_free"],"source":"openstreetmap","source_date":"2026-09-11","confidence":"medium","surveyed":false},"geometry":{"type":"LineString","coordinates":[[-77.0863356,38.7129865],[-77.0863411,38.7129508],[-77.0863302,38.7129195],[-77.0863088,38.7128902],[-77.086251,38.712857],[-77.0861625,38.7128249]]}},{"type":"Feature","id":"way/232603480","properties":{"id":"way/232603480","name":null,"class":"service_road","highway":"service","surface":"asphalt","base_width":5,"step_free":true,"surface_advisory":false,"routable":true,"access_blocked":false,"profiles":["visitor","step_free"],"source":"openstreetmap","source_date":"2026-09-11","confidence":"medium","surveyed":false},"geometry":{"type":"LineString","coordinates":[[-77.0865984,38.7127542],[-77.0866038,38.7128191],[-77.0865952,38.7128738]]}},{"type":"Feature","id":"way/232603488","properties":{"id":"way/232603488","name":null,"class":"service_road","highway":"service","surface":"asphalt","base_width":5,"step_free":true,"surface_advisory":false,"routable":true,"access_blocked":false,"profiles":["visitor","step_free"],"source":"openstreetmap","source_date":"2026-09-11","confidence":"medium","surveyed":false},"geometry":{"type":"LineString","coordinates":[[-77.0850563,38.7112681],[-77.0850538,38.711333],[-77.0850267,38.7120509],[-77.0850053,38.7124946],[-77.0850053,38.712572],[-77.0850174,38.7126416]]}},{"type":"Feature","id":"way/232603502","properties":{"id":"way/232603502","name":null,"class":"service_road","highway":"service","surface":"asphalt","base_width":5,"step_free":true,"surface_advisory":false,"routable":true,"access_blocked":false,"profiles":["visitor","step_free"],"source":"openstreetmap","source_date":"2026-09-11","confidence":"medium","surveyed":false},"geometry":{"type":"LineString","coordinates":[[-77.0867728,38.7131226],[-77.0867684,38.7130914],[-77.0867647,38.713066],[-77.0866843,38.7128316],[-77.0866574,38.7127961],[-77.0866326,38.7127714],[-77.0865984,38.7127542]]}},{"type":"Feature","id":"way/232603507","properties":{"id":"way/232603507","name":null,"class":"service_road","highway":"service","surface":"asphalt","base_width":5,"step_free":true,"surface_advisory":false,"routable":true,"access_blocked":false,"profiles":["visitor","step_free"],"source":"openstreetmap","source_date":"2026-09-11","confidence":"medium","surveyed":false},"geometry":{"type":"LineString","coordinates":[[-77.0865984,38.7127542],[-77.0865449,38.712729],[-77.0864804,38.7127144],[-77.0863624,38.712704],[-77.0862806,38.7126936],[-77.086226,38.7126843]]}},{"type":"Feature","id":"way/232603515","properties":{"id":"way/232603515","name":null,"class":"service_road","highway":"service","surface":null,"base_width":5,"step_free":true,"surface_advisory":false,"routable":true,"access_blocked":false,"profiles":["visitor","step_free"],"source":"openstreetmap","source_date":"2026-09-11","confidence":"medium","surveyed":false},"geometry":{"type":"LineString","coordinates":[[-77.0853579,38.7110526],[-77.0853048,38.7110717],[-77.0852661,38.7110893],[-77.0851903,38.7111321],[-77.0851179,38.7111823],[-77.0850853,38.7112222],[-77.0850563,38.7112681]]}},{"type":"Feature","id":"way/232603523","properties":{"id":"way/232603523","name":null,"class":"service_road","highway":"service","surface":"asphalt","base_width":5,"step_free":true,"surface_advisory":false,"routable":true,"access_blocked":false,"profiles":["visitor","step_free"],"source":"openstreetmap","source_date":"2026-09-11","confidence":"medium","surveyed":false},"geometry":{"type":"LineString","coordinates":[[-77.0852418,38.7117326],[-77.0852403,38.7117684],[-77.0852076,38.7125239],[-77.0852007,38.7126827]]}},{"type":"Feature","id":"way/232603536","properties":{"id":"way/232603536","name":null,"class":"service_road","highway":"service","surface":"asphalt","base_width":5,"step_free":true,"surface_advisory":false,"routable":true,"access_blocked":false,"profiles":["visitor","step_free"],"source":"openstreetmap","source_date":"2026-09-11","confidence":"medium","surveyed":false},"geometry":{"type":"LineString","coordinates":[[-77.0928559,38.7188002],[-77.0926201,38.7184194],[-77.0925528,38.718294]]}},{"type":"Feature","id":"way/232603546","properties":{"id":"way/232603546","name":null,"class":"service_road","highway":"service","surface":"asphalt","base_width":5,"step_free":true,"surface_advisory":false,"routable":true,"access_blocked":false,"profiles":["visitor","step_free"],"source":"openstreetmap","source_date":"2026-09-11","confidence":"medium","surveyed":false},"geometry":{"type":"LineString","coordinates":[[-77.0852661,38.7110893],[-77.0852615,38.7112095],[-77.0852596,38.7112597],[-77.0852492,38.7115361],[-77.0852418,38.7117326]]}},{"type":"Feature","id":"way/232603548","properties":{"id":"way/232603548","name":null,"class":"service_road","highway":"service","surface":"asphalt","base_width":5,"step_free":true,"surface_advisory":false,"routable":true,"access_blocked":false,"profiles":["visitor","step_free"],"source":"openstreetmap","source_date":"2026-09-11","confidence":"medium","surveyed":false},"geometry":{"type":"LineString","coordinates":[[-77.0851095,38.7127815],[-77.0851337,38.7126731]]}},{"type":"Feature","id":"way/232603566","properties":{"id":"way/232603566","name":null,"class":"public_road","highway":"primary_link","surface":"asphalt","base_width":8,"step_free":true,"surface_advisory":false,"routable":false,"access_blocked":false,"profiles":[],"source":"openstreetmap","source_date":"2026-09-11","confidence":"medium","surveyed":false},"geometry":{"type":"LineString","coordinates":[[-77.0869102,38.7114842],[-77.0870154,38.7114459],[-77.0871162,38.7114314],[-77.0871939,38.7114314],[-77.0872583,38.7114418],[-77.087312,38.7114628],[-77.0873656,38.711493],[-77.0873971,38.7115195],[-77.0874152,38.7115611],[-77.0874232,38.7116148]]}},{"type":"Feature","id":"way/232603572","properties":{"id":"way/232603572","name":"George Washington Memorial Parkway","class":"public_road","highway":"primary","surface":"asphalt","base_width":8,"step_free":true,"surface_advisory":false,"routable":false,"access_blocked":false,"profiles":[],"source":"openstreetmap","source_date":"2026-09-11","confidence":"medium","surveyed":false},"geometry":{"type":"LineString","coordinates":[[-77.0856567,38.7116125],[-77.0857277,38.7116803],[-77.0858187,38.7117525],[-77.0858725,38.7117858],[-77.0859429,38.7118114],[-77.0860331,38.7118329],[-77.0860954,38.7118399],[-77.0861619,38.7118392],[-77.0862249,38.7118335],[-77.0863235,38.7118101],[-77.0863831,38.7117876],[-77.0864751,38.7117396],[-77.0865096,38.7117234]]}},{"type":"Feature","id":"way/232603585","properties":{"id":"way/232603585","name":null,"class":"visitor_path","highway":"footway","surface":null,"base_width":3.2,"step_free":true,"surface_advisory":false,"routable":true,"access_blocked":false,"profiles":["visitor","step_free"],"source":"openstreetmap","source_date":"2026-09-11","confidence":"medium","surveyed":false},"geometry":{"type":"LineString","coordinates":[[-77.086695,38.7136143],[-77.0868051,38.7136122],[-77.0868641,38.7135954],[-77.0869149,38.7135766],[-77.086966,38.7135368],[-77.0869981,38.7135096],[-77.0870812,38.713518],[-77.0871618,38.7135368],[-77.0872638,38.7135661],[-77.0873495,38.7136206],[-77.0874891,38.7137126],[-77.0876178,38.7138173],[-77.0877277,38.7139136],[-77.0878054,38.714014],[-77.0878805,38.7140956],[-77.0879422,38.71415],[-77.0879932,38.7142317],[-77.0880227,38.7143049],[-77.0880549,38.7143552],[-77.0881327,38.7144347],[-77.0882131,38.7145309],[-77.088307,38.7146879],[-77.0883902,38.7148679],[-77.0884492,38.7150144],[-77.0884894,38.7151567],[-77.0885135,38.7152572],[-77.0885296,38.7153681],[-77.0885511,38.7155836],[-77.0885618,38.7157825],[-77.0885672,38.7158871],[-77.0885725,38.7159624],[-77.0885968,38.7160524],[-77.088645,38.7161487],[-77.0886932,38.7162303],[-77.0887067,38.7162826],[-77.0887067,38.7163287],[-77.0887254,38.7163685],[-77.0887712,38.7164145],[-77.0888032,38.7164605],[-77.088822,38.7165024],[-77.0888327,38.716584],[-77.0888595,38.7166803],[-77.0888892,38.7167535],[-77.0889373,38.7168142],[-77.089041,38.7172938]]}},{"type":"Feature","id":"way/232603608","properties":{"id":"way/232603608","name":"George Washington Memorial Parkway","class":"public_road","highway":"primary","surface":"asphalt","base_width":8,"step_free":true,"surface_advisory":false,"routable":false,"access_blocked":false,"profiles":[],"source":"openstreetmap","source_date":"2026-09-11","confidence":"medium","surveyed":false},"geometry":{"type":"LineString","coordinates":[[-77.0869102,38.7114842],[-77.0870449,38.7114175],[-77.0871687,38.7113869],[-77.0872665,38.7113766],[-77.0874091,38.7113788]]}},{"type":"Feature","id":"way/232603615","properties":{"id":"way/232603615","name":null,"class":"service_road","highway":"service","surface":"asphalt","base_width":5,"step_free":true,"surface_advisory":false,"routable":true,"access_blocked":false,"profiles":["visitor","step_free"],"source":"openstreetmap","source_date":"2026-09-11","confidence":"medium","surveyed":false},"geometry":{"type":"LineString","coordinates":[[-77.086226,38.7126843],[-77.0861962,38.7127415],[-77.0861748,38.7127918],[-77.0861625,38.7128249]]}},{"type":"Feature","id":"way/232603634","properties":{"id":"way/232603634","name":null,"class":"service_road","highway":"service","surface":"asphalt","base_width":5,"step_free":true,"surface_advisory":false,"routable":true,"access_blocked":false,"profiles":["visitor","step_free"],"source":"openstreetmap","source_date":"2026-09-11","confidence":"medium","surveyed":false},"geometry":{"type":"LineString","coordinates":[[-77.0861625,38.7128249],[-77.0861506,38.7128566],[-77.0861264,38.7129112],[-77.0861077,38.7129801],[-77.0860702,38.7131141],[-77.0860165,38.7132606],[-77.0859495,38.7134029],[-77.0859252,38.7134573],[-77.0859173,38.7134929],[-77.0859225,38.7135222],[-77.0859493,38.7135494],[-77.085979,38.713564],[-77.0860218,38.7135661],[-77.08607,38.7135578],[-77.0861104,38.7135368],[-77.0861317,38.7135117],[-77.0862229,38.7133235],[-77.0862632,38.7132314],[-77.0863143,38.7130743],[-77.0863356,38.7129865]]}},{"type":"Feature","id":"way/232603651","properties":{"id":"way/232603651","name":null,"class":"service_road","highway":"service","surface":"asphalt","base_width":5,"step_free":true,"surface_advisory":false,"routable":true,"access_blocked":false,"profiles":["visitor","step_free"],"source":"openstreetmap","source_date":"2026-09-11","confidence":"medium","surveyed":false},"geometry":{"type":"LineString","coordinates":[[-77.0873075,38.7117547],[-77.0872014,38.7117683],[-77.0871739,38.7117755],[-77.0871054,38.7117934],[-77.0870061,38.7118374],[-77.086899,38.7119023],[-77.0867808,38.7119923],[-77.0866762,38.7120885],[-77.0865797,38.7121953],[-77.0864859,38.7123104],[-77.0863272,38.7125561],[-77.0863168,38.7125721],[-77.0862967,38.7125964],[-77.0862715,38.7126264],[-77.086226,38.7126843]]}},{"type":"Feature","id":"way/232603675","properties":{"id":"way/232603675","name":null,"class":"service_road","highway":"service","surface":"asphalt","base_width":5,"step_free":true,"surface_advisory":false,"routable":true,"access_blocked":false,"profiles":["visitor","step_free"],"source":"openstreetmap","source_date":"2026-09-11","confidence":"medium","surveyed":false},"geometry":{"type":"LineString","coordinates":[[-77.085312,38.712679],[-77.0853241,38.7127244],[-77.0853294,38.7127708],[-77.0853288,38.7128087]]}},{"type":"Feature","id":"way/232603677","properties":{"id":"way/232603677","name":null,"class":"service_road","highway":"service","surface":"asphalt","base_width":5,"step_free":true,"surface_advisory":false,"routable":true,"access_blocked":false,"profiles":["visitor","step_free"],"source":"openstreetmap","source_date":"2026-09-11","confidence":"medium","surveyed":false},"geometry":{"type":"LineString","coordinates":[[-77.086226,38.7126843],[-77.0860092,38.7126436],[-77.0859268,38.7126305],[-77.085804,38.712611]]}},{"type":"Feature","id":"way/232603684","properties":{"id":"way/232603684","name":null,"class":"service_road","highway":"service","surface":"asphalt","base_width":5,"step_free":true,"surface_advisory":false,"routable":true,"access_blocked":false,"profiles":["visitor","step_free"],"source":"openstreetmap","source_date":"2026-09-11","confidence":"medium","surveyed":false},"geometry":{"type":"LineString","coordinates":[[-77.085418,38.712609],[-77.08542,38.7124821],[-77.085421,38.7124235],[-77.0854451,38.7118039]]}},{"type":"Feature","id":"way/232603686","properties":{"id":"way/232603686","name":null,"class":"service_road","highway":"service","surface":null,"base_width":5,"step_free":true,"surface_advisory":false,"routable":true,"access_blocked":false,"profiles":["visitor","step_free"],"source":"openstreetmap","source_date":"2026-09-11","confidence":"medium","surveyed":false},"geometry":{"type":"LineString","coordinates":[[-77.0854451,38.7118039],[-77.0854451,38.7117558],[-77.085429,38.7117223],[-77.0854134,38.7117148],[-77.0853941,38.7117055],[-77.0853432,38.7116951],[-77.0853084,38.7116993],[-77.0852784,38.7117077],[-77.0852418,38.7117326]]}},{"type":"Feature","id":"way/232603705","properties":{"id":"way/232603705","name":"Old Mount Vernon Road","class":"public_road","highway":"secondary","surface":"asphalt","base_width":8,"step_free":true,"surface_advisory":false,"routable":false,"access_blocked":false,"profiles":[],"source":"openstreetmap","source_date":"2026-09-11","confidence":"medium","surveyed":false},"geometry":{"type":"LineString","coordinates":[[-77.0933766,38.7303252],[-77.0934482,38.7300815],[-77.0934844,38.7299581],[-77.093701,38.7292577],[-77.093876,38.7286884],[-77.093902,38.728608],[-77.0939766,38.7283218],[-77.0940414,38.7280729],[-77.0942106,38.7275245],[-77.0942566,38.7273388],[-77.094315,38.7270703],[-77.094572,38.7257172],[-77.0947329,38.7248806],[-77.094854,38.7243399],[-77.0949198,38.7240461],[-77.0949397,38.7239574],[-77.094997,38.723573],[-77.095119,38.722838],[-77.0952559,38.7219965],[-77.095329,38.721547],[-77.095348,38.7214242],[-77.095446,38.720789],[-77.0954614,38.7206907],[-77.0955823,38.7199184],[-77.0956321,38.7196005],[-77.095686,38.719256],[-77.095762,38.718687],[-77.09595,38.717392],[-77.095997,38.717036],[-77.09604,38.716808],[-77.096112,38.716309],[-77.0961215,38.7162577],[-77.0961433,38.7161562]]}},{"type":"Feature","id":"way/232603715","properties":{"id":"way/232603715","name":null,"class":"service_road","highway":"service","surface":"asphalt","base_width":5,"step_free":true,"surface_advisory":false,"routable":true,"access_blocked":false,"profiles":["visitor","step_free"],"source":"openstreetmap","source_date":"2026-09-11","confidence":"medium","surveyed":false},"geometry":{"type":"LineString","coordinates":[[-77.0865952,38.7128738],[-77.0865695,38.712963],[-77.0865047,38.7131873],[-77.0864321,38.7133882],[-77.0863651,38.7135368],[-77.0863277,38.7135975],[-77.0863143,38.713631],[-77.0863168,38.7136645],[-77.0863275,38.7136959],[-77.0865408,38.713891],[-77.0866038,38.7139491],[-77.086636,38.7139659],[-77.0866735,38.7139659],[-77.0867166,38.7139512],[-77.0867594,38.7139345],[-77.0867674,38.7139136],[-77.0867621,38.7138843],[-77.0867406,38.7138068],[-77.0867111,38.7136792],[-77.086695,38.7136143],[-77.0866896,38.713562],[-77.086695,38.7134971],[-77.0867138,38.7134134],[-77.0867621,38.713246],[-77.0867702,38.7131769],[-77.0867728,38.7131226]]}},{"type":"Feature","id":"way/232603718","properties":{"id":"way/232603718","name":null,"class":"service_road","highway":"service","surface":"asphalt","base_width":5,"step_free":true,"surface_advisory":false,"routable":true,"access_blocked":false,"profiles":["visitor","step_free"],"source":"openstreetmap","source_date":"2026-09-11","confidence":"medium","surveyed":false},"geometry":{"type":"LineString","coordinates":[[-77.0853288,38.7128087],[-77.0853163,38.7128609],[-77.0852278,38.7132816],[-77.0852064,38.7133214],[-77.0851716,38.7133527],[-77.0851313,38.7133737],[-77.0850884,38.7133778],[-77.0850508,38.7133695],[-77.0850186,38.7133465],[-77.0850052,38.7133067],[-77.0850045,38.7132589],[-77.0850185,38.7131957],[-77.0850648,38.7129847],[-77.0851095,38.7127815]]}},{"type":"Feature","id":"way/232715253","properties":{"id":"way/232715253","name":null,"class":"service_road","highway":"service","surface":"asphalt","base_width":5,"step_free":true,"surface_advisory":false,"routable":true,"access_blocked":false,"profiles":["visitor","step_free"],"source":"openstreetmap","source_date":"2026-09-11","confidence":"medium","surveyed":false},"geometry":{"type":"LineString","coordinates":[[-77.0885213,38.7119843],[-77.0885326,38.7120383],[-77.0885411,38.7120771],[-77.0885485,38.7121681],[-77.0885621,38.7122037],[-77.0885862,38.7122309],[-77.0890985,38.7125679],[-77.0891281,38.7125803],[-77.0891681,38.7125971],[-77.0892078,38.7126087],[-77.0892673,38.7126169],[-77.0893753,38.7126218],[-77.0894605,38.7126279],[-77.0895219,38.7126336]]}},{"type":"Feature","id":"way/232718135","properties":{"id":"way/232718135","name":"Forest Trail","class":"visitor_path","highway":"footway","surface":null,"base_width":3.2,"step_free":true,"surface_advisory":false,"routable":true,"access_blocked":false,"profiles":["visitor","step_free"],"source":"openstreetmap","source_date":"2026-09-11","confidence":"medium","surveyed":false},"geometry":{"type":"LineString","coordinates":[[-77.0899783,38.7081286],[-77.0903841,38.7081574]]}},{"type":"Feature","id":"way/232718147","properties":{"id":"way/232718147","name":"Forest Trail","class":"visitor_path","highway":"footway","surface":"gravel","base_width":3.2,"step_free":true,"surface_advisory":true,"routable":true,"access_blocked":false,"profiles":["visitor","step_free"],"source":"openstreetmap","source_date":"2026-09-11","confidence":"medium","surveyed":false},"geometry":{"type":"LineString","coordinates":[[-77.0888196,38.7081244],[-77.0892353,38.7083296],[-77.0892702,38.7083442],[-77.0893024,38.7083463],[-77.0893453,38.70834],[-77.0895309,38.7082557],[-77.0895572,38.7082437],[-77.0896912,38.7081872],[-77.0897744,38.7081517],[-77.0898469,38.7081307],[-77.0899059,38.7081244],[-77.0899783,38.7081286]]}},{"type":"Feature","id":"way/232718789","properties":{"id":"way/232718789","name":"Riverwood Road","class":"service_road","highway":"residential","surface":"asphalt","base_width":5,"step_free":true,"surface_advisory":false,"routable":true,"access_blocked":false,"profiles":["visitor","step_free"],"source":"openstreetmap","source_date":"2026-09-11","confidence":"medium","surveyed":false},"geometry":{"type":"LineString","coordinates":[[-77.097999,38.706772],[-77.0980578,38.7068602],[-77.0981361,38.7069408],[-77.0982592,38.7070253],[-77.0983813,38.7070957],[-77.0985191,38.7071531],[-77.0985942,38.7071701],[-77.0987128,38.7071745]]}},{"type":"Feature","id":"way/232718807","properties":{"id":"way/232718807","name":"Riverwood Road","class":"service_road","highway":"residential","surface":"asphalt","base_width":5,"step_free":true,"surface_advisory":false,"routable":true,"access_blocked":false,"profiles":["visitor","step_free"],"source":"openstreetmap","source_date":"2026-09-11","confidence":"medium","surveyed":false},"geometry":{"type":"LineString","coordinates":[[-77.0987128,38.7071745],[-77.0986579,38.7071009],[-77.0986015,38.7070591],[-77.0985131,38.7070193],[-77.0983897,38.7069691],[-77.0982502,38.7069084],[-77.0981213,38.7068435],[-77.097999,38.706772]]}},{"type":"Feature","id":"way/232721506","properties":{"id":"way/232721506","name":null,"class":"service_road","highway":"service","surface":"asphalt","base_width":5,"step_free":true,"surface_advisory":false,"routable":true,"access_blocked":false,"profiles":["visitor","step_free"],"source":"openstreetmap","source_date":"2026-09-11","confidence":"medium","surveyed":false},"geometry":{"type":"LineString","coordinates":[[-77.0878138,38.7112451],[-77.0880118,38.7112542],[-77.0880981,38.7112557],[-77.088165,38.7112535],[-77.0882349,38.7112452],[-77.0883207,38.7112368],[-77.0883851,38.7112368]]}},{"type":"Feature","id":"way/232721507","properties":{"id":"way/232721507","name":null,"class":"trail","highway":"track","surface":null,"base_width":2.6,"step_free":true,"surface_advisory":false,"routable":false,"access_blocked":true,"profiles":[],"source":"openstreetmap","source_date":"2026-09-11","confidence":"medium","surveyed":false},"geometry":{"type":"LineString","coordinates":[[-77.0879214,38.7098074],[-77.0879153,38.7097655],[-77.0879237,38.7097089],[-77.0879264,38.7096168],[-77.0879157,38.709554],[-77.0878808,38.7094933],[-77.0878378,38.7094305],[-77.08777,38.7093607]]}},{"type":"Feature","id":"way/232721508","properties":{"id":"way/232721508","name":null,"class":"service_road","highway":"service","surface":null,"base_width":5,"step_free":true,"surface_advisory":false,"routable":false,"access_blocked":true,"profiles":[],"source":"openstreetmap","source_date":"2026-09-11","confidence":"medium","surveyed":false},"geometry":{"type":"LineString","coordinates":[[-77.0913991,38.7110046],[-77.0912738,38.7110525],[-77.0911692,38.711107],[-77.091078,38.711176],[-77.0910189,38.7112388],[-77.0909277,38.7113665],[-77.0907615,38.7116198],[-77.0906916,38.7117369],[-77.0906594,38.7118102],[-77.0906488,38.711873],[-77.0906515,38.7119462],[-77.0906702,38.7120299],[-77.090705,38.7121011],[-77.0907642,38.7121869],[-77.0908526,38.7123041],[-77.0909332,38.7124131],[-77.0909841,38.7124926],[-77.0910189,38.712549],[-77.0910296,38.7125908],[-77.0910244,38.7126412]]}},{"type":"Feature","id":"way/232721509","properties":{"id":"way/232721509","name":null,"class":"service_road","highway":"service","surface":null,"base_width":5,"step_free":true,"surface_advisory":false,"routable":false,"access_blocked":true,"profiles":[],"source":"openstreetmap","source_date":"2026-09-11","confidence":"medium","surveyed":false},"geometry":{"type":"LineString","coordinates":[[-77.0913276,38.7104184],[-77.0912899,38.7103493],[-77.0912442,38.7103074],[-77.0911583,38.7102698],[-77.0910189,38.7102175],[-77.0906514,38.7101358],[-77.0905575,38.7101065],[-77.0904799,38.7100793],[-77.09041,38.7100395],[-77.0903458,38.7099956],[-77.0903028,38.7099437]]}},{"type":"Feature","id":"way/232721510","properties":{"id":"way/232721510","name":null,"class":"service_road","highway":"service","surface":null,"base_width":5,"step_free":true,"surface_advisory":false,"routable":false,"access_blocked":true,"profiles":[],"source":"openstreetmap","source_date":"2026-09-11","confidence":"medium","surveyed":false},"geometry":{"type":"LineString","coordinates":[[-77.0919336,38.7079989],[-77.0921482,38.7079549]]}},{"type":"Feature","id":"way/232721513","properties":{"id":"way/232721513","name":null,"class":"service_road","highway":"service","surface":"asphalt","base_width":5,"step_free":true,"surface_advisory":false,"routable":true,"access_blocked":false,"profiles":["visitor","step_free"],"source":"openstreetmap","source_date":"2026-09-11","confidence":"medium","surveyed":false},"geometry":{"type":"LineString","coordinates":[[-77.0888679,38.7113226],[-77.0888464,38.7112766],[-77.0888249,38.7112389],[-77.0887901,38.7112158],[-77.0887579,38.7112116],[-77.0886855,38.7112116],[-77.0884923,38.7112242],[-77.0883851,38.7112368],[-77.08846,38.7112514],[-77.0885058,38.7112745],[-77.088554,38.7113059],[-77.0885889,38.7113394],[-77.088613,38.7113854],[-77.0886238,38.7114315],[-77.088621,38.711469],[-77.0886211,38.7115277],[-77.0886236,38.7115925],[-77.0886531,38.7116574]]}},{"type":"Feature","id":"way/232721514","properties":{"id":"way/232721514","name":null,"class":"service_road","highway":"service","surface":null,"base_width":5,"step_free":true,"surface_advisory":false,"routable":false,"access_blocked":true,"profiles":[],"source":"openstreetmap","source_date":"2026-09-11","confidence":"medium","surveyed":false},"geometry":{"type":"LineString","coordinates":[[-77.0880813,38.7102451],[-77.0878915,38.7101798]]}},{"type":"Feature","id":"way/232721515","properties":{"id":"way/232721515","name":null,"class":"service_road","highway":"service","surface":null,"base_width":5,"step_free":true,"surface_advisory":false,"routable":false,"access_blocked":true,"profiles":[],"source":"openstreetmap","source_date":"2026-09-11","confidence":"medium","surveyed":false},"geometry":{"type":"LineString","coordinates":[[-77.0879529,38.7099465],[-77.0879677,38.7099423],[-77.0879803,38.7099368],[-77.0879923,38.7099293],[-77.0880042,38.7099185],[-77.0880137,38.709905],[-77.0880189,38.7098908],[-77.0880203,38.7098805],[-77.0880196,38.7098687],[-77.0880158,38.7098557],[-77.0880089,38.7098433],[-77.0879979,38.709831],[-77.0879828,38.7098204],[-77.0879683,38.7098139],[-77.0879537,38.7098096],[-77.0879371,38.7098073],[-77.0879214,38.7098074],[-77.0879065,38.7098094],[-77.0878899,38.7098141],[-77.0878761,38.7098207],[-77.0878655,38.7098277],[-77.0878574,38.7098349],[-77.0878489,38.7098452],[-77.0878417,38.7098593],[-77.0878386,38.7098753],[-77.0878399,38.7098898],[-77.0878439,38.7099016],[-77.0878497,38.7099117],[-77.0878554,38.7099188],[-77.087863,38.7099261],[-77.0878726,38.7099332],[-77.0878861,38.7099403],[-77.0879027,38.7099458],[-77.0879189,38.7099484],[-77.0879363,38.7099487],[-77.0879529,38.7099465]]}},{"type":"Feature","id":"way/232721516","properties":{"id":"way/232721516","name":null,"class":"service_road","highway":"service","surface":null,"base_width":5,"step_free":true,"surface_advisory":false,"routable":false,"access_blocked":true,"profiles":[],"source":"openstreetmap","source_date":"2026-09-11","confidence":"medium","surveyed":false},"geometry":{"type":"LineString","coordinates":[[-77.0919336,38.7079989],[-77.0918798,38.7078963],[-77.0918423,38.7078084],[-77.0918049,38.7076975],[-77.0917538,38.7076137],[-77.091625,38.7074254],[-77.0915204,38.7072642],[-77.0914428,38.7071742],[-77.0913514,38.7070821]]}},{"type":"Feature","id":"way/232721517","properties":{"id":"way/232721517","name":null,"class":"service_road","highway":"service","surface":"asphalt","base_width":5,"step_free":true,"surface_advisory":false,"routable":true,"access_blocked":false,"profiles":["visitor","step_free"],"source":"openstreetmap","source_date":"2026-09-11","confidence":"medium","surveyed":false},"geometry":{"type":"LineString","coordinates":[[-77.0894229,38.7121772],[-77.0895436,38.7122581]]}},{"type":"Feature","id":"way/232721518","properties":{"id":"way/232721518","name":null,"class":"service_road","highway":"service","surface":null,"base_width":5,"step_free":true,"surface_advisory":false,"routable":false,"access_blocked":true,"profiles":[],"source":"openstreetmap","source_date":"2026-09-11","confidence":"medium","surveyed":false},"geometry":{"type":"LineString","coordinates":[[-77.0913276,38.7104184],[-77.091365,38.71041],[-77.0914051,38.7103912],[-77.091432,38.710364],[-77.0914508,38.7103263],[-77.0914696,38.7102781],[-77.0914882,38.710184],[-77.0915043,38.7101233],[-77.0915259,38.7100835],[-77.0915715,38.7100354],[-77.0917593,38.7098637],[-77.0918988,38.7097298],[-77.0920018,38.7095923],[-77.0921139,38.7094516],[-77.0922902,38.7091961],[-77.0923816,38.7090663],[-77.0924163,38.7090098],[-77.0924379,38.7089554],[-77.0924459,38.7088989],[-77.0924352,38.7088277],[-77.0924003,38.7086519],[-77.09236,38.7085263],[-77.0923011,38.7084279],[-77.0922287,38.7083254],[-77.0921214,38.7082207],[-77.0920435,38.7081496],[-77.0919871,38.7080826],[-77.0919336,38.7079989]]}},{"type":"Feature","id":"way/232721523","properties":{"id":"way/232721523","name":null,"class":"service_road","highway":"service","surface":"asphalt","base_width":5,"step_free":true,"surface_advisory":false,"routable":true,"access_blocked":false,"profiles":["visitor","step_free"],"source":"openstreetmap","source_date":"2026-09-11","confidence":"medium","surveyed":false},"geometry":{"type":"LineString","coordinates":[[-77.0886531,38.7116574],[-77.0891146,38.7119735]]}},{"type":"Feature","id":"way/232721529","properties":{"id":"way/232721529","name":null,"class":"service_road","highway":"service","surface":null,"base_width":5,"step_free":true,"surface_advisory":false,"routable":false,"access_blocked":true,"profiles":[],"source":"openstreetmap","source_date":"2026-09-11","confidence":"medium","surveyed":false},"geometry":{"type":"LineString","coordinates":[[-77.0913139,38.7108202],[-77.0913783,38.7109667],[-77.0913991,38.7110046]]}},{"type":"Feature","id":"way/232721531","properties":{"id":"way/232721531","name":null,"class":"service_road","highway":"service","surface":null,"base_width":5,"step_free":true,"surface_advisory":false,"routable":false,"access_blocked":true,"profiles":[],"source":"openstreetmap","source_date":"2026-09-11","confidence":"medium","surveyed":false},"geometry":{"type":"LineString","coordinates":[[-77.0903538,38.7113603],[-77.0903456,38.7113895],[-77.090327,38.7114231],[-77.090285,38.7114776],[-77.0902331,38.7115089]]}},{"type":"Feature","id":"way/232721532","properties":{"id":"way/232721532","name":null,"class":"service_road","highway":"service","surface":null,"base_width":5,"step_free":true,"surface_advisory":false,"routable":false,"access_blocked":true,"profiles":[],"source":"openstreetmap","source_date":"2026-09-11","confidence":"medium","surveyed":false},"geometry":{"type":"LineString","coordinates":[[-77.0887901,38.7112158],[-77.0890395,38.7111886],[-77.089085,38.7111928],[-77.0891307,38.7112032],[-77.0891683,38.7112158],[-77.0892513,38.7112577]]}},{"type":"Feature","id":"way/232721534","properties":{"id":"way/232721534","name":null,"class":"service_road","highway":"service","surface":"asphalt","base_width":5,"step_free":true,"surface_advisory":false,"routable":true,"access_blocked":false,"profiles":["visitor","step_free"],"source":"openstreetmap","source_date":"2026-09-11","confidence":"medium","surveyed":false},"geometry":{"type":"LineString","coordinates":[[-77.0891146,38.7119735],[-77.0892756,38.7120786]]}},{"type":"Feature","id":"way/232721537","properties":{"id":"way/232721537","name":null,"class":"service_road","highway":"service","surface":null,"base_width":5,"step_free":true,"surface_advisory":false,"routable":false,"access_blocked":true,"profiles":[],"source":"openstreetmap","source_date":"2026-09-11","confidence":"medium","surveyed":false},"geometry":{"type":"LineString","coordinates":[[-77.088102,38.7110913],[-77.088253,38.711063],[-77.088334,38.711043],[-77.088554,38.710969],[-77.0886086,38.7109577]]}},{"type":"Feature","id":"way/232721540","properties":{"id":"way/232721540","name":null,"class":"visitor_path","highway":"footway","surface":null,"base_width":3.2,"step_free":true,"surface_advisory":false,"routable":false,"access_blocked":true,"profiles":[],"source":"openstreetmap","source_date":"2026-09-11","confidence":"medium","surveyed":false},"geometry":{"type":"LineString","coordinates":[[-77.0893835,38.7110274],[-77.0895304,38.7109939],[-77.0896732,38.7109625],[-77.0899558,38.7108979],[-77.0900614,38.7108851],[-77.0901178,38.7108872],[-77.0901714,38.7108956],[-77.090233,38.7109165]]}},{"type":"Feature","id":"way/232721541","properties":{"id":"way/232721541","name":null,"class":"service_road","highway":"service","surface":null,"base_width":5,"step_free":true,"surface_advisory":false,"routable":false,"access_blocked":true,"profiles":[],"source":"openstreetmap","source_date":"2026-09-11","confidence":"medium","surveyed":false},"geometry":{"type":"LineString","coordinates":[[-77.0881843,38.7102806],[-77.0881222,38.7102007],[-77.0880711,38.7101568],[-77.0880094,38.7101191],[-77.0879586,38.710094],[-77.0879209,38.7100668],[-77.0878998,38.7100377],[-77.0878949,38.7100042],[-77.0878974,38.7099729],[-77.0879027,38.7099458]]}},{"type":"Feature","id":"way/232721542","properties":{"id":"way/232721542","name":null,"class":"service_road","highway":"service","surface":null,"base_width":5,"step_free":true,"surface_advisory":false,"routable":false,"access_blocked":true,"profiles":[],"source":"openstreetmap","source_date":"2026-09-11","confidence":"medium","surveyed":false},"geometry":{"type":"LineString","coordinates":[[-77.0902331,38.7115089],[-77.0899917,38.7117538],[-77.0898736,38.7118793],[-77.0897557,38.7120174],[-77.0895436,38.7122581]]}},{"type":"Feature","id":"way/232721543","properties":{"id":"way/232721543","name":null,"class":"service_road","highway":"service","surface":"asphalt","base_width":5,"step_free":true,"surface_advisory":false,"routable":true,"access_blocked":false,"profiles":["visitor","step_free"],"source":"openstreetmap","source_date":"2026-09-11","confidence":"medium","surveyed":false},"geometry":{"type":"LineString","coordinates":[[-77.0892756,38.7120786],[-77.0894895,38.7118731]]}},{"type":"Feature","id":"way/232721544","properties":{"id":"way/232721544","name":null,"class":"service_road","highway":"service","surface":null,"base_width":5,"step_free":true,"surface_advisory":false,"routable":false,"access_blocked":true,"profiles":[],"source":"openstreetmap","source_date":"2026-09-11","confidence":"medium","surveyed":false},"geometry":{"type":"LineString","coordinates":[[-77.0889971,38.7101591],[-77.0889349,38.7101902],[-77.0888732,38.7102237],[-77.0888366,38.710238]]}},{"type":"Feature","id":"way/232721545","properties":{"id":"way/232721545","name":null,"class":"service_road","highway":"service","surface":null,"base_width":5,"step_free":true,"surface_advisory":false,"routable":false,"access_blocked":true,"profiles":[],"source":"openstreetmap","source_date":"2026-09-11","confidence":"medium","surveyed":false},"geometry":{"type":"LineString","coordinates":[[-77.0913991,38.7110046],[-77.0915179,38.71122],[-77.0916305,38.7113687],[-77.0917003,38.7114252],[-77.0917673,38.7114712],[-77.0918342,38.7115025],[-77.0919202,38.711534],[-77.0920221,38.7115612],[-77.092132,38.7116009],[-77.0923358,38.7116846],[-77.0925881,38.7118165],[-77.0927866,38.7119337],[-77.0928617,38.711986],[-77.0929662,38.7120509]]}},{"type":"Feature","id":"way/232721546","properties":{"id":"way/232721546","name":null,"class":"service_road","highway":"service","surface":null,"base_width":5,"step_free":true,"surface_advisory":false,"routable":false,"access_blocked":true,"profiles":[],"source":"openstreetmap","source_date":"2026-09-11","confidence":"medium","surveyed":false},"geometry":{"type":"LineString","coordinates":[[-77.0886086,38.7109577],[-77.0886242,38.7109268],[-77.088645,38.710903],[-77.0886812,38.7108835]]}},{"type":"Feature","id":"way/232721547","properties":{"id":"way/232721547","name":null,"class":"service_road","highway":"service","surface":null,"base_width":5,"step_free":true,"surface_advisory":false,"routable":false,"access_blocked":true,"profiles":[],"source":"openstreetmap","source_date":"2026-09-11","confidence":"medium","surveyed":false},"geometry":{"type":"LineString","coordinates":[[-77.0886812,38.7108835],[-77.088844,38.710831],[-77.088925,38.710813],[-77.0891539,38.7107445],[-77.089517,38.7106507],[-77.0898361,38.71059],[-77.0901929,38.7105377],[-77.0906657,38.7104795],[-77.0910002,38.7104414],[-77.0912497,38.7104247],[-77.0913276,38.7104184]]}},{"type":"Feature","id":"way/232721549","properties":{"id":"way/232721549","name":null,"class":"service_road","highway":"service","surface":null,"base_width":5,"step_free":true,"surface_advisory":false,"routable":false,"access_blocked":true,"profiles":[],"source":"openstreetmap","source_date":"2026-09-11","confidence":"medium","surveyed":false},"geometry":{"type":"LineString","coordinates":[[-77.0906657,38.7104795],[-77.0907855,38.7105147],[-77.0908983,38.7105544],[-77.0910189,38.7106067],[-77.0911369,38.7106695],[-77.0912415,38.710747],[-77.0913139,38.7108202]]}},{"type":"Feature","id":"way/232721550","properties":{"id":"way/232721550","name":null,"class":"service_road","highway":"service","surface":"asphalt","base_width":5,"step_free":true,"surface_advisory":false,"routable":true,"access_blocked":false,"profiles":["visitor","step_free"],"source":"openstreetmap","source_date":"2026-09-11","confidence":"medium","surveyed":false},"geometry":{"type":"LineString","coordinates":[[-77.0887417,38.7114816],[-77.0892539,38.7118374]]}},{"type":"Feature","id":"way/232721552","properties":{"id":"way/232721552","name":null,"class":"service_road","highway":"service","surface":"asphalt","base_width":5,"step_free":true,"surface_advisory":false,"routable":true,"access_blocked":false,"profiles":["visitor","step_free"],"source":"openstreetmap","source_date":"2026-09-11","confidence":"medium","surveyed":false},"geometry":{"type":"LineString","coordinates":[[-77.0894229,38.7121772],[-77.0896398,38.7119717]]}},{"type":"Feature","id":"way/232721553","properties":{"id":"way/232721553","name":null,"class":"visitor_path","highway":"footway","surface":null,"base_width":3.2,"step_free":true,"surface_advisory":false,"routable":false,"access_blocked":true,"profiles":[],"source":"openstreetmap","source_date":"2026-09-11","confidence":"medium","surveyed":false},"geometry":{"type":"LineString","coordinates":[[-77.0886086,38.7109577],[-77.0886558,38.7110086],[-77.0887042,38.71104],[-77.0887658,38.7110609],[-77.0888384,38.7110777],[-77.0889188,38.7110902],[-77.0889912,38.711086],[-77.0891093,38.7110714],[-77.0892353,38.7110463],[-77.0893835,38.7110274]]}},{"type":"Feature","id":"way/232721554","properties":{"id":"way/232721554","name":null,"class":"service_road","highway":"service","surface":null,"base_width":5,"step_free":true,"surface_advisory":false,"routable":false,"access_blocked":true,"profiles":[],"source":"openstreetmap","source_date":"2026-09-11","confidence":"medium","surveyed":false},"geometry":{"type":"LineString","coordinates":[[-77.0875293,38.7111446],[-77.0875776,38.7111739],[-77.0876473,38.7112011],[-77.0877197,38.7112221],[-77.0878138,38.7112451]]}},{"type":"Feature","id":"way/232721555","properties":{"id":"way/232721555","name":null,"class":"visitor_path","highway":"footway","surface":null,"base_width":3.2,"step_free":true,"surface_advisory":false,"routable":false,"access_blocked":true,"profiles":[],"source":"openstreetmap","source_date":"2026-09-11","confidence":"medium","surveyed":false},"geometry":{"type":"LineString","coordinates":[[-77.0893835,38.7110274],[-77.0902331,38.7115089]]}},{"type":"Feature","id":"way/232721556","properties":{"id":"way/232721556","name":null,"class":"service_road","highway":"service","surface":null,"base_width":5,"step_free":true,"surface_advisory":false,"routable":false,"access_blocked":true,"profiles":[],"source":"openstreetmap","source_date":"2026-09-11","confidence":"medium","surveyed":false},"geometry":{"type":"LineString","coordinates":[[-77.0913276,38.7104184],[-77.0913407,38.7104854],[-77.0913327,38.7105712],[-77.0913114,38.7106674],[-77.0913087,38.7107344],[-77.0913139,38.7108202]]}},{"type":"Feature","id":"way/232721557","properties":{"id":"way/232721557","name":null,"class":"service_road","highway":"service","surface":null,"base_width":5,"step_free":true,"surface_advisory":false,"routable":false,"access_blocked":true,"profiles":[],"source":"openstreetmap","source_date":"2026-09-11","confidence":"medium","surveyed":false},"geometry":{"type":"LineString","coordinates":[[-77.0886812,38.7108835],[-77.0885782,38.7107574],[-77.0884763,38.7106633],[-77.0883234,38.7104812],[-77.0882455,38.7103786],[-77.0881843,38.7102806]]}},{"type":"Feature","id":"way/232721558","properties":{"id":"way/232721558","name":null,"class":"service_road","highway":"service","surface":null,"base_width":5,"step_free":true,"surface_advisory":false,"routable":false,"access_blocked":true,"profiles":[],"source":"openstreetmap","source_date":"2026-09-11","confidence":"medium","surveyed":false},"geometry":{"type":"LineString","coordinates":[[-77.0880813,38.7102451],[-77.0879853,38.7104058]]}},{"type":"Feature","id":"way/232721559","properties":{"id":"way/232721559","name":null,"class":"service_road","highway":"service","surface":null,"base_width":5,"step_free":true,"surface_advisory":false,"routable":false,"access_blocked":true,"profiles":[],"source":"openstreetmap","source_date":"2026-09-11","confidence":"medium","surveyed":false},"geometry":{"type":"LineString","coordinates":[[-77.0891539,38.7107445],[-77.0891629,38.7106549],[-77.0891549,38.7106005],[-77.0891386,38.7105565],[-77.0891039,38.7104895],[-77.089069,38.7104226],[-77.0890447,38.710364],[-77.0890288,38.7102886],[-77.0890154,38.7102237],[-77.0889971,38.7101591]]}},{"type":"Feature","id":"way/232721560","properties":{"id":"way/232721560","name":null,"class":"service_road","highway":"service","surface":"asphalt","base_width":5,"step_free":true,"surface_advisory":false,"routable":true,"access_blocked":false,"profiles":["visitor","step_free"],"source":"openstreetmap","source_date":"2026-09-11","confidence":"medium","surveyed":false},"geometry":{"type":"LineString","coordinates":[[-77.0892756,38.7120786],[-77.0894229,38.7121772]]}},{"type":"Feature","id":"way/232721561","properties":{"id":"way/232721561","name":null,"class":"service_road","highway":"service","surface":null,"base_width":5,"step_free":true,"surface_advisory":false,"routable":false,"access_blocked":true,"profiles":[],"source":"openstreetmap","source_date":"2026-09-11","confidence":"medium","surveyed":false},"geometry":{"type":"LineString","coordinates":[[-77.088102,38.7110913],[-77.0881303,38.71104],[-77.0881516,38.7109814],[-77.0881758,38.7109291],[-77.0882107,38.7108977],[-77.0883071,38.7108412]]}},{"type":"Feature","id":"way/232721562","properties":{"id":"way/232721562","name":null,"class":"service_road","highway":"service","surface":null,"base_width":5,"step_free":true,"surface_advisory":false,"routable":false,"access_blocked":true,"profiles":[],"source":"openstreetmap","source_date":"2026-09-11","confidence":"medium","surveyed":false},"geometry":{"type":"LineString","coordinates":[[-77.0881843,38.7102806],[-77.0880813,38.7102451]]}},{"type":"Feature","id":"way/232721565","properties":{"id":"way/232721565","name":null,"class":"service_road","highway":"service","surface":"asphalt","base_width":5,"step_free":true,"surface_advisory":false,"routable":true,"access_blocked":false,"profiles":["visitor","step_free"],"source":"openstreetmap","source_date":"2026-09-11","confidence":"medium","surveyed":false},"geometry":{"type":"LineString","coordinates":[[-77.0891146,38.7119735],[-77.0892539,38.7118374],[-77.0893828,38.7117113],[-77.0888984,38.7113775],[-77.0888679,38.7113226]]}},{"type":"Feature","id":"way/232724500","properties":{"id":"way/232724500","name":null,"class":"service_road","highway":"service","surface":null,"base_width":5,"step_free":true,"surface_advisory":false,"routable":false,"access_blocked":true,"profiles":[],"source":"openstreetmap","source_date":"2026-09-11","confidence":"medium","surveyed":false},"geometry":{"type":"LineString","coordinates":[[-77.091047,38.7121122],[-77.0910779,38.7121053],[-77.0912013,38.7120781],[-77.0913622,38.712143],[-77.091709,38.7122917]]}},{"type":"Feature","id":"way/232724501","properties":{"id":"way/232724501","name":null,"class":"service_road","highway":"service","surface":null,"base_width":5,"step_free":true,"surface_advisory":false,"routable":false,"access_blocked":true,"profiles":[],"source":"openstreetmap","source_date":"2026-09-11","confidence":"medium","surveyed":false},"geometry":{"type":"LineString","coordinates":[[-77.092301,38.7123418],[-77.0920998,38.7122936],[-77.0918074,38.7121775],[-77.0916599,38.7121011],[-77.091617,38.712076],[-77.0915392,38.7120425],[-77.0914641,38.7120048],[-77.0912013,38.7120781]]}},{"type":"Feature","id":"way/232724502","properties":{"id":"way/232724502","name":null,"class":"service_road","highway":"service","surface":null,"base_width":5,"step_free":true,"surface_advisory":false,"routable":false,"access_blocked":true,"profiles":[],"source":"openstreetmap","source_date":"2026-09-11","confidence":"medium","surveyed":false},"geometry":{"type":"LineString","coordinates":[[-77.0936233,38.7125929],[-77.093465,38.7125239],[-77.0932987,38.7124402],[-77.0929983,38.7123083]]}},{"type":"Feature","id":"way/232724503","properties":{"id":"way/232724503","name":null,"class":"service_road","highway":"service","surface":null,"base_width":5,"step_free":true,"surface_advisory":false,"routable":false,"access_blocked":true,"profiles":[],"source":"openstreetmap","source_date":"2026-09-11","confidence":"medium","surveyed":false},"geometry":{"type":"LineString","coordinates":[[-77.0906498,38.712457],[-77.0903722,38.7127669]]}},{"type":"Feature","id":"way/232724504","properties":{"id":"way/232724504","name":null,"class":"service_road","highway":"service","surface":null,"base_width":5,"step_free":true,"surface_advisory":false,"routable":false,"access_blocked":true,"profiles":[],"source":"openstreetmap","source_date":"2026-09-11","confidence":"medium","surveyed":false},"geometry":{"type":"LineString","coordinates":[[-77.0961285,38.7131538],[-77.096166,38.713135],[-77.0961902,38.713112],[-77.0962116,38.7130701],[-77.0962518,38.7129864]]}},{"type":"Feature","id":"way/232724506","properties":{"id":"way/232724506","name":null,"class":"service_road","highway":"service","surface":null,"base_width":5,"step_free":true,"surface_advisory":false,"routable":false,"access_blocked":true,"profiles":[],"source":"openstreetmap","source_date":"2026-09-11","confidence":"medium","surveyed":false},"geometry":{"type":"LineString","coordinates":[[-77.0896992,38.7123537],[-77.0898661,38.7124563],[-77.0899883,38.7125312],[-77.0901622,38.7126379],[-77.0903722,38.7127669],[-77.0905631,38.7128842],[-77.0908874,38.7130743],[-77.0911744,38.7127896],[-77.0910244,38.7126412],[-77.0907936,38.7126076]]}},{"type":"Feature","id":"way/232724508","properties":{"id":"way/232724508","name":null,"class":"trail","highway":"track","surface":null,"base_width":2.6,"step_free":true,"surface_advisory":false,"routable":false,"access_blocked":true,"profiles":[],"source":"openstreetmap","source_date":"2026-09-11","confidence":"medium","surveyed":false},"geometry":{"type":"LineString","coordinates":[[-77.0926067,38.7128148],[-77.0925236,38.7127562],[-77.0924377,38.7126725],[-77.0924002,38.7126097],[-77.09236,38.7125092],[-77.092301,38.7123418]]}},{"type":"Feature","id":"way/232724509","properties":{"id":"way/232724509","name":null,"class":"service_road","highway":"service","surface":null,"base_width":5,"step_free":true,"surface_advisory":false,"routable":false,"access_blocked":true,"profiles":[],"source":"openstreetmap","source_date":"2026-09-11","confidence":"medium","surveyed":false},"geometry":{"type":"LineString","coordinates":[[-77.0959622,38.7128964],[-77.0960732,38.7129343],[-77.0962518,38.7129864],[-77.0964562,38.7130454],[-77.096602,38.713093]]}},{"type":"Feature","id":"way/232724510","properties":{"id":"way/232724510","name":null,"class":"service_road","highway":"service","surface":null,"base_width":5,"step_free":true,"surface_advisory":false,"routable":false,"access_blocked":true,"profiles":[],"source":"openstreetmap","source_date":"2026-09-11","confidence":"medium","surveyed":false},"geometry":{"type":"LineString","coordinates":[[-77.086259,38.7094835],[-77.0862017,38.7095215],[-77.0861368,38.7095964],[-77.0860583,38.7096916],[-77.0858211,38.7099812],[-77.0857687,38.7100352],[-77.0855789,38.7102311],[-77.085311,38.710529],[-77.0852828,38.7105642],[-77.085219,38.7106438],[-77.0851561,38.7107388],[-77.085115,38.710801],[-77.084945,38.711019],[-77.084872,38.711131]]}},{"type":"Feature","id":"way/232724511","properties":{"id":"way/232724511","name":null,"class":"trail","highway":"track","surface":null,"base_width":2.6,"step_free":true,"surface_advisory":false,"routable":false,"access_blocked":true,"profiles":[],"source":"openstreetmap","source_date":"2026-09-11","confidence":"medium","surveyed":false},"geometry":{"type":"LineString","coordinates":[[-77.0961285,38.7131538],[-77.0960426,38.7131936],[-77.0958468,38.7132689]]}},{"type":"Feature","id":"way/232724512","properties":{"id":"way/232724512","name":null,"class":"trail","highway":"track","surface":null,"base_width":2.6,"step_free":true,"surface_advisory":false,"routable":false,"access_blocked":true,"profiles":[],"source":"openstreetmap","source_date":"2026-09-11","confidence":"medium","surveyed":false},"geometry":{"type":"LineString","coordinates":[[-77.091047,38.7121122],[-77.0910457,38.7120258],[-77.0910591,38.7119588],[-77.091094,38.7118834],[-77.0911288,38.7118248],[-77.0912308,38.7118688],[-77.0913193,38.7118918],[-77.0914008,38.7118961],[-77.0914078,38.7119441],[-77.0914266,38.7119734],[-77.0914641,38.7120048]]}},{"type":"Feature","id":"way/232724513","properties":{"id":"way/232724513","name":null,"class":"service_road","highway":"service","surface":null,"base_width":5,"step_free":true,"surface_advisory":false,"routable":false,"access_blocked":true,"profiles":[],"source":"openstreetmap","source_date":"2026-09-11","confidence":"medium","surveyed":false},"geometry":{"type":"LineString","coordinates":[[-77.0902367,38.7122938],[-77.090408,38.7124028],[-77.0901622,38.7126379]]}},{"type":"Feature","id":"way/232724517","properties":{"id":"way/232724517","name":null,"class":"trail","highway":"track","surface":null,"base_width":2.6,"step_free":true,"surface_advisory":false,"routable":false,"access_blocked":true,"profiles":[],"source":"openstreetmap","source_date":"2026-09-11","confidence":"medium","surveyed":false},"geometry":{"type":"LineString","coordinates":[[-77.0959622,38.7128964],[-77.0960668,38.712819],[-77.0961472,38.7127415],[-77.0962089,38.7126704],[-77.0962545,38.7125741],[-77.0963055,38.7124485],[-77.0963404,38.7123334],[-77.0963645,38.7121932],[-77.0963913,38.7119902],[-77.0964181,38.7119086],[-77.0964557,38.7118332],[-77.0965201,38.7117495],[-77.0965523,38.7117097],[-77.0965683,38.7116637],[-77.0965871,38.7115716],[-77.0966059,38.7115004],[-77.0966434,38.7114314],[-77.0966569,38.7113874],[-77.0966595,38.7113393],[-77.0966408,38.7112807],[-77.0966247,38.7112284],[-77.0966247,38.7111928],[-77.0966408,38.7111007],[-77.0966515,38.7110212],[-77.0966461,38.710927],[-77.0966113,38.7107742],[-77.096571,38.7105963],[-77.0965362,38.7105],[-77.096504,38.7104581],[-77.0964745,38.7104205],[-77.0964369,38.7103891],[-77.0964181,38.7103723]]}},{"type":"Feature","id":"way/232724518","properties":{"id":"way/232724518","name":null,"class":"service_road","highway":"service","surface":null,"base_width":5,"step_free":true,"surface_advisory":false,"routable":false,"access_blocked":true,"profiles":[],"source":"openstreetmap","source_date":"2026-09-11","confidence":"medium","surveyed":false},"geometry":{"type":"LineString","coordinates":[[-77.091709,38.7122917],[-77.0918343,38.7123586],[-77.0920274,38.7124548],[-77.0921427,38.7123627],[-77.092301,38.7123418],[-77.0926765,38.7122623],[-77.0928883,38.7122225],[-77.0929662,38.7120509],[-77.0930037,38.711963],[-77.0930091,38.7118855],[-77.0930091,38.7117788],[-77.0929715,38.711716],[-77.0929313,38.7116637]]}},{"type":"Feature","id":"way/232724519","properties":{"id":"way/232724519","name":null,"class":"service_road","highway":"service","surface":null,"base_width":5,"step_free":true,"surface_advisory":false,"routable":false,"access_blocked":true,"profiles":[],"source":"openstreetmap","source_date":"2026-09-11","confidence":"medium","surveyed":false},"geometry":{"type":"LineString","coordinates":[[-77.0899883,38.7125312],[-77.0902367,38.7122938]]}},{"type":"Feature","id":"way/232724520","properties":{"id":"way/232724520","name":null,"class":"trail","highway":"track","surface":null,"base_width":2.6,"step_free":true,"surface_advisory":false,"routable":false,"access_blocked":true,"profiles":[],"source":"openstreetmap","source_date":"2026-09-11","confidence":"medium","surveyed":false},"geometry":{"type":"LineString","coordinates":[[-77.0850409,38.7105692],[-77.0850965,38.7106235],[-77.0851341,38.7106737],[-77.0851561,38.7107388]]}},{"type":"Feature","id":"way/232724521","properties":{"id":"way/232724521","name":null,"class":"service_road","highway":"service","surface":null,"base_width":5,"step_free":true,"surface_advisory":false,"routable":false,"access_blocked":true,"profiles":[],"source":"openstreetmap","source_date":"2026-09-11","confidence":"medium","surveyed":false},"geometry":{"type":"LineString","coordinates":[[-77.0907642,38.7121869],[-77.0908687,38.7121576],[-77.090984,38.7121262],[-77.091047,38.7121122]]}},{"type":"Feature","id":"way/232724522","properties":{"id":"way/232724522","name":null,"class":"service_road","highway":"service","surface":null,"base_width":5,"step_free":true,"surface_advisory":false,"routable":false,"access_blocked":true,"profiles":[],"source":"openstreetmap","source_date":"2026-09-11","confidence":"medium","surveyed":false},"geometry":{"type":"LineString","coordinates":[[-77.0896992,38.7123537],[-77.0899517,38.7121123],[-77.0901163,38.7122171],[-77.0902367,38.7122938]]}},{"type":"Feature","id":"way/232724523","properties":{"id":"way/232724523","name":null,"class":"service_road","highway":"service","surface":null,"base_width":5,"step_free":true,"surface_advisory":false,"routable":false,"access_blocked":true,"profiles":[],"source":"openstreetmap","source_date":"2026-09-11","confidence":"medium","surveyed":false},"geometry":{"type":"LineString","coordinates":[[-77.086259,38.7094835],[-77.0863894,38.7095749]]}},{"type":"Feature","id":"way/232724527","properties":{"id":"way/232724527","name":null,"class":"service_road","highway":"service","surface":null,"base_width":5,"step_free":true,"surface_advisory":false,"routable":false,"access_blocked":true,"profiles":[],"source":"openstreetmap","source_date":"2026-09-11","confidence":"medium","surveyed":false},"geometry":{"type":"LineString","coordinates":[[-77.0929662,38.7120509],[-77.0930868,38.7120969],[-77.0933872,38.7122162],[-77.0935535,38.7122811],[-77.0937601,38.7123523],[-77.0940578,38.712436],[-77.0944226,38.7125239],[-77.0944816,38.7125322],[-77.0949027,38.7126369],[-77.095364,38.7127436],[-77.095702,38.7128232],[-77.0959622,38.7128964]]}},{"type":"Feature","id":"way/232724528","properties":{"id":"way/232724528","name":null,"class":"service_road","highway":"service","surface":null,"base_width":5,"step_free":true,"surface_advisory":false,"routable":false,"access_blocked":true,"profiles":[],"source":"openstreetmap","source_date":"2026-09-11","confidence":"medium","surveyed":false},"geometry":{"type":"LineString","coordinates":[[-77.0895436,38.7122581],[-77.0896992,38.7123537]]}},{"type":"Feature","id":"way/232724531","properties":{"id":"way/232724531","name":null,"class":"trail","highway":"track","surface":null,"base_width":2.6,"step_free":true,"surface_advisory":false,"routable":false,"access_blocked":true,"profiles":[],"source":"openstreetmap","source_date":"2026-09-11","confidence":"medium","surveyed":false},"geometry":{"type":"LineString","coordinates":[[-77.0850409,38.7105692],[-77.0851287,38.7105754],[-77.0852011,38.7105754],[-77.0852828,38.7105642]]}},{"type":"Feature","id":"way/232724533","properties":{"id":"way/232724533","name":null,"class":"service_road","highway":"service","surface":null,"base_width":5,"step_free":true,"surface_advisory":false,"routable":false,"access_blocked":true,"profiles":[],"source":"openstreetmap","source_date":"2026-09-11","confidence":"medium","surveyed":false},"geometry":{"type":"LineString","coordinates":[[-77.0959622,38.7128964],[-77.0959809,38.7130241],[-77.0959997,38.7130952],[-77.0960265,38.7131266],[-77.0960587,38.7131497],[-77.0960909,38.713158],[-77.0961285,38.7131538]]}},{"type":"Feature","id":"way/232724535","properties":{"id":"way/232724535","name":null,"class":"service_road","highway":"service","surface":"asphalt","base_width":5,"step_free":true,"surface_advisory":false,"routable":true,"access_blocked":false,"profiles":["visitor","step_free"],"source":"openstreetmap","source_date":"2026-09-11","confidence":"medium","surveyed":false},"geometry":{"type":"LineString","coordinates":[[-77.0850174,38.7126416],[-77.0851337,38.7126731],[-77.0852007,38.7126827]]}},{"type":"Feature","id":"way/232724537","properties":{"id":"way/232724537","name":null,"class":"service_road","highway":"service","surface":null,"base_width":5,"step_free":true,"surface_advisory":false,"routable":false,"access_blocked":true,"profiles":[],"source":"openstreetmap","source_date":"2026-09-11","confidence":"medium","surveyed":false},"geometry":{"type":"LineString","coordinates":[[-77.0929983,38.7123083],[-77.0928883,38.7122225]]}},{"type":"Feature","id":"way/232724539","properties":{"id":"way/232724539","name":null,"class":"service_road","highway":"service","surface":null,"base_width":5,"step_free":true,"surface_advisory":false,"routable":false,"access_blocked":true,"profiles":[],"source":"openstreetmap","source_date":"2026-09-11","confidence":"medium","surveyed":false},"geometry":{"type":"LineString","coordinates":[[-77.0907936,38.7126076],[-77.0905631,38.7128842]]}},{"type":"Feature","id":"way/232724541","properties":{"id":"way/232724541","name":null,"class":"service_road","highway":"service","surface":null,"base_width":5,"step_free":true,"surface_advisory":false,"routable":false,"access_blocked":true,"profiles":[],"source":"openstreetmap","source_date":"2026-09-11","confidence":"medium","surveyed":false},"geometry":{"type":"LineString","coordinates":[[-77.0898661,38.7124563],[-77.0901163,38.7122171]]}},{"type":"Feature","id":"way/232724807","properties":{"id":"way/232724807","name":null,"class":"service_road","highway":"service","surface":null,"base_width":5,"step_free":true,"surface_advisory":false,"routable":false,"access_blocked":true,"profiles":[],"source":"openstreetmap","source_date":"2026-09-11","confidence":"medium","surveyed":false},"geometry":{"type":"LineString","coordinates":[[-77.084872,38.711131],[-77.0846647,38.7110546],[-77.0845681,38.7110191],[-77.084493,38.7110044],[-77.0844153,38.7110023],[-77.084308,38.711017],[-77.0842302,38.7110463],[-77.0841739,38.7110881],[-77.0841444,38.7111384],[-77.0841309,38.7111907],[-77.0841309,38.7112409],[-77.0841444,38.7112995],[-77.0841765,38.7113477],[-77.0842329,38.7113895],[-77.0844179,38.71149],[-77.0845306,38.7115632]]}},{"type":"Feature","id":"way/232724808","properties":{"id":"way/232724808","name":null,"class":"visitor_path","highway":"footway","surface":"gravel","base_width":3.2,"step_free":true,"surface_advisory":true,"routable":true,"access_blocked":false,"profiles":["visitor","step_free"],"source":"openstreetmap","source_date":"2026-09-11","confidence":"medium","surveyed":false},"geometry":{"type":"LineString","coordinates":[[-77.0870621,38.7073862],[-77.0874878,38.7069101],[-77.0876646,38.7067039],[-77.0878056,38.7065442],[-77.0878378,38.7065128],[-77.0878807,38.7064877]]}},{"type":"Feature","id":"way/232724809","properties":{"id":"way/232724809","name":null,"class":"visitor_path","highway":"footway","surface":"gravel","base_width":3.2,"step_free":true,"surface_advisory":true,"routable":true,"access_blocked":false,"profiles":["visitor","step_free"],"source":"openstreetmap","source_date":"2026-09-11","confidence":"medium","surveyed":false},"geometry":{"type":"LineString","coordinates":[[-77.0878671,38.7076736],[-77.0876448,38.7075629],[-77.0874704,38.7074754],[-77.0873843,38.7074414],[-77.0872862,38.7074104],[-77.0871606,38.7073927],[-77.0870621,38.7073862]]}},{"type":"Feature","id":"way/232724810","properties":{"id":"way/232724810","name":null,"class":"service_road","highway":"service","surface":"gravel","base_width":5,"step_free":true,"surface_advisory":true,"routable":true,"access_blocked":false,"profiles":["visitor","step_free"],"source":"openstreetmap","source_date":"2026-09-11","confidence":"medium","surveyed":false},"geometry":{"type":"LineString","coordinates":[[-77.0878675,38.7089014],[-77.088036,38.7089901],[-77.0881292,38.7090392]]}},{"type":"Feature","id":"way/232724812","properties":{"id":"way/232724812","name":null,"class":"service_road","highway":"service","surface":null,"base_width":5,"step_free":true,"surface_advisory":false,"routable":false,"access_blocked":true,"profiles":[],"source":"openstreetmap","source_date":"2026-09-11","confidence":"medium","surveyed":false},"geometry":{"type":"LineString","coordinates":[[-77.0845306,38.7115632],[-77.0844448,38.7116637],[-77.0844045,38.7117118],[-77.0843831,38.7117579],[-77.0843831,38.7117997],[-77.0844018,38.711829],[-77.0844421,38.71185],[-77.0845065,38.7118646],[-77.084603,38.7118688],[-77.0847574,38.711873]]}},{"type":"Feature","id":"way/232724813","properties":{"id":"way/232724813","name":null,"class":"visitor_path","highway":"footway","surface":"gravel","base_width":3.2,"step_free":true,"surface_advisory":true,"routable":true,"access_blocked":false,"profiles":["visitor","step_free"],"source":"openstreetmap","source_date":"2026-09-11","confidence":"medium","surveyed":false},"geometry":{"type":"LineString","coordinates":[[-77.0890012,38.7078204],[-77.0892003,38.7074986],[-77.0892526,38.7074138],[-77.0892951,38.7073581],[-77.0892946,38.7072491],[-77.0892808,38.7070509],[-77.0892873,38.7070017],[-77.089299,38.7068604],[-77.0893752,38.7067195],[-77.0894216,38.706631],[-77.0895387,38.7064775],[-77.0895953,38.7064071],[-77.0896112,38.706282],[-77.0896267,38.7061755],[-77.0896277,38.7061106],[-77.0895939,38.7060143],[-77.0895463,38.7059037],[-77.0895034,38.7058242],[-77.0894498,38.705753],[-77.0893613,38.7056567],[-77.0892701,38.7055667],[-77.0891923,38.7054997],[-77.0890716,38.705416],[-77.0889804,38.7053741],[-77.0889026,38.705349],[-77.088798,38.705326],[-77.088688,38.7053092],[-77.0886102,38.7053051],[-77.0885378,38.7053134]]}},{"type":"Feature","id":"way/232724814","properties":{"id":"way/232724814","name":null,"class":"service_road","highway":"service","surface":null,"base_width":5,"step_free":true,"surface_advisory":false,"routable":false,"access_blocked":true,"profiles":[],"source":"openstreetmap","source_date":"2026-09-11","confidence":"medium","surveyed":false},"geometry":{"type":"LineString","coordinates":[[-77.0845052,38.7128632],[-77.0844877,38.7128964],[-77.084485,38.712955],[-77.0845065,38.7130638],[-77.084552,38.713179],[-77.0845628,38.7132145],[-77.0846245,38.7133275],[-77.0846754,38.7134175],[-77.0846567,38.7134468],[-77.0846084,38.7134908],[-77.0845252,38.7135578]]}},{"type":"Feature","id":"way/232724815","properties":{"id":"way/232724815","name":null,"class":"trail","highway":"track","surface":null,"base_width":2.6,"step_free":true,"surface_advisory":false,"routable":false,"access_blocked":true,"profiles":[],"source":"openstreetmap","source_date":"2026-09-11","confidence":"medium","surveyed":false},"geometry":{"type":"LineString","coordinates":[[-77.0844985,38.7103327],[-77.0848364,38.7099537],[-77.0849047,38.7098617],[-77.0849598,38.7097506]]}},{"type":"Feature","id":"way/232724817","properties":{"id":"way/232724817","name":null,"class":"visitor_path","highway":"footway","surface":"unpaved","base_width":3.2,"step_free":true,"surface_advisory":true,"routable":true,"access_blocked":false,"profiles":["visitor","step_free"],"source":"openstreetmap","source_date":"2026-09-11","confidence":"medium","surveyed":false},"geometry":{"type":"LineString","coordinates":[[-77.0878671,38.7076736],[-77.0878313,38.7077238]]}},{"type":"Feature","id":"way/232724818","properties":{"id":"way/232724818","name":null,"class":"visitor_path","highway":"footway","surface":"gravel","base_width":3.2,"step_free":true,"surface_advisory":true,"routable":true,"access_blocked":false,"profiles":["visitor","step_free"],"source":"openstreetmap","source_date":"2026-09-11","confidence":"medium","surveyed":false},"geometry":{"type":"LineString","coordinates":[[-77.0866294,38.709315],[-77.0868673,38.709418],[-77.0869549,38.7094516],[-77.0870371,38.7094703],[-77.0871416,38.709481],[-77.0872856,38.7094781],[-77.0874716,38.7094601],[-77.0876123,38.70943],[-77.0876467,38.7094169],[-77.08777,38.7093607],[-77.0877991,38.7093421],[-77.0878662,38.7092994],[-77.087985,38.709195],[-77.0880806,38.7090965],[-77.0881292,38.7090392]]}},{"type":"Feature","id":"way/232724819","properties":{"id":"way/232724819","name":null,"class":"trail","highway":"track","surface":null,"base_width":2.6,"step_free":true,"surface_advisory":false,"routable":false,"access_blocked":true,"profiles":[],"source":"openstreetmap","source_date":"2026-09-11","confidence":"medium","surveyed":false},"geometry":{"type":"LineString","coordinates":[[-77.0839351,38.708924],[-77.0839781,38.7090224],[-77.0840478,38.7091019],[-77.0841095,38.7091647],[-77.0842034,38.709217],[-77.0843107,38.7092693],[-77.0844528,38.7093468],[-77.0846781,38.70951],[-77.0848498,38.7096544],[-77.0849598,38.7097506]]}},{"type":"Feature","id":"way/232724820","properties":{"id":"way/232724820","name":null,"class":"service_road","highway":"service","surface":null,"base_width":5,"step_free":true,"surface_advisory":false,"routable":false,"access_blocked":true,"profiles":[],"source":"openstreetmap","source_date":"2026-09-11","confidence":"medium","surveyed":false},"geometry":{"type":"LineString","coordinates":[[-77.0847788,38.7125711],[-77.08478,38.7126348],[-77.0847774,38.7126808],[-77.0847827,38.7127332],[-77.084772,38.7127687],[-77.0847398,38.7128085],[-77.0846915,38.7128273],[-77.0846111,38.7128357],[-77.0845386,38.7128462],[-77.0845052,38.7128632]]}},{"type":"Feature","id":"way/232724821","properties":{"id":"way/232724821","name":null,"class":"trail","highway":"track","surface":null,"base_width":2.6,"step_free":true,"surface_advisory":false,"routable":false,"access_blocked":true,"profiles":[],"source":"openstreetmap","source_date":"2026-09-11","confidence":"medium","surveyed":false},"geometry":{"type":"LineString","coordinates":[[-77.0855284,38.7090454],[-77.0855525,38.7089491],[-77.0855525,38.7088549],[-77.0855203,38.7088068],[-77.085456,38.708744],[-77.0854023,38.7087063],[-77.0853272,38.7086937],[-77.0851851,38.7087042]]}},{"type":"Feature","id":"way/232724822","properties":{"id":"way/232724822","name":null,"class":"service_road","highway":"service","surface":null,"base_width":5,"step_free":true,"surface_advisory":false,"routable":false,"access_blocked":true,"profiles":[],"source":"openstreetmap","source_date":"2026-09-11","confidence":"medium","surveyed":false},"geometry":{"type":"LineString","coordinates":[[-77.084872,38.711131],[-77.084821,38.711266],[-77.084723,38.71144],[-77.084708,38.711499],[-77.0847023,38.7115707]]}},{"type":"Feature","id":"way/232724823","properties":{"id":"way/232724823","name":null,"class":"service_road","highway":"service","surface":null,"base_width":5,"step_free":true,"surface_advisory":false,"routable":false,"access_blocked":true,"profiles":[],"source":"openstreetmap","source_date":"2026-09-11","confidence":"medium","surveyed":false},"geometry":{"type":"LineString","coordinates":[[-77.0847023,38.7115707],[-77.08475,38.71179],[-77.0847574,38.711873],[-77.084762,38.711925],[-77.084724,38.71245],[-77.084729,38.712493],[-77.084755,38.712541],[-77.0847788,38.7125711]]}},{"type":"Feature","id":"way/232724824","properties":{"id":"way/232724824","name":null,"class":"visitor_path","highway":"footway","surface":"gravel","base_width":3.2,"step_free":true,"surface_advisory":true,"routable":true,"access_blocked":false,"profiles":["visitor","step_free"],"source":"openstreetmap","source_date":"2026-09-11","confidence":"medium","surveyed":false},"geometry":{"type":"LineString","coordinates":[[-77.0870621,38.7073862],[-77.0870096,38.7074479],[-77.0869416,38.7075278]]}},{"type":"Feature","id":"way/232724825","properties":{"id":"way/232724825","name":null,"class":"service_road","highway":"service","surface":null,"base_width":5,"step_free":true,"surface_advisory":false,"routable":false,"access_blocked":true,"profiles":[],"source":"openstreetmap","source_date":"2026-09-11","confidence":"medium","surveyed":false},"geometry":{"type":"LineString","coordinates":[[-77.0847788,38.7125711],[-77.0848425,38.712602],[-77.0850174,38.7126416]]}},{"type":"Feature","id":"way/232724826","properties":{"id":"way/232724826","name":null,"class":"visitor_path","highway":"footway","surface":"gravel","base_width":3.2,"step_free":true,"surface_advisory":true,"routable":true,"access_blocked":false,"profiles":["visitor","step_free"],"source":"openstreetmap","source_date":"2026-09-11","confidence":"medium","surveyed":false},"geometry":{"type":"LineString","coordinates":[[-77.088458,38.7085797],[-77.0885727,38.7084551],[-77.0886585,38.7083547],[-77.0887497,38.7082354],[-77.0888196,38.7081244],[-77.0890012,38.7078204]]}},{"type":"Feature","id":"way/232724827","properties":{"id":"way/232724827","name":null,"class":"trail","highway":"track","surface":null,"base_width":2.6,"step_free":true,"surface_advisory":false,"routable":false,"access_blocked":true,"profiles":[],"source":"openstreetmap","source_date":"2026-09-11","confidence":"medium","surveyed":false},"geometry":{"type":"LineString","coordinates":[[-77.0855284,38.7090454],[-77.0857295,38.7091437]]}},{"type":"Feature","id":"way/232724828","properties":{"id":"way/232724828","name":null,"class":"trail","highway":"track","surface":null,"base_width":2.6,"step_free":true,"surface_advisory":false,"routable":false,"access_blocked":true,"profiles":[],"source":"openstreetmap","source_date":"2026-09-11","confidence":"medium","surveyed":false},"geometry":{"type":"LineString","coordinates":[[-77.0835891,38.7102175],[-77.0836428,38.7101463],[-77.0836857,38.7101233],[-77.0837447,38.7101107],[-77.0838252,38.7101065],[-77.0839003,38.7101086],[-77.0839754,38.7101212],[-77.0840612,38.7101484],[-77.0841497,38.7101902],[-77.0843294,38.7102844],[-77.0843723,38.7103033],[-77.0844011,38.7103117],[-77.0844367,38.7103221],[-77.0844985,38.7103327]]}},{"type":"Feature","id":"way/232724829","properties":{"id":"way/232724829","name":null,"class":"service_road","highway":"service","surface":null,"base_width":5,"step_free":true,"surface_advisory":false,"routable":false,"access_blocked":true,"profiles":[],"source":"openstreetmap","source_date":"2026-09-11","confidence":"medium","surveyed":false},"geometry":{"type":"LineString","coordinates":[[-77.0840237,38.7113644],[-77.0840907,38.7113602],[-77.0841765,38.7113477]]}},{"type":"Feature","id":"way/232724830","properties":{"id":"way/232724830","name":null,"class":"trail","highway":"track","surface":null,"base_width":2.6,"step_free":true,"surface_advisory":false,"routable":true,"access_blocked":false,"profiles":["visitor","step_free"],"source":"openstreetmap","source_date":"2026-09-11","confidence":"medium","surveyed":false},"geometry":{"type":"LineString","coordinates":[[-77.0903028,38.7099437],[-77.0900774,38.7099656],[-77.0898883,38.7099994],[-77.0897787,38.7100188],[-77.0897165,38.710024],[-77.0896511,38.7100206],[-77.0895828,38.7100086],[-77.0895066,38.7099762],[-77.0893975,38.7099127],[-77.0889773,38.7096567],[-77.0889221,38.7096319],[-77.0888734,38.7096192],[-77.0888255,38.7096222],[-77.0887795,38.7096303],[-77.0887218,38.7096606],[-77.088574,38.7097491],[-77.0885127,38.7097652],[-77.0884421,38.7097562],[-77.0883227,38.7097359],[-77.0881862,38.7097379],[-77.0881088,38.7097512],[-77.0880416,38.7097821],[-77.0879828,38.7098204]]}},{"type":"Feature","id":"way/232724831","properties":{"id":"way/232724831","name":null,"class":"visitor_path","highway":"footway","surface":null,"base_width":3.2,"step_free":true,"surface_advisory":false,"routable":false,"access_blocked":true,"profiles":[],"source":"openstreetmap","source_date":"2026-09-11","confidence":"medium","surveyed":false},"geometry":{"type":"LineString","coordinates":[[-77.0878489,38.7098452],[-77.0877471,38.7098271]]}},{"type":"Feature","id":"way/232724833","properties":{"id":"way/232724833","name":null,"class":"service_road","highway":"service","surface":null,"base_width":5,"step_free":true,"surface_advisory":false,"routable":false,"access_blocked":true,"profiles":[],"source":"openstreetmap","source_date":"2026-09-11","confidence":"medium","surveyed":false},"geometry":{"type":"LineString","coordinates":[[-77.0845052,38.7128632],[-77.0844743,38.7128127],[-77.0844501,38.7127562],[-77.0844126,38.7125908]]}},{"type":"Feature","id":"way/232724835","properties":{"id":"way/232724835","name":null,"class":"trail","highway":"track","surface":null,"base_width":2.6,"step_free":true,"surface_advisory":false,"routable":false,"access_blocked":true,"profiles":[],"source":"openstreetmap","source_date":"2026-09-11","confidence":"medium","surveyed":false},"geometry":{"type":"LineString","coordinates":[[-77.0849598,38.7097506],[-77.0850107,38.7096544],[-77.085118,38.7095393],[-77.085228,38.7094117],[-77.0853648,38.709261],[-77.0855113,38.7091155],[-77.0855284,38.7090454]]}},{"type":"Feature","id":"way/232724837","properties":{"id":"way/232724837","name":null,"class":"trail","highway":"track","surface":null,"base_width":2.6,"step_free":true,"surface_advisory":false,"routable":false,"access_blocked":true,"profiles":[],"source":"openstreetmap","source_date":"2026-09-11","confidence":"medium","surveyed":false},"geometry":{"type":"LineString","coordinates":[[-77.0844985,38.7103327],[-77.0848873,38.7105105],[-77.0850409,38.7105692]]}},{"type":"Feature","id":"way/232724839","properties":{"id":"way/232724839","name":null,"class":"visitor_path","highway":"footway","surface":"gravel","base_width":3.2,"step_free":true,"surface_advisory":true,"routable":true,"access_blocked":false,"profiles":["visitor","step_free"],"source":"openstreetmap","source_date":"2026-09-11","confidence":"medium","surveyed":false},"geometry":{"type":"LineString","coordinates":[[-77.088458,38.7085797],[-77.0884109,38.7085601],[-77.0883855,38.7085272],[-77.0883835,38.7084604],[-77.0883758,38.7083526],[-77.088351,38.7082217],[-77.0883136,38.7081022],[-77.0882775,38.7080286],[-77.0882311,38.7079532],[-77.0881658,38.707882],[-77.0880818,38.7078127],[-77.0879737,38.707738],[-77.0878671,38.7076736]]}},{"type":"Feature","id":"way/232724840","properties":{"id":"way/232724840","name":null,"class":"visitor_path","highway":"footway","surface":"gravel","base_width":3.2,"step_free":true,"surface_advisory":true,"routable":true,"access_blocked":false,"profiles":["visitor","step_free"],"source":"openstreetmap","source_date":"2026-09-11","confidence":"medium","surveyed":false},"geometry":{"type":"LineString","coordinates":[[-77.0881292,38.7090392],[-77.0882487,38.7089093],[-77.0883083,38.7088137],[-77.0883405,38.7087374],[-77.0883591,38.7087003],[-77.0883917,38.7086527],[-77.088458,38.7085797]]}},{"type":"Feature","id":"way/232726898","properties":{"id":"way/232726898","name":null,"class":"visitor_path","highway":"footway","surface":null,"base_width":3.2,"step_free":true,"surface_advisory":false,"routable":true,"access_blocked":false,"profiles":["visitor","step_free"],"source":"openstreetmap","source_date":"2026-09-11","confidence":"medium","surveyed":false},"geometry":{"type":"LineString","coordinates":[[-77.0910779,38.7065253],[-77.0912059,38.7066278],[-77.0912669,38.7067015]]}},{"type":"Feature","id":"way/232726899","properties":{"id":"way/232726899","name":null,"class":"visitor_path","highway":"footway","surface":"paving_stones","base_width":3.2,"step_free":true,"surface_advisory":false,"routable":true,"access_blocked":false,"profiles":["visitor","step_free"],"source":"openstreetmap","source_date":"2026-09-11","confidence":"medium","surveyed":false},"geometry":{"type":"LineString","coordinates":[[-77.086586,38.7106571],[-77.0865583,38.7106214],[-77.0865288,38.7105712],[-77.086502,38.7105],[-77.0864779,38.7104226],[-77.0864618,38.7103661]]}},{"type":"Feature","id":"way/232726900","properties":{"id":"way/232726900","name":null,"class":"visitor_path","highway":"footway","surface":"paving_stones","base_width":3.2,"step_free":true,"surface_advisory":false,"routable":true,"access_blocked":false,"profiles":["visitor","step_free"],"source":"openstreetmap","source_date":"2026-09-11","confidence":"medium","surveyed":false},"geometry":{"type":"LineString","coordinates":[[-77.0866281,38.7103472],[-77.0865986,38.7103095],[-77.0865718,38.7102719],[-77.0865208,38.7102342]]}},{"type":"Feature","id":"way/232726901","properties":{"id":"way/232726901","name":null,"class":"visitor_path","highway":"footway","surface":"gravel","base_width":3.2,"step_free":true,"surface_advisory":true,"routable":true,"access_blocked":false,"profiles":["visitor","step_free"],"source":"openstreetmap","source_date":"2026-09-11","confidence":"medium","surveyed":false},"geometry":{"type":"LineString","coordinates":[[-77.08698,38.7088677],[-77.0868086,38.709077]]}},{"type":"Feature","id":"way/232726902","properties":{"id":"way/232726902","name":null,"class":"visitor_path","highway":"footway","surface":null,"base_width":3.2,"step_free":true,"surface_advisory":false,"routable":true,"access_blocked":false,"profiles":["visitor","step_free"],"source":"openstreetmap","source_date":"2026-09-11","confidence":"medium","surveyed":false},"geometry":{"type":"LineString","coordinates":[[-77.0882349,38.7053387],[-77.0882642,38.7052569],[-77.088283,38.7052297],[-77.0883125,38.7052109],[-77.0883608,38.7052109],[-77.0885754,38.705213]]}},{"type":"Feature","id":"way/232726903","properties":{"id":"way/232726903","name":null,"class":"visitor_path","highway":"footway","surface":"paving_stones","base_width":3.2,"step_free":true,"surface_advisory":false,"routable":true,"access_blocked":false,"profiles":["visitor","step_free"],"source":"openstreetmap","source_date":"2026-09-11","confidence":"medium","surveyed":false},"geometry":{"type":"LineString","coordinates":[[-77.0864275,38.7103391],[-77.0864618,38.7103661]]}},{"type":"Feature","id":"way/232726904","properties":{"id":"way/232726904","name":null,"class":"visitor_path","highway":"footway","surface":"compacted","base_width":3.2,"step_free":true,"surface_advisory":false,"routable":true,"access_blocked":false,"profiles":["visitor","step_free"],"source":"openstreetmap","source_date":"2026-09-11","confidence":"medium","surveyed":false},"geometry":{"type":"LineString","coordinates":[[-77.0863464,38.7089763],[-77.0862117,38.7089081],[-77.0863008,38.7088026]]}},{"type":"Feature","id":"way/232726905","properties":{"id":"way/232726905","name":null,"class":"visitor_path","highway":"footway","surface":null,"base_width":3.2,"step_free":true,"surface_advisory":false,"routable":true,"access_blocked":false,"profiles":["visitor","step_free"],"source":"openstreetmap","source_date":"2026-09-11","confidence":"medium","surveyed":false},"geometry":{"type":"LineString","coordinates":[[-77.08698,38.7088677],[-77.0870546,38.7089198],[-77.0871001,38.7089658],[-77.0871431,38.7090286],[-77.0871618,38.7090851],[-77.0871726,38.7091396],[-77.0871779,38.7092023],[-77.0871753,38.7092463],[-77.0871685,38.7092583],[-77.0871594,38.7092686]]}},{"type":"Feature","id":"way/232726906","properties":{"id":"way/232726906","name":null,"class":"visitor_path","highway":"footway","surface":"paving_stones","base_width":3.2,"step_free":true,"surface_advisory":false,"routable":true,"access_blocked":false,"profiles":["visitor","step_free"],"source":"openstreetmap","source_date":"2026-09-11","confidence":"medium","surveyed":false},"geometry":{"type":"LineString","coordinates":[[-77.0864275,38.7103391],[-77.0863277,38.7104142],[-77.0862016,38.7105251],[-77.0861166,38.7105924]]}},{"type":"Feature","id":"way/232726907","properties":{"id":"way/232726907","name":null,"class":"visitor_path","highway":"footway","surface":"paving_stones","base_width":3.2,"step_free":true,"surface_advisory":false,"routable":true,"access_blocked":false,"profiles":["visitor","step_free"],"source":"openstreetmap","source_date":"2026-09-11","confidence":"medium","surveyed":false},"geometry":{"type":"LineString","coordinates":[[-77.0858202,38.7089842],[-77.0858556,38.7090035],[-77.0858985,38.7090077],[-77.0859522,38.7089972],[-77.0859876,38.7089723],[-77.08601,38.7089549]]}},{"type":"Feature","id":"way/232726908","properties":{"id":"way/232726908","name":null,"class":"visitor_path","highway":"footway","surface":"paving_stones","base_width":3.2,"step_free":true,"surface_advisory":false,"routable":true,"access_blocked":false,"profiles":["visitor","step_free"],"source":"openstreetmap","source_date":"2026-09-11","confidence":"medium","surveyed":false},"geometry":{"type":"LineString","coordinates":[[-77.0892873,38.7070017],[-77.0890528,38.7069084],[-77.0888999,38.7068372],[-77.0887846,38.7067723]]}},{"type":"Feature","id":"way/232726909","properties":{"id":"way/232726909","name":null,"class":"visitor_path","highway":"footway","surface":"paving_stones","base_width":3.2,"step_free":true,"surface_advisory":false,"routable":true,"access_blocked":false,"profiles":["visitor","step_free"],"source":"openstreetmap","source_date":"2026-09-11","confidence":"medium","surveyed":false},"geometry":{"type":"LineString","coordinates":[[-77.0860256,38.7088738],[-77.0861196,38.708751]]}},{"type":"Feature","id":"way/232726910","properties":{"id":"way/232726910","name":null,"class":"visitor_path","highway":"footway","surface":"compacted","base_width":3.2,"step_free":true,"surface_advisory":false,"routable":true,"access_blocked":false,"profiles":["visitor","step_free"],"source":"openstreetmap","source_date":"2026-09-11","confidence":"medium","surveyed":false},"geometry":{"type":"LineString","coordinates":[[-77.0871096,38.7077521],[-77.0870793,38.7076449],[-77.0869965,38.707609],[-77.0869687,38.7075823],[-77.0869416,38.7075278]]}},{"type":"Feature","id":"way/232726911","properties":{"id":"way/232726911","name":null,"class":"visitor_path","highway":"footway","surface":"paving_stones","base_width":3.2,"step_free":true,"surface_advisory":false,"routable":true,"access_blocked":false,"profiles":["visitor","step_free"],"source":"openstreetmap","source_date":"2026-09-11","confidence":"medium","surveyed":false},"geometry":{"type":"LineString","coordinates":[[-77.0864762,38.7102793],[-77.0864387,38.7103169]]}},{"type":"Feature","id":"way/232726912","properties":{"id":"way/232726912","name":null,"class":"visitor_path","highway":"footway","surface":"paving_stones","base_width":3.2,"step_free":true,"surface_advisory":false,"routable":true,"access_blocked":false,"profiles":["visitor","step_free"],"source":"openstreetmap","source_date":"2026-09-11","confidence":"medium","surveyed":false},"geometry":{"type":"LineString","coordinates":[[-77.086586,38.7106571],[-77.0865578,38.710707],[-77.0865295,38.710757]]}},{"type":"Feature","id":"way/232726913","properties":{"id":"way/232726913","name":null,"class":"visitor_path","highway":"footway","surface":null,"base_width":3.2,"step_free":true,"surface_advisory":false,"routable":false,"access_blocked":true,"profiles":[],"source":"openstreetmap","source_date":"2026-09-11","confidence":"medium","surveyed":false},"geometry":{"type":"LineString","coordinates":[[-77.0855069,38.7096465],[-77.085478,38.7096931],[-77.0854676,38.7097789]]}},{"type":"Feature","id":"way/232726914","properties":{"id":"way/232726914","name":null,"class":"visitor_path","highway":"footway","surface":null,"base_width":3.2,"step_free":true,"surface_advisory":false,"routable":true,"access_blocked":false,"profiles":["visitor","step_free"],"source":"openstreetmap","source_date":"2026-09-11","confidence":"medium","surveyed":false},"geometry":{"type":"LineString","coordinates":[[-77.0872074,38.7066614],[-77.0873047,38.7066397]]}},{"type":"Feature","id":"way/232726915","properties":{"id":"way/232726915","name":null,"class":"steps","highway":"steps","surface":"paving_stones","base_width":3.2,"step_free":false,"surface_advisory":false,"routable":true,"access_blocked":false,"profiles":["visitor"],"source":"openstreetmap","source_date":"2026-09-11","confidence":"medium","surveyed":false},"geometry":{"type":"LineString","coordinates":[[-77.0862025,38.7078389],[-77.0862365,38.707823]]}},{"type":"Feature","id":"way/232726916","properties":{"id":"way/232726916","name":null,"class":"visitor_path","highway":"footway","surface":"unpaved","base_width":3.2,"step_free":true,"surface_advisory":true,"routable":true,"access_blocked":false,"profiles":["visitor","step_free"],"source":"openstreetmap","source_date":"2026-09-11","confidence":"medium","surveyed":false},"geometry":{"type":"LineString","coordinates":[[-77.0861092,38.7085166],[-77.0860673,38.7084935],[-77.086046,38.7084803],[-77.0860782,38.7084384],[-77.0860863,38.7083965],[-77.0860809,38.7083589],[-77.0860679,38.7083109]]}},{"type":"Feature","id":"way/232726919","properties":{"id":"way/232726919","name":null,"class":"visitor_path","highway":"footway","surface":"compacted","base_width":3.2,"step_free":true,"surface_advisory":false,"routable":true,"access_blocked":false,"profiles":["visitor","step_free"],"source":"openstreetmap","source_date":"2026-09-11","confidence":"medium","surveyed":false},"geometry":{"type":"LineString","coordinates":[[-77.0863453,38.7082233],[-77.0863831,38.7082408],[-77.0864285,38.7082537],[-77.0864657,38.7082606],[-77.0865233,38.7082574],[-77.0865583,38.7082494],[-77.0865904,38.7082275],[-77.0866127,38.7082048],[-77.0866234,38.7081754],[-77.0866254,38.708137],[-77.0866174,38.7080972],[-77.0866023,38.7080702],[-77.0865746,38.7080387],[-77.0865338,38.7080099]]}},{"type":"Feature","id":"way/232726920","properties":{"id":"way/232726920","name":null,"class":"visitor_path","highway":"footway","surface":null,"base_width":3.2,"step_free":true,"surface_advisory":false,"routable":false,"access_blocked":true,"profiles":[],"source":"openstreetmap","source_date":"2026-09-11","confidence":"medium","surveyed":false},"geometry":{"type":"LineString","coordinates":[[-77.0857848,38.7092912],[-77.0856972,38.7093977]]}},{"type":"Feature","id":"way/232726923","properties":{"id":"way/232726923","name":null,"class":"visitor_path","highway":"footway","surface":null,"base_width":3.2,"step_free":true,"surface_advisory":false,"routable":true,"access_blocked":false,"profiles":["visitor","step_free"],"source":"openstreetmap","source_date":"2026-09-11","confidence":"medium","surveyed":false},"geometry":{"type":"LineString","coordinates":[[-77.0909986,38.7064335],[-77.09102,38.7064633],[-77.0910779,38.7065253]]}},{"type":"Feature","id":"way/232726926","properties":{"id":"way/232726926","name":null,"class":"visitor_path","highway":"footway","surface":null,"base_width":3.2,"step_free":true,"surface_advisory":false,"routable":true,"access_blocked":false,"profiles":["visitor","step_free"],"source":"openstreetmap","source_date":"2026-09-11","confidence":"medium","surveyed":false},"geometry":{"type":"LineString","coordinates":[[-77.0864618,38.7103661],[-77.0865101,38.7103849],[-77.086561,38.7104058],[-77.0867909,38.7105661]]}},{"type":"Feature","id":"way/232726927","properties":{"id":"way/232726927","name":null,"class":"visitor_path","highway":"footway","surface":"paving_stones","base_width":3.2,"step_free":true,"surface_advisory":false,"routable":true,"access_blocked":false,"profiles":["visitor","step_free"],"source":"openstreetmap","source_date":"2026-09-11","confidence":"medium","surveyed":false},"geometry":{"type":"LineString","coordinates":[[-77.0877144,38.7095456],[-77.0876593,38.7094554],[-77.0876467,38.7094169]]}},{"type":"Feature","id":"way/232726929","properties":{"id":"way/232726929","name":null,"class":"visitor_path","highway":"footway","surface":"unpaved","base_width":3.2,"step_free":true,"surface_advisory":true,"routable":true,"access_blocked":false,"profiles":["visitor","step_free"],"source":"openstreetmap","source_date":"2026-09-11","confidence":"medium","surveyed":false},"geometry":{"type":"LineString","coordinates":[[-77.0860679,38.7083109],[-77.0860326,38.7082584],[-77.0860004,38.7081935],[-77.0859709,38.7081391],[-77.0859629,38.7081119],[-77.0859656,38.708091],[-77.0859962,38.7080447]]}},{"type":"Feature","id":"way/232726930","properties":{"id":"way/232726930","name":null,"class":"visitor_path","highway":"footway","surface":"compacted","base_width":3.2,"step_free":true,"surface_advisory":false,"routable":true,"access_blocked":false,"profiles":["visitor","step_free"],"source":"openstreetmap","source_date":"2026-09-11","confidence":"medium","surveyed":false},"geometry":{"type":"LineString","coordinates":[[-77.0885378,38.7053134],[-77.0883424,38.7053455],[-77.0882937,38.7053553],[-77.0882642,38.7053532],[-77.0882349,38.7053387]]}},{"type":"Feature","id":"way/232726931","properties":{"id":"way/232726931","name":null,"class":"visitor_path","highway":"footway","surface":"unpaved","base_width":3.2,"step_free":true,"surface_advisory":true,"routable":true,"access_blocked":false,"profiles":["visitor","step_free"],"source":"openstreetmap","source_date":"2026-09-11","confidence":"medium","surveyed":false},"geometry":{"type":"LineString","coordinates":[[-77.0871096,38.7077521],[-77.0870424,38.707832],[-77.0869826,38.7079016],[-77.086959,38.7079346],[-77.0869496,38.7079478]]}},{"type":"Feature","id":"way/232726933","properties":{"id":"way/232726933","name":null,"class":"visitor_path","highway":"footway","surface":"compacted","base_width":3.2,"step_free":true,"surface_advisory":false,"routable":true,"access_blocked":false,"profiles":["visitor","step_free"],"source":"openstreetmap","source_date":"2026-09-11","confidence":"medium","surveyed":false},"geometry":{"type":"LineString","coordinates":[[-77.0885754,38.705213],[-77.0887693,38.7052192],[-77.0889026,38.7052339],[-77.0889884,38.7052569],[-77.0890193,38.7052696],[-77.0890957,38.7053009],[-77.0892379,38.7053762],[-77.0894739,38.7055269],[-77.0896902,38.7056754],[-77.0897421,38.7057111],[-77.0899897,38.705881]]}},{"type":"Feature","id":"way/232726934","properties":{"id":"way/232726934","name":null,"class":"visitor_path","highway":"footway","surface":"gravel","base_width":3.2,"step_free":true,"surface_advisory":true,"routable":true,"access_blocked":false,"profiles":["visitor","step_free"],"source":"openstreetmap","source_date":"2026-09-11","confidence":"medium","surveyed":false},"geometry":{"type":"LineString","coordinates":[[-77.0865318,38.7089292],[-77.0867032,38.7087272]]}},{"type":"Feature","id":"way/232726936","properties":{"id":"way/232726936","name":null,"class":"visitor_path","highway":"footway","surface":null,"base_width":3.2,"step_free":true,"surface_advisory":false,"routable":false,"access_blocked":true,"profiles":[],"source":"openstreetmap","source_date":"2026-09-11","confidence":"medium","surveyed":false},"geometry":{"type":"LineString","coordinates":[[-77.0842358,38.7124906],[-77.0841947,38.7124863]]}},{"type":"Feature","id":"way/232726939","properties":{"id":"way/232726939","name":null,"class":"visitor_path","highway":"footway","surface":"concrete","base_width":3.2,"step_free":true,"surface_advisory":false,"routable":true,"access_blocked":false,"profiles":["visitor","step_free"],"source":"openstreetmap","source_date":"2026-09-11","confidence":"medium","surveyed":false},"geometry":{"type":"LineString","coordinates":[[-77.0877224,38.7114021],[-77.0877686,38.7114281],[-77.0883067,38.7117539],[-77.0889526,38.7121718],[-77.0896058,38.7125967],[-77.0901702,38.7129638],[-77.0906364,38.7132792],[-77.091101,38.7135962],[-77.0916196,38.7139572],[-77.092143,38.7143168],[-77.0927155,38.7147145]]}},{"type":"Feature","id":"way/232726940","properties":{"id":"way/232726940","name":null,"class":"visitor_path","highway":"footway","surface":"gravel","base_width":3.2,"step_free":true,"surface_advisory":true,"routable":true,"access_blocked":false,"profiles":["visitor","step_free"],"source":"openstreetmap","source_date":"2026-09-11","confidence":"medium","surveyed":false},"geometry":{"type":"LineString","coordinates":[[-77.0863008,38.7088026],[-77.0865318,38.7089292]]}},{"type":"Feature","id":"way/232726941","properties":{"id":"way/232726941","name":null,"class":"visitor_path","highway":"footway","surface":"gravel","base_width":3.2,"step_free":true,"surface_advisory":true,"routable":true,"access_blocked":false,"profiles":["visitor","step_free"],"source":"openstreetmap","source_date":"2026-09-11","confidence":"medium","surveyed":false},"geometry":{"type":"LineString","coordinates":[[-77.0869416,38.7075278],[-77.0871887,38.7076493]]}},{"type":"Feature","id":"way/232726943","properties":{"id":"way/232726943","name":null,"class":"visitor_path","highway":"footway","surface":"paving_stones","base_width":3.2,"step_free":true,"surface_advisory":false,"routable":true,"access_blocked":false,"profiles":["visitor","step_free"],"source":"openstreetmap","source_date":"2026-09-11","confidence":"medium","surveyed":false},"geometry":{"type":"LineString","coordinates":[[-77.0860256,38.7088738],[-77.0860568,38.7089135],[-77.0860997,38.7089491],[-77.0861587,38.7089868],[-77.0866525,38.7092381],[-77.0866726,38.7092483]]}},{"type":"Feature","id":"way/232726944","properties":{"id":"way/232726944","name":null,"class":"visitor_path","highway":"footway","surface":"paving_stones","base_width":3.2,"step_free":true,"surface_advisory":false,"routable":true,"access_blocked":false,"profiles":["visitor","step_free"],"source":"openstreetmap","source_date":"2026-09-11","confidence":"medium","surveyed":false},"geometry":{"type":"LineString","coordinates":[[-77.0876292,38.7096608],[-77.0876554,38.7096356],[-77.0876849,38.7096],[-77.0877144,38.7095456]]}},{"type":"Feature","id":"way/232726945","properties":{"id":"way/232726945","name":null,"class":"visitor_path","highway":"footway","surface":"paving_stones","base_width":3.2,"step_free":true,"surface_advisory":false,"routable":true,"access_blocked":false,"profiles":["visitor","step_free"],"source":"openstreetmap","source_date":"2026-09-11","confidence":"medium","surveyed":false},"geometry":{"type":"LineString","coordinates":[[-77.0869047,38.7105561],[-77.0868783,38.7105334],[-77.0868584,38.710504],[-77.0868453,38.7104749],[-77.0868427,38.7104435]]}},{"type":"Feature","id":"way/232726946","properties":{"id":"way/232726946","name":null,"class":"visitor_path","highway":"footway","surface":"paving_stones","base_width":3.2,"step_free":true,"surface_advisory":false,"routable":true,"access_blocked":false,"profiles":["visitor","step_free"],"source":"openstreetmap","source_date":"2026-09-11","confidence":"medium","surveyed":false},"geometry":{"type":"LineString","coordinates":[[-77.0874878,38.7069101],[-77.0873818,38.7068791],[-77.0873281,38.7068498],[-77.0872691,38.7067954],[-77.0872235,38.7067367],[-77.0872074,38.7066886],[-77.0872074,38.7066614]]}},{"type":"Feature","id":"way/232726947","properties":{"id":"way/232726947","name":null,"class":"visitor_path","highway":"footway","surface":null,"base_width":3.2,"step_free":true,"surface_advisory":false,"routable":false,"access_blocked":true,"profiles":[],"source":"openstreetmap","source_date":"2026-09-11","confidence":"medium","surveyed":false},"geometry":{"type":"LineString","coordinates":[[-77.0859075,38.7091421],[-77.0857848,38.7092912]]}},{"type":"Feature","id":"way/232726948","properties":{"id":"way/232726948","name":null,"class":"visitor_path","highway":"footway","surface":"compacted","base_width":3.2,"step_free":true,"surface_advisory":false,"routable":true,"access_blocked":false,"profiles":["visitor","step_free"],"source":"openstreetmap","source_date":"2026-09-11","confidence":"medium","surveyed":false},"geometry":{"type":"LineString","coordinates":[[-77.0866023,38.7080702],[-77.0866827,38.7080579],[-77.0867515,38.7080617],[-77.0867997,38.70807],[-77.0868373,38.7080784],[-77.0868909,38.708093]]}},{"type":"Feature","id":"way/232726950","properties":{"id":"way/232726950","name":null,"class":"visitor_path","highway":"footway","surface":"compacted","base_width":3.2,"step_free":true,"surface_advisory":false,"routable":true,"access_blocked":false,"profiles":["visitor","step_free"],"source":"openstreetmap","source_date":"2026-09-11","confidence":"medium","surveyed":false},"geometry":{"type":"LineString","coordinates":[[-77.0876292,38.7096608],[-77.0876339,38.7097047],[-77.0876151,38.7097423],[-77.0875695,38.7097884],[-77.0875213,38.709824],[-77.0874824,38.709841]]}},{"type":"Feature","id":"way/232726952","properties":{"id":"way/232726952","name":null,"class":"visitor_path","highway":"footway","surface":"paving_stones","base_width":3.2,"step_free":true,"surface_advisory":false,"routable":true,"access_blocked":false,"profiles":["visitor","step_free"],"source":"openstreetmap","source_date":"2026-09-11","confidence":"medium","surveyed":false},"geometry":{"type":"LineString","coordinates":[[-77.0865208,38.7102342],[-77.0864762,38.7102793]]}},{"type":"Feature","id":"way/232726955","properties":{"id":"way/232726955","name":null,"class":"visitor_path","highway":"footway","surface":"gravel","base_width":3.2,"step_free":true,"surface_advisory":true,"routable":true,"access_blocked":false,"profiles":["visitor","step_free"],"source":"openstreetmap","source_date":"2026-09-11","confidence":"medium","surveyed":false},"geometry":{"type":"LineString","coordinates":[[-77.0865318,38.7089292],[-77.0864543,38.7090277]]}},{"type":"Feature","id":"way/232726957","properties":{"id":"way/232726957","name":null,"class":"visitor_path","highway":"footway","surface":"paving_stones","base_width":3.2,"step_free":true,"surface_advisory":false,"routable":true,"access_blocked":false,"profiles":["visitor","step_free"],"source":"openstreetmap","source_date":"2026-09-11","confidence":"medium","surveyed":false},"geometry":{"type":"LineString","coordinates":[[-77.0867478,38.7108957],[-77.0868429,38.7109124]]}},{"type":"Feature","id":"way/232726958","properties":{"id":"way/232726958","name":null,"class":"visitor_path","highway":"footway","surface":"gravel","base_width":3.2,"step_free":true,"surface_advisory":true,"routable":true,"access_blocked":false,"profiles":["visitor","step_free"],"source":"openstreetmap","source_date":"2026-09-11","confidence":"medium","surveyed":false},"geometry":{"type":"LineString","coordinates":[[-77.0867032,38.7087272],[-77.0867107,38.7087174],[-77.0867347,38.7086938],[-77.0867548,38.7086739],[-77.0867682,38.7086613]]}},{"type":"Feature","id":"way/232726959","properties":{"id":"way/232726959","name":null,"class":"visitor_path","highway":"footway","surface":null,"base_width":3.2,"step_free":true,"surface_advisory":false,"routable":true,"access_blocked":false,"profiles":["visitor","step_free"],"source":"openstreetmap","source_date":"2026-09-11","confidence":"medium","surveyed":false},"geometry":{"type":"LineString","coordinates":[[-77.0889026,38.7052339],[-77.0890072,38.7051355],[-77.0891413,38.7050288],[-77.0892566,38.7049534],[-77.0893317,38.704922],[-77.0893961,38.7049157],[-77.0894417,38.7049157],[-77.0894927,38.7049241],[-77.0895329,38.704945],[-77.0896484,38.705031],[-77.0897797,38.7050978],[-77.0899621,38.7052046],[-77.0900962,38.7052946],[-77.0901858,38.7053687],[-77.0902756,38.7054519],[-77.0903592,38.7055176],[-77.090448,38.7055855],[-77.0905196,38.7056355],[-77.0905977,38.7057007],[-77.0907372,38.7058451],[-77.0908874,38.7060397],[-77.090992,38.7061821],[-77.091043,38.7062616],[-77.0910564,38.7063118],[-77.091051,38.7063537],[-77.0910323,38.7063998],[-77.0909986,38.7064335]]}},{"type":"Feature","id":"way/232726961","properties":{"id":"way/232726961","name":null,"class":"visitor_path","highway":"footway","surface":"paving_stones","base_width":3.2,"step_free":true,"surface_advisory":false,"routable":true,"access_blocked":false,"profiles":["visitor","step_free"],"source":"openstreetmap","source_date":"2026-09-11","confidence":"medium","surveyed":false},"geometry":{"type":"LineString","coordinates":[[-77.0869107,38.7108523],[-77.0869371,38.7108289]]}},{"type":"Feature","id":"way/232726962","properties":{"id":"way/232726962","name":null,"class":"visitor_path","highway":"footway","surface":"paving_stones","base_width":3.2,"step_free":true,"surface_advisory":false,"routable":true,"access_blocked":false,"profiles":["visitor","step_free"],"source":"openstreetmap","source_date":"2026-09-11","confidence":"medium","surveyed":false},"geometry":{"type":"LineString","coordinates":[[-77.0864269,38.7101651],[-77.0863895,38.7101694],[-77.0863518,38.710163],[-77.0863206,38.7101451]]}},{"type":"Feature","id":"way/232726963","properties":{"id":"way/232726963","name":null,"class":"visitor_path","highway":"footway","surface":null,"base_width":3.2,"step_free":true,"surface_advisory":false,"routable":true,"access_blocked":false,"profiles":["visitor","step_free"],"source":"openstreetmap","source_date":"2026-09-11","confidence":"medium","surveyed":false},"geometry":{"type":"LineString","coordinates":[[-77.0861775,38.7103137],[-77.0861077,38.7102698],[-77.0860675,38.7102509],[-77.0859897,38.7102112],[-77.0859334,38.7101693],[-77.0858467,38.7100859]]}},{"type":"Feature","id":"way/232726965","properties":{"id":"way/232726965","name":null,"class":"service_road","highway":"service","surface":null,"base_width":5,"step_free":true,"surface_advisory":false,"routable":false,"access_blocked":true,"profiles":[],"source":"openstreetmap","source_date":"2026-09-11","confidence":"medium","surveyed":false},"geometry":{"type":"LineString","coordinates":[[-77.0878138,38.7112451],[-77.0880019,38.7111464],[-77.088102,38.7110913]]}},{"type":"Feature","id":"way/232726966","properties":{"id":"way/232726966","name":null,"class":"visitor_path","highway":"footway","surface":null,"base_width":3.2,"step_free":true,"surface_advisory":false,"routable":true,"access_blocked":false,"profiles":["visitor","step_free"],"source":"openstreetmap","source_date":"2026-09-11","confidence":"medium","surveyed":false},"geometry":{"type":"LineString","coordinates":[[-77.0863008,38.7088026],[-77.0864671,38.7086037]]}},{"type":"Feature","id":"way/232726967","properties":{"id":"way/232726967","name":null,"class":"service_road","highway":"service","surface":null,"base_width":5,"step_free":true,"surface_advisory":false,"routable":false,"access_blocked":true,"profiles":[],"source":"openstreetmap","source_date":"2026-09-11","confidence":"medium","surveyed":false},"geometry":{"type":"LineString","coordinates":[[-77.0845306,38.7115632],[-77.0847023,38.7115707]]}},{"type":"Feature","id":"way/232726968","properties":{"id":"way/232726968","name":null,"class":"visitor_path","highway":"footway","surface":null,"base_width":3.2,"step_free":true,"surface_advisory":false,"routable":true,"access_blocked":false,"profiles":["visitor","step_free"],"source":"openstreetmap","source_date":"2026-09-11","confidence":"medium","surveyed":false},"geometry":{"type":"LineString","coordinates":[[-77.0899897,38.705881],[-77.0902491,38.7060586],[-77.09041,38.7061925],[-77.0905387,38.7063056],[-77.0906675,38.7064374],[-77.0907801,38.7065567],[-77.0909574,38.7067103]]}},{"type":"Feature","id":"way/232726969","properties":{"id":"way/232726969","name":null,"class":"visitor_path","highway":"footway","surface":"paving_stones","base_width":3.2,"step_free":true,"surface_advisory":false,"routable":true,"access_blocked":false,"profiles":["visitor","step_free"],"source":"openstreetmap","source_date":"2026-09-11","confidence":"medium","surveyed":false},"geometry":{"type":"LineString","coordinates":[[-77.0870814,38.711086],[-77.0871779,38.7111404],[-77.0872396,38.7111823],[-77.0872745,38.7112137],[-77.0873048,38.7112759]]}},{"type":"Feature","id":"way/232726970","properties":{"id":"way/232726970","name":null,"class":"visitor_path","highway":"footway","surface":null,"base_width":3.2,"step_free":true,"surface_advisory":false,"routable":false,"access_blocked":true,"profiles":[],"source":"openstreetmap","source_date":"2026-09-11","confidence":"medium","surveyed":false},"geometry":{"type":"LineString","coordinates":[[-77.0844888,38.7120589],[-77.0844448,38.7124088],[-77.0844153,38.7124318],[-77.0843616,38.7124548],[-77.0842892,38.7124778],[-77.0842358,38.7124906]]}},{"type":"Feature","id":"way/232726971","properties":{"id":"way/232726971","name":null,"class":"visitor_path","highway":"footway","surface":"paving_stones","base_width":3.2,"step_free":true,"surface_advisory":false,"routable":true,"access_blocked":false,"profiles":["visitor","step_free"],"source":"openstreetmap","source_date":"2026-09-11","confidence":"medium","surveyed":false},"geometry":{"type":"LineString","coordinates":[[-77.0867333,38.7091712],[-77.0867171,38.7091916],[-77.0866726,38.7092483],[-77.0866519,38.7092747],[-77.0866294,38.709315]]}},{"type":"Feature","id":"way/232726972","properties":{"id":"way/232726972","name":null,"class":"visitor_path","highway":"footway","surface":"paving_stones","base_width":3.2,"step_free":true,"surface_advisory":false,"routable":true,"access_blocked":false,"profiles":["visitor","step_free"],"source":"openstreetmap","source_date":"2026-09-11","confidence":"medium","surveyed":false},"geometry":{"type":"LineString","coordinates":[[-77.086419,38.7100229],[-77.0863816,38.7100021],[-77.0863625,38.7099789],[-77.0863518,38.7099537],[-77.0863545,38.7099286],[-77.0863679,38.7099077],[-77.086392,38.709893],[-77.0864242,38.7098826],[-77.0864618,38.7098805],[-77.086494,38.7098889],[-77.0865422,38.7099119],[-77.0865852,38.7099558],[-77.0865905,38.7099872],[-77.0865771,38.7100144],[-77.0865456,38.7100357],[-77.0865054,38.7100419],[-77.0864667,38.7100336],[-77.086419,38.7100229]]}},{"type":"Feature","id":"way/232726973","properties":{"id":"way/232726973","name":null,"class":"visitor_path","highway":"footway","surface":"paving_stones","base_width":3.2,"step_free":true,"surface_advisory":false,"routable":true,"access_blocked":false,"profiles":["visitor","step_free"],"source":"openstreetmap","source_date":"2026-09-11","confidence":"medium","surveyed":false},"geometry":{"type":"LineString","coordinates":[[-77.0870814,38.711086],[-77.0870134,38.7111458]]}},{"type":"Feature","id":"way/232726974","properties":{"id":"way/232726974","name":null,"class":"visitor_path","highway":"footway","surface":null,"base_width":3.2,"step_free":true,"surface_advisory":false,"routable":true,"access_blocked":false,"profiles":["visitor","step_free"],"source":"openstreetmap","source_date":"2026-09-11","confidence":"medium","surveyed":false},"geometry":{"type":"LineString","coordinates":[[-77.0909986,38.7064335],[-77.0909545,38.7064563],[-77.0909098,38.7064692],[-77.0908445,38.7064793],[-77.0907721,38.7064709],[-77.0907211,38.7064563],[-77.0906675,38.7064374]]}},{"type":"Feature","id":"way/232726975","properties":{"id":"way/232726975","name":null,"class":"visitor_path","highway":"footway","surface":null,"base_width":3.2,"step_free":true,"surface_advisory":false,"routable":true,"access_blocked":false,"profiles":["visitor","step_free"],"source":"openstreetmap","source_date":"2026-09-11","confidence":"medium","surveyed":false},"geometry":{"type":"LineString","coordinates":[[-77.087675,38.7091153],[-77.087583,38.7091523],[-77.0875132,38.7091647],[-77.0874435,38.7091563],[-77.0873737,38.7091333],[-77.0873174,38.7090977],[-77.0872664,38.70906],[-77.0872316,38.7090203],[-77.0872128,38.70897],[-77.087194,38.7089177],[-77.0871753,38.7088633],[-77.0871457,38.7088172],[-77.0871055,38.7087837],[-77.0870546,38.7087565],[-77.0870063,38.7087398],[-77.0869526,38.7087272],[-77.0868748,38.7087084],[-77.0868292,38.7086958],[-77.0867836,38.7086749],[-77.0867682,38.7086613],[-77.0867166,38.7086058],[-77.0866656,38.708543],[-77.0866147,38.7085012],[-77.086561,38.7084593],[-77.0865208,38.7084175],[-77.086502,38.7083735],[-77.0864832,38.7083149],[-77.0864657,38.7082606]]}},{"type":"Feature","id":"way/232726976","properties":{"id":"way/232726976","name":null,"class":"visitor_path","highway":"footway","surface":"paving_stones","base_width":3.2,"step_free":true,"surface_advisory":false,"routable":true,"access_blocked":false,"profiles":["visitor","step_free"],"source":"openstreetmap","source_date":"2026-09-11","confidence":"medium","surveyed":false},"geometry":{"type":"LineString","coordinates":[[-77.0870063,38.7110107],[-77.0870116,38.7110295],[-77.0870331,38.7110567],[-77.0870814,38.711086]]}},{"type":"Feature","id":"way/232726977","properties":{"id":"way/232726977","name":null,"class":"visitor_path","highway":"footway","surface":"paving_stones","base_width":3.2,"step_free":true,"surface_advisory":false,"routable":true,"access_blocked":false,"profiles":["visitor","step_free"],"source":"openstreetmap","source_date":"2026-09-11","confidence":"medium","surveyed":false},"geometry":{"type":"LineString","coordinates":[[-77.0867298,38.70966],[-77.0868427,38.7096775],[-77.086958,38.7096921]]}},{"type":"Feature","id":"way/232726978","properties":{"id":"way/232726978","name":null,"class":"visitor_path","highway":"footway","surface":"gravel","base_width":3.2,"step_free":true,"surface_advisory":true,"routable":true,"access_blocked":false,"profiles":["visitor","step_free"],"source":"openstreetmap","source_date":"2026-09-11","confidence":"medium","surveyed":false},"geometry":{"type":"LineString","coordinates":[[-77.0865318,38.7089292],[-77.0867028,38.7090205],[-77.0868086,38.709077]]}},{"type":"Feature","id":"way/232726979","properties":{"id":"way/232726979","name":null,"class":"visitor_path","highway":"footway","surface":"paving_stones","base_width":3.2,"step_free":true,"surface_advisory":false,"routable":true,"access_blocked":false,"profiles":["visitor","step_free"],"source":"openstreetmap","source_date":"2026-09-11","confidence":"medium","surveyed":false},"geometry":{"type":"LineString","coordinates":[[-77.0861166,38.7105924],[-77.0859774,38.7107159]]}},{"type":"Feature","id":"way/232726980","properties":{"id":"way/232726980","name":null,"class":"visitor_path","highway":"footway","surface":"paving_stones","base_width":3.2,"step_free":true,"surface_advisory":false,"routable":true,"access_blocked":false,"profiles":["visitor","step_free"],"source":"openstreetmap","source_date":"2026-09-11","confidence":"medium","surveyed":false},"geometry":{"type":"LineString","coordinates":[[-77.0888624,38.7065965],[-77.0888355,38.7066802],[-77.0887846,38.7067723]]}},{"type":"Feature","id":"way/232726981","properties":{"id":"way/232726981","name":null,"class":"visitor_path","highway":"footway","surface":"compacted","base_width":3.2,"step_free":true,"surface_advisory":false,"routable":true,"access_blocked":false,"profiles":["visitor","step_free"],"source":"openstreetmap","source_date":"2026-09-11","confidence":"medium","surveyed":false},"geometry":{"type":"LineString","coordinates":[[-77.0868909,38.708093],[-77.0869526,38.7081098],[-77.0870894,38.7081349],[-77.0871565,38.7081621],[-77.0871782,38.7081711],[-77.0872021,38.708181],[-77.087245,38.7082124],[-77.0872959,38.7082668],[-77.0873576,38.7083296],[-77.0874059,38.708361],[-77.0874488,38.7083798],[-77.0875186,38.7083882],[-77.0875964,38.7083903],[-77.0877036,38.7083903],[-77.0877948,38.7083819],[-77.0878109,38.708384],[-77.0878619,38.7084008],[-77.0878994,38.7084175],[-77.0879236,38.7084468],[-77.0879745,38.7084865],[-77.0880201,38.7085242],[-77.088047,38.7085619],[-77.0880577,38.7085996],[-77.0880604,38.7086372],[-77.088047,38.708677],[-77.0880175,38.708721],[-77.0878675,38.7089014]]}},{"type":"Feature","id":"way/232726982","properties":{"id":"way/232726982","name":null,"class":"visitor_path","highway":"footway","surface":"gravel","base_width":3.2,"step_free":true,"surface_advisory":true,"routable":true,"access_blocked":false,"profiles":["visitor","step_free"],"source":"openstreetmap","source_date":"2026-09-11","confidence":"medium","surveyed":false},"geometry":{"type":"LineString","coordinates":[[-77.0869416,38.7075278],[-77.0868638,38.7076198],[-77.0868474,38.7076392],[-77.0867106,38.7078009],[-77.0866232,38.7079042],[-77.0865338,38.7080099]]}},{"type":"Feature","id":"way/232726983","properties":{"id":"way/232726983","name":null,"class":"visitor_path","highway":"footway","surface":"paving_stones","base_width":3.2,"step_free":true,"surface_advisory":false,"routable":true,"access_blocked":false,"profiles":["visitor","step_free"],"source":"openstreetmap","source_date":"2026-09-11","confidence":"medium","surveyed":false},"geometry":{"type":"LineString","coordinates":[[-77.086958,38.7096921],[-77.0870706,38.7097068],[-77.0871699,38.7097193],[-77.0872638,38.7097256],[-77.0873657,38.7097298],[-77.0874166,38.7097256],[-77.0874998,38.709713],[-77.0875642,38.7096963],[-77.0876292,38.7096608]]}},{"type":"Feature","id":"way/232726984","properties":{"id":"way/232726984","name":null,"class":"visitor_path","highway":"footway","surface":"paving_stones","base_width":3.2,"step_free":true,"surface_advisory":false,"routable":true,"access_blocked":false,"profiles":["visitor","step_free"],"source":"openstreetmap","source_date":"2026-09-11","confidence":"medium","surveyed":false},"geometry":{"type":"LineString","coordinates":[[-77.0868427,38.7104435],[-77.0868507,38.7104121],[-77.0868722,38.7103849],[-77.0868373,38.7103661],[-77.0867971,38.7103514],[-77.0867488,38.710343],[-77.0867005,38.7103451],[-77.0866281,38.7103472]]}},{"type":"Feature","id":"way/232726985","properties":{"id":"way/232726985","name":null,"class":"visitor_path","highway":"footway","surface":"paving_stones","base_width":3.2,"step_free":true,"surface_advisory":false,"routable":true,"access_blocked":false,"profiles":["visitor","step_free"],"source":"openstreetmap","source_date":"2026-09-11","confidence":"medium","surveyed":false},"geometry":{"type":"LineString","coordinates":[[-77.0865208,38.7102342],[-77.0864698,38.7101986],[-77.0864269,38.7101651]]}},{"type":"Feature","id":"way/232726987","properties":{"id":"way/232726987","name":null,"class":"trail","highway":"track","surface":null,"base_width":2.6,"step_free":true,"surface_advisory":false,"routable":true,"access_blocked":false,"profiles":["visitor","step_free"],"source":"openstreetmap","source_date":"2026-09-11","confidence":"medium","surveyed":false},"geometry":{"type":"LineString","coordinates":[[-77.0829883,38.7074421],[-77.0830554,38.7074002],[-77.0831332,38.7073626],[-77.0832136,38.7073061],[-77.083278,38.7072495],[-77.0833451,38.7071721],[-77.0834148,38.7071219],[-77.0834845,38.7070863],[-77.0835623,38.7070591],[-77.0836723,38.7070256],[-77.0837715,38.7069984],[-77.0839298,38.7069356],[-77.0840853,38.7068833],[-77.0842114,38.7068665],[-77.0845789,38.7068498],[-77.0847559,38.7068498],[-77.0848203,38.7068456],[-77.0849034,38.7068288]]}},{"type":"Feature","id":"way/232726988","properties":{"id":"way/232726988","name":null,"class":"visitor_path","highway":"footway","surface":"paving_stones","base_width":3.2,"step_free":true,"surface_advisory":false,"routable":true,"access_blocked":false,"profiles":["visitor","step_free"],"source":"openstreetmap","source_date":"2026-09-11","confidence":"medium","surveyed":false},"geometry":{"type":"LineString","coordinates":[[-77.0877471,38.7098271],[-77.0877653,38.7097884],[-77.0877761,38.709757],[-77.0877787,38.7097047],[-77.087768,38.709644],[-77.0877466,38.7095937],[-77.0877144,38.7095456]]}},{"type":"Feature","id":"way/232726989","properties":{"id":"way/232726989","name":null,"class":"visitor_path","highway":"footway","surface":null,"base_width":3.2,"step_free":true,"surface_advisory":false,"routable":true,"access_blocked":false,"profiles":["visitor","step_free"],"source":"openstreetmap","source_date":"2026-09-11","confidence":"medium","surveyed":false},"geometry":{"type":"LineString","coordinates":[[-77.091326,38.70706],[-77.0912763,38.7070737],[-77.0912442,38.7070737],[-77.0911922,38.7070644],[-77.0911261,38.7070381],[-77.0909488,38.706995]]}},{"type":"Feature","id":"way/232726990","properties":{"id":"way/232726990","name":null,"class":"visitor_path","highway":"footway","surface":null,"base_width":3.2,"step_free":true,"surface_advisory":false,"routable":true,"access_blocked":false,"profiles":["visitor","step_free"],"source":"openstreetmap","source_date":"2026-09-11","confidence":"medium","surveyed":false},"geometry":{"type":"LineString","coordinates":[[-77.0890012,38.7078204],[-77.0889616,38.707777],[-77.0889267,38.7077142],[-77.0888785,38.7076326],[-77.0888409,38.7075886],[-77.0887878,38.7075582],[-77.0883644,38.7073505],[-77.0879763,38.7071563]]}},{"type":"Feature","id":"way/232726991","properties":{"id":"way/232726991","name":null,"class":"visitor_path","highway":"footway","surface":null,"base_width":3.2,"step_free":true,"surface_advisory":false,"routable":true,"access_blocked":false,"profiles":["visitor","step_free"],"source":"openstreetmap","source_date":"2026-09-11","confidence":"medium","surveyed":false},"geometry":{"type":"LineString","coordinates":[[-77.0869371,38.7108289],[-77.086789,38.710726],[-77.0867407,38.710703],[-77.0866817,38.7106884],[-77.0866254,38.7106737],[-77.086586,38.7106571]]}},{"type":"Feature","id":"way/232726992","properties":{"id":"way/232726992","name":null,"class":"visitor_path","highway":"footway","surface":"paving_stones","base_width":3.2,"step_free":true,"surface_advisory":false,"routable":true,"access_blocked":false,"profiles":["visitor","step_free"],"source":"openstreetmap","source_date":"2026-09-11","confidence":"medium","surveyed":false},"geometry":{"type":"LineString","coordinates":[[-77.0887846,38.7067723],[-77.0887336,38.706743],[-77.0886639,38.7067221],[-77.0885807,38.7067053],[-77.0884815,38.7066844],[-77.0883501,38.7066593],[-77.0882535,38.7066467],[-77.088173,38.7066216],[-77.0880926,38.706586],[-77.0879772,38.7065274],[-77.0878807,38.7064877]]}},{"type":"Feature","id":"way/232726993","properties":{"id":"way/232726993","name":null,"class":"visitor_path","highway":"footway","surface":null,"base_width":3.2,"step_free":true,"surface_advisory":false,"routable":true,"access_blocked":false,"profiles":["visitor","step_free"],"source":"openstreetmap","source_date":"2026-09-11","confidence":"medium","surveyed":false},"geometry":{"type":"LineString","coordinates":[[-77.0864269,38.7101651],[-77.0863974,38.7101254],[-77.0864029,38.7100879],[-77.086419,38.7100229]]}},{"type":"Feature","id":"way/232726994","properties":{"id":"way/232726994","name":null,"class":"visitor_path","highway":"footway","surface":null,"base_width":3.2,"step_free":true,"surface_advisory":false,"routable":false,"access_blocked":true,"profiles":[],"source":"openstreetmap","source_date":"2026-09-11","confidence":"medium","surveyed":false},"geometry":{"type":"LineString","coordinates":[[-77.0859443,38.7091778],[-77.0859075,38.7091421]]}},{"type":"Feature","id":"way/232726996","properties":{"id":"way/232726996","name":null,"class":"visitor_path","highway":"footway","surface":"gravel","base_width":3.2,"step_free":true,"surface_advisory":true,"routable":true,"access_blocked":false,"profiles":["visitor","step_free"],"source":"openstreetmap","source_date":"2026-09-11","confidence":"medium","surveyed":false},"geometry":{"type":"LineString","coordinates":[[-77.0868086,38.709077],[-77.0871594,38.7092686]]}},{"type":"Feature","id":"way/232726998","properties":{"id":"way/232726998","name":null,"class":"visitor_path","highway":"footway","surface":null,"base_width":3.2,"step_free":true,"surface_advisory":false,"routable":false,"access_blocked":true,"profiles":[],"source":"openstreetmap","source_date":"2026-09-11","confidence":"medium","surveyed":false},"geometry":{"type":"LineString","coordinates":[[-77.0857848,38.7092912],[-77.0858568,38.7093442]]}},{"type":"Feature","id":"way/232726999","properties":{"id":"way/232726999","name":null,"class":"visitor_path","highway":"footway","surface":"gravel","base_width":3.2,"step_free":true,"surface_advisory":true,"routable":true,"access_blocked":false,"profiles":["visitor","step_free"],"source":"openstreetmap","source_date":"2026-09-11","confidence":"medium","surveyed":false},"geometry":{"type":"LineString","coordinates":[[-77.0867032,38.7087272],[-77.0864671,38.7086037]]}},{"type":"Feature","id":"way/232727000","properties":{"id":"way/232727000","name":null,"class":"visitor_path","highway":"footway","surface":null,"base_width":3.2,"step_free":true,"surface_advisory":false,"routable":true,"access_blocked":false,"profiles":["visitor","step_free"],"source":"openstreetmap","source_date":"2026-09-11","confidence":"medium","surveyed":false},"geometry":{"type":"LineString","coordinates":[[-77.0910779,38.7065253],[-77.0911532,38.7066588],[-77.0911852,38.7067388],[-77.0912173,38.7067828],[-77.0912495,38.7068142],[-77.0912898,38.7068372],[-77.091338,38.7068456],[-77.091397,38.7068519],[-77.09144,38.7068623],[-77.0914703,38.706884],[-77.0914695,38.7069084],[-77.09144,38.7069461],[-77.0913756,38.7070026],[-77.091326,38.70706]]}},{"type":"Feature","id":"way/232727001","properties":{"id":"way/232727001","name":null,"class":"visitor_path","highway":"footway","surface":null,"base_width":3.2,"step_free":true,"surface_advisory":false,"routable":true,"access_blocked":false,"profiles":["visitor","step_free"],"source":"openstreetmap","source_date":"2026-09-11","confidence":"medium","surveyed":false},"geometry":{"type":"LineString","coordinates":[[-77.0879763,38.7071563],[-77.0876865,38.7075146],[-77.0876448,38.7075629]]}},{"type":"Feature","id":"way/232727002","properties":{"id":"way/232727002","name":null,"class":"visitor_path","highway":"footway","surface":"gravel","base_width":3.2,"step_free":true,"surface_advisory":true,"routable":true,"access_blocked":false,"profiles":["visitor","step_free"],"source":"openstreetmap","source_date":"2026-09-11","confidence":"medium","surveyed":false},"geometry":{"type":"LineString","coordinates":[[-77.0868086,38.709077],[-77.0867577,38.7091406],[-77.0867333,38.7091712]]}},{"type":"Feature","id":"way/232727003","properties":{"id":"way/232727003","name":null,"class":"visitor_path","highway":"footway","surface":"paving_stones","base_width":3.2,"step_free":true,"surface_advisory":false,"routable":true,"access_blocked":false,"profiles":["visitor","step_free"],"source":"openstreetmap","source_date":"2026-09-11","confidence":"medium","surveyed":false},"geometry":{"type":"LineString","coordinates":[[-77.087929,38.7064416],[-77.0880121,38.7063432],[-77.0881221,38.7061716],[-77.088165,38.706069],[-77.0881784,38.7060272],[-77.0881864,38.7059811],[-77.0881811,38.7059515],[-77.0881784,38.7059183],[-77.0881596,38.7058493]]}},{"type":"Feature","id":"way/232727004","properties":{"id":"way/232727004","name":null,"class":"visitor_path","highway":"footway","surface":"gravel","base_width":3.2,"step_free":true,"surface_advisory":true,"routable":true,"access_blocked":false,"profiles":["visitor","step_free"],"source":"openstreetmap","source_date":"2026-09-11","confidence":"medium","surveyed":false},"geometry":{"type":"LineString","coordinates":[[-77.0885378,38.7053134],[-77.0885754,38.705213]]}},{"type":"Feature","id":"way/232727005","properties":{"id":"way/232727005","name":null,"class":"visitor_path","highway":"footway","surface":"compacted","base_width":3.2,"step_free":true,"surface_advisory":false,"routable":true,"access_blocked":false,"profiles":["visitor","step_free"],"source":"openstreetmap","source_date":"2026-09-11","confidence":"medium","surveyed":false},"geometry":{"type":"LineString","coordinates":[[-77.0869288,38.7079966],[-77.086907,38.7080261],[-77.0868963,38.7080596],[-77.0868909,38.708093]]}},{"type":"Feature","id":"way/232727006","properties":{"id":"way/232727006","name":null,"class":"visitor_path","highway":"footway","surface":"gravel","base_width":3.2,"step_free":true,"surface_advisory":true,"routable":true,"access_blocked":false,"profiles":["visitor","step_free"],"source":"openstreetmap","source_date":"2026-09-11","confidence":"medium","surveyed":false},"geometry":{"type":"LineString","coordinates":[[-77.0867333,38.7091712],[-77.0868093,38.7092154],[-77.0868814,38.7092403],[-77.0869505,38.7092591],[-77.0870311,38.7092738],[-77.0870921,38.7092819],[-77.0871243,38.7092825],[-77.0871437,38.7092777],[-77.0871594,38.7092686]]}},{"type":"Feature","id":"way/232727007","properties":{"id":"way/232727007","name":null,"class":"visitor_path","highway":"footway","surface":"compacted","base_width":3.2,"step_free":true,"surface_advisory":false,"routable":true,"access_blocked":false,"profiles":["visitor","step_free"],"source":"openstreetmap","source_date":"2026-09-11","confidence":"medium","surveyed":false},"geometry":{"type":"LineString","coordinates":[[-77.0882349,38.7053387],[-77.0881328,38.7053762],[-77.0880059,38.7054752]]}},{"type":"Feature","id":"way/232727008","properties":{"id":"way/232727008","name":null,"class":"visitor_path","highway":"footway","surface":"asphalt","base_width":3.2,"step_free":true,"surface_advisory":false,"routable":true,"access_blocked":false,"profiles":["visitor","step_free"],"source":"openstreetmap","source_date":"2026-09-11","confidence":"medium","surveyed":false},"geometry":{"type":"LineString","coordinates":[[-77.0854618,38.7116623],[-77.0854134,38.7117148],[-77.0853943,38.711739],[-77.0853951,38.7118182]]}},{"type":"Feature","id":"way/232727010","properties":{"id":"way/232727010","name":null,"class":"visitor_path","highway":"footway","surface":"paving_stones","base_width":3.2,"step_free":true,"surface_advisory":false,"routable":true,"access_blocked":false,"profiles":["visitor","step_free"],"source":"openstreetmap","source_date":"2026-09-11","confidence":"medium","surveyed":false},"geometry":{"type":"LineString","coordinates":[[-77.0865422,38.7099119],[-77.0865744,38.7099307],[-77.0866093,38.7099391],[-77.0866495,38.709937],[-77.0866898,38.7099286],[-77.08673,38.7099077],[-77.0867729,38.7098763],[-77.0868078,38.7098365],[-77.0868373,38.7097863],[-77.0868675,38.7097489],[-77.086907,38.7097214],[-77.086958,38.7096921]]}},{"type":"Feature","id":"way/232727013","properties":{"id":"way/232727013","name":null,"class":"visitor_path","highway":"footway","surface":"paving_stones","base_width":3.2,"step_free":true,"surface_advisory":false,"routable":true,"access_blocked":false,"profiles":["visitor","step_free"],"source":"openstreetmap","source_date":"2026-09-11","confidence":"medium","surveyed":false},"geometry":{"type":"LineString","coordinates":[[-77.0868429,38.7109124],[-77.0869339,38.7109646],[-77.0870063,38.7110107]]}},{"type":"Feature","id":"way/232727014","properties":{"id":"way/232727014","name":null,"class":"visitor_path","highway":"footway","surface":null,"base_width":3.2,"step_free":true,"surface_advisory":false,"routable":false,"access_blocked":true,"profiles":[],"source":"openstreetmap","source_date":"2026-09-11","confidence":"medium","surveyed":false},"geometry":{"type":"LineString","coordinates":[[-77.0856972,38.7093977],[-77.0857691,38.7094493]]}},{"type":"Feature","id":"way/232727015","properties":{"id":"way/232727015","name":null,"class":"visitor_path","highway":"footway","surface":"paving_stones","base_width":3.2,"step_free":true,"surface_advisory":false,"routable":true,"access_blocked":false,"profiles":["visitor","step_free"],"source":"openstreetmap","source_date":"2026-09-11","confidence":"medium","surveyed":false},"geometry":{"type":"LineString","coordinates":[[-77.0864387,38.7103169],[-77.0864275,38.7103391]]}},{"type":"Feature","id":"way/232727016","properties":{"id":"way/232727016","name":null,"class":"visitor_path","highway":"footway","surface":null,"base_width":3.2,"step_free":true,"surface_advisory":false,"routable":true,"access_blocked":false,"profiles":["visitor","step_free"],"source":"openstreetmap","source_date":"2026-09-11","confidence":"medium","surveyed":false},"geometry":{"type":"LineString","coordinates":[[-77.0893989,38.7051377],[-77.0894498,38.7051711],[-77.089541,38.7052381],[-77.0898011,38.7054306],[-77.0899916,38.7055709],[-77.0902088,38.7057383],[-77.0903215,38.7058158],[-77.0905682,38.7060083],[-77.0906246,38.7060628],[-77.0907801,38.7062072],[-77.0909223,38.70636],[-77.0909986,38.7064335]]}},{"type":"Feature","id":"way/232727017","properties":{"id":"way/232727017","name":null,"class":"visitor_path","highway":"footway","surface":"paving_stones","base_width":3.2,"step_free":true,"surface_advisory":false,"routable":true,"access_blocked":false,"profiles":["visitor","step_free"],"source":"openstreetmap","source_date":"2026-09-11","confidence":"medium","surveyed":false},"geometry":{"type":"LineString","coordinates":[[-77.0888624,38.7065965],[-77.0888436,38.7065023],[-77.0888705,38.7064268],[-77.0888697,38.7063759],[-77.0888853,38.706329],[-77.0888731,38.7062825],[-77.0887868,38.7061862],[-77.088644,38.7059405],[-77.0886222,38.7058406],[-77.0885236,38.7056244],[-77.0884164,38.7055055],[-77.0883424,38.7053455]]}},{"type":"Feature","id":"way/232727018","properties":{"id":"way/232727018","name":null,"class":"steps","highway":"steps","surface":"paving_stones","base_width":3.2,"step_free":false,"surface_advisory":false,"routable":true,"access_blocked":false,"profiles":["visitor"],"source":"openstreetmap","source_date":"2026-09-11","confidence":"medium","surveyed":false},"geometry":{"type":"LineString","coordinates":[[-77.0868427,38.7104435],[-77.0868078,38.7104456]]}},{"type":"Feature","id":"way/232727020","properties":{"id":"way/232727020","name":null,"class":"visitor_path","highway":"footway","surface":"paving_stones","base_width":3.2,"step_free":true,"surface_advisory":false,"routable":true,"access_blocked":false,"profiles":["visitor","step_free"],"source":"openstreetmap","source_date":"2026-09-11","confidence":"medium","surveyed":false},"geometry":{"type":"LineString","coordinates":[[-77.0869107,38.7108523],[-77.0869902,38.7109081],[-77.0870143,38.7109312],[-77.0870224,38.7109584],[-77.0870143,38.7109835],[-77.0870063,38.7110107]]}},{"type":"Feature","id":"way/232727021","properties":{"id":"way/232727021","name":null,"class":"visitor_path","highway":"footway","surface":"bricks","base_width":3.2,"step_free":true,"surface_advisory":false,"routable":true,"access_blocked":false,"profiles":["visitor","step_free"],"source":"openstreetmap","source_date":"2026-09-11","confidence":"medium","surveyed":false},"geometry":{"type":"LineString","coordinates":[[-77.087929,38.7064416],[-77.0880792,38.7064835],[-77.0882106,38.7065274],[-77.0883179,38.7065609],[-77.0884359,38.7065923],[-77.0885244,38.7066028],[-77.0885888,38.706607],[-77.0886666,38.7066091],[-77.0887202,38.7066216],[-77.0887631,38.7066363],[-77.0888355,38.7066802]]}},{"type":"Feature","id":"way/232727022","properties":{"id":"way/232727022","name":null,"class":"visitor_path","highway":"footway","surface":null,"base_width":3.2,"step_free":true,"surface_advisory":false,"routable":false,"access_blocked":true,"profiles":[],"source":"openstreetmap","source_date":"2026-09-11","confidence":"medium","surveyed":false},"geometry":{"type":"LineString","coordinates":[[-77.0844018,38.711829],[-77.0843697,38.711852],[-77.0842756,38.7118499]]}},{"type":"Feature","id":"way/232727025","properties":{"id":"way/232727025","name":null,"class":"visitor_path","highway":"footway","surface":null,"base_width":3.2,"step_free":true,"surface_advisory":false,"routable":false,"access_blocked":true,"profiles":[],"source":"openstreetmap","source_date":"2026-09-11","confidence":"medium","surveyed":false},"geometry":{"type":"LineString","coordinates":[[-77.0899897,38.705881],[-77.0899487,38.7058932],[-77.0899172,38.705897],[-77.0898157,38.7059015]]}},{"type":"Feature","id":"way/232727026","properties":{"id":"way/232727026","name":null,"class":"visitor_path","highway":"footway","surface":"gravel","base_width":3.2,"step_free":true,"surface_advisory":true,"routable":true,"access_blocked":false,"profiles":["visitor","step_free"],"source":"openstreetmap","source_date":"2026-09-11","confidence":"medium","surveyed":false},"geometry":{"type":"LineString","coordinates":[[-77.0867032,38.7087272],[-77.08698,38.7088677]]}},{"type":"Feature","id":"way/232727027","properties":{"id":"way/232727027","name":null,"class":"visitor_path","highway":"footway","surface":null,"base_width":3.2,"step_free":true,"surface_advisory":false,"routable":true,"access_blocked":false,"profiles":["visitor","step_free"],"source":"openstreetmap","source_date":"2026-09-11","confidence":"medium","surveyed":false},"geometry":{"type":"LineString","coordinates":[[-77.0873164,38.7115473],[-77.0873255,38.7115904],[-77.0873147,38.7116197],[-77.0872933,38.7116469],[-77.0872611,38.7116762],[-77.0872262,38.7116993],[-77.0871913,38.7117076],[-77.0871355,38.7117319]]}},{"type":"Feature","id":"way/232727028","properties":{"id":"way/232727028","name":null,"class":"visitor_path","highway":"footway","surface":null,"base_width":3.2,"step_free":true,"surface_advisory":false,"routable":false,"access_blocked":true,"profiles":[],"source":"openstreetmap","source_date":"2026-09-11","confidence":"medium","surveyed":false},"geometry":{"type":"LineString","coordinates":[[-77.0856972,38.7093977],[-77.0855445,38.7095833],[-77.0855069,38.7096465]]}},{"type":"Feature","id":"way/232727030","properties":{"id":"way/232727030","name":null,"class":"visitor_path","highway":"footway","surface":null,"base_width":3.2,"step_free":true,"surface_advisory":false,"routable":true,"access_blocked":false,"profiles":["visitor","step_free"],"source":"openstreetmap","source_date":"2026-09-11","confidence":"medium","surveyed":false},"geometry":{"type":"LineString","coordinates":[[-77.0869574,38.7108141],[-77.0869371,38.7108289]]}},{"type":"Feature","id":"way/232727031","properties":{"id":"way/232727031","name":null,"class":"visitor_path","highway":"footway","surface":"compacted","base_width":3.2,"step_free":true,"surface_advisory":false,"routable":true,"access_blocked":false,"profiles":["visitor","step_free"],"source":"openstreetmap","source_date":"2026-09-11","confidence":"medium","surveyed":false},"geometry":{"type":"LineString","coordinates":[[-77.0878675,38.7089014],[-77.087675,38.7091153]]}},{"type":"Feature","id":"way/232727032","properties":{"id":"way/232727032","name":null,"class":"visitor_path","highway":"footway","surface":"compacted","base_width":3.2,"step_free":true,"surface_advisory":false,"routable":true,"access_blocked":false,"profiles":["visitor","step_free"],"source":"openstreetmap","source_date":"2026-09-11","confidence":"medium","surveyed":false},"geometry":{"type":"LineString","coordinates":[[-77.0867333,38.7091712],[-77.0865422,38.7090789]]}},{"type":"Feature","id":"way/232727033","properties":{"id":"way/232727033","name":null,"class":"visitor_path","highway":"footway","surface":null,"base_width":3.2,"step_free":true,"surface_advisory":false,"routable":false,"access_blocked":true,"profiles":[],"source":"openstreetmap","source_date":"2026-09-11","confidence":"medium","surveyed":false},"geometry":{"type":"LineString","coordinates":[[-77.0855069,38.7096465],[-77.08558,38.709687]]}},{"type":"Feature","id":"way/232727034","properties":{"id":"way/232727034","name":null,"class":"visitor_path","highway":"footway","surface":"unpaved","base_width":3.2,"step_free":true,"surface_advisory":true,"routable":true,"access_blocked":false,"profiles":["visitor","step_free"],"source":"openstreetmap","source_date":"2026-09-11","confidence":"medium","surveyed":false},"geometry":{"type":"LineString","coordinates":[[-77.0860679,38.7083109],[-77.0861078,38.7082824],[-77.0861265,38.7082605],[-77.08626,38.7083293]]}},{"type":"Feature","id":"way/232727035","properties":{"id":"way/232727035","name":null,"class":"visitor_path","highway":"footway","surface":"paving_stones","base_width":3.2,"step_free":true,"surface_advisory":false,"routable":true,"access_blocked":false,"profiles":["visitor","step_free"],"source":"openstreetmap","source_date":"2026-09-11","confidence":"medium","surveyed":false},"geometry":{"type":"LineString","coordinates":[[-77.0868429,38.7109124],[-77.0869107,38.7108523]]}},{"type":"Feature","id":"way/232727037","properties":{"id":"way/232727037","name":null,"class":"visitor_path","highway":"footway","surface":"paving_stones","base_width":3.2,"step_free":true,"surface_advisory":false,"routable":true,"access_blocked":false,"profiles":["visitor","step_free"],"source":"openstreetmap","source_date":"2026-09-11","confidence":"medium","surveyed":false},"geometry":{"type":"LineString","coordinates":[[-77.0861166,38.7105924],[-77.0861218,38.7106633],[-77.0861242,38.7106952]]}},{"type":"Feature","id":"way/232727038","properties":{"id":"way/232727038","name":null,"class":"visitor_path","highway":"footway","surface":"paving_stones","base_width":3.2,"step_free":true,"surface_advisory":false,"routable":true,"access_blocked":false,"profiles":["visitor","step_free"],"source":"openstreetmap","source_date":"2026-09-11","confidence":"medium","surveyed":false},"geometry":{"type":"LineString","coordinates":[[-77.0861775,38.7103137],[-77.0861131,38.7103347],[-77.0860139,38.7103661],[-77.0859414,38.7103954],[-77.0858181,38.7104665],[-77.0856839,38.710546],[-77.0855793,38.7106214],[-77.0854425,38.7107281],[-77.0853406,38.7107972],[-77.0852628,38.7108558],[-77.0852333,38.7108956],[-77.0851985,38.7109374],[-77.0851663,38.7109939],[-77.0851529,38.7110505],[-77.0851609,38.7110902],[-77.0851903,38.7111321],[-77.0852615,38.7112095],[-77.0854115,38.7112252]]}},{"type":"Feature","id":"way/232727040","properties":{"id":"way/232727040","name":null,"class":"visitor_path","highway":"footway","surface":"paving_stones","base_width":3.2,"step_free":true,"surface_advisory":false,"routable":true,"access_blocked":false,"profiles":["visitor","step_free"],"source":"openstreetmap","source_date":"2026-09-11","confidence":"medium","surveyed":false},"geometry":{"type":"LineString","coordinates":[[-77.0878807,38.7064877],[-77.087929,38.7064416]]}},{"type":"Feature","id":"way/232727041","properties":{"id":"way/232727041","name":null,"class":"visitor_path","highway":"footway","surface":"compacted","base_width":3.2,"step_free":true,"surface_advisory":false,"routable":true,"access_blocked":false,"profiles":["visitor","step_free"],"source":"openstreetmap","source_date":"2026-09-11","confidence":"medium","surveyed":false},"geometry":{"type":"LineString","coordinates":[[-77.0859932,38.7089161],[-77.0860256,38.7088738]]}},{"type":"Feature","id":"way/232727042","properties":{"id":"way/232727042","name":null,"class":"visitor_path","highway":"footway","surface":null,"base_width":3.2,"step_free":true,"surface_advisory":false,"routable":true,"access_blocked":false,"profiles":["visitor","step_free"],"source":"openstreetmap","source_date":"2026-09-11","confidence":"medium","surveyed":false},"geometry":{"type":"LineString","coordinates":[[-77.0879763,38.7071563],[-77.0875886,38.7069623],[-77.0874878,38.7069101]]}},{"type":"Feature","id":"way/232727043","properties":{"id":"way/232727043","name":null,"class":"visitor_path","highway":"footway","surface":"compacted","base_width":3.2,"step_free":true,"surface_advisory":false,"routable":true,"access_blocked":false,"profiles":["visitor","step_free"],"source":"openstreetmap","source_date":"2026-09-11","confidence":"medium","surveyed":false},"geometry":{"type":"LineString","coordinates":[[-77.0893989,38.7051377],[-77.0892863,38.7051649],[-77.0891817,38.7051733],[-77.08912,38.7051859],[-77.0890502,38.7052298],[-77.0890193,38.7052696]]}},{"type":"Feature","id":"way/232727044","properties":{"id":"way/232727044","name":null,"class":"visitor_path","highway":"footway","surface":"paving_stones","base_width":3.2,"step_free":true,"surface_advisory":false,"routable":true,"access_blocked":false,"profiles":["visitor","step_free"],"source":"openstreetmap","source_date":"2026-09-11","confidence":"medium","surveyed":false},"geometry":{"type":"LineString","coordinates":[[-77.0864275,38.7103391],[-77.0863625,38.7103179],[-77.0863169,38.7103074],[-77.0862713,38.7103074],[-77.0861775,38.7103137]]}},{"type":"Feature","id":"way/232727046","properties":{"id":"way/232727046","name":null,"class":"visitor_path","highway":"footway","surface":null,"base_width":3.2,"step_free":true,"surface_advisory":false,"routable":true,"access_blocked":false,"profiles":["visitor","step_free"],"source":"openstreetmap","source_date":"2026-09-11","confidence":"medium","surveyed":false},"geometry":{"type":"LineString","coordinates":[[-77.0871594,38.7092686],[-77.0871682,38.7092817]]}},{"type":"Feature","id":"way/232727047","properties":{"id":"way/232727047","name":null,"class":"visitor_path","highway":"footway","surface":null,"base_width":3.2,"step_free":true,"surface_advisory":false,"routable":true,"access_blocked":false,"profiles":["visitor","step_free"],"source":"openstreetmap","source_date":"2026-09-11","confidence":"medium","surveyed":false},"geometry":{"type":"LineString","coordinates":[[-77.0872472,38.7080897],[-77.0875046,38.7082218],[-77.0876025,38.7081057],[-77.0870929,38.7078441]]}},{"type":"Feature","id":"way/232727048","properties":{"id":"way/232727048","name":null,"class":"visitor_path","highway":"footway","surface":"paving_stones","base_width":3.2,"step_free":true,"surface_advisory":false,"routable":true,"access_blocked":false,"profiles":["visitor","step_free"],"source":"openstreetmap","source_date":"2026-09-11","confidence":"medium","surveyed":false},"geometry":{"type":"LineString","coordinates":[[-77.0876807,38.7099673],[-77.0876877,38.7099329],[-77.0876902,38.7099161],[-77.0877305,38.7098575],[-77.0877471,38.7098271]]}},{"type":"Feature","id":"way/232727049","properties":{"id":"way/232727049","name":null,"class":"visitor_path","highway":"footway","surface":"paving_stones","base_width":3.2,"step_free":true,"surface_advisory":false,"routable":true,"access_blocked":false,"profiles":["visitor","step_free"],"source":"openstreetmap","source_date":"2026-09-11","confidence":"medium","surveyed":false},"geometry":{"type":"LineString","coordinates":[[-77.0864275,38.7103391],[-77.0863652,38.7105691],[-77.0863464,38.710634],[-77.0863316,38.7106984]]}},{"type":"Feature","id":"way/232727051","properties":{"id":"way/232727051","name":null,"class":"visitor_path","highway":"footway","surface":null,"base_width":3.2,"step_free":true,"surface_advisory":false,"routable":false,"access_blocked":true,"profiles":[],"source":"openstreetmap","source_date":"2026-09-11","confidence":"medium","surveyed":false},"geometry":{"type":"LineString","coordinates":[[-77.0858467,38.7100859],[-77.0857687,38.7100352]]}},{"type":"Feature","id":"way/232727053","properties":{"id":"way/232727053","name":null,"class":"visitor_path","highway":"footway","surface":null,"base_width":3.2,"step_free":true,"surface_advisory":false,"routable":true,"access_blocked":false,"profiles":["visitor","step_free"],"source":"openstreetmap","source_date":"2026-09-11","confidence":"medium","surveyed":false},"geometry":{"type":"LineString","coordinates":[[-77.0896484,38.705031],[-77.0895035,38.7051021],[-77.0893989,38.7051377]]}},{"type":"Feature","id":"way/232727054","properties":{"id":"way/232727054","name":null,"class":"visitor_path","highway":"footway","surface":null,"base_width":3.2,"step_free":true,"surface_advisory":false,"routable":false,"access_blocked":true,"profiles":[],"source":"openstreetmap","source_date":"2026-09-11","confidence":"medium","surveyed":false},"geometry":{"type":"LineString","coordinates":[[-77.0842358,38.7124906],[-77.0842838,38.7125092],[-77.0843214,38.7125427],[-77.0843375,38.7125657],[-77.0843455,38.7126013],[-77.0844126,38.7125908]]}},{"type":"Feature","id":"way/232727625","properties":{"id":"way/232727625","name":"Mount Vernon Memorial Highway","class":"public_road","highway":"primary","surface":"asphalt","base_width":8,"step_free":true,"surface_advisory":false,"routable":false,"access_blocked":false,"profiles":[],"source":"openstreetmap","source_date":"2026-09-11","confidence":"medium","surveyed":false},"geometry":{"type":"LineString","coordinates":[[-77.0885213,38.7119843],[-77.087945,38.7115904],[-77.0877144,38.7114669],[-77.087656,38.7114549],[-77.0875879,38.7114545]]}},{"type":"Feature","id":"way/232727627","properties":{"id":"way/232727627","name":"Mount Vernon Memorial Highway","class":"public_road","highway":"primary","surface":"asphalt","base_width":8,"step_free":true,"surface_advisory":false,"routable":false,"access_blocked":false,"profiles":[],"source":"openstreetmap","source_date":"2026-09-11","confidence":"medium","surveyed":false},"geometry":{"type":"LineString","coordinates":[[-77.0950344,38.7160025],[-77.094877,38.715964],[-77.094694,38.715911],[-77.094502,38.715847],[-77.094328,38.715781],[-77.094183,38.715719],[-77.093905,38.715578],[-77.093642,38.715418],[-77.0930069,38.7150066]]}},{"type":"Feature","id":"way/331739959","properties":{"id":"way/331739959","name":null,"class":"service_road","highway":"service","surface":null,"base_width":5,"step_free":true,"surface_advisory":false,"routable":true,"access_blocked":false,"profiles":["visitor","step_free"],"source":"openstreetmap","source_date":"2026-09-11","confidence":"medium","surveyed":false},"geometry":{"type":"LineString","coordinates":[[-77.0901511,38.7193848],[-77.0903429,38.7195034],[-77.0905092,38.7194553],[-77.0910553,38.719448],[-77.0910567,38.7194104],[-77.0910618,38.719269],[-77.0917189,38.719269],[-77.0917164,38.7194182],[-77.0917133,38.7196022],[-77.0917109,38.7197482],[-77.091609,38.7197785],[-77.0915875,38.7199094],[-77.091589,38.7199545],[-77.0915929,38.7200705],[-77.091668,38.7201417],[-77.0916921,38.7202672],[-77.0915826,38.7203107],[-77.0915392,38.7203279],[-77.0914534,38.7203154],[-77.0914292,38.7203009],[-77.0912164,38.7201733],[-77.0911637,38.7201417],[-77.0910506,38.72012],[-77.0910108,38.7201124],[-77.0908282,38.720091],[-77.090626,38.7200673],[-77.0904065,38.7200415],[-77.0902084,38.7200183],[-77.0898484,38.7199761]]}},{"type":"Feature","id":"way/331739961","properties":{"id":"way/331739961","name":null,"class":"service_road","highway":"service","surface":null,"base_width":5,"step_free":true,"surface_advisory":false,"routable":true,"access_blocked":false,"profiles":["visitor","step_free"],"source":"openstreetmap","source_date":"2026-09-11","confidence":"medium","surveyed":false},"geometry":{"type":"LineString","coordinates":[[-77.0910553,38.719448],[-77.0910587,38.7196075],[-77.0910618,38.7197503],[-77.091061,38.719778],[-77.0910557,38.7199503],[-77.0910506,38.72012]]}},{"type":"Feature","id":"way/331860534","properties":{"id":"way/331860534","name":null,"class":"service_road","highway":"service","surface":null,"base_width":5,"step_free":true,"surface_advisory":false,"routable":true,"access_blocked":false,"profiles":["visitor","step_free"],"source":"openstreetmap","source_date":"2026-09-11","confidence":"medium","surveyed":false},"geometry":{"type":"LineString","coordinates":[[-77.091589,38.7199545],[-77.0913085,38.7199533],[-77.0910557,38.7199503]]}},{"type":"Feature","id":"way/331860537","properties":{"id":"way/331860537","name":null,"class":"visitor_path","highway":"footway","surface":"concrete","base_width":3.2,"step_free":true,"surface_advisory":false,"routable":true,"access_blocked":false,"profiles":["visitor","step_free"],"source":"openstreetmap","source_date":"2026-09-11","confidence":"medium","surveyed":false},"geometry":{"type":"LineString","coordinates":[[-77.089236,38.7186768],[-77.0892164,38.7186349],[-77.0890396,38.7179329],[-77.0890072,38.7178041],[-77.0888791,38.7173226]]}},{"type":"Feature","id":"way/466761306","properties":{"id":"way/466761306","name":"Ferry Landing Road","class":"service_road","highway":"residential","surface":null,"base_width":5,"step_free":true,"surface_advisory":false,"routable":true,"access_blocked":false,"profiles":["visitor","step_free"],"source":"openstreetmap","source_date":"2026-09-11","confidence":"medium","surveyed":false},"geometry":{"type":"LineString","coordinates":[[-77.1033954,38.7016449],[-77.1033309,38.7017691],[-77.1032182,38.7019366],[-77.1031364,38.7020768],[-77.1030399,38.702216],[-77.102954,38.7023343],[-77.1028803,38.7024379]]}},{"type":"Feature","id":"way/468871134","properties":{"id":"way/468871134","name":"Brinitzer Way","class":"service_road","highway":"service","surface":null,"base_width":5,"step_free":true,"surface_advisory":false,"routable":true,"access_blocked":false,"profiles":["visitor","step_free"],"source":"openstreetmap","source_date":"2026-09-11","confidence":"medium","surveyed":false},"geometry":{"type":"LineString","coordinates":[[-77.0724865,38.719121],[-77.0723283,38.7189044],[-77.0722572,38.7188594],[-77.0721848,38.7188562],[-77.0717932,38.7188876],[-77.071408,38.7189154]]}},{"type":"Feature","id":"way/494920189","properties":{"id":"way/494920189","name":"Mount Vernon Trail","class":"cycleway","highway":"cycleway","surface":"asphalt","base_width":2.6,"step_free":true,"surface_advisory":false,"routable":true,"access_blocked":false,"profiles":["visitor","step_free"],"source":"openstreetmap","source_date":"2026-09-11","confidence":"medium","surveyed":false},"geometry":{"type":"LineString","coordinates":[[-77.0740818,38.7128029],[-77.0739645,38.7127055],[-77.073911,38.712617],[-77.073655,38.7124628],[-77.073372,38.712179],[-77.073244,38.712075],[-77.0731341,38.7119979],[-77.0730952,38.7119425],[-77.0730711,38.7118838],[-77.0730715,38.711811],[-77.07313,38.7117208],[-77.073181,38.711637],[-77.0732181,38.7115478],[-77.0732413,38.7114921],[-77.0732543,38.7114406],[-77.0732562,38.7113971],[-77.0732407,38.7113525],[-77.073216,38.7113062],[-77.0731243,38.7111517],[-77.0730754,38.7110819],[-77.0730142,38.7110178],[-77.0728729,38.7109014],[-77.0726547,38.710751],[-77.0725228,38.7106731],[-77.0725186,38.7106706],[-77.0725111,38.7106662],[-77.0723951,38.7106084],[-77.072322,38.710561],[-77.072205,38.7104858],[-77.072098,38.7104425],[-77.0719484,38.7104152],[-77.0715922,38.7103838],[-77.0712557,38.7103778],[-77.0709168,38.7103827],[-77.0708013,38.7103822],[-77.0706624,38.7103565],[-77.0705153,38.7103202],[-77.0703356,38.7102766],[-77.0702583,38.7102692],[-77.0701822,38.7102719],[-77.0701039,38.7102962],[-77.0698485,38.7104261],[-77.0696961,38.7104977],[-77.0696138,38.7105176],[-77.0695479,38.7105151]]}},{"type":"Feature","id":"way/527651144","properties":{"id":"way/527651144","name":null,"class":"visitor_path","highway":"footway","surface":"brick","base_width":3.2,"step_free":true,"surface_advisory":false,"routable":true,"access_blocked":false,"profiles":["visitor","step_free"],"source":"openstreetmap","source_date":"2026-09-11","confidence":"medium","surveyed":false},"geometry":{"type":"LineString","coordinates":[[-77.0890682,38.7061248],[-77.0890774,38.706193],[-77.0890814,38.7062494],[-77.0890884,38.7063217],[-77.0890984,38.7064186],[-77.0891038,38.7064646],[-77.0891064,38.7065128],[-77.0890903,38.7065421],[-77.0890555,38.706563],[-77.0889804,38.7065777],[-77.0888624,38.7065965]]}},{"type":"Feature","id":"way/527651589","properties":{"id":"way/527651589","name":null,"class":"visitor_path","highway":"footway","surface":"compacted","base_width":3.2,"step_free":true,"surface_advisory":false,"routable":true,"access_blocked":false,"profiles":["visitor","step_free"],"source":"openstreetmap","source_date":"2026-09-11","confidence":"medium","surveyed":false},"geometry":{"type":"LineString","coordinates":[[-77.0870096,38.7074479],[-77.0868696,38.7073679],[-77.0867787,38.7072801],[-77.0866878,38.7071924],[-77.0866077,38.707119],[-77.0865692,38.7070974],[-77.0865523,38.7070782],[-77.0865276,38.7070613]]}},{"type":"Feature","id":"way/527652929","properties":{"id":"way/527652929","name":null,"class":"visitor_path","highway":"footway","surface":null,"base_width":3.2,"step_free":true,"surface_advisory":false,"routable":true,"access_blocked":false,"profiles":["visitor","step_free"],"source":"openstreetmap","source_date":"2026-09-11","confidence":"medium","surveyed":false},"geometry":{"type":"LineString","coordinates":[[-77.091326,38.70706],[-77.0913514,38.7070821]]}},{"type":"Feature","id":"way/527652931","properties":{"id":"way/527652931","name":null,"class":"visitor_path","highway":"footway","surface":"compacted","base_width":3.2,"step_free":true,"surface_advisory":false,"routable":true,"access_blocked":false,"profiles":["visitor","step_free"],"source":"openstreetmap","source_date":"2026-09-11","confidence":"medium","surveyed":false},"geometry":{"type":"LineString","coordinates":[[-77.088283,38.7052297],[-77.0881836,38.7050394],[-77.0880789,38.7048389]]}},{"type":"Feature","id":"way/527908053","properties":{"id":"way/527908053","name":null,"class":"visitor_path","highway":"footway","surface":null,"base_width":3.2,"step_free":true,"surface_advisory":false,"routable":true,"access_blocked":false,"profiles":["visitor","step_free"],"source":"openstreetmap","source_date":"2026-09-11","confidence":"medium","surveyed":false},"geometry":{"type":"LineString","coordinates":[[-77.091326,38.70706],[-77.0911332,38.706869],[-77.0909574,38.7067103]]}},{"type":"Feature","id":"way/527918564","properties":{"id":"way/527918564","name":null,"class":"visitor_path","highway":"footway","surface":"paved","base_width":3.2,"step_free":true,"surface_advisory":false,"routable":true,"access_blocked":false,"profiles":["visitor","step_free"],"source":"openstreetmap","source_date":"2026-09-11","confidence":"medium","surveyed":false},"geometry":{"type":"LineString","coordinates":[[-77.0877416,38.7119957],[-77.087751,38.7120156],[-77.0877604,38.7120268],[-77.0879451,38.7122404],[-77.0880362,38.7123098],[-77.0880839,38.7123622],[-77.0881229,38.7124092],[-77.0881777,38.7124437],[-77.0882361,38.7124824],[-77.0883334,38.7125234],[-77.088314,38.7125721],[-77.0882994,38.7126424],[-77.0882762,38.7126683],[-77.0882504,38.7126853],[-77.0882424,38.7127312],[-77.0882605,38.7127723]]}},{"type":"Feature","id":"way/527918565","properties":{"id":"way/527918565","name":null,"class":"visitor_path","highway":"footway","surface":null,"base_width":3.2,"step_free":true,"surface_advisory":false,"routable":true,"access_blocked":false,"profiles":["visitor","step_free"],"source":"openstreetmap","source_date":"2026-09-11","confidence":"medium","surveyed":false},"geometry":{"type":"LineString","coordinates":[[-77.087609,38.7116901],[-77.0875478,38.7117091],[-77.0874929,38.7117491],[-77.0874575,38.7117892],[-77.0874398,38.7118403],[-77.0874451,38.7118568],[-77.0874929,38.7118555],[-77.087546,38.7118555],[-77.0876026,38.7118555],[-77.0876398,38.7118582],[-77.0876643,38.7118664],[-77.0877353,38.7118679],[-77.0877973,38.7118831],[-77.0878468,38.7118969],[-77.0878685,38.7119068],[-77.0878686,38.7119313],[-77.0878433,38.7119471],[-77.0877891,38.7119715],[-77.087753,38.7119894],[-77.0877416,38.7119957]]}},{"type":"Feature","id":"way/527918566","properties":{"id":"way/527918566","name":null,"class":"visitor_path","highway":"footway","surface":null,"base_width":3.2,"step_free":true,"surface_advisory":false,"routable":true,"access_blocked":false,"profiles":["visitor","step_free"],"source":"openstreetmap","source_date":"2026-09-11","confidence":"medium","surveyed":false},"geometry":{"type":"LineString","coordinates":[[-77.0879451,38.7122404],[-77.0878965,38.7122226],[-77.0878457,38.7122111],[-77.0877862,38.7122007],[-77.0877283,38.712202],[-77.0876007,38.7122225],[-77.0875239,38.712271],[-77.0874422,38.7123479],[-77.0873832,38.7124409],[-77.0873543,38.7125186],[-77.0874145,38.7125268],[-77.0874919,38.712517],[-77.0875383,38.71251],[-77.0875815,38.7125116],[-77.0876224,38.7125214],[-77.0876622,38.7125648],[-77.0877012,38.7125893]]}},{"type":"Feature","id":"way/527918567","properties":{"id":"way/527918567","name":null,"class":"visitor_path","highway":"footway","surface":null,"base_width":3.2,"step_free":true,"surface_advisory":false,"routable":true,"access_blocked":false,"profiles":["visitor","step_free"],"source":"openstreetmap","source_date":"2026-09-11","confidence":"medium","surveyed":false},"geometry":{"type":"LineString","coordinates":[[-77.0873543,38.7125186],[-77.0873496,38.7125776],[-77.0873531,38.7126273],[-77.0873602,38.712706],[-77.0873726,38.712764],[-77.0873973,38.7128206],[-77.0874263,38.7128554],[-77.0875947,38.7128141]]}},{"type":"Feature","id":"way/527918568","properties":{"id":"way/527918568","name":null,"class":"visitor_path","highway":"footway","surface":null,"base_width":3.2,"step_free":true,"surface_advisory":false,"routable":true,"access_blocked":false,"profiles":["visitor","step_free"],"source":"openstreetmap","source_date":"2026-09-11","confidence":"medium","surveyed":false},"geometry":{"type":"LineString","coordinates":[[-77.0874263,38.7128554],[-77.0874911,38.7129242],[-77.0875531,38.7129698],[-77.0876026,38.7130071],[-77.0876539,38.7130485],[-77.0876787,38.7130844],[-77.0877052,38.7131396],[-77.0877194,38.7131672],[-77.0877672,38.7132694],[-77.0878055,38.7132578]]}},{"type":"Feature","id":"way/527918569","properties":{"id":"way/527918569","name":null,"class":"visitor_path","highway":"footway","surface":null,"base_width":3.2,"step_free":true,"surface_advisory":false,"routable":true,"access_blocked":false,"profiles":["visitor","step_free"],"source":"openstreetmap","source_date":"2026-09-11","confidence":"medium","surveyed":false},"geometry":{"type":"LineString","coordinates":[[-77.0877194,38.7131672],[-77.0877748,38.713154]]}},{"type":"Feature","id":"way/527918570","properties":{"id":"way/527918570","name":null,"class":"visitor_path","highway":"footway","surface":null,"base_width":3.2,"step_free":true,"surface_advisory":false,"routable":true,"access_blocked":false,"profiles":["visitor","step_free"],"source":"openstreetmap","source_date":"2026-09-11","confidence":"medium","surveyed":false},"geometry":{"type":"LineString","coordinates":[[-77.0883334,38.7125234],[-77.0883972,38.7125379],[-77.0884625,38.7125539],[-77.0885601,38.7125999],[-77.0886495,38.7126522],[-77.0887227,38.7127077],[-77.0887694,38.7127696],[-77.0887898,38.7128426],[-77.0887857,38.7129092],[-77.0887329,38.7129726],[-77.0886899,38.7130117],[-77.088656,38.7130315],[-77.0886375,38.7130363]]}},{"type":"Feature","id":"way/527918573","properties":{"id":"way/527918573","name":null,"class":"service_road","highway":"service","surface":null,"base_width":5,"step_free":true,"surface_advisory":false,"routable":true,"access_blocked":false,"profiles":["visitor","step_free"],"source":"openstreetmap","source_date":"2026-09-11","confidence":"medium","surveyed":false},"geometry":{"type":"LineString","coordinates":[[-77.0882415,38.7133026],[-77.0881913,38.7133102],[-77.0881534,38.7133238],[-77.0881202,38.713356],[-77.0881157,38.7133933],[-77.088123,38.7134418],[-77.088148,38.713486],[-77.0882232,38.7135415],[-77.0883066,38.7135526],[-77.088351,38.7135131],[-77.0883641,38.7134474],[-77.0883617,38.7133903],[-77.0883483,38.7133505],[-77.0883168,38.7133216],[-77.088283,38.7133074],[-77.0882415,38.7133026]]}},{"type":"Feature","id":"way/527918574","properties":{"id":"way/527918574","name":null,"class":"service_road","highway":"service","surface":null,"base_width":5,"step_free":true,"surface_advisory":false,"routable":true,"access_blocked":false,"profiles":["visitor","step_free"],"source":"openstreetmap","source_date":"2026-09-11","confidence":"medium","surveyed":false},"geometry":{"type":"LineString","coordinates":[[-77.0883066,38.7135526],[-77.0883676,38.7136589],[-77.0884611,38.713762],[-77.0885096,38.7138666],[-77.0885371,38.7137696],[-77.0885708,38.7137081],[-77.0886185,38.7136225],[-77.0886425,38.7135463],[-77.0886498,38.7134888],[-77.0886465,38.7134301],[-77.0886232,38.7133471],[-77.0885301,38.7131082]]}},{"type":"Feature","id":"way/527918575","properties":{"id":"way/527918575","name":null,"class":"service_road","highway":"service","surface":null,"base_width":5,"step_free":true,"surface_advisory":false,"routable":true,"access_blocked":false,"profiles":["visitor","step_free"],"source":"openstreetmap","source_date":"2026-09-11","confidence":"medium","surveyed":false},"geometry":{"type":"LineString","coordinates":[[-77.0885096,38.7138666],[-77.0884167,38.7138821],[-77.0883038,38.7138791],[-77.0882184,38.7138509],[-77.0881486,38.7138076],[-77.0880913,38.7137665],[-77.088054,38.7137307],[-77.0879598,38.7136254],[-77.0878922,38.7135251],[-77.0878202,38.7133981],[-77.0877826,38.7133168]]}},{"type":"Feature","id":"way/527918576","properties":{"id":"way/527918576","name":null,"class":"service_road","highway":"service","surface":null,"base_width":5,"step_free":true,"surface_advisory":false,"routable":true,"access_blocked":false,"profiles":["visitor","step_free"],"source":"openstreetmap","source_date":"2026-09-11","confidence":"medium","surveyed":false},"geometry":{"type":"LineString","coordinates":[[-77.0885096,38.7138666],[-77.088583,38.7139159],[-77.0886773,38.7139972],[-77.0887714,38.7140999],[-77.0888352,38.7142008],[-77.0888852,38.714332],[-77.0889055,38.7144489],[-77.0889096,38.7145931],[-77.0889233,38.7147023],[-77.0889735,38.7148065],[-77.0890434,38.714894],[-77.0891474,38.7149703],[-77.0892404,38.7150163],[-77.089337,38.7150435],[-77.0895586,38.7150669],[-77.0897332,38.7150413],[-77.0898743,38.7149904],[-77.0899733,38.7149153],[-77.0900557,38.7148232],[-77.0901176,38.7147004],[-77.0901678,38.7145285],[-77.0902194,38.7144039],[-77.0903007,38.714282],[-77.090379,38.7141852],[-77.0904569,38.7141047],[-77.0907052,38.7138866]]}},{"type":"Feature","id":"way/527918577","properties":{"id":"way/527918577","name":null,"class":"visitor_path","highway":"footway","surface":null,"base_width":3.2,"step_free":true,"surface_advisory":false,"routable":true,"access_blocked":false,"profiles":["visitor","step_free"],"source":"openstreetmap","source_date":"2026-09-11","confidence":"medium","surveyed":false},"geometry":{"type":"LineString","coordinates":[[-77.088656,38.7130315],[-77.0887191,38.7132026],[-77.0887687,38.713342],[-77.0887952,38.7134318],[-77.0887934,38.7134856],[-77.0887651,38.7135809]]}},{"type":"Feature","id":"way/528121449","properties":{"id":"way/528121449","name":null,"class":"visitor_path","highway":"footway","surface":"paving_stones","base_width":3.2,"step_free":true,"surface_advisory":false,"routable":true,"access_blocked":false,"profiles":["visitor","step_free"],"source":"openstreetmap","source_date":"2026-09-11","confidence":"medium","surveyed":false},"geometry":{"type":"LineString","coordinates":[[-77.0862317,38.7086785],[-77.0860504,38.7085914]]}},{"type":"Feature","id":"way/528121451","properties":{"id":"way/528121451","name":null,"class":"visitor_path","highway":"footway","surface":"paving_stones","base_width":3.2,"step_free":true,"surface_advisory":false,"routable":true,"access_blocked":false,"profiles":["visitor","step_free"],"source":"openstreetmap","source_date":"2026-09-11","confidence":"medium","surveyed":false},"geometry":{"type":"LineString","coordinates":[[-77.0873613,38.7066292],[-77.0874515,38.7066384],[-77.087532,38.7066635],[-77.0876646,38.7067039]]}},{"type":"Feature","id":"way/528121452","properties":{"id":"way/528121452","name":null,"class":"steps","highway":"steps","surface":null,"base_width":3.2,"step_free":false,"surface_advisory":false,"routable":true,"access_blocked":false,"profiles":["visitor"],"source":"openstreetmap","source_date":"2026-09-11","confidence":"medium","surveyed":false},"geometry":{"type":"LineString","coordinates":[[-77.0873047,38.7066397],[-77.0873613,38.7066292]]}},{"type":"Feature","id":"way/528121453","properties":{"id":"way/528121453","name":null,"class":"steps","highway":"steps","surface":null,"base_width":3.2,"step_free":false,"surface_advisory":false,"routable":true,"access_blocked":false,"profiles":["visitor"],"source":"openstreetmap","source_date":"2026-09-11","confidence":"medium","surveyed":false},"geometry":{"type":"LineString","coordinates":[[-77.0881596,38.7058493],[-77.0881301,38.7057425],[-77.0881248,38.7056986],[-77.0881248,38.705663],[-77.0881382,38.7056274],[-77.088173,38.7055981],[-77.0881864,38.705573],[-77.0881918,38.7055437],[-77.0881972,38.7054683]]}},{"type":"Feature","id":"way/528121454","properties":{"id":"way/528121454","name":null,"class":"visitor_path","highway":"footway","surface":null,"base_width":3.2,"step_free":true,"surface_advisory":false,"routable":true,"access_blocked":false,"profiles":["visitor","step_free"],"source":"openstreetmap","source_date":"2026-09-11","confidence":"medium","surveyed":false},"geometry":{"type":"LineString","coordinates":[[-77.0881972,38.7054683],[-77.0881864,38.7054411],[-77.0881328,38.7053762]]}},{"type":"Feature","id":"way/528121455","properties":{"id":"way/528121455","name":null,"class":"steps","highway":"steps","surface":null,"base_width":3.2,"step_free":false,"surface_advisory":false,"routable":true,"access_blocked":false,"profiles":["visitor"],"source":"openstreetmap","source_date":"2026-09-11","confidence":"medium","surveyed":false},"geometry":{"type":"LineString","coordinates":[[-77.0895034,38.7058242],[-77.0896902,38.7056754]]}},{"type":"Feature","id":"way/528121456","properties":{"id":"way/528121456","name":"Forest Trail","class":"steps","highway":"steps","surface":null,"base_width":3.2,"step_free":false,"surface_advisory":false,"routable":true,"access_blocked":false,"profiles":["visitor"],"source":"openstreetmap","source_date":"2026-09-11","confidence":"medium","surveyed":false},"geometry":{"type":"LineString","coordinates":[[-77.0903511,38.7077446],[-77.0904667,38.7076676],[-77.090612,38.7075723],[-77.090714,38.7074767],[-77.0908324,38.7073885],[-77.0908806,38.7073489],[-77.0909183,38.7073357],[-77.0909382,38.7073168],[-77.0909748,38.707296],[-77.0910217,38.7072663],[-77.091078,38.7072663],[-77.0911236,38.7072684],[-77.0911826,38.7072872],[-77.0912684,38.7073354],[-77.091314,38.7073584],[-77.0913434,38.7073772],[-77.0913704,38.707373],[-77.091365,38.7073521],[-77.0913514,38.7073165],[-77.0913248,38.7072391],[-77.0913167,38.7071805]]}},{"type":"Feature","id":"way/528121457","properties":{"id":"way/528121457","name":"Forest Trail","class":"visitor_path","highway":"footway","surface":null,"base_width":3.2,"step_free":true,"surface_advisory":false,"routable":true,"access_blocked":false,"profiles":["visitor","step_free"],"source":"openstreetmap","source_date":"2026-09-11","confidence":"medium","surveyed":false},"geometry":{"type":"LineString","coordinates":[[-77.0913167,38.7071805],[-77.091314,38.7071281],[-77.0913514,38.7070821]]}},{"type":"Feature","id":"way/528121458","properties":{"id":"way/528121458","name":null,"class":"visitor_path","highway":"footway","surface":"compacted","base_width":3.2,"step_free":true,"surface_advisory":false,"routable":true,"access_blocked":false,"profiles":["visitor","step_free"],"source":"openstreetmap","source_date":"2026-09-11","confidence":"medium","surveyed":false},"geometry":{"type":"LineString","coordinates":[[-77.0871782,38.7081711],[-77.0872127,38.7081304]]}},{"type":"Feature","id":"way/528121459","properties":{"id":"way/528121459","name":null,"class":"steps","highway":"steps","surface":"compacted","base_width":3.2,"step_free":false,"surface_advisory":false,"routable":true,"access_blocked":false,"profiles":["visitor"],"source":"openstreetmap","source_date":"2026-09-11","confidence":"medium","surveyed":false},"geometry":{"type":"LineString","coordinates":[[-77.0872127,38.7081304],[-77.0872472,38.7080897]]}},{"type":"Feature","id":"way/528121460","properties":{"id":"way/528121460","name":null,"class":"visitor_path","highway":"footway","surface":null,"base_width":3.2,"step_free":true,"surface_advisory":false,"routable":true,"access_blocked":false,"profiles":["visitor","step_free"],"source":"openstreetmap","source_date":"2026-09-11","confidence":"medium","surveyed":false},"geometry":{"type":"LineString","coordinates":[[-77.0870929,38.7078441],[-77.0870015,38.7079526],[-77.086995,38.7079603],[-77.0872472,38.7080897]]}},{"type":"Feature","id":"way/528125318","properties":{"id":"way/528125318","name":null,"class":"trail","highway":"track","surface":null,"base_width":2.6,"step_free":true,"surface_advisory":false,"routable":true,"access_blocked":false,"profiles":["visitor","step_free"],"source":"openstreetmap","source_date":"2026-09-11","confidence":"medium","surveyed":false},"geometry":{"type":"LineString","coordinates":[[-77.0880059,38.7054752],[-77.0879719,38.7055018],[-77.0878538,38.7055876],[-77.0877278,38.7056546],[-77.0869687,38.7060188],[-77.0866629,38.7061528],[-77.0860916,38.706383],[-77.0857242,38.7065253],[-77.0852548,38.7066886],[-77.0849678,38.7067954],[-77.0849034,38.7068288],[-77.0848659,38.7068644],[-77.0848364,38.7069272],[-77.0848337,38.7069712],[-77.0848471,38.7070109],[-77.0848686,38.7070465]]}},{"type":"Feature","id":"way/528128595","properties":{"id":"way/528128595","name":null,"class":"visitor_path","highway":"footway","surface":null,"base_width":3.2,"step_free":true,"surface_advisory":false,"routable":true,"access_blocked":false,"profiles":["visitor","step_free"],"source":"openstreetmap","source_date":"2026-09-11","confidence":"medium","surveyed":false},"geometry":{"type":"LineString","coordinates":[[-77.0869288,38.7079966],[-77.086947,38.7079773]]}},{"type":"Feature","id":"way/528132931","properties":{"id":"way/528132931","name":null,"class":"visitor_path","highway":"footway","surface":"paving_stones","base_width":3.2,"step_free":true,"surface_advisory":false,"routable":true,"access_blocked":false,"profiles":["visitor","step_free"],"source":"openstreetmap","source_date":"2026-09-11","confidence":"medium","surveyed":false},"geometry":{"type":"LineString","coordinates":[[-77.0862365,38.707823],[-77.086266,38.707823],[-77.0863143,38.707821],[-77.0864081,38.7078189],[-77.0864557,38.7078219],[-77.0866232,38.7079042]]}},{"type":"Feature","id":"way/528132934","properties":{"id":"way/528132934","name":null,"class":"visitor_path","highway":"footway","surface":null,"base_width":3.2,"step_free":true,"surface_advisory":false,"routable":true,"access_blocked":false,"profiles":["visitor","step_free"],"source":"openstreetmap","source_date":"2026-09-11","confidence":"medium","surveyed":false},"geometry":{"type":"LineString","coordinates":[[-77.0870015,38.7079526],[-77.0869787,38.7079436],[-77.086959,38.7079346]]}},{"type":"Feature","id":"way/528132935","properties":{"id":"way/528132935","name":null,"class":"visitor_path","highway":"footway","surface":"compacted","base_width":3.2,"step_free":true,"surface_advisory":false,"routable":true,"access_blocked":false,"profiles":["visitor","step_free"],"source":"openstreetmap","source_date":"2026-09-11","confidence":"medium","surveyed":false},"geometry":{"type":"LineString","coordinates":[[-77.086959,38.7079346],[-77.0867106,38.7078009]]}},{"type":"Feature","id":"way/528133370","properties":{"id":"way/528133370","name":null,"class":"visitor_path","highway":"footway","surface":null,"base_width":3.2,"step_free":true,"surface_advisory":false,"routable":true,"access_blocked":false,"profiles":["visitor","step_free"],"source":"openstreetmap","source_date":"2026-09-11","confidence":"medium","surveyed":false},"geometry":{"type":"LineString","coordinates":[[-77.0877991,38.7093421],[-77.0879195,38.7093781],[-77.0879718,38.7094022],[-77.0880201,38.709443],[-77.0880536,38.7094797],[-77.0880831,38.7095226],[-77.0880953,38.7095557]]}},{"type":"Feature","id":"way/528155985","properties":{"id":"way/528155985","name":null,"class":"visitor_path","highway":"footway","surface":null,"base_width":3.2,"step_free":true,"surface_advisory":false,"routable":false,"access_blocked":true,"profiles":[],"source":"openstreetmap","source_date":"2026-09-11","confidence":"medium","surveyed":false},"geometry":{"type":"LineString","coordinates":[[-77.0858245,38.7090634],[-77.085797,38.7090509],[-77.0858264,38.7090178],[-77.0858985,38.7090077]]}},{"type":"Feature","id":"way/528155990","properties":{"id":"way/528155990","name":"Forest Trail","class":"visitor_path","highway":"footway","surface":null,"base_width":3.2,"step_free":true,"surface_advisory":false,"routable":true,"access_blocked":false,"profiles":["visitor","step_free"],"source":"openstreetmap","source_date":"2026-09-11","confidence":"medium","surveyed":false},"geometry":{"type":"LineString","coordinates":[[-77.0903841,38.7081574],[-77.0904974,38.7081674],[-77.0905151,38.708148],[-77.0905254,38.7081233],[-77.0905255,38.7080773],[-77.0904655,38.7079639],[-77.09038,38.7078342],[-77.0903511,38.7077446]]}},{"type":"Feature","id":"way/528157994","properties":{"id":"way/528157994","name":null,"class":"visitor_path","highway":"footway","surface":"paving_stones","base_width":3.2,"step_free":true,"surface_advisory":false,"routable":true,"access_blocked":false,"profiles":["visitor","step_free"],"source":"openstreetmap","source_date":"2026-09-11","confidence":"medium","surveyed":false},"geometry":{"type":"LineString","coordinates":[[-77.0862317,38.7086785],[-77.0863357,38.7085514],[-77.0861543,38.7084606]]}},{"type":"Feature","id":"way/531692750","properties":{"id":"way/531692750","name":"Mount Vernon Memorial Highway","class":"public_road","highway":"primary","surface":"asphalt","base_width":8,"step_free":true,"surface_advisory":false,"routable":false,"access_blocked":false,"profiles":[],"source":"openstreetmap","source_date":"2026-09-11","confidence":"medium","surveyed":false},"geometry":{"type":"LineString","coordinates":[[-77.0950344,38.7160025],[-77.095264,38.71605],[-77.095671,38.716106],[-77.0959843,38.7161409],[-77.0961433,38.7161562],[-77.0962447,38.7161573],[-77.0963077,38.7161544],[-77.0966443,38.7161369],[-77.0969037,38.7161053],[-77.097152,38.7160634],[-77.0973958,38.7160087],[-77.0976945,38.7159258],[-77.0979341,38.7158395],[-77.0982396,38.7157097],[-77.0985017,38.7155728],[-77.098727,38.7154408],[-77.1006899,38.7141672],[-77.1008022,38.7140999],[-77.101391,38.7137106],[-77.1017122,38.7135104],[-77.1021703,38.7132184],[-77.1030346,38.7126553]]}},{"type":"Feature","id":"way/541965243","properties":{"id":"way/541965243","name":null,"class":"visitor_path","highway":"footway","surface":null,"base_width":3.2,"step_free":true,"surface_advisory":false,"routable":true,"access_blocked":false,"profiles":["visitor","step_free"],"source":"openstreetmap","source_date":"2026-09-11","confidence":"medium","surveyed":false},"geometry":{"type":"LineString","coordinates":[[-77.0875046,38.7082218],[-77.0876215,38.7082782],[-77.0877046,38.7081866]]}},{"type":"Feature","id":"way/541966295","properties":{"id":"way/541966295","name":null,"class":"visitor_path","highway":"footway","surface":null,"base_width":3.2,"step_free":true,"surface_advisory":false,"routable":true,"access_blocked":false,"profiles":["visitor","step_free"],"source":"openstreetmap","source_date":"2026-09-11","confidence":"medium","surveyed":false},"geometry":{"type":"LineString","coordinates":[[-77.0882424,38.7127312],[-77.0881839,38.7127152],[-77.0880555,38.7127288],[-77.0878954,38.7127147],[-77.0878305,38.7127246],[-77.0877714,38.712744],[-77.0877058,38.7125927],[-77.0877012,38.7125893]]}},{"type":"Feature","id":"way/541966297","properties":{"id":"way/541966297","name":null,"class":"visitor_path","highway":"footway","surface":null,"base_width":3.2,"step_free":true,"surface_advisory":false,"routable":true,"access_blocked":false,"profiles":["visitor","step_free"],"source":"openstreetmap","source_date":"2026-09-11","confidence":"medium","surveyed":false},"geometry":{"type":"LineString","coordinates":[[-77.0882605,38.7127723],[-77.0883277,38.7127518],[-77.0884768,38.7130819]]}},{"type":"Feature","id":"way/541966298","properties":{"id":"way/541966298","name":null,"class":"visitor_path","highway":"footway","surface":null,"base_width":3.2,"step_free":true,"surface_advisory":false,"routable":true,"access_blocked":false,"profiles":["visitor","step_free"],"source":"openstreetmap","source_date":"2026-09-11","confidence":"medium","surveyed":false},"geometry":{"type":"LineString","coordinates":[[-77.0884768,38.7130819],[-77.0878055,38.7132578]]}},{"type":"Feature","id":"way/541966299","properties":{"id":"way/541966299","name":null,"class":"visitor_path","highway":"footway","surface":null,"base_width":3.2,"step_free":true,"surface_advisory":false,"routable":true,"access_blocked":false,"profiles":["visitor","step_free"],"source":"openstreetmap","source_date":"2026-09-11","confidence":"medium","surveyed":false},"geometry":{"type":"LineString","coordinates":[[-77.0886375,38.7130363],[-77.0884768,38.7130819]]}},{"type":"Feature","id":"way/577362458","properties":{"id":"way/577362458","name":null,"class":"visitor_path","highway":"footway","surface":null,"base_width":3.2,"step_free":true,"surface_advisory":false,"routable":true,"access_blocked":false,"profiles":["visitor","step_free"],"source":"openstreetmap","source_date":"2026-09-11","confidence":"medium","surveyed":false},"geometry":{"type":"LineString","coordinates":[[-77.089035,38.7060579],[-77.0890235,38.7060671],[-77.0890166,38.7060787],[-77.0890152,38.7060914],[-77.0890194,38.7061038],[-77.0890287,38.7061144],[-77.089042,38.7061218],[-77.0890578,38.7061253],[-77.0890682,38.7061248],[-77.0890729,38.7061246],[-77.089087,38.7061204],[-77.0890986,38.7061129],[-77.0891067,38.7061029],[-77.0891103,38.7060915],[-77.0891092,38.7060797],[-77.0891035,38.7060688],[-77.0890937,38.7060599],[-77.0890808,38.7060537],[-77.0890661,38.7060511],[-77.0890498,38.7060524],[-77.089035,38.7060579]]}},{"type":"Feature","id":"way/697654129","properties":{"id":"way/697654129","name":"Mount Vernon Memorial Highway","class":"public_road","highway":"primary","surface":"asphalt","base_width":8,"step_free":true,"surface_advisory":false,"routable":false,"access_blocked":false,"profiles":[],"source":"openstreetmap","source_date":"2026-09-11","confidence":"medium","surveyed":false},"geometry":{"type":"LineString","coordinates":[[-77.0874232,38.7116148],[-77.0874661,38.7115691],[-77.0875879,38.7114545]]}},{"type":"Feature","id":"way/697654203","properties":{"id":"way/697654203","name":"Mount Vernon Memorial Highway","class":"public_road","highway":"primary","surface":"asphalt","base_width":8,"step_free":true,"surface_advisory":false,"routable":false,"access_blocked":false,"profiles":[],"source":"openstreetmap","source_date":"2026-09-11","confidence":"medium","surveyed":false},"geometry":{"type":"LineString","coordinates":[[-77.0930069,38.7150066],[-77.092617,38.7147386],[-77.0919408,38.7142719]]}},{"type":"Feature","id":"way/697654204","properties":{"id":"way/697654204","name":"Mount Vernon Memorial Highway","class":"public_road","highway":"primary","surface":"asphalt","base_width":8,"step_free":true,"surface_advisory":false,"routable":false,"access_blocked":false,"profiles":[],"source":"openstreetmap","source_date":"2026-09-11","confidence":"medium","surveyed":false},"geometry":{"type":"LineString","coordinates":[[-77.0919408,38.7142719],[-77.0910348,38.7136488],[-77.0909467,38.7135889],[-77.090269,38.7131284],[-77.0895219,38.7126336],[-77.0885213,38.7119843]]}},{"type":"Feature","id":"way/712902236","properties":{"id":"way/712902236","name":null,"class":"visitor_path","highway":"path","surface":"ground","base_width":3.2,"step_free":true,"surface_advisory":true,"routable":true,"access_blocked":false,"profiles":["visitor","step_free"],"source":"openstreetmap","source_date":"2026-09-11","confidence":"medium","surveyed":false},"geometry":{"type":"LineString","coordinates":[[-77.0892708,38.7178664],[-77.0891538,38.7179061],[-77.0890688,38.717927],[-77.0890396,38.7179329],[-77.088962,38.7179427],[-77.0888495,38.7179465],[-77.0887071,38.7179472],[-77.0886002,38.7179409],[-77.0884748,38.7179566],[-77.088385,38.7179813],[-77.0883437,38.7179907],[-77.0882879,38.7180185],[-77.0882511,38.7180526],[-77.0882163,38.7181012],[-77.0881584,38.7181442],[-77.0880666,38.7181852],[-77.0879638,38.7182136],[-77.0878396,38.7182518],[-77.0877469,38.7182897],[-77.0876806,38.718331],[-77.0876033,38.7183882],[-77.0875527,38.7184333],[-77.0875187,38.7184734],[-77.0874548,38.7185577],[-77.0874022,38.7186565],[-77.0873678,38.7187244],[-77.0873176,38.7188343],[-77.0872719,38.7188952],[-77.0872108,38.7189495],[-77.0871275,38.7190322],[-77.0870194,38.7191149],[-77.0869171,38.7191904],[-77.0868632,38.7192506],[-77.086811,38.7193435],[-77.0867665,38.7194416],[-77.0867261,38.7195515],[-77.0866913,38.7196102],[-77.0866071,38.7197046],[-77.0865128,38.7197879],[-77.08637,38.7198991],[-77.0862761,38.7199675]]}},{"type":"Feature","id":"way/718456210","properties":{"id":"way/718456210","name":null,"class":"visitor_path","highway":"footway","surface":"compacted","base_width":3.2,"step_free":true,"surface_advisory":false,"routable":true,"access_blocked":false,"profiles":["visitor","step_free"],"source":"openstreetmap","source_date":"2026-09-11","confidence":"medium","surveyed":false},"geometry":{"type":"LineString","coordinates":[[-77.0882427,38.705018],[-77.0881836,38.7050394]]}},{"type":"Feature","id":"way/724878793","properties":{"id":"way/724878793","name":null,"class":"service_road","highway":"service","surface":null,"base_width":5,"step_free":true,"surface_advisory":false,"routable":true,"access_blocked":false,"profiles":["visitor","step_free"],"source":"openstreetmap","source_date":"2026-09-11","confidence":"medium","surveyed":false},"geometry":{"type":"LineString","coordinates":[[-77.1044163,38.7014496],[-77.1040974,38.7012637],[-77.1037716,38.7008762]]}},{"type":"Feature","id":"way/724878795","properties":{"id":"way/724878795","name":null,"class":"service_road","highway":"service","surface":null,"base_width":5,"step_free":true,"surface_advisory":false,"routable":false,"access_blocked":true,"profiles":[],"source":"openstreetmap","source_date":"2026-09-11","confidence":"medium","surveyed":false},"geometry":{"type":"LineString","coordinates":[[-77.101351,38.700782],[-77.1012911,38.7007355],[-77.1012598,38.700687],[-77.101217,38.7006207],[-77.1011534,38.7005762],[-77.1007927,38.7004332],[-77.100748,38.7004288],[-77.1007158,38.7004406],[-77.1006977,38.7004599],[-77.1006863,38.700491],[-77.1007034,38.7005244],[-77.1007908,38.7006229],[-77.1010433,38.7006962],[-77.1012598,38.700687]]}},{"type":"Feature","id":"way/724879539","properties":{"id":"way/724879539","name":null,"class":"service_road","highway":"service","surface":null,"base_width":5,"step_free":true,"surface_advisory":false,"routable":false,"access_blocked":true,"profiles":[],"source":"openstreetmap","source_date":"2026-09-11","confidence":"medium","surveyed":false},"geometry":{"type":"LineString","coordinates":[[-77.090481,38.718336],[-77.0908885,38.7185681],[-77.0909892,38.7186059]]}},{"type":"Feature","id":"way/725021140","properties":{"id":"way/725021140","name":null,"class":"service_road","highway":"service","surface":null,"base_width":5,"step_free":true,"surface_advisory":false,"routable":true,"access_blocked":false,"profiles":["visitor","step_free"],"source":"openstreetmap","source_date":"2026-09-11","confidence":"medium","surveyed":false},"geometry":{"type":"LineString","coordinates":[[-77.1034316,38.7104904],[-77.103498,38.7104711],[-77.1035644,38.7104631],[-77.1036361,38.7104612],[-77.1037245,38.7104593],[-77.1037794,38.7104463],[-77.1038367,38.7104239],[-77.1039419,38.7103568],[-77.103992,38.7103139],[-77.1040159,38.7102766],[-77.1040231,38.7102356],[-77.1040135,38.7101984],[-77.103992,38.7101685],[-77.1039538,38.710148],[-77.1038917,38.7101256],[-77.1038296,38.7101163],[-77.103777,38.7101182],[-77.1037316,38.7101368],[-77.1036934,38.7101685],[-77.1036528,38.7102282],[-77.1035739,38.7103605],[-77.1035453,38.7104053],[-77.1035195,38.7104351],[-77.1034927,38.7104556],[-77.1034316,38.7104904],[-77.1032885,38.7105724]]}},{"type":"Feature","id":"way/725021141","properties":{"id":"way/725021141","name":null,"class":"service_road","highway":"service","surface":null,"base_width":5,"step_free":true,"surface_advisory":false,"routable":true,"access_blocked":false,"profiles":["visitor","step_free"],"source":"openstreetmap","source_date":"2026-09-11","confidence":"medium","surveyed":false},"geometry":{"type":"LineString","coordinates":[[-77.103846,38.7105897],[-77.103888,38.7105777],[-77.1039395,38.7105656],[-77.1039908,38.7105594],[-77.1040298,38.7105594],[-77.1045274,38.710593],[-77.1045482,38.7104139],[-77.1041822,38.7103879],[-77.1041447,38.7103916],[-77.1041091,38.7104034],[-77.1040757,38.7104221],[-77.103846,38.7105897],[-77.1037507,38.7106495],[-77.1037066,38.7106738],[-77.1036695,38.7106942],[-77.1035931,38.7107278],[-77.1034485,38.7107863]]}},{"type":"Feature","id":"way/725036748","properties":{"id":"way/725036748","name":null,"class":"service_road","highway":"service","surface":null,"base_width":5,"step_free":true,"surface_advisory":false,"routable":true,"access_blocked":false,"profiles":["visitor","step_free"],"source":"openstreetmap","source_date":"2026-09-11","confidence":"medium","surveyed":false},"geometry":{"type":"LineString","coordinates":[[-77.095912,38.702289],[-77.0961013,38.7020904],[-77.0962209,38.7018946],[-77.0962608,38.7017623],[-77.0962193,38.7016378]]}},{"type":"Feature","id":"way/725036749","properties":{"id":"way/725036749","name":null,"class":"service_road","highway":"service","surface":null,"base_width":5,"step_free":true,"surface_advisory":false,"routable":false,"access_blocked":true,"profiles":[],"source":"openstreetmap","source_date":"2026-09-11","confidence":"medium","surveyed":false},"geometry":{"type":"LineString","coordinates":[[-77.0965748,38.7029933],[-77.0967176,38.7027165],[-77.0967904,38.7025902],[-77.0968308,38.7025448],[-77.096915,38.7025574],[-77.0970832,38.7027127]]}},{"type":"Feature","id":"way/725036750","properties":{"id":"way/725036750","name":null,"class":"service_road","highway":"service","surface":null,"base_width":5,"step_free":true,"surface_advisory":false,"routable":true,"access_blocked":false,"profiles":["visitor","step_free"],"source":"openstreetmap","source_date":"2026-09-11","confidence":"medium","surveyed":false},"geometry":{"type":"LineString","coordinates":[[-77.0970277,38.7033263],[-77.0973703,38.7032094],[-77.0975147,38.7031242],[-77.0975852,38.7030298]]}},{"type":"Feature","id":"way/725053113","properties":{"id":"way/725053113","name":null,"class":"service_road","highway":"service","surface":null,"base_width":5,"step_free":true,"surface_advisory":false,"routable":true,"access_blocked":false,"profiles":["visitor","step_free"],"source":"openstreetmap","source_date":"2026-09-11","confidence":"medium","surveyed":false},"geometry":{"type":"LineString","coordinates":[[-77.092515,38.703968],[-77.0923857,38.7040993],[-77.0922406,38.7042424],[-77.0917429,38.7043968],[-77.0915776,38.7044588],[-77.091399,38.7044106]]}},{"type":"Feature","id":"way/725081267","properties":{"id":"way/725081267","name":null,"class":"service_road","highway":"service","surface":null,"base_width":5,"step_free":true,"surface_advisory":false,"routable":true,"access_blocked":false,"profiles":["visitor","step_free"],"source":"openstreetmap","source_date":"2026-09-11","confidence":"medium","surveyed":false},"geometry":{"type":"LineString","coordinates":[[-77.080714,38.719361],[-77.080541,38.7195204],[-77.0803038,38.7196975],[-77.0802254,38.7197714],[-77.0801776,38.7198185],[-77.0801331,38.7199147],[-77.0801089,38.7201322],[-77.0801174,38.720272]]}},{"type":"Feature","id":"way/725105013","properties":{"id":"way/725105013","name":null,"class":"service_road","highway":"service","surface":null,"base_width":5,"step_free":true,"surface_advisory":false,"routable":false,"access_blocked":true,"profiles":[],"source":"openstreetmap","source_date":"2026-09-11","confidence":"medium","surveyed":false},"geometry":{"type":"LineString","coordinates":[[-77.0845002,38.7197511],[-77.0845215,38.719841],[-77.0845435,38.7199324],[-77.0845791,38.7201038],[-77.0845938,38.7202223],[-77.0845746,38.7202601],[-77.0844803,38.7203194]]}},{"type":"Feature","id":"way/725118734","properties":{"id":"way/725118734","name":null,"class":"service_road","highway":"service","surface":null,"base_width":5,"step_free":true,"surface_advisory":false,"routable":true,"access_blocked":false,"profiles":["visitor","step_free"],"source":"openstreetmap","source_date":"2026-09-11","confidence":"medium","surveyed":false},"geometry":{"type":"LineString","coordinates":[[-77.0957398,38.720729],[-77.0959232,38.7196293]]}},{"type":"Feature","id":"way/725118735","properties":{"id":"way/725118735","name":null,"class":"service_road","highway":"service","surface":null,"base_width":5,"step_free":true,"surface_advisory":false,"routable":true,"access_blocked":false,"profiles":["visitor","step_free"],"source":"openstreetmap","source_date":"2026-09-11","confidence":"medium","surveyed":false},"geometry":{"type":"LineString","coordinates":[[-77.0956321,38.7196005],[-77.0959232,38.7196293],[-77.0966483,38.7197012],[-77.0966173,38.7198706],[-77.0968964,38.7199034]]}},{"type":"Feature","id":"way/725120899","properties":{"id":"way/725120899","name":null,"class":"service_road","highway":"service","surface":"asphalt","base_width":5,"step_free":true,"surface_advisory":false,"routable":true,"access_blocked":false,"profiles":["visitor","step_free"],"source":"openstreetmap","source_date":"2026-09-11","confidence":"medium","surveyed":false},"geometry":{"type":"LineString","coordinates":[[-77.1007266,38.7136401],[-77.1006654,38.7137324],[-77.1005751,38.7138684],[-77.1005201,38.7139671],[-77.1004911,38.7140287]]}},{"type":"Feature","id":"way/746821006","properties":{"id":"way/746821006","name":null,"class":"service_road","highway":"service","surface":null,"base_width":5,"step_free":true,"surface_advisory":false,"routable":true,"access_blocked":false,"profiles":["visitor","step_free"],"source":"openstreetmap","source_date":"2026-09-11","confidence":"medium","surveyed":false},"geometry":{"type":"LineString","coordinates":[[-77.0917164,38.7194182],[-77.0910567,38.7194104]]}},{"type":"Feature","id":"way/746821007","properties":{"id":"way/746821007","name":null,"class":"service_road","highway":"service","surface":null,"base_width":5,"step_free":true,"surface_advisory":false,"routable":true,"access_blocked":false,"profiles":["visitor","step_free"],"source":"openstreetmap","source_date":"2026-09-11","confidence":"medium","surveyed":false},"geometry":{"type":"LineString","coordinates":[[-77.0917133,38.7196022],[-77.0910587,38.7196075]]}},{"type":"Feature","id":"way/746821008","properties":{"id":"way/746821008","name":null,"class":"service_road","highway":"service","surface":null,"base_width":5,"step_free":true,"surface_advisory":false,"routable":true,"access_blocked":false,"profiles":["visitor","step_free"],"source":"openstreetmap","source_date":"2026-09-11","confidence":"medium","surveyed":false},"geometry":{"type":"LineString","coordinates":[[-77.091609,38.7197785],[-77.091061,38.719778]]}},{"type":"Feature","id":"way/747732519","properties":{"id":"way/747732519","name":null,"class":"service_road","highway":"service","surface":null,"base_width":5,"step_free":true,"surface_advisory":false,"routable":false,"access_blocked":true,"profiles":[],"source":"openstreetmap","source_date":"2026-09-11","confidence":"medium","surveyed":false},"geometry":{"type":"LineString","coordinates":[[-77.0929214,38.7177187],[-77.0931584,38.7177599],[-77.0933408,38.7177871],[-77.0934266,38.717829]]}},{"type":"Feature","id":"way/755897836","properties":{"id":"way/755897836","name":null,"class":"service_road","highway":"service","surface":null,"base_width":5,"step_free":true,"surface_advisory":false,"routable":false,"access_blocked":true,"profiles":[],"source":"openstreetmap","source_date":"2026-09-11","confidence":"medium","surveyed":false},"geometry":{"type":"LineString","coordinates":[[-77.0896719,38.7191847],[-77.0889478,38.7192854]]}},{"type":"Feature","id":"way/755898364","properties":{"id":"way/755898364","name":null,"class":"service_road","highway":"service","surface":null,"base_width":5,"step_free":true,"surface_advisory":false,"routable":false,"access_blocked":true,"profiles":[],"source":"openstreetmap","source_date":"2026-09-11","confidence":"medium","surveyed":false},"geometry":{"type":"LineString","coordinates":[[-77.1015171,38.700347],[-77.101564,38.7003921],[-77.1015713,38.7004246],[-77.1014927,38.7005458],[-77.1013915,38.7007347],[-77.1013879,38.7007825]]}},{"type":"Feature","id":"way/756157822","properties":{"id":"way/756157822","name":null,"class":"service_road","highway":"service","surface":null,"base_width":5,"step_free":true,"surface_advisory":false,"routable":true,"access_blocked":false,"profiles":["visitor","step_free"],"source":"openstreetmap","source_date":"2026-09-11","confidence":"medium","surveyed":false},"geometry":{"type":"LineString","coordinates":[[-77.1041395,38.714936],[-77.1041181,38.7146656],[-77.1041083,38.7146039],[-77.1040908,38.7145611],[-77.1040623,38.7145178],[-77.1040316,38.7144818],[-77.104003,38.7144544],[-77.1039657,38.7144379],[-77.103916,38.7144339],[-77.1036798,38.7144544]]}},{"type":"Feature","id":"way/756157823","properties":{"id":"way/756157823","name":null,"class":"service_road","highway":"service","surface":null,"base_width":5,"step_free":true,"surface_advisory":false,"routable":false,"access_blocked":true,"profiles":[],"source":"openstreetmap","source_date":"2026-09-11","confidence":"medium","surveyed":false},"geometry":{"type":"LineString","coordinates":[[-77.099267,38.7137223],[-77.0994787,38.7132261],[-77.0994955,38.7131976],[-77.099511,38.7131848],[-77.0995463,38.7131707],[-77.0995717,38.7131654],[-77.0995742,38.7131359],[-77.0995804,38.7131209],[-77.0995959,38.7131088],[-77.0996232,38.7130977],[-77.0996505,38.7130914],[-77.0996808,38.7130909],[-77.0996994,38.7130967],[-77.0997168,38.7131083],[-77.0997248,38.7131219],[-77.0997279,38.7131374],[-77.0997217,38.7131543],[-77.099705,38.7131698],[-77.0996814,38.7131819],[-77.0996598,38.7131886],[-77.0996306,38.7131906],[-77.0996015,38.7131867],[-77.0995717,38.7131654]]}},{"type":"Feature","id":"way/756163854","properties":{"id":"way/756163854","name":null,"class":"service_road","highway":"service","surface":null,"base_width":5,"step_free":true,"surface_advisory":false,"routable":false,"access_blocked":true,"profiles":[],"source":"openstreetmap","source_date":"2026-09-11","confidence":"medium","surveyed":false},"geometry":{"type":"LineString","coordinates":[[-77.094535,38.7192454],[-77.0945299,38.7186259]]}},{"type":"Feature","id":"way/756488823","properties":{"id":"way/756488823","name":null,"class":"service_road","highway":"service","surface":null,"base_width":5,"step_free":true,"surface_advisory":false,"routable":false,"access_blocked":true,"profiles":[],"source":"openstreetmap","source_date":"2026-09-11","confidence":"medium","surveyed":false},"geometry":{"type":"LineString","coordinates":[[-77.0988586,38.7191783],[-77.0988216,38.7192846],[-77.0987973,38.7193342],[-77.09875,38.7194301],[-77.0987175,38.7195123],[-77.0986649,38.719624],[-77.0986527,38.7196947],[-77.0986486,38.7197273]]}},{"type":"Feature","id":"way/756788737","properties":{"id":"way/756788737","name":null,"class":"service_road","highway":"service","surface":null,"base_width":5,"step_free":true,"surface_advisory":false,"routable":false,"access_blocked":true,"profiles":[],"source":"openstreetmap","source_date":"2026-09-11","confidence":"medium","surveyed":false},"geometry":{"type":"LineString","coordinates":[[-77.103751,38.7188],[-77.1038744,38.718862],[-77.1040086,38.7189341],[-77.1041499,38.7190142]]}},{"type":"Feature","id":"way/779487536","properties":{"id":"way/779487536","name":null,"class":"service_road","highway":"service","surface":null,"base_width":5,"step_free":true,"surface_advisory":false,"routable":false,"access_blocked":true,"profiles":[],"source":"openstreetmap","source_date":"2026-09-11","confidence":"medium","surveyed":false},"geometry":{"type":"LineString","coordinates":[[-77.1034637,38.7112702],[-77.1037815,38.7114515]]}},{"type":"Feature","id":"way/812926659","properties":{"id":"way/812926659","name":"Mount Vernon Trail","class":"cycleway","highway":"cycleway","surface":"asphalt","base_width":2.6,"step_free":true,"surface_advisory":false,"routable":true,"access_blocked":false,"profiles":["visitor","step_free"],"source":"openstreetmap","source_date":"2026-09-11","confidence":"medium","surveyed":false},"geometry":{"type":"LineString","coordinates":[[-77.0740818,38.7128029],[-77.0742722,38.7129529]]}},{"type":"Feature","id":"way/812926660","properties":{"id":"way/812926660","name":"Mount Vernon Trail","class":"cycleway","highway":"cycleway","surface":"asphalt","base_width":2.6,"step_free":true,"surface_advisory":false,"routable":true,"access_blocked":false,"profiles":["visitor","step_free"],"source":"openstreetmap","source_date":"2026-09-11","confidence":"medium","surveyed":false},"geometry":{"type":"LineString","coordinates":[[-77.0742722,38.7129529],[-77.074404,38.7130448],[-77.074581,38.713121],[-77.074763,38.7132524],[-77.0748473,38.7133756],[-77.0748736,38.7134045],[-77.0749615,38.7134667],[-77.0751503,38.7135615],[-77.0752296,38.7135903],[-77.0754181,38.7136599],[-77.0755357,38.7137502],[-77.0756396,38.7138088],[-77.0758594,38.7139111],[-77.0759492,38.7140138],[-77.0760328,38.7141371],[-77.0760713,38.7141852],[-77.0761179,38.7142293],[-77.0761926,38.7142752],[-77.0762836,38.7143147],[-77.0763737,38.714362],[-77.0764517,38.714441],[-77.0764985,38.7144687],[-77.0765605,38.7144877],[-77.0766668,38.7145448],[-77.0767157,38.7145887],[-77.0768291,38.7147024],[-77.0769115,38.7148165],[-77.0771189,38.7149363],[-77.0772484,38.7150442],[-77.0775166,38.7152947],[-77.0776505,38.7153716],[-77.0779314,38.7154973],[-77.0780037,38.7155203],[-77.078071,38.715529],[-77.0781882,38.715546],[-77.0782956,38.715596],[-77.0784071,38.7156309],[-77.0785458,38.7157308],[-77.0786274,38.7157631],[-77.0787218,38.7157916],[-77.0788179,38.7158604],[-77.079002,38.716],[-77.0792055,38.7161504],[-77.0792509,38.7162349],[-77.0792967,38.7162918],[-77.0793749,38.7163747],[-77.0794414,38.7164234],[-77.0796371,38.7164865],[-77.0796905,38.7165184],[-77.0797439,38.7165661],[-77.0797969,38.716603],[-77.0798628,38.7166313],[-77.0799089,38.7166409],[-77.0799297,38.7166363],[-77.0799739,38.7166047],[-77.0800184,38.7165617],[-77.0800891,38.7165349],[-77.0802729,38.7165078],[-77.0803435,38.7164918],[-77.0804069,38.7164711],[-77.0805238,38.7164709],[-77.0806193,38.7164824],[-77.0807146,38.716482],[-77.080783,38.7164724]]}},{"type":"Feature","id":"way/812926661","properties":{"id":"way/812926661","name":"Mount Vernon Trail","class":"cycleway","highway":"cycleway","surface":"wood","base_width":2.6,"step_free":true,"surface_advisory":false,"routable":true,"access_blocked":false,"profiles":["visitor","step_free"],"source":"openstreetmap","source_date":"2026-09-11","confidence":"medium","surveyed":false},"geometry":{"type":"LineString","coordinates":[[-77.080783,38.7164724],[-77.0808234,38.7164708],[-77.0808709,38.7164846],[-77.0809184,38.7165068],[-77.0809599,38.7165401],[-77.0810182,38.7166202],[-77.0810441,38.7166739],[-77.0810567,38.7167276]]}},{"type":"Feature","id":"way/812926662","properties":{"id":"way/812926662","name":"Mount Vernon Trail","class":"cycleway","highway":"cycleway","surface":"asphalt","base_width":2.6,"step_free":true,"surface_advisory":false,"routable":true,"access_blocked":false,"profiles":["visitor","step_free"],"source":"openstreetmap","source_date":"2026-09-11","confidence":"medium","surveyed":false},"geometry":{"type":"LineString","coordinates":[[-77.0810567,38.7167276],[-77.0810581,38.7167523],[-77.0810446,38.7167971],[-77.0810026,38.7168943],[-77.0809982,38.7169768],[-77.081001,38.7170233],[-77.0810237,38.7170552],[-77.0810566,38.7170729],[-77.081142,38.717097],[-77.0813013,38.7171289],[-77.0813679,38.7171377],[-77.08146,38.717137],[-77.0816218,38.7171689],[-77.0817165,38.7171673],[-77.081805,38.717146],[-77.0818956,38.7171316],[-77.0820487,38.7171355],[-77.0821275,38.717122],[-77.0821831,38.7171214],[-77.0822341,38.7171397],[-77.0823186,38.717177],[-77.0823952,38.717189],[-77.0827016,38.7171199],[-77.082851,38.7170949],[-77.0830277,38.7170627],[-77.0831478,38.717001],[-77.0833863,38.7168117],[-77.0834463,38.7167812],[-77.0836039,38.7167553],[-77.0836711,38.7167341],[-77.0837272,38.7166741],[-77.0837923,38.7165655],[-77.083889,38.7164673],[-77.0840121,38.7163538],[-77.0841312,38.7162688],[-77.0842978,38.7161896],[-77.0843938,38.7161254],[-77.0844537,38.7160529],[-77.0846487,38.7157621],[-77.0847755,38.7155843],[-77.0848493,38.715419],[-77.0848764,38.7153359],[-77.0848787,38.7152638],[-77.0848654,38.7151604],[-77.0848853,38.7151016],[-77.0849131,38.715049],[-77.0849253,38.7149889],[-77.0849219,38.7148742],[-77.0849379,38.7147191],[-77.0849411,38.7146595],[-77.0849292,38.7145375],[-77.0849408,38.7145101],[-77.0850123,38.7144494],[-77.0850989,38.7143786],[-77.0851364,38.7143269],[-77.0851466,38.7142587],[-77.0851496,38.7141873],[-77.0851611,38.7140625],[-77.0852058,38.7138897],[-77.0851963,38.7137208],[-77.0851701,38.7135248],[-77.0851786,38.7134913],[-77.0851984,38.7134632],[-77.0852446,38.7134396]]}},{"type":"Feature","id":"way/820860670","properties":{"id":"way/820860670","name":null,"class":"service_road","highway":"service","surface":null,"base_width":5,"step_free":true,"surface_advisory":false,"routable":false,"access_blocked":true,"profiles":[],"source":"openstreetmap","source_date":"2026-09-11","confidence":"medium","surveyed":false},"geometry":{"type":"LineString","coordinates":[[-77.0954044,38.7033167],[-77.0952433,38.7032559],[-77.0951231,38.7032121],[-77.095011,38.7031702],[-77.0949772,38.7031529],[-77.0949585,38.7031374],[-77.0949421,38.7031092],[-77.0949375,38.7030773],[-77.094934,38.7030354],[-77.0949456,38.7029971]]}},{"type":"Feature","id":"way/825629845","properties":{"id":"way/825629845","name":null,"class":"service_road","highway":"service","surface":null,"base_width":5,"step_free":true,"surface_advisory":false,"routable":false,"access_blocked":true,"profiles":[],"source":"openstreetmap","source_date":"2026-09-11","confidence":"medium","surveyed":false},"geometry":{"type":"LineString","coordinates":[[-77.0955823,38.7199184],[-77.0954824,38.7199087],[-77.095454,38.7199039],[-77.0954174,38.719892],[-77.0952578,38.7198207],[-77.0952304,38.719812],[-77.0951887,38.7198064],[-77.0949946,38.7197882]]}},{"type":"Feature","id":"way/850352484","properties":{"id":"way/850352484","name":null,"class":"service_road","highway":"service","surface":null,"base_width":5,"step_free":true,"surface_advisory":false,"routable":true,"access_blocked":false,"profiles":["visitor","step_free"],"source":"openstreetmap","source_date":"2026-09-11","confidence":"medium","surveyed":false},"geometry":{"type":"LineString","coordinates":[[-77.101177,38.710403],[-77.1012015,38.7102712],[-77.1012055,38.7101563],[-77.1012055,38.7101031],[-77.1012157,38.710073],[-77.1012939,38.7099786]]}},{"type":"Feature","id":"way/850352485","properties":{"id":"way/850352485","name":null,"class":"service_road","highway":"service","surface":null,"base_width":5,"step_free":true,"surface_advisory":false,"routable":true,"access_blocked":false,"profiles":["visitor","step_free"],"source":"openstreetmap","source_date":"2026-09-11","confidence":"medium","surveyed":false},"geometry":{"type":"LineString","coordinates":[[-77.101177,38.710403],[-77.10115,38.7102893],[-77.1011297,38.7101735],[-77.1011185,38.7100657],[-77.1010941,38.7100109],[-77.1010697,38.7099784]]}},{"type":"Feature","id":"way/853238253","properties":{"id":"way/853238253","name":null,"class":"service_road","highway":"service","surface":null,"base_width":5,"step_free":true,"surface_advisory":false,"routable":true,"access_blocked":false,"profiles":["visitor","step_free"],"source":"openstreetmap","source_date":"2026-09-11","confidence":"medium","surveyed":false},"geometry":{"type":"LineString","coordinates":[[-77.103285,38.71393],[-77.1033097,38.7138101],[-77.1033772,38.7136859],[-77.1035099,38.7134732],[-77.1035461,38.7133866],[-77.1035436,38.7133207],[-77.103534,38.7132718]]}},{"type":"Feature","id":"way/853254421","properties":{"id":"way/853254421","name":null,"class":"service_road","highway":"service","surface":null,"base_width":5,"step_free":true,"surface_advisory":false,"routable":true,"access_blocked":false,"profiles":["visitor","step_free"],"source":"openstreetmap","source_date":"2026-09-11","confidence":"medium","surveyed":false},"geometry":{"type":"LineString","coordinates":[[-77.1035043,38.7016926],[-77.1034297,38.7017988],[-77.1033465,38.7019143],[-77.1032542,38.7020716],[-77.1031073,38.7023112],[-77.1029849,38.7025082],[-77.1029227,38.7025905],[-77.1028568,38.7026493],[-77.1027852,38.702689],[-77.1026364,38.7027301],[-77.1025781,38.7027433]]}},{"type":"Feature","id":"way/853257311","properties":{"id":"way/853257311","name":null,"class":"service_road","highway":"service","surface":null,"base_width":5,"step_free":true,"surface_advisory":false,"routable":true,"access_blocked":false,"profiles":["visitor","step_free"],"source":"openstreetmap","source_date":"2026-09-11","confidence":"medium","surveyed":false},"geometry":{"type":"LineString","coordinates":[[-77.0891537,38.7173939],[-77.0892556,38.7173718],[-77.0893222,38.7173452],[-77.0894088,38.7173139],[-77.089497,38.7172607],[-77.0895836,38.717198],[-77.0896022,38.7171871]]}},{"type":"Feature","id":"way/853257312","properties":{"id":"way/853257312","name":null,"class":"service_road","highway":"service","surface":null,"base_width":5,"step_free":true,"surface_advisory":false,"routable":true,"access_blocked":false,"profiles":["visitor","step_free"],"source":"openstreetmap","source_date":"2026-09-11","confidence":"medium","surveyed":false},"geometry":{"type":"LineString","coordinates":[[-77.089031,38.718707],[-77.0889843,38.7185764],[-77.0889701,38.7184735],[-77.0889624,38.718407],[-77.0889333,38.7183111],[-77.08889,38.7182319]]}},{"type":"Feature","id":"way/853259212","properties":{"id":"way/853259212","name":null,"class":"service_road","highway":"service","surface":null,"base_width":5,"step_free":true,"surface_advisory":false,"routable":true,"access_blocked":false,"profiles":["visitor","step_free"],"source":"openstreetmap","source_date":"2026-09-11","confidence":"medium","surveyed":false},"geometry":{"type":"LineString","coordinates":[[-77.0967767,38.7119948],[-77.0974356,38.7120597]]}},{"type":"Feature","id":"way/853468518","properties":{"id":"way/853468518","name":null,"class":"service_road","highway":"service","surface":null,"base_width":5,"step_free":true,"surface_advisory":false,"routable":true,"access_blocked":false,"profiles":["visitor","step_free"],"source":"openstreetmap","source_date":"2026-09-11","confidence":"medium","surveyed":false},"geometry":{"type":"LineString","coordinates":[[-77.0997313,38.7066564],[-77.0995177,38.7065835],[-77.0993571,38.7065371],[-77.0992744,38.7065373],[-77.0991738,38.7065405],[-77.0991101,38.7065381],[-77.0990393,38.7065348],[-77.0989866,38.7065257]]}},{"type":"Feature","id":"way/880865943","properties":{"id":"way/880865943","name":null,"class":"service_road","highway":"service","surface":null,"base_width":5,"step_free":true,"surface_advisory":false,"routable":true,"access_blocked":false,"profiles":["visitor","step_free"],"source":"openstreetmap","source_date":"2026-09-11","confidence":"medium","surveyed":false},"geometry":{"type":"LineString","coordinates":[[-77.1005962,38.7028596],[-77.1000701,38.7026673]]}},{"type":"Feature","id":"way/880865944","properties":{"id":"way/880865944","name":null,"class":"service_road","highway":"service","surface":null,"base_width":5,"step_free":true,"surface_advisory":false,"routable":true,"access_blocked":false,"profiles":["visitor","step_free"],"source":"openstreetmap","source_date":"2026-09-11","confidence":"medium","surveyed":false},"geometry":{"type":"LineString","coordinates":[[-77.1008714,38.7023993],[-77.1007128,38.7023472],[-77.1005774,38.7022307],[-77.1005245,38.7022017],[-77.1003887,38.7021469]]}},{"type":"Feature","id":"way/894867609","properties":{"id":"way/894867609","name":null,"class":"service_road","highway":"service","surface":null,"base_width":5,"step_free":true,"surface_advisory":false,"routable":true,"access_blocked":false,"profiles":["visitor","step_free"],"source":"openstreetmap","source_date":"2026-09-11","confidence":"medium","surveyed":false},"geometry":{"type":"LineString","coordinates":[[-77.1036604,38.7017609],[-77.1036064,38.701854],[-77.103555,38.7019196],[-77.1034523,38.7020027],[-77.1033846,38.7020594],[-77.1032706,38.702209],[-77.1031966,38.7023166],[-77.1031879,38.7023831],[-77.1031979,38.7024066]]}},{"type":"Feature","id":"way/913396511","properties":{"id":"way/913396511","name":null,"class":"trail","highway":"track","surface":null,"base_width":2.6,"step_free":true,"surface_advisory":false,"routable":true,"access_blocked":false,"profiles":["visitor","step_free"],"source":"openstreetmap","source_date":"2026-09-11","confidence":"medium","surveyed":false},"geometry":{"type":"LineString","coordinates":[[-77.0981344,38.7033132],[-77.0982129,38.703256],[-77.0982983,38.7031608],[-77.098406,38.7029578],[-77.098341,38.7026612],[-77.0983877,38.7022519],[-77.0984101,38.702079],[-77.0983491,38.7019251],[-77.0981682,38.701822],[-77.0978674,38.70173],[-77.097408,38.7015856],[-77.0973165,38.7015523],[-77.0971518,38.7013445],[-77.0968185,38.7010653],[-77.0963611,38.7007956],[-77.0961456,38.7007512],[-77.0959681,38.7006266],[-77.0958983,38.7005476]]}},{"type":"Feature","id":"way/913398775","properties":{"id":"way/913398775","name":null,"class":"visitor_path","highway":"footway","surface":"asphalt","base_width":3.2,"step_free":true,"surface_advisory":false,"routable":true,"access_blocked":false,"profiles":["visitor","step_free"],"source":"openstreetmap","source_date":"2026-09-11","confidence":"medium","surveyed":false},"geometry":{"type":"LineString","coordinates":[[-77.1053914,38.710998],[-77.1053345,38.7110467],[-77.105228,38.7111276],[-77.1050404,38.7112382],[-77.1050045,38.7112589],[-77.1049115,38.7113056],[-77.1048373,38.7113389],[-77.1047313,38.7114363],[-77.1046075,38.7115025],[-77.10446,38.7115935],[-77.1044272,38.7116227],[-77.1043964,38.7116674],[-77.1043462,38.7117162],[-77.1042388,38.7117876],[-77.1039315,38.7119818],[-77.1036199,38.7121801],[-77.1035282,38.712231],[-77.1034511,38.7122674],[-77.1031636,38.7124014],[-77.1028333,38.7125989],[-77.102647,38.7127109],[-77.1025752,38.7127778],[-77.1025098,38.7128461],[-77.1024613,38.7128975],[-77.1023954,38.7129502],[-77.1023226,38.7129904],[-77.1021972,38.7130575],[-77.1020609,38.7131196],[-77.1019258,38.7131936],[-77.1018626,38.7132303]]}},{"type":"Feature","id":"way/913398776","properties":{"id":"way/913398776","name":null,"class":"visitor_path","highway":"footway","surface":"asphalt","base_width":3.2,"step_free":true,"surface_advisory":false,"routable":true,"access_blocked":false,"profiles":["visitor","step_free"],"source":"openstreetmap","source_date":"2026-09-11","confidence":"medium","surveyed":false},"geometry":{"type":"LineString","coordinates":[[-77.1018626,38.7132303],[-77.1018387,38.7132587],[-77.1018118,38.713289],[-77.1017204,38.7132965],[-77.1016651,38.7133004],[-77.101616,38.7133377],[-77.1015383,38.7133895],[-77.1014419,38.7134497]]}},{"type":"Feature","id":"way/913398779","properties":{"id":"way/913398779","name":null,"class":"visitor_path","highway":"footway","surface":"asphalt","base_width":3.2,"step_free":true,"surface_advisory":false,"routable":true,"access_blocked":false,"profiles":["visitor","step_free"],"source":"openstreetmap","source_date":"2026-09-11","confidence":"medium","surveyed":false},"geometry":{"type":"LineString","coordinates":[[-77.1014419,38.7134497],[-77.1009411,38.7138039],[-77.1006279,38.7140316]]}},{"type":"Feature","id":"way/913398780","properties":{"id":"way/913398780","name":null,"class":"visitor_path","highway":"footway","surface":"asphalt","base_width":3.2,"step_free":true,"surface_advisory":false,"routable":true,"access_blocked":false,"profiles":["visitor","step_free"],"source":"openstreetmap","source_date":"2026-09-11","confidence":"medium","surveyed":false},"geometry":{"type":"LineString","coordinates":[[-77.1006279,38.7140316],[-77.1005944,38.7140546],[-77.100555,38.7140814]]}},{"type":"Feature","id":"way/913398781","properties":{"id":"way/913398781","name":null,"class":"visitor_path","highway":"footway","surface":"paved","base_width":3.2,"step_free":true,"surface_advisory":false,"routable":true,"access_blocked":false,"profiles":["visitor","step_free"],"source":"openstreetmap","source_date":"2026-09-11","confidence":"medium","surveyed":false},"geometry":{"type":"LineString","coordinates":[[-77.100555,38.7140814],[-77.1005782,38.7140936],[-77.1006282,38.7141266]]}},{"type":"Feature","id":"way/913398782","properties":{"id":"way/913398782","name":null,"class":"visitor_path","highway":"footway","surface":"paved","base_width":3.2,"step_free":true,"surface_advisory":false,"routable":true,"access_blocked":false,"profiles":["visitor","step_free"],"source":"openstreetmap","source_date":"2026-09-11","confidence":"medium","surveyed":false},"geometry":{"type":"LineString","coordinates":[[-77.1006282,38.7141266],[-77.1006899,38.7141672],[-77.1007618,38.7142272]]}},{"type":"Feature","id":"way/913398783","properties":{"id":"way/913398783","name":null,"class":"cycleway","highway":"cycleway","surface":"asphalt","base_width":2.6,"step_free":true,"surface_advisory":false,"routable":true,"access_blocked":false,"profiles":["visitor","step_free"],"source":"openstreetmap","source_date":"2026-09-11","confidence":"medium","surveyed":false},"geometry":{"type":"LineString","coordinates":[[-77.1007618,38.7142272],[-77.099786,38.7148595],[-77.0995581,38.7150045],[-77.0993357,38.7151553],[-77.0991754,38.7152655],[-77.0991048,38.7153146],[-77.0989769,38.7154017],[-77.0989144,38.7154387],[-77.0988947,38.7154495],[-77.098883,38.7154614],[-77.0988646,38.7154912],[-77.0988218,38.7155521],[-77.0987834,38.7155991],[-77.0987279,38.7156432],[-77.0986721,38.7156794],[-77.0985813,38.7157179],[-77.0984739,38.715743],[-77.0984324,38.7157562],[-77.0983981,38.7157732],[-77.0983517,38.7158055],[-77.0983065,38.7158408],[-77.0982674,38.7158657],[-77.0981952,38.715894],[-77.0981104,38.7159191],[-77.0979895,38.7159588],[-77.0979176,38.715996],[-77.0978878,38.716008],[-77.0978439,38.7160159],[-77.0977586,38.716027],[-77.0976354,38.7160491],[-77.0975362,38.7160699],[-77.0974779,38.7160859],[-77.0974332,38.7161031],[-77.0973855,38.7161149],[-77.0972721,38.7161349],[-77.0971964,38.7161487],[-77.0971512,38.7161663],[-77.0970303,38.7162157],[-77.0969185,38.7162537],[-77.0968596,38.7162665],[-77.0968331,38.7162647],[-77.096773,38.7162539],[-77.0967301,38.716246],[-77.0966925,38.7162446],[-77.0965457,38.7162493],[-77.0964178,38.7162543],[-77.0963563,38.7162659],[-77.0963086,38.7162782],[-77.0962663,38.7162843],[-77.096245,38.7162827],[-77.0961998,38.7162744]]}},{"type":"Feature","id":"way/913398784","properties":{"id":"way/913398784","name":null,"class":"cycleway","highway":"cycleway","surface":"asphalt","base_width":2.6,"step_free":true,"surface_advisory":false,"routable":true,"access_blocked":false,"profiles":["visitor","step_free"],"source":"openstreetmap","source_date":"2026-09-11","confidence":"medium","surveyed":false},"geometry":{"type":"LineString","coordinates":[[-77.0961998,38.7162744],[-77.0961215,38.7162577],[-77.0960448,38.7162441]]}},{"type":"Feature","id":"way/913398785","properties":{"id":"way/913398785","name":null,"class":"visitor_path","highway":"footway","surface":"paving_stones","base_width":3.2,"step_free":true,"surface_advisory":false,"routable":true,"access_blocked":false,"profiles":["visitor","step_free"],"source":"openstreetmap","source_date":"2026-09-11","confidence":"medium","surveyed":false},"geometry":{"type":"LineString","coordinates":[[-77.0874188,38.7112968],[-77.0873048,38.7112759],[-77.0872719,38.7112698],[-77.0870903,38.7111973],[-77.0870134,38.7111458],[-77.0869541,38.7111062],[-77.0868033,38.7109911],[-77.0867478,38.7108957],[-77.0866343,38.7108161],[-77.0865974,38.710793],[-77.0865295,38.710757],[-77.0864799,38.710739],[-77.0863316,38.7106984],[-77.0862237,38.7106908],[-77.0861242,38.7106952],[-77.0860389,38.710699],[-77.0859774,38.7107159],[-77.0859397,38.7107302],[-77.085858,38.7107608],[-77.0857855,38.7107947],[-77.0857066,38.7108406],[-77.0856592,38.7108789],[-77.0856206,38.7109118],[-77.0855733,38.7109415],[-77.0855407,38.7109632],[-77.0854681,38.7109876],[-77.0854172,38.7110022],[-77.0853488,38.7110197],[-77.0853579,38.7110526]]}},{"type":"Feature","id":"way/913398786","properties":{"id":"way/913398786","name":null,"class":"cycleway","highway":"cycleway","surface":"asphalt","base_width":2.6,"step_free":true,"surface_advisory":false,"routable":true,"access_blocked":false,"profiles":["visitor","step_free"],"source":"openstreetmap","source_date":"2026-09-11","confidence":"medium","surveyed":false},"geometry":{"type":"LineString","coordinates":[[-77.0894869,38.7127005],[-77.0893753,38.7126218],[-77.0893114,38.7125767]]}},{"type":"Feature","id":"way/913398787","properties":{"id":"way/913398787","name":null,"class":"cycleway","highway":"cycleway","surface":"concrete","base_width":2.6,"step_free":true,"surface_advisory":false,"routable":true,"access_blocked":false,"profiles":["visitor","step_free"],"source":"openstreetmap","source_date":"2026-09-11","confidence":"medium","surveyed":false},"geometry":{"type":"LineString","coordinates":[[-77.0893114,38.7125767],[-77.0886279,38.7121334]]}},{"type":"Feature","id":"way/913398788","properties":{"id":"way/913398788","name":null,"class":"cycleway","highway":"cycleway","surface":"asphalt","base_width":2.6,"step_free":true,"surface_advisory":false,"routable":true,"access_blocked":false,"profiles":["visitor","step_free"],"source":"openstreetmap","source_date":"2026-09-11","confidence":"medium","surveyed":false},"geometry":{"type":"LineString","coordinates":[[-77.0886279,38.7121334],[-77.0885411,38.7120771],[-77.0884729,38.7120329]]}},{"type":"Feature","id":"way/915824314","properties":{"id":"way/915824314","name":null,"class":"service_road","highway":"service","surface":null,"base_width":5,"step_free":true,"surface_advisory":false,"routable":true,"access_blocked":false,"profiles":["visitor","step_free"],"source":"openstreetmap","source_date":"2026-09-11","confidence":"medium","surveyed":false},"geometry":{"type":"LineString","coordinates":[[-77.1044163,38.7014496],[-77.1045544,38.7013883],[-77.1047159,38.7012955],[-77.1048242,38.7011879]]}},{"type":"Feature","id":"way/915829209","properties":{"id":"way/915829209","name":null,"class":"service_road","highway":"service","surface":null,"base_width":5,"step_free":true,"surface_advisory":false,"routable":true,"access_blocked":false,"profiles":["visitor","step_free"],"source":"openstreetmap","source_date":"2026-09-11","confidence":"medium","surveyed":false},"geometry":{"type":"LineString","coordinates":[[-77.095194,38.717647],[-77.0953008,38.7177517],[-77.0953511,38.7177684],[-77.0954058,38.7177662],[-77.0954455,38.7177317],[-77.0954621,38.7176799],[-77.0954524,38.7176084],[-77.0954346,38.7175651],[-77.0953693,38.71753],[-77.095237,38.717499]]}},{"type":"Feature","id":"way/938234654","properties":{"id":"way/938234654","name":null,"class":"cycleway","highway":"cycleway","surface":"asphalt","base_width":2.6,"step_free":true,"surface_advisory":false,"routable":true,"access_blocked":false,"profiles":["visitor","step_free"],"source":"openstreetmap","source_date":"2026-09-11","confidence":"medium","surveyed":false},"geometry":{"type":"LineString","coordinates":[[-77.0884729,38.7120329],[-77.0882402,38.711882],[-77.0880327,38.7117639],[-77.0877733,38.711629],[-77.0876424,38.7115779],[-77.0875973,38.7115659],[-77.0875624,38.7115718],[-77.0875347,38.7115844]]}},{"type":"Feature","id":"way/938234655","properties":{"id":"way/938234655","name":null,"class":"steps","highway":"steps","surface":"paved","base_width":3.2,"step_free":false,"surface_advisory":false,"routable":true,"access_blocked":false,"profiles":["visitor"],"source":"openstreetmap","source_date":"2026-09-11","confidence":"medium","surveyed":false},"geometry":{"type":"LineString","coordinates":[[-77.087609,38.7116901],[-77.0876132,38.7117422],[-77.0876643,38.7118664],[-77.0877416,38.7119957]]}},{"type":"Feature","id":"way/938234656","properties":{"id":"way/938234656","name":null,"class":"visitor_path","highway":"footway","surface":"paved","base_width":3.2,"step_free":true,"surface_advisory":false,"routable":true,"access_blocked":false,"profiles":["visitor","step_free"],"source":"openstreetmap","source_date":"2026-09-11","confidence":"medium","surveyed":false},"geometry":{"type":"LineString","coordinates":[[-77.0876424,38.7115779],[-77.087615,38.7116608],[-77.087609,38.7116901]]}},{"type":"Feature","id":"way/938234657","properties":{"id":"way/938234657","name":"Mount Vernon Memorial Highway","class":"public_road","highway":"primary","surface":"asphalt","base_width":8,"step_free":true,"surface_advisory":false,"routable":false,"access_blocked":false,"profiles":[],"source":"openstreetmap","source_date":"2026-09-11","confidence":"medium","surveyed":false},"geometry":{"type":"LineString","coordinates":[[-77.1030346,38.7126553],[-77.1049215,38.7114391],[-77.1052757,38.7112101]]}},{"type":"Feature","id":"way/957718574","properties":{"id":"way/957718574","name":null,"class":"service_road","highway":"service","surface":null,"base_width":5,"step_free":true,"surface_advisory":false,"routable":true,"access_blocked":false,"profiles":["visitor","step_free"],"source":"openstreetmap","source_date":"2026-09-11","confidence":"medium","surveyed":false},"geometry":{"type":"LineString","coordinates":[[-77.1007189,38.7115913],[-77.1009297,38.7116137],[-77.1009806,38.7116257],[-77.1010214,38.7116495],[-77.1010601,38.7116813],[-77.1010754,38.7117227],[-77.1010723,38.7117696],[-77.10103,38.7118742]]}},{"type":"Feature","id":"way/957718575","properties":{"id":"way/957718575","name":null,"class":"service_road","highway":"service","surface":null,"base_width":5,"step_free":true,"surface_advisory":false,"routable":true,"access_blocked":false,"profiles":["visitor","step_free"],"source":"openstreetmap","source_date":"2026-09-11","confidence":"medium","surveyed":false},"geometry":{"type":"LineString","coordinates":[[-77.1015932,38.7120551],[-77.1016501,38.71199],[-77.1017295,38.7119535],[-77.1017839,38.7119382],[-77.1018306,38.7119366],[-77.101872,38.711945],[-77.1019231,38.7119612],[-77.1019688,38.7119841],[-77.1020177,38.7120189],[-77.1020601,38.7120655],[-77.1021287,38.7121348]]}},{"type":"Feature","id":"way/974790562","properties":{"id":"way/974790562","name":"Old Mill Road","class":"public_road","highway":"tertiary","surface":"asphalt","base_width":8,"step_free":true,"surface_advisory":false,"routable":false,"access_blocked":false,"profiles":[],"source":"openstreetmap","source_date":"2026-09-11","confidence":"medium","surveyed":false},"geometry":{"type":"LineString","coordinates":[[-77.1008022,38.7140999],[-77.1009854,38.714132],[-77.1018368,38.7143496],[-77.102493,38.714521],[-77.102891,38.714638],[-77.103036,38.714679],[-77.103864,38.714872],[-77.1041395,38.714936],[-77.106401,38.715461],[-77.106594,38.715497],[-77.106793,38.715538],[-77.10712,38.715616],[-77.107159,38.71564],[-77.1081876,38.7159017]]}},{"type":"Feature","id":"way/1020174806","properties":{"id":"way/1020174806","name":"Mount Vernon Memorial Highway","class":"public_road","highway":"primary","surface":"asphalt","base_width":8,"step_free":true,"surface_advisory":false,"routable":false,"access_blocked":false,"profiles":[],"source":"openstreetmap","source_date":"2026-09-11","confidence":"medium","surveyed":false},"geometry":{"type":"LineString","coordinates":[[-77.0909791,38.7274548],[-77.090939,38.727168],[-77.090813,38.726246],[-77.0904749,38.7240824],[-77.090389,38.723606],[-77.0902542,38.7226623],[-77.090253,38.722654],[-77.090211,38.722395],[-77.0902088,38.7223809],[-77.0901386,38.7219284],[-77.090007,38.721081],[-77.090003,38.7210208],[-77.089982,38.720705],[-77.0899444,38.7204903],[-77.0899374,38.7204505],[-77.089888,38.720169],[-77.089872,38.720091],[-77.0898484,38.7199761],[-77.089758,38.719535],[-77.0896719,38.7191847],[-77.089654,38.719112],[-77.089499,38.718638],[-77.089353,38.718198],[-77.0892708,38.7178664],[-77.0891537,38.7173939],[-77.089126,38.717282],[-77.088719,38.715524],[-77.088649,38.715247],[-77.088549,38.714896],[-77.08841,38.714562],[-77.088295,38.714374],[-77.088193,38.714225],[-77.088073,38.71408],[-77.087942,38.713943],[-77.087827,38.713837],[-77.087715,38.713743],[-77.087245,38.713404],[-77.087138,38.713316],[-77.087069,38.713248],[-77.08701,38.713176],[-77.086954,38.713089],[-77.086914,38.713009],[-77.086882,38.712915],[-77.086866,38.71284],[-77.086862,38.7128024],[-77.0868596,38.7127101],[-77.0868616,38.7126433],[-77.0868711,38.7125534],[-77.0868852,38.7124778],[-77.0869127,38.7123721],[-77.0869428,38.7122861],[-77.0869734,38.712211],[-77.087011,38.712138],[-77.0870401,38.7120934],[-77.0871077,38.7120004],[-77.0873075,38.7117547],[-77.0874232,38.7116148]]}},{"type":"Feature","id":"way/1028542420","properties":{"id":"way/1028542420","name":null,"class":"visitor_path","highway":"footway","surface":"asphalt","base_width":3.2,"step_free":true,"surface_advisory":false,"routable":true,"access_blocked":false,"profiles":["visitor","step_free"],"source":"openstreetmap","source_date":"2026-09-11","confidence":"medium","surveyed":false},"geometry":{"type":"LineString","coordinates":[[-77.0875347,38.7115844],[-77.0874661,38.7115691],[-77.0874152,38.7115611],[-77.0873164,38.7115473],[-77.0873656,38.711493],[-77.0874016,38.7114401],[-77.0874091,38.7113788],[-77.0874188,38.7112968]]}},{"type":"Feature","id":"way/1028542421","properties":{"id":"way/1028542421","name":null,"class":"visitor_path","highway":"footway","surface":"paved","base_width":3.2,"step_free":true,"surface_advisory":false,"routable":true,"access_blocked":false,"profiles":["visitor","step_free"],"source":"openstreetmap","source_date":"2026-09-11","confidence":"medium","surveyed":false},"geometry":{"type":"LineString","coordinates":[[-77.0874188,38.7112968],[-77.087532,38.7113163],[-77.0875937,38.711333],[-77.0876213,38.7113378]]}},{"type":"Feature","id":"way/1028542422","properties":{"id":"way/1028542422","name":null,"class":"visitor_path","highway":"footway","surface":"asphalt","base_width":3.2,"step_free":true,"surface_advisory":false,"routable":true,"access_blocked":false,"profiles":["visitor","step_free"],"source":"openstreetmap","source_date":"2026-09-11","confidence":"medium","surveyed":false},"geometry":{"type":"LineString","coordinates":[[-77.0876213,38.7113378],[-77.0876692,38.7113682],[-77.0877224,38.7114021]]}},{"type":"Feature","id":"way/1079520824","properties":{"id":"way/1079520824","name":null,"class":"visitor_path","highway":"footway","surface":null,"base_width":3.2,"step_free":true,"surface_advisory":false,"routable":true,"access_blocked":false,"profiles":["visitor","step_free"],"source":"openstreetmap","source_date":"2026-09-11","confidence":"medium","surveyed":false},"geometry":{"type":"LineString","coordinates":[[-77.0877604,38.7120268],[-77.0877253,38.7120734],[-77.0876843,38.7121245],[-77.0876505,38.7121628],[-77.0876007,38.7122225]]}},{"type":"Feature","id":"way/1079520825","properties":{"id":"way/1079520825","name":null,"class":"visitor_path","highway":"footway","surface":"paved","base_width":3.2,"step_free":true,"surface_advisory":false,"routable":true,"access_blocked":false,"profiles":["visitor","step_free"],"source":"openstreetmap","source_date":"2026-09-11","confidence":"medium","surveyed":false},"geometry":{"type":"LineString","coordinates":[[-77.0724247,38.7107686],[-77.0725186,38.7106706]]}},{"type":"Feature","id":"way/1080648460","properties":{"id":"way/1080648460","name":"George Washington Memorial Parkway","class":"public_road","highway":"primary","surface":"concrete","base_width":8,"step_free":true,"surface_advisory":false,"routable":false,"access_blocked":true,"profiles":[],"source":"openstreetmap","source_date":"2026-09-11","confidence":"medium","surveyed":false},"geometry":{"type":"LineString","coordinates":[[-77.0711381,38.7112677],[-77.0713977,38.7113754],[-77.071781,38.7115496],[-77.0721056,38.7116984],[-77.0724568,38.71188],[-77.0729081,38.7121289],[-77.0732179,38.7123283],[-77.0735743,38.7125294]]}},{"type":"Feature","id":"way/1122030670","properties":{"id":"way/1122030670","name":null,"class":"service_road","highway":"service","surface":null,"base_width":5,"step_free":true,"surface_advisory":false,"routable":false,"access_blocked":true,"profiles":[],"source":"openstreetmap","source_date":"2026-09-11","confidence":"medium","surveyed":false},"geometry":{"type":"LineString","coordinates":[[-77.0911744,38.7127896],[-77.0913085,38.7128022],[-77.091709,38.7122917],[-77.0918074,38.7121775]]}},{"type":"Feature","id":"way/1160579278","properties":{"id":"way/1160579278","name":"George Washington Memorial Parkway","class":"public_road","highway":"primary","surface":"concrete","base_width":8,"step_free":true,"surface_advisory":false,"routable":false,"access_blocked":true,"profiles":[],"source":"openstreetmap","source_date":"2026-09-11","confidence":"medium","surveyed":false},"geometry":{"type":"LineString","coordinates":[[-77.0722652,38.7115967],[-77.0718859,38.711364],[-77.0716109,38.7112271],[-77.0712727,38.711085]]}},{"type":"Feature","id":"way/1188046897","properties":{"id":"way/1188046897","name":"George Washington Memorial Parkway","class":"public_road","highway":"primary","surface":"asphalt","base_width":8,"step_free":true,"surface_advisory":false,"routable":false,"access_blocked":false,"profiles":[],"source":"openstreetmap","source_date":"2026-09-11","confidence":"medium","surveyed":false},"geometry":{"type":"LineString","coordinates":[[-77.0865096,38.7117234],[-77.0865813,38.7116694]]}},{"type":"Feature","id":"way/1300796111","properties":{"id":"way/1300796111","name":null,"class":"visitor_path","highway":"footway","surface":"ground","base_width":3.2,"step_free":true,"surface_advisory":true,"routable":true,"access_blocked":false,"profiles":["visitor","step_free"],"source":"openstreetmap","source_date":"2026-09-11","confidence":"medium","surveyed":false},"geometry":{"type":"LineString","coordinates":[[-77.0725228,38.7106731],[-77.0726234,38.710604],[-77.0726199,38.7105722],[-77.072348,38.710438],[-77.0721924,38.7103669],[-77.0721374,38.7103407],[-77.0720824,38.7103145],[-77.0719456,38.7102957],[-77.0718598,38.7102622],[-77.0717874,38.7102287],[-77.0717042,38.7101911],[-77.0715433,38.7101659],[-77.0714548,38.7101304],[-77.0713207,38.7101115],[-77.071141,38.7101199],[-77.071031,38.7101178],[-77.0708647,38.7101178],[-77.0706904,38.7101157],[-77.0705589,38.7101262],[-77.0704248,38.7101262],[-77.0702719,38.7101241]]}},{"type":"Feature","id":"way/1332796284","properties":{"id":"way/1332796284","name":null,"class":"service_road","highway":"service","surface":null,"base_width":5,"step_free":true,"surface_advisory":false,"routable":true,"access_blocked":false,"profiles":["visitor","step_free"],"source":"openstreetmap","source_date":"2026-09-11","confidence":"medium","surveyed":false},"geometry":{"type":"LineString","coordinates":[[-77.1037066,38.7106738],[-77.1041234,38.7112301],[-77.1041476,38.7112134],[-77.1041569,38.71098],[-77.1039161,38.7106323],[-77.103846,38.7105897]]}},{"type":"Feature","id":"way/1364144244","properties":{"id":"way/1364144244","name":null,"class":"visitor_path","highway":"footway","surface":"paved","base_width":3.2,"step_free":true,"surface_advisory":false,"routable":true,"access_blocked":false,"profiles":["visitor","step_free"],"source":"openstreetmap","source_date":"2026-09-11","confidence":"medium","surveyed":false},"geometry":{"type":"LineString","coordinates":[[-77.096245,38.7162827],[-77.0962447,38.7161573],[-77.0962417,38.716076]]}},{"type":"Feature","id":"way/1424006927","properties":{"id":"way/1424006927","name":null,"class":"cycleway","highway":"cycleway","surface":"asphalt","base_width":2.6,"step_free":true,"surface_advisory":false,"routable":true,"access_blocked":false,"profiles":["visitor","step_free"],"source":"openstreetmap","source_date":"2026-09-11","confidence":"medium","surveyed":false},"geometry":{"type":"LineString","coordinates":[[-77.1008022,38.7140999],[-77.100836,38.7141781],[-77.1007618,38.7142272]]}},{"type":"Feature","id":"way/1518392422","properties":{"id":"way/1518392422","name":null,"class":"visitor_path","highway":"footway","surface":"paving_stones","base_width":3.2,"step_free":true,"surface_advisory":false,"routable":true,"access_blocked":false,"profiles":["visitor","step_free"],"source":"openstreetmap","source_date":"2026-09-11","confidence":"medium","surveyed":false},"geometry":{"type":"LineString","coordinates":[[-77.0868078,38.7104456],[-77.0867783,38.7104435],[-77.0867541,38.7104288],[-77.0867246,38.7104079],[-77.0866683,38.7103744],[-77.0866281,38.7103472]]}},{"type":"Feature","id":"way/1518468144","properties":{"id":"way/1518468144","name":null,"class":"service_road","highway":"service","surface":null,"base_width":5,"step_free":true,"surface_advisory":false,"routable":true,"access_blocked":false,"profiles":["visitor","step_free"],"source":"openstreetmap","source_date":"2026-09-11","confidence":"medium","surveyed":false},"geometry":{"type":"LineString","coordinates":[[-77.0907052,38.7138866],[-77.0907991,38.7138674],[-77.0908307,38.7138399],[-77.0908785,38.7137683],[-77.0909286,38.7137269],[-77.0909692,38.7136974],[-77.0910348,38.7136488]]}},{"type":"Feature","id":"way/1518468145","properties":{"id":"way/1518468145","name":null,"class":"service_road","highway":"service","surface":null,"base_width":5,"step_free":true,"surface_advisory":false,"routable":true,"access_blocked":false,"profiles":["visitor","step_free"],"source":"openstreetmap","source_date":"2026-09-11","confidence":"medium","surveyed":false},"geometry":{"type":"LineString","coordinates":[[-77.0909467,38.7135889],[-77.0908987,38.7136466],[-77.0908573,38.7136975],[-77.0908005,38.7137591],[-77.0907427,38.7137938],[-77.0907169,38.7138318],[-77.0907052,38.7138866]]}}]}