{"type":"FeatureCollection","name":"trees","note":"Decorative canopy symbols generated on a jittered grid inside mapped woodland and parkland. Not a tree inventory and not surveyed.","generated_with":{"spacing_m":20.0,"jitter":0.45,"seed":20260914,"max":3000},"features":[{"type":"Feature","properties":{"sprite":"tree-oak","scale":1.12,"cover":"woodland","source":"generated","method":"jittered grid inside mapped woodland polygons","decorative":true,"surveyed":false,"confidence":"none","order":0},"geometry":{"type":"Point","coordinates":[-77.1050113,38.7232926]}},{"type":"Feature","properties":{"sprite":"tree-oak","scale":1.12,"cover":"woodland","source":"generated","method":"jittered grid inside mapped woodland polygons","decorative":true,"surveyed":false,"confidence":"none","order":1},"geometry":{"type":"Point","coordinates":[-77.104816,38.7232334]}},{"type":"Feature","properties":{"sprite":"tree-oak","scale":1.2,"cover":"woodland","source":"generated","method":"jittered grid inside mapped woodland polygons","decorative":true,"surveyed":false,"confidence":"none","order":2},"geometry":{"type":"Point","coordinates":[-77.104243,38.723128]}},{"type":"Feature","properties":{"sprite":"tree-oak","scale":0.9,"cover":"woodland","source":"generated","method":"jittered grid inside mapped woodland polygons","decorative":true,"surveyed":false,"confidence":"none","order":3},"geometry":{"type":"Point","coordinates":[-77.1048667,38.7231156]}},{"type":"Feature","properties":{"sprite":"tree-pine","scale":0.94,"cover":"woodland","source":"generated","method":"jittered grid inside mapped woodland polygons","decorative":true,"surveyed":false,"confidence":"none","order":4},"geometry":{"type":"Point","coordinates":[-77.1051219,38.7230839]}},{"type":"Feature","properties":{"sprite":"tree-pine","scale":1.14,"cover":"woodland","source":"generated","method":"jittered grid inside mapped woodland polygons","decorative":true,"surveyed":false,"confidence":"none","order":5},"geometry":{"type":"Point","coordinates":[-77.1047854,38.7230481]}},{"type":"Feature","properties":{"sprite":"tree-oak","scale":1.02,"cover":"woodland","source":"generated","method":"jittered grid inside mapped woodland polygons","decorative":true,"surveyed":false,"confidence":"none","order":6},"geometry":{"type":"Point","coordinates":[-77.1050012,38.7229846]}},{"type":"Feature","properties":{"sprite":"tree-shrub","scale":1.02,"cover":"woodland","source":"generated","method":"jittered grid inside mapped woodland polygons","decorative":true,"surveyed":false,"confidence":"none","order":7},"geometry":{"type":"Point","coordinates":[-77.1044276,38.7229742]}},{"type":"Feature","properties":{"sprite":"tree-shrub","scale":1.04,"cover":"woodland","source":"generated","method":"jittered grid inside mapped woodland polygons","decorative":true,"surveyed":false,"confidence":"none","order":8},"geometry":{"type":"Point","coordinates":[-77.1045303,38.7229512]}},{"type":"Feature","properties":{"sprite":"tree-oak","scale":0.88,"cover":"woodland","source":"generated","method":"jittered grid inside mapped woodland polygons","decorative":true,"surveyed":false,"confidence":"none","order":9},"geometry":{"type":"Point","coordinates":[-77.1042287,38.7228844]}},{"type":"Feature","properties":{"sprite":"tree-elm","scale":1.11,"cover":"woodland","source":"generated","method":"jittered grid inside mapped woodland polygons","decorative":true,"surveyed":false,"confidence":"none","order":10},"geometry":{"type":"Point","coordinates":[-77.1049883,38.7227963]}},{"type":"Feature","properties":{"sprite":"tree-pine","scale":1.19,"cover":"woodland","source":"generated","method":"jittered grid inside mapped woodland polygons","decorative":true,"surveyed":false,"confidence":"none","order":11},"geometry":{"type":"Point","coordinates":[-77.1044945,38.7227693]}},{"type":"Feature","properties":{"sprite":"tree-oak","scale":1.02,"cover":"woodland","source":"generated","method":"jittered grid inside mapped woodland polygons","decorative":true,"surveyed":false,"confidence":"none","order":12},"geometry":{"type":"Point","coordinates":[-77.1051593,38.7227497]}},{"type":"Feature","properties":{"sprite":"tree-shrub","scale":1.08,"cover":"woodland","source":"generated","method":"jittered grid inside mapped woodland polygons","decorative":true,"surveyed":false,"confidence":"none","order":13},"geometry":{"type":"Point","coordinates":[-77.1047884,38.7226537]}},{"type":"Feature","properties":{"sprite":"tree-shrub","scale":0.82,"cover":"woodland","source":"generated","method":"jittered grid inside mapped woodland polygons","decorative":true,"surveyed":false,"confidence":"none","order":14},"geometry":{"type":"Point","coordinates":[-77.1050824,38.7226295]}},{"type":"Feature","properties":{"sprite":"tree-pine","scale":0.89,"cover":"woodland","source":"generated","method":"jittered grid inside mapped woodland polygons","decorative":true,"surveyed":false,"confidence":"none","order":15},"geometry":{"type":"Point","coordinates":[-77.1046467,38.7225777]}},{"type":"Feature","properties":{"sprite":"tree-pine","scale":0.84,"cover":"woodland","source":"generated","method":"jittered grid inside mapped woodland polygons","decorative":true,"surveyed":false,"confidence":"none","order":16},"geometry":{"type":"Point","coordinates":[-77.1051151,38.7224115]}},{"type":"Feature","properties":{"sprite":"tree-pine","scale":0.83,"cover":"woodland","source":"generated","method":"jittered grid inside mapped woodland polygons","decorative":true,"surveyed":false,"confidence":"none","order":17},"geometry":{"type":"Point","coordinates":[-77.1048033,38.7223803]}},{"type":"Feature","properties":{"sprite":"tree-oak","scale":1.19,"cover":"woodland","source":"generated","method":"jittered grid inside mapped woodland polygons","decorative":true,"surveyed":false,"confidence":"none","order":18},"geometry":{"type":"Point","coordinates":[-77.1050562,38.7223238]}},{"type":"Feature","properties":{"sprite":"tree-elm","scale":0.83,"cover":"woodland","source":"generated","method":"jittered grid inside mapped woodland polygons","decorative":true,"surveyed":false,"confidence":"none","order":19},"geometry":{"type":"Point","coordinates":[-77.104984,38.7222807]}},{"type":"Feature","properties":{"sprite":"tree-shrub","scale":0.95,"cover":"woodland","source":"generated","method":"jittered grid inside mapped woodland polygons","decorative":true,"surveyed":false,"confidence":"none","order":20},"geometry":{"type":"Point","coordinates":[-77.1046944,38.7222372]}},{"type":"Feature","properties":{"sprite":"tree-shrub","scale":0.94,"cover":"woodland","source":"generated","method":"jittered grid inside mapped woodland polygons","decorative":true,"surveyed":false,"confidence":"none","order":21},"geometry":{"type":"Point","coordinates":[-77.1044418,38.7221878]}},{"type":"Feature","properties":{"sprite":"tree-shrub","scale":1.19,"cover":"woodland","source":"generated","method":"jittered grid inside mapped woodland polygons","decorative":true,"surveyed":false,"confidence":"none","order":22},"geometry":{"type":"Point","coordinates":[-77.1048484,38.7221803]}},{"type":"Feature","properties":{"sprite":"tree-oak","scale":0.91,"cover":"woodland","source":"generated","method":"jittered grid inside mapped woodland polygons","decorative":true,"surveyed":false,"confidence":"none","order":23},"geometry":{"type":"Point","coordinates":[-77.1050545,38.7220709]}},{"type":"Feature","properties":{"sprite":"tree-oak","scale":1.14,"cover":"woodland","source":"generated","method":"jittered grid inside mapped woodland polygons","decorative":true,"surveyed":false,"confidence":"none","order":24},"geometry":{"type":"Point","coordinates":[-77.1045518,38.7220191]}},{"type":"Feature","properties":{"sprite":"tree-oak","scale":1.0,"cover":"woodland","source":"generated","method":"jittered grid inside mapped woodland polygons","decorative":true,"surveyed":false,"confidence":"none","order":25},"geometry":{"type":"Point","coordinates":[-77.1047564,38.7219971]}},{"type":"Feature","properties":{"sprite":"tree-elm","scale":1.17,"cover":"woodland","source":"generated","method":"jittered grid inside mapped woodland polygons","decorative":true,"surveyed":false,"confidence":"none","order":26},"geometry":{"type":"Point","coordinates":[-77.104696,38.7218753]}},{"type":"Feature","properties":{"sprite":"tree-oak","scale":0.8,"cover":"woodland","source":"generated","method":"jittered grid inside mapped woodland polygons","decorative":true,"surveyed":false,"confidence":"none","order":27},"geometry":{"type":"Point","coordinates":[-77.1052219,38.7217882]}},{"type":"Feature","properties":{"sprite":"tree-elm","scale":1.11,"cover":"woodland","source":"generated","method":"jittered grid inside mapped woodland polygons","decorative":true,"surveyed":false,"confidence":"none","order":28},"geometry":{"type":"Point","coordinates":[-77.1048301,38.7217723]}},{"type":"Feature","properties":{"sprite":"tree-shrub","scale":0.83,"cover":"woodland","source":"generated","method":"jittered grid inside mapped woodland polygons","decorative":true,"surveyed":false,"confidence":"none","order":29},"geometry":{"type":"Point","coordinates":[-77.1051916,38.7217323]}},{"type":"Feature","properties":{"sprite":"tree-elm","scale":1.05,"cover":"woodland","source":"generated","method":"jittered grid inside mapped woodland polygons","decorative":true,"surveyed":false,"confidence":"none","order":30},"geometry":{"type":"Point","coordinates":[-77.104413,38.7215393]}},{"type":"Feature","properties":{"sprite":"tree-oak","scale":0.92,"cover":"woodland","source":"generated","method":"jittered grid inside mapped woodland polygons","decorative":true,"surveyed":false,"confidence":"none","order":31},"geometry":{"type":"Point","coordinates":[-77.104518,38.7214442]}},{"type":"Feature","properties":{"sprite":"tree-oak","scale":1.21,"cover":"woodland","source":"generated","method":"jittered grid inside mapped woodland polygons","decorative":true,"surveyed":false,"confidence":"none","order":32},"geometry":{"type":"Point","coordinates":[-77.1050042,38.7213536]}},{"type":"Feature","properties":{"sprite":"tree-oak","scale":1.1,"cover":"woodland","source":"generated","method":"jittered grid inside mapped woodland polygons","decorative":true,"surveyed":false,"confidence":"none","order":33},"geometry":{"type":"Point","coordinates":[-77.1051771,38.721241]}},{"type":"Feature","properties":{"sprite":"tree-pine","scale":1.12,"cover":"woodland","source":"generated","method":"jittered grid inside mapped woodland polygons","decorative":true,"surveyed":false,"confidence":"none","order":34},"geometry":{"type":"Point","coordinates":[-77.104587,38.7210935]}},{"type":"Feature","properties":{"sprite":"tree-pine","scale":0.91,"cover":"woodland","source":"generated","method":"jittered grid inside mapped woodland polygons","decorative":true,"surveyed":false,"confidence":"none","order":35},"geometry":{"type":"Point","coordinates":[-77.1056317,38.7209914]}},{"type":"Feature","properties":{"sprite":"tree-oak","scale":0.86,"cover":"woodland","source":"generated","method":"jittered grid inside mapped woodland polygons","decorative":true,"surveyed":false,"confidence":"none","order":36},"geometry":{"type":"Point","coordinates":[-77.1047646,38.7209784]}},{"type":"Feature","properties":{"sprite":"tree-elm","scale":0.92,"cover":"woodland","source":"generated","method":"jittered grid inside mapped woodland polygons","decorative":true,"surveyed":false,"confidence":"none","order":37},"geometry":{"type":"Point","coordinates":[-77.1053403,38.7209561]}},{"type":"Feature","properties":{"sprite":"tree-shrub","scale":1.02,"cover":"woodland","source":"generated","method":"jittered grid inside mapped woodland polygons","decorative":true,"surveyed":false,"confidence":"none","order":38},"geometry":{"type":"Point","coordinates":[-77.1049382,38.7209528]}},{"type":"Feature","properties":{"sprite":"tree-elm","scale":1.12,"cover":"woodland","source":"generated","method":"jittered grid inside mapped woodland polygons","decorative":true,"surveyed":false,"confidence":"none","order":39},"geometry":{"type":"Point","coordinates":[-77.1045788,38.7209394]}},{"type":"Feature","properties":{"sprite":"tree-pine","scale":0.82,"cover":"woodland","source":"generated","method":"jittered grid inside mapped woodland polygons","decorative":true,"surveyed":false,"confidence":"none","order":40},"geometry":{"type":"Point","coordinates":[-77.1057353,38.720812]}},{"type":"Feature","properties":{"sprite":"tree-pine","scale":1.19,"cover":"woodland","source":"generated","method":"jittered grid inside mapped woodland polygons","decorative":true,"surveyed":false,"confidence":"none","order":41},"geometry":{"type":"Point","coordinates":[-77.1048125,38.7208055]}},{"type":"Feature","properties":{"sprite":"tree-shrub","scale":0.99,"cover":"woodland","source":"generated","method":"jittered grid inside mapped woodland polygons","decorative":true,"surveyed":false,"confidence":"none","order":42},"geometry":{"type":"Point","coordinates":[-77.1049824,38.7208016]}},{"type":"Feature","properties":{"sprite":"tree-oak","scale":1.21,"cover":"woodland","source":"generated","method":"jittered grid inside mapped woodland polygons","decorative":true,"surveyed":false,"confidence":"none","order":43},"geometry":{"type":"Point","coordinates":[-77.1059206,38.7206541]}},{"type":"Feature","properties":{"sprite":"tree-pine","scale":0.87,"cover":"woodland","source":"generated","method":"jittered grid inside mapped woodland polygons","decorative":true,"surveyed":false,"confidence":"none","order":44},"geometry":{"type":"Point","coordinates":[-77.1047949,38.720618]}},{"type":"Feature","properties":{"sprite":"tree-oak","scale":1.03,"cover":"woodland","source":"generated","method":"jittered grid inside mapped woodland polygons","decorative":true,"surveyed":false,"confidence":"none","order":45},"geometry":{"type":"Point","coordinates":[-77.1051477,38.7206151]}},{"type":"Feature","properties":{"sprite":"tree-oak","scale":0.96,"cover":"woodland","source":"generated","method":"jittered grid inside mapped woodland polygons","decorative":true,"surveyed":false,"confidence":"none","order":46},"geometry":{"type":"Point","coordinates":[-77.1049768,38.720615]}},{"type":"Feature","properties":{"sprite":"tree-oak","scale":0.94,"cover":"woodland","source":"generated","method":"jittered grid inside mapped woodland polygons","decorative":true,"surveyed":false,"confidence":"none","order":47},"geometry":{"type":"Point","coordinates":[-77.1054472,38.72056]}},{"type":"Feature","properties":{"sprite":"tree-shrub","scale":1.06,"cover":"woodland","source":"generated","method":"jittered grid inside mapped woodland polygons","decorative":true,"surveyed":false,"confidence":"none","order":48},"geometry":{"type":"Point","coordinates":[-77.1057135,38.7205522]}},{"type":"Feature","properties":{"sprite":"tree-oak","scale":0.97,"cover":"woodland","source":"generated","method":"jittered grid inside mapped woodland polygons","decorative":true,"surveyed":false,"confidence":"none","order":49},"geometry":{"type":"Point","coordinates":[-77.1054066,38.7204267]}},{"type":"Feature","properties":{"sprite":"tree-oak","scale":0.81,"cover":"woodland","source":"generated","method":"jittered grid inside mapped woodland polygons","decorative":true,"surveyed":false,"confidence":"none","order":50},"geometry":{"type":"Point","coordinates":[-77.1049221,38.7204011]}},{"type":"Feature","properties":{"sprite":"tree-elm","scale":1.11,"cover":"woodland","source":"generated","method":"jittered grid inside mapped woodland polygons","decorative":true,"surveyed":false,"confidence":"none","order":51},"geometry":{"type":"Point","coordinates":[-77.1050174,38.7203966]}},{"type":"Feature","properties":{"sprite":"tree-oak","scale":1.09,"cover":"woodland","source":"generated","method":"jittered grid inside mapped woodland polygons","decorative":true,"surveyed":false,"confidence":"none","order":52},"geometry":{"type":"Point","coordinates":[-77.1060618,38.7203751]}},{"type":"Feature","properties":{"sprite":"tree-pine","scale":0.98,"cover":"woodland","source":"generated","method":"jittered grid inside mapped woodland polygons","decorative":true,"surveyed":false,"confidence":"none","order":53},"geometry":{"type":"Point","coordinates":[-77.1057183,38.7203724]}},{"type":"Feature","properties":{"sprite":"tree-shrub","scale":0.92,"cover":"woodland","source":"generated","method":"jittered grid inside mapped woodland polygons","decorative":true,"surveyed":false,"confidence":"none","order":54},"geometry":{"type":"Point","coordinates":[-77.1061429,38.7203247]}},{"type":"Feature","properties":{"sprite":"tree-elm","scale":0.82,"cover":"woodland","source":"generated","method":"jittered grid inside mapped woodland polygons","decorative":true,"surveyed":false,"confidence":"none","order":55},"geometry":{"type":"Point","coordinates":[-77.1061482,38.7203051]}},{"type":"Feature","properties":{"sprite":"tree-shrub","scale":1.17,"cover":"woodland","source":"generated","method":"jittered grid inside mapped woodland polygons","decorative":true,"surveyed":false,"confidence":"none","order":56},"geometry":{"type":"Point","coordinates":[-77.0768314,38.7202021]}},{"type":"Feature","properties":{"sprite":"tree-oak","scale":0.99,"cover":"woodland","source":"generated","method":"jittered grid inside mapped woodland polygons","decorative":true,"surveyed":false,"confidence":"none","order":57},"geometry":{"type":"Point","coordinates":[-77.0797676,38.7201744]}},{"type":"Feature","properties":{"sprite":"tree-oak","scale":0.9,"cover":"woodland","source":"generated","method":"jittered grid inside mapped woodland polygons","decorative":true,"surveyed":false,"confidence":"none","order":58},"geometry":{"type":"Point","coordinates":[-77.10588,38.7201455]}},{"type":"Feature","properties":{"sprite":"tree-pine","scale":0.84,"cover":"woodland","source":"generated","method":"jittered grid inside mapped woodland polygons","decorative":true,"surveyed":false,"confidence":"none","order":59},"geometry":{"type":"Point","coordinates":[-77.1064013,38.7201102]}},{"type":"Feature","properties":{"sprite":"tree-oak","scale":1.19,"cover":"woodland","source":"generated","method":"jittered grid inside mapped woodland polygons","decorative":true,"surveyed":false,"confidence":"none","order":60},"geometry":{"type":"Point","coordinates":[-77.0768896,38.7200733]}},{"type":"Feature","properties":{"sprite":"tree-pine","scale":1.0,"cover":"woodland","source":"generated","method":"jittered grid inside mapped woodland polygons","decorative":true,"surveyed":false,"confidence":"none","order":61},"geometry":{"type":"Point","coordinates":[-77.0766195,38.7200576]}},{"type":"Feature","properties":{"sprite":"tree-oak","scale":1.1,"cover":"woodland","source":"generated","method":"jittered grid inside mapped woodland polygons","decorative":true,"surveyed":false,"confidence":"none","order":62},"geometry":{"type":"Point","coordinates":[-77.1060335,38.720019]}},{"type":"Feature","properties":{"sprite":"tree-pine","scale":1.13,"cover":"woodland","source":"generated","method":"jittered grid inside mapped woodland polygons","decorative":true,"surveyed":false,"confidence":"none","order":63},"geometry":{"type":"Point","coordinates":[-77.1059252,38.7199131]}},{"type":"Feature","properties":{"sprite":"tree-oak","scale":1.16,"cover":"woodland","source":"generated","method":"jittered grid inside mapped woodland polygons","decorative":true,"surveyed":false,"confidence":"none","order":64},"geometry":{"type":"Point","coordinates":[-77.1060623,38.7199079]}},{"type":"Feature","properties":{"sprite":"tree-oak","scale":0.91,"cover":"woodland","source":"generated","method":"jittered grid inside mapped woodland polygons","decorative":true,"surveyed":false,"confidence":"none","order":65},"geometry":{"type":"Point","coordinates":[-77.1064518,38.7198541]}},{"type":"Feature","properties":{"sprite":"tree-elm","scale":1.2,"cover":"woodland","source":"generated","method":"jittered grid inside mapped woodland polygons","decorative":true,"surveyed":false,"confidence":"none","order":66},"geometry":{"type":"Point","coordinates":[-77.076636,38.719826]}},{"type":"Feature","properties":{"sprite":"tree-elm","scale":1.08,"cover":"woodland","source":"generated","method":"jittered grid inside mapped woodland polygons","decorative":true,"surveyed":false,"confidence":"none","order":67},"geometry":{"type":"Point","coordinates":[-77.1067587,38.7198227]}},{"type":"Feature","properties":{"sprite":"tree-shrub","scale":1.08,"cover":"woodland","source":"generated","method":"jittered grid inside mapped woodland polygons","decorative":true,"surveyed":false,"confidence":"none","order":68},"geometry":{"type":"Point","coordinates":[-77.0794328,38.7197597]}},{"type":"Feature","properties":{"sprite":"tree-elm","scale":1.21,"cover":"woodland","source":"generated","method":"jittered grid inside mapped woodland polygons","decorative":true,"surveyed":false,"confidence":"none","order":69},"geometry":{"type":"Point","coordinates":[-77.1060735,38.7197228]}},{"type":"Feature","properties":{"sprite":"tree-elm","scale":0.85,"cover":"woodland","source":"generated","method":"jittered grid inside mapped woodland polygons","decorative":true,"surveyed":false,"confidence":"none","order":70},"geometry":{"type":"Point","coordinates":[-77.0763019,38.71967]}},{"type":"Feature","properties":{"sprite":"tree-elm","scale":1.21,"cover":"woodland","source":"generated","method":"jittered grid inside mapped woodland polygons","decorative":true,"surveyed":false,"confidence":"none","order":71},"geometry":{"type":"Point","coordinates":[-77.1058107,38.7196699]}},{"type":"Feature","properties":{"sprite":"tree-oak","scale":0.95,"cover":"woodland","source":"generated","method":"jittered grid inside mapped woodland polygons","decorative":true,"surveyed":false,"confidence":"none","order":72},"geometry":{"type":"Point","coordinates":[-77.0869308,38.7196458]}},{"type":"Feature","properties":{"sprite":"tree-elm","scale":0.99,"cover":"woodland","source":"generated","method":"jittered grid inside mapped woodland polygons","decorative":true,"surveyed":false,"confidence":"none","order":73},"geometry":{"type":"Point","coordinates":[-77.0867039,38.719635]}},{"type":"Feature","properties":{"sprite":"tree-pine","scale":0.81,"cover":"woodland","source":"generated","method":"jittered grid inside mapped woodland polygons","decorative":true,"surveyed":false,"confidence":"none","order":74},"geometry":{"type":"Point","coordinates":[-77.087128,38.7196301]}},{"type":"Feature","properties":{"sprite":"tree-oak","scale":0.84,"cover":"woodland","source":"generated","method":"jittered grid inside mapped woodland polygons","decorative":true,"surveyed":false,"confidence":"none","order":75},"geometry":{"type":"Point","coordinates":[-77.0865877,38.7196107]}},{"type":"Feature","properties":{"sprite":"tree-pine","scale":1.13,"cover":"woodland","source":"generated","method":"jittered grid inside mapped woodland polygons","decorative":true,"surveyed":false,"confidence":"none","order":76},"geometry":{"type":"Point","coordinates":[-77.1053973,38.7196014]}},{"type":"Feature","properties":{"sprite":"tree-oak","scale":0.87,"cover":"woodland","source":"generated","method":"jittered grid inside mapped woodland polygons","decorative":true,"surveyed":false,"confidence":"none","order":77},"geometry":{"type":"Point","coordinates":[-77.0764925,38.7195983]}},{"type":"Feature","properties":{"sprite":"tree-pine","scale":1.19,"cover":"woodland","source":"generated","method":"jittered grid inside mapped woodland polygons","decorative":true,"surveyed":false,"confidence":"none","order":78},"geometry":{"type":"Point","coordinates":[-77.1048617,38.7195471]}},{"type":"Feature","properties":{"sprite":"tree-oak","scale":1.18,"cover":"woodland","source":"generated","method":"jittered grid inside mapped woodland polygons","decorative":true,"surveyed":false,"confidence":"none","order":79},"geometry":{"type":"Point","coordinates":[-77.1064372,38.7195413]}},{"type":"Feature","properties":{"sprite":"tree-oak","scale":1.02,"cover":"woodland","source":"generated","method":"jittered grid inside mapped woodland polygons","decorative":true,"surveyed":false,"confidence":"none","order":80},"geometry":{"type":"Point","coordinates":[-77.0795517,38.7195365]}},{"type":"Feature","properties":{"sprite":"tree-shrub","scale":0.88,"cover":"woodland","source":"generated","method":"jittered grid inside mapped woodland polygons","decorative":true,"surveyed":false,"confidence":"none","order":81},"geometry":{"type":"Point","coordinates":[-77.1062,38.7195357]}},{"type":"Feature","properties":{"sprite":"tree-oak","scale":1.1,"cover":"woodland","source":"generated","method":"jittered grid inside mapped woodland polygons","decorative":true,"surveyed":false,"confidence":"none","order":82},"geometry":{"type":"Point","coordinates":[-77.0873264,38.719532]}},{"type":"Feature","properties":{"sprite":"tree-oak","scale":0.83,"cover":"woodland","source":"generated","method":"jittered grid inside mapped woodland polygons","decorative":true,"surveyed":false,"confidence":"none","order":83},"geometry":{"type":"Point","coordinates":[-77.0798178,38.7195269]}},{"type":"Feature","properties":{"sprite":"tree-pine","scale":1.2,"cover":"woodland","source":"generated","method":"jittered grid inside mapped woodland polygons","decorative":true,"surveyed":false,"confidence":"none","order":84},"geometry":{"type":"Point","coordinates":[-77.1045269,38.7195229]}},{"type":"Feature","properties":{"sprite":"tree-elm","scale":1.04,"cover":"woodland","source":"generated","method":"jittered grid inside mapped woodland polygons","decorative":true,"surveyed":false,"confidence":"none","order":85},"geometry":{"type":"Point","coordinates":[-77.1065617,38.7194859]}},{"type":"Feature","properties":{"sprite":"tree-oak","scale":0.85,"cover":"woodland","source":"generated","method":"jittered grid inside mapped woodland polygons","decorative":true,"surveyed":false,"confidence":"none","order":86},"geometry":{"type":"Point","coordinates":[-77.0869167,38.7194788]}},{"type":"Feature","properties":{"sprite":"tree-pine","scale":0.85,"cover":"woodland","source":"generated","method":"jittered grid inside mapped woodland polygons","decorative":true,"surveyed":false,"confidence":"none","order":87},"geometry":{"type":"Point","coordinates":[-77.1047611,38.7194649]}},{"type":"Feature","properties":{"sprite":"tree-oak","scale":1.14,"cover":"woodland","source":"generated","method":"jittered grid inside mapped woodland polygons","decorative":true,"surveyed":false,"confidence":"none","order":88},"geometry":{"type":"Point","coordinates":[-77.0866892,38.7194547]}},{"type":"Feature","properties":{"sprite":"tree-elm","scale":1.03,"cover":"woodland","source":"generated","method":"jittered grid inside mapped woodland polygons","decorative":true,"surveyed":false,"confidence":"none","order":89},"geometry":{"type":"Point","coordinates":[-77.1056414,38.7194521]}},{"type":"Feature","properties":{"sprite":"tree-pine","scale":1.08,"cover":"woodland","source":"generated","method":"jittered grid inside mapped woodland polygons","decorative":true,"surveyed":false,"confidence":"none","order":90},"geometry":{"type":"Point","coordinates":[-77.0762591,38.7194404]}},{"type":"Feature","properties":{"sprite":"tree-shrub","scale":1.12,"cover":"woodland","source":"generated","method":"jittered grid inside mapped woodland polygons","decorative":true,"surveyed":false,"confidence":"none","order":91},"geometry":{"type":"Point","coordinates":[-77.1059881,38.7194226]}},{"type":"Feature","properties":{"sprite":"tree-elm","scale":0.89,"cover":"woodland","source":"generated","method":"jittered grid inside mapped woodland polygons","decorative":true,"surveyed":false,"confidence":"none","order":92},"geometry":{"type":"Point","coordinates":[-77.0797128,38.7194087]}},{"type":"Feature","properties":{"sprite":"tree-pine","scale":0.86,"cover":"woodland","source":"generated","method":"jittered grid inside mapped woodland polygons","decorative":true,"surveyed":false,"confidence":"none","order":93},"geometry":{"type":"Point","coordinates":[-77.1057636,38.719397]}},{"type":"Feature","properties":{"sprite":"tree-elm","scale":1.01,"cover":"woodland","source":"generated","method":"jittered grid inside mapped woodland polygons","decorative":true,"surveyed":false,"confidence":"none","order":94},"geometry":{"type":"Point","coordinates":[-77.1050077,38.7193774]}},{"type":"Feature","properties":{"sprite":"tree-shrub","scale":1.12,"cover":"woodland","source":"generated","method":"jittered grid inside mapped woodland polygons","decorative":true,"surveyed":false,"confidence":"none","order":95},"geometry":{"type":"Point","coordinates":[-77.0761214,38.719374]}},{"type":"Feature","properties":{"sprite":"tree-oak","scale":1.13,"cover":"woodland","source":"generated","method":"jittered grid inside mapped woodland polygons","decorative":true,"surveyed":false,"confidence":"none","order":96},"geometry":{"type":"Point","coordinates":[-77.0872416,38.7193507]}},{"type":"Feature","properties":{"sprite":"tree-pine","scale":1.19,"cover":"woodland","source":"generated","method":"jittered grid inside mapped woodland polygons","decorative":true,"surveyed":false,"confidence":"none","order":97},"geometry":{"type":"Point","coordinates":[-77.106056,38.7193491]}},{"type":"Feature","properties":{"sprite":"tree-oak","scale":1.0,"cover":"woodland","source":"generated","method":"jittered grid inside mapped woodland polygons","decorative":true,"surveyed":false,"confidence":"none","order":98},"geometry":{"type":"Point","coordinates":[-77.0865579,38.7193483]}},{"type":"Feature","properties":{"sprite":"tree-oak","scale":1.06,"cover":"woodland","source":"generated","method":"jittered grid inside mapped woodland polygons","decorative":true,"surveyed":false,"confidence":"none","order":99},"geometry":{"type":"Point","coordinates":[-77.1041256,38.7193481]}},{"type":"Feature","properties":{"sprite":"tree-pine","scale":0.92,"cover":"woodland","source":"generated","method":"jittered grid inside mapped woodland polygons","decorative":true,"surveyed":false,"confidence":"none","order":100},"geometry":{"type":"Point","coordinates":[-77.0870797,38.7193298]}},{"type":"Feature","properties":{"sprite":"tree-oak","scale":1.08,"cover":"woodland","source":"generated","method":"jittered grid inside mapped woodland polygons","decorative":true,"surveyed":false,"confidence":"none","order":101},"geometry":{"type":"Point","coordinates":[-77.0759016,38.7193165]}},{"type":"Feature","properties":{"sprite":"tree-shrub","scale":0.9,"cover":"woodland","source":"generated","method":"jittered grid inside mapped woodland polygons","decorative":true,"surveyed":false,"confidence":"none","order":102},"geometry":{"type":"Point","coordinates":[-77.1039589,38.7193093]}},{"type":"Feature","properties":{"sprite":"tree-pine","scale":0.91,"cover":"woodland","source":"generated","method":"jittered grid inside mapped woodland polygons","decorative":true,"surveyed":false,"confidence":"none","order":103},"geometry":{"type":"Point","coordinates":[-77.1065603,38.7192932]}},{"type":"Feature","properties":{"sprite":"tree-elm","scale":0.83,"cover":"woodland","source":"generated","method":"jittered grid inside mapped woodland polygons","decorative":true,"surveyed":false,"confidence":"none","order":104},"geometry":{"type":"Point","coordinates":[-77.0798078,38.7192899]}},{"type":"Feature","properties":{"sprite":"tree-oak","scale":1.02,"cover":"woodland","source":"generated","method":"jittered grid inside mapped woodland polygons","decorative":true,"surveyed":false,"confidence":"none","order":105},"geometry":{"type":"Point","coordinates":[-77.1045549,38.7192767]}},{"type":"Feature","properties":{"sprite":"tree-oak","scale":1.15,"cover":"woodland","source":"generated","method":"jittered grid inside mapped woodland polygons","decorative":true,"surveyed":false,"confidence":"none","order":106},"geometry":{"type":"Point","coordinates":[-77.1037538,38.7192605]}},{"type":"Feature","properties":{"sprite":"tree-shrub","scale":1.06,"cover":"woodland","source":"generated","method":"jittered grid inside mapped woodland polygons","decorative":true,"surveyed":false,"confidence":"none","order":107},"geometry":{"type":"Point","coordinates":[-77.1062866,38.7192573]}},{"type":"Feature","properties":{"sprite":"tree-oak","scale":0.81,"cover":"woodland","source":"generated","method":"jittered grid inside mapped woodland polygons","decorative":true,"surveyed":false,"confidence":"none","order":108},"geometry":{"type":"Point","coordinates":[-77.0868168,38.7192533]}},{"type":"Feature","properties":{"sprite":"tree-oak","scale":1.02,"cover":"woodland","source":"generated","method":"jittered grid inside mapped woodland polygons","decorative":true,"surveyed":false,"confidence":"none","order":109},"geometry":{"type":"Point","coordinates":[-77.1044311,38.7192475]}},{"type":"Feature","properties":{"sprite":"tree-oak","scale":1.09,"cover":"woodland","source":"generated","method":"jittered grid inside mapped woodland polygons","decorative":true,"surveyed":false,"confidence":"none","order":110},"geometry":{"type":"Point","coordinates":[-77.1062217,38.7192178]}},{"type":"Feature","properties":{"sprite":"tree-pine","scale":0.78,"cover":"woodland","source":"generated","method":"jittered grid inside mapped woodland polygons","decorative":true,"surveyed":false,"confidence":"none","order":111},"geometry":{"type":"Point","coordinates":[-77.1044761,38.7192145]}},{"type":"Feature","properties":{"sprite":"tree-oak","scale":0.86,"cover":"woodland","source":"generated","method":"jittered grid inside mapped woodland polygons","decorative":true,"surveyed":false,"confidence":"none","order":112},"geometry":{"type":"Point","coordinates":[-77.1064289,38.7192139]}},{"type":"Feature","properties":{"sprite":"tree-oak","scale":0.95,"cover":"woodland","source":"generated","method":"jittered grid inside mapped woodland polygons","decorative":true,"surveyed":false,"confidence":"none","order":113},"geometry":{"type":"Point","coordinates":[-77.080103,38.7191886]}},{"type":"Feature","properties":{"sprite":"tree-pine","scale":1.16,"cover":"woodland","source":"generated","method":"jittered grid inside mapped woodland polygons","decorative":true,"surveyed":false,"confidence":"none","order":114},"geometry":{"type":"Point","coordinates":[-77.0757208,38.719183]}},{"type":"Feature","properties":{"sprite":"tree-pine","scale":1.0,"cover":"woodland","source":"generated","method":"jittered grid inside mapped woodland polygons","decorative":true,"surveyed":false,"confidence":"none","order":115},"geometry":{"type":"Point","coordinates":[-77.0869054,38.7191758]}},{"type":"Feature","properties":{"sprite":"tree-elm","scale":0.87,"cover":"woodland","source":"generated","method":"jittered grid inside mapped woodland polygons","decorative":true,"surveyed":false,"confidence":"none","order":116},"geometry":{"type":"Point","coordinates":[-77.1043371,38.7191383]}},{"type":"Feature","properties":{"sprite":"tree-oak","scale":0.81,"cover":"woodland","source":"generated","method":"jittered grid inside mapped woodland polygons","decorative":true,"surveyed":false,"confidence":"none","order":117},"geometry":{"type":"Point","coordinates":[-77.0871759,38.7191014]}},{"type":"Feature","properties":{"sprite":"tree-elm","scale":1.17,"cover":"woodland","source":"generated","method":"jittered grid inside mapped woodland polygons","decorative":true,"surveyed":false,"confidence":"none","order":118},"geometry":{"type":"Point","coordinates":[-77.0799226,38.7190904]}},{"type":"Feature","properties":{"sprite":"tree-oak","scale":1.16,"cover":"woodland","source":"generated","method":"jittered grid inside mapped woodland polygons","decorative":true,"surveyed":false,"confidence":"none","order":119},"geometry":{"type":"Point","coordinates":[-77.1066481,38.719075]}},{"type":"Feature","properties":{"sprite":"tree-elm","scale":1.09,"cover":"woodland","source":"generated","method":"jittered grid inside mapped woodland polygons","decorative":true,"surveyed":false,"confidence":"none","order":120},"geometry":{"type":"Point","coordinates":[-77.0863418,38.719071]}},{"type":"Feature","properties":{"sprite":"tree-pine","scale":1.1,"cover":"woodland","source":"generated","method":"jittered grid inside mapped woodland polygons","decorative":true,"surveyed":false,"confidence":"none","order":121},"geometry":{"type":"Point","coordinates":[-77.0866214,38.7190675]}},{"type":"Feature","properties":{"sprite":"tree-pine","scale":1.04,"cover":"woodland","source":"generated","method":"jittered grid inside mapped woodland polygons","decorative":true,"surveyed":false,"confidence":"none","order":122},"geometry":{"type":"Point","coordinates":[-77.0797894,38.719046]}},{"type":"Feature","properties":{"sprite":"tree-shrub","scale":0.82,"cover":"woodland","source":"generated","method":"jittered grid inside mapped woodland polygons","decorative":true,"surveyed":false,"confidence":"none","order":123},"geometry":{"type":"Point","coordinates":[-77.0794607,38.7190194]}},{"type":"Feature","properties":{"sprite":"tree-oak","scale":0.81,"cover":"park","source":"generated","method":"jittered grid inside mapped park polygons","decorative":true,"surveyed":false,"confidence":"none","order":124},"geometry":{"type":"Point","coordinates":[-77.0723338,38.7190105]}},{"type":"Feature","properties":{"sprite":"tree-elm","scale":0.97,"cover":"woodland","source":"generated","method":"jittered grid inside mapped woodland polygons","decorative":true,"surveyed":false,"confidence":"none","order":125},"geometry":{"type":"Point","coordinates":[-77.0870064,38.7189622]}},{"type":"Feature","properties":{"sprite":"tree-pine","scale":0.9,"cover":"woodland","source":"generated","method":"jittered grid inside mapped woodland polygons","decorative":true,"surveyed":false,"confidence":"none","order":126},"geometry":{"type":"Point","coordinates":[-77.1046992,38.7189491]}},{"type":"Feature","properties":{"sprite":"tree-elm","scale":0.87,"cover":"woodland","source":"generated","method":"jittered grid inside mapped woodland polygons","decorative":true,"surveyed":false,"confidence":"none","order":127},"geometry":{"type":"Point","coordinates":[-77.0865528,38.7189433]}},{"type":"Feature","properties":{"sprite":"tree-oak","scale":1.11,"cover":"woodland","source":"generated","method":"jittered grid inside mapped woodland polygons","decorative":true,"surveyed":false,"confidence":"none","order":128},"geometry":{"type":"Point","coordinates":[-77.0797161,38.7189432]}},{"type":"Feature","properties":{"sprite":"tree-oak","scale":1.09,"cover":"park","source":"generated","method":"jittered grid inside mapped park polygons","decorative":true,"surveyed":false,"confidence":"none","order":129},"geometry":{"type":"Point","coordinates":[-77.0720114,38.7189071]}},{"type":"Feature","properties":{"sprite":"tree-oak","scale":1.15,"cover":"woodland","source":"generated","method":"jittered grid inside mapped woodland polygons","decorative":true,"surveyed":false,"confidence":"none","order":130},"geometry":{"type":"Point","coordinates":[-77.0873991,38.7188965]}},{"type":"Feature","properties":{"sprite":"tree-oak","scale":1.2,"cover":"woodland","source":"generated","method":"jittered grid inside mapped woodland polygons","decorative":true,"surveyed":false,"confidence":"none","order":131},"geometry":{"type":"Point","coordinates":[-77.106142,38.7188881]}},{"type":"Feature","properties":{"sprite":"tree-oak","scale":1.01,"cover":"woodland","source":"generated","method":"jittered grid inside mapped woodland polygons","decorative":true,"surveyed":false,"confidence":"none","order":132},"geometry":{"type":"Point","coordinates":[-77.1044565,38.7188472]}},{"type":"Feature","properties":{"sprite":"tree-oak","scale":0.98,"cover":"woodland","source":"generated","method":"jittered grid inside mapped woodland polygons","decorative":true,"surveyed":false,"confidence":"none","order":133},"geometry":{"type":"Point","coordinates":[-77.0800957,38.7188203]}},{"type":"Feature","properties":{"sprite":"tree-oak","scale":0.79,"cover":"woodland","source":"generated","method":"jittered grid inside mapped woodland polygons","decorative":true,"surveyed":false,"confidence":"none","order":134},"geometry":{"type":"Point","coordinates":[-77.0798088,38.7188093]}},{"type":"Feature","properties":{"sprite":"tree-elm","scale":1.17,"cover":"park","source":"generated","method":"jittered grid inside mapped park polygons","decorative":true,"surveyed":false,"confidence":"none","order":135},"geometry":{"type":"Point","coordinates":[-77.0728862,38.7187975]}},{"type":"Feature","properties":{"sprite":"tree-oak","scale":0.87,"cover":"woodland","source":"generated","method":"jittered grid inside mapped woodland polygons","decorative":true,"surveyed":false,"confidence":"none","order":136},"geometry":{"type":"Point","coordinates":[-77.0869612,38.7187886]}},{"type":"Feature","properties":{"sprite":"tree-oak","scale":1.18,"cover":"woodland","source":"generated","method":"jittered grid inside mapped woodland polygons","decorative":true,"surveyed":false,"confidence":"none","order":137},"geometry":{"type":"Point","coordinates":[-77.0870351,38.7187882]}},{"type":"Feature","properties":{"sprite":"tree-pine","scale":0.78,"cover":"woodland","source":"generated","method":"jittered grid inside mapped woodland polygons","decorative":true,"surveyed":false,"confidence":"none","order":138},"geometry":{"type":"Point","coordinates":[-77.0874357,38.7187695]}},{"type":"Feature","properties":{"sprite":"tree-shrub","scale":0.89,"cover":"woodland","source":"generated","method":"jittered grid inside mapped woodland polygons","decorative":true,"surveyed":false,"confidence":"none","order":139},"geometry":{"type":"Point","coordinates":[-77.1068915,38.7187393]}},{"type":"Feature","properties":{"sprite":"tree-oak","scale":1.12,"cover":"woodland","source":"generated","method":"jittered grid inside mapped woodland polygons","decorative":true,"surveyed":false,"confidence":"none","order":140},"geometry":{"type":"Point","coordinates":[-77.1064798,38.718739]}},{"type":"Feature","properties":{"sprite":"tree-shrub","scale":0.97,"cover":"woodland","source":"generated","method":"jittered grid inside mapped woodland polygons","decorative":true,"surveyed":false,"confidence":"none","order":141},"geometry":{"type":"Point","coordinates":[-77.0877655,38.7187031]}},{"type":"Feature","properties":{"sprite":"tree-pine","scale":1.06,"cover":"woodland","source":"generated","method":"jittered grid inside mapped woodland polygons","decorative":true,"surveyed":false,"confidence":"none","order":142},"geometry":{"type":"Point","coordinates":[-77.0793315,38.7186838]}},{"type":"Feature","properties":{"sprite":"tree-pine","scale":0.91,"cover":"woodland","source":"generated","method":"jittered grid inside mapped woodland polygons","decorative":true,"surveyed":false,"confidence":"none","order":143},"geometry":{"type":"Point","coordinates":[-77.1067018,38.7186706]}},{"type":"Feature","properties":{"sprite":"tree-pine","scale":1.06,"cover":"woodland","source":"generated","method":"jittered grid inside mapped woodland polygons","decorative":true,"surveyed":false,"confidence":"none","order":144},"geometry":{"type":"Point","coordinates":[-77.0879209,38.7186464]}},{"type":"Feature","properties":{"sprite":"tree-pine","scale":0.91,"cover":"woodland","source":"generated","method":"jittered grid inside mapped woodland polygons","decorative":true,"surveyed":false,"confidence":"none","order":145},"geometry":{"type":"Point","coordinates":[-77.104528,38.7186428]}},{"type":"Feature","properties":{"sprite":"tree-oak","scale":0.88,"cover":"woodland","source":"generated","method":"jittered grid inside mapped woodland polygons","decorative":true,"surveyed":false,"confidence":"none","order":146},"geometry":{"type":"Point","coordinates":[-77.0802049,38.7186332]}},{"type":"Feature","properties":{"sprite":"tree-shrub","scale":0.94,"cover":"woodland","source":"generated","method":"jittered grid inside mapped woodland polygons","decorative":true,"surveyed":false,"confidence":"none","order":147},"geometry":{"type":"Point","coordinates":[-77.1064134,38.7186171]}},{"type":"Feature","properties":{"sprite":"tree-oak","scale":1.02,"cover":"woodland","source":"generated","method":"jittered grid inside mapped woodland polygons","decorative":true,"surveyed":false,"confidence":"none","order":148},"geometry":{"type":"Point","coordinates":[-77.0864932,38.7186083]}},{"type":"Feature","properties":{"sprite":"tree-shrub","scale":0.84,"cover":"woodland","source":"generated","method":"jittered grid inside mapped woodland polygons","decorative":true,"surveyed":false,"confidence":"none","order":149},"geometry":{"type":"Point","coordinates":[-77.0800008,38.7186075]}},{"type":"Feature","properties":{"sprite":"tree-pine","scale":1.05,"cover":"woodland","source":"generated","method":"jittered grid inside mapped woodland polygons","decorative":true,"surveyed":false,"confidence":"none","order":150},"geometry":{"type":"Point","coordinates":[-77.1048208,38.718606]}},{"type":"Feature","properties":{"sprite":"tree-pine","scale":1.11,"cover":"woodland","source":"generated","method":"jittered grid inside mapped woodland polygons","decorative":true,"surveyed":false,"confidence":"none","order":151},"geometry":{"type":"Point","coordinates":[-77.0877775,38.7185913]}},{"type":"Feature","properties":{"sprite":"tree-pine","scale":0.78,"cover":"woodland","source":"generated","method":"jittered grid inside mapped woodland polygons","decorative":true,"surveyed":false,"confidence":"none","order":152},"geometry":{"type":"Point","coordinates":[-77.0863825,38.718562]}},{"type":"Feature","properties":{"sprite":"tree-pine","scale":1.14,"cover":"woodland","source":"generated","method":"jittered grid inside mapped woodland polygons","decorative":true,"surveyed":false,"confidence":"none","order":153},"geometry":{"type":"Point","coordinates":[-77.0874673,38.7185255]}},{"type":"Feature","properties":{"sprite":"tree-pine","scale":0.88,"cover":"woodland","source":"generated","method":"jittered grid inside mapped woodland polygons","decorative":true,"surveyed":false,"confidence":"none","order":154},"geometry":{"type":"Point","coordinates":[-77.1062001,38.7185192]}},{"type":"Feature","properties":{"sprite":"tree-elm","scale":1.11,"cover":"woodland","source":"generated","method":"jittered grid inside mapped woodland polygons","decorative":true,"surveyed":false,"confidence":"none","order":155},"geometry":{"type":"Point","coordinates":[-77.0809961,38.7184975]}},{"type":"Feature","properties":{"sprite":"tree-pine","scale":0.81,"cover":"woodland","source":"generated","method":"jittered grid inside mapped woodland polygons","decorative":true,"surveyed":false,"confidence":"none","order":156},"geometry":{"type":"Point","coordinates":[-77.0801931,38.718496]}},{"type":"Feature","properties":{"sprite":"tree-oak","scale":1.2,"cover":"woodland","source":"generated","method":"jittered grid inside mapped woodland polygons","decorative":true,"surveyed":false,"confidence":"none","order":157},"geometry":{"type":"Point","coordinates":[-77.079903,38.7184728]}},{"type":"Feature","properties":{"sprite":"tree-oak","scale":0.87,"cover":"woodland","source":"generated","method":"jittered grid inside mapped woodland polygons","decorative":true,"surveyed":false,"confidence":"none","order":158},"geometry":{"type":"Point","coordinates":[-77.0741755,38.7184719]}},{"type":"Feature","properties":{"sprite":"tree-pine","scale":0.84,"cover":"woodland","source":"generated","method":"jittered grid inside mapped woodland polygons","decorative":true,"surveyed":false,"confidence":"none","order":159},"geometry":{"type":"Point","coordinates":[-77.0808842,38.718455]}},{"type":"Feature","properties":{"sprite":"tree-elm","scale":1.12,"cover":"woodland","source":"generated","method":"jittered grid inside mapped woodland polygons","decorative":true,"surveyed":false,"confidence":"none","order":160},"geometry":{"type":"Point","coordinates":[-77.0803743,38.7184545]}},{"type":"Feature","properties":{"sprite":"tree-pine","scale":0.93,"cover":"woodland","source":"generated","method":"jittered grid inside mapped woodland polygons","decorative":true,"surveyed":false,"confidence":"none","order":161},"geometry":{"type":"Point","coordinates":[-77.0875628,38.7184229]}},{"type":"Feature","properties":{"sprite":"tree-pine","scale":1.21,"cover":"woodland","source":"generated","method":"jittered grid inside mapped woodland polygons","decorative":true,"surveyed":false,"confidence":"none","order":162},"geometry":{"type":"Point","coordinates":[-77.1068913,38.7184131]}},{"type":"Feature","properties":{"sprite":"tree-pine","scale":0.85,"cover":"woodland","source":"generated","method":"jittered grid inside mapped woodland polygons","decorative":true,"surveyed":false,"confidence":"none","order":163},"geometry":{"type":"Point","coordinates":[-77.088165,38.7184104]}},{"type":"Feature","properties":{"sprite":"tree-elm","scale":1.16,"cover":"woodland","source":"generated","method":"jittered grid inside mapped woodland polygons","decorative":true,"surveyed":false,"confidence":"none","order":164},"geometry":{"type":"Point","coordinates":[-77.0861898,38.7184066]}},{"type":"Feature","properties":{"sprite":"tree-shrub","scale":0.95,"cover":"woodland","source":"generated","method":"jittered grid inside mapped woodland polygons","decorative":true,"surveyed":false,"confidence":"none","order":165},"geometry":{"type":"Point","coordinates":[-77.1065175,38.7183999]}},{"type":"Feature","properties":{"sprite":"tree-oak","scale":0.89,"cover":"park","source":"generated","method":"jittered grid inside mapped park polygons","decorative":true,"surveyed":false,"confidence":"none","order":166},"geometry":{"type":"Point","coordinates":[-77.0721451,38.718386]}},{"type":"Feature","properties":{"sprite":"tree-oak","scale":0.86,"cover":"woodland","source":"generated","method":"jittered grid inside mapped woodland polygons","decorative":true,"surveyed":false,"confidence":"none","order":167},"geometry":{"type":"Point","coordinates":[-77.0815735,38.7183847]}},{"type":"Feature","properties":{"sprite":"tree-shrub","scale":0.95,"cover":"woodland","source":"generated","method":"jittered grid inside mapped woodland polygons","decorative":true,"surveyed":false,"confidence":"none","order":168},"geometry":{"type":"Point","coordinates":[-77.0813859,38.7183687]}},{"type":"Feature","properties":{"sprite":"tree-elm","scale":1.14,"cover":"woodland","source":"generated","method":"jittered grid inside mapped woodland polygons","decorative":true,"surveyed":false,"confidence":"none","order":169},"geometry":{"type":"Point","coordinates":[-77.1070454,38.7183656]}},{"type":"Feature","properties":{"sprite":"tree-oak","scale":0.9,"cover":"woodland","source":"generated","method":"jittered grid inside mapped woodland polygons","decorative":true,"surveyed":false,"confidence":"none","order":170},"geometry":{"type":"Point","coordinates":[-77.1072334,38.7183644]}},{"type":"Feature","properties":{"sprite":"tree-elm","scale":0.91,"cover":"woodland","source":"generated","method":"jittered grid inside mapped woodland polygons","decorative":true,"surveyed":false,"confidence":"none","order":171},"geometry":{"type":"Point","coordinates":[-77.0880921,38.718356]}},{"type":"Feature","properties":{"sprite":"tree-pine","scale":1.12,"cover":"woodland","source":"generated","method":"jittered grid inside mapped woodland polygons","decorative":true,"surveyed":false,"confidence":"none","order":172},"geometry":{"type":"Point","coordinates":[-77.0800503,38.7183508]}},{"type":"Feature","properties":{"sprite":"tree-pine","scale":1.17,"cover":"woodland","source":"generated","method":"jittered grid inside mapped woodland polygons","decorative":true,"surveyed":false,"confidence":"none","order":173},"geometry":{"type":"Point","coordinates":[-77.0794993,38.7183351]}},{"type":"Feature","properties":{"sprite":"tree-elm","scale":1.22,"cover":"woodland","source":"generated","method":"jittered grid inside mapped woodland polygons","decorative":true,"surveyed":false,"confidence":"none","order":174},"geometry":{"type":"Point","coordinates":[-77.0807274,38.7183234]}},{"type":"Feature","properties":{"sprite":"tree-oak","scale":1.2,"cover":"woodland","source":"generated","method":"jittered grid inside mapped woodland polygons","decorative":true,"surveyed":false,"confidence":"none","order":175},"geometry":{"type":"Point","coordinates":[-77.080131,38.718284]}},{"type":"Feature","properties":{"sprite":"tree-shrub","scale":0.95,"cover":"woodland","source":"generated","method":"jittered grid inside mapped woodland polygons","decorative":true,"surveyed":false,"confidence":"none","order":176},"geometry":{"type":"Point","coordinates":[-77.0861509,38.7182827]}},{"type":"Feature","properties":{"sprite":"tree-oak","scale":0.92,"cover":"woodland","source":"generated","method":"jittered grid inside mapped woodland polygons","decorative":true,"surveyed":false,"confidence":"none","order":177},"geometry":{"type":"Point","coordinates":[-77.1071036,38.7182816]}},{"type":"Feature","properties":{"sprite":"tree-shrub","scale":0.81,"cover":"woodland","source":"generated","method":"jittered grid inside mapped woodland polygons","decorative":true,"surveyed":false,"confidence":"none","order":178},"geometry":{"type":"Point","coordinates":[-77.0820321,38.7182796]}},{"type":"Feature","properties":{"sprite":"tree-oak","scale":1.01,"cover":"woodland","source":"generated","method":"jittered grid inside mapped woodland polygons","decorative":true,"surveyed":false,"confidence":"none","order":179},"geometry":{"type":"Point","coordinates":[-77.0804182,38.7182745]}},{"type":"Feature","properties":{"sprite":"tree-oak","scale":0.89,"cover":"woodland","source":"generated","method":"jittered grid inside mapped woodland polygons","decorative":true,"surveyed":false,"confidence":"none","order":180},"geometry":{"type":"Point","coordinates":[-77.106606,38.7182723]}},{"type":"Feature","properties":{"sprite":"tree-shrub","scale":1.2,"cover":"woodland","source":"generated","method":"jittered grid inside mapped woodland polygons","decorative":true,"surveyed":false,"confidence":"none","order":181},"geometry":{"type":"Point","coordinates":[-77.0810645,38.7182503]}},{"type":"Feature","properties":{"sprite":"tree-elm","scale":0.92,"cover":"woodland","source":"generated","method":"jittered grid inside mapped woodland polygons","decorative":true,"surveyed":false,"confidence":"none","order":182},"geometry":{"type":"Point","coordinates":[-77.0745568,38.7182366]}},{"type":"Feature","properties":{"sprite":"tree-oak","scale":1.0,"cover":"woodland","source":"generated","method":"jittered grid inside mapped woodland polygons","decorative":true,"surveyed":false,"confidence":"none","order":183},"geometry":{"type":"Point","coordinates":[-77.0795322,38.7182191]}},{"type":"Feature","properties":{"sprite":"tree-pine","scale":1.12,"cover":"woodland","source":"generated","method":"jittered grid inside mapped woodland polygons","decorative":true,"surveyed":false,"confidence":"none","order":184},"geometry":{"type":"Point","coordinates":[-77.1073267,38.7182164]}},{"type":"Feature","properties":{"sprite":"tree-oak","scale":1.21,"cover":"woodland","source":"generated","method":"jittered grid inside mapped woodland polygons","decorative":true,"surveyed":false,"confidence":"none","order":185},"geometry":{"type":"Point","coordinates":[-77.087583,38.7182077]}},{"type":"Feature","properties":{"sprite":"tree-oak","scale":1.15,"cover":"woodland","source":"generated","method":"jittered grid inside mapped woodland polygons","decorative":true,"surveyed":false,"confidence":"none","order":186},"geometry":{"type":"Point","coordinates":[-77.087826,38.7182046]}},{"type":"Feature","properties":{"sprite":"tree-pine","scale":0.8,"cover":"woodland","source":"generated","method":"jittered grid inside mapped woodland polygons","decorative":true,"surveyed":false,"confidence":"none","order":187},"geometry":{"type":"Point","coordinates":[-77.0812067,38.7182036]}},{"type":"Feature","properties":{"sprite":"tree-oak","scale":0.87,"cover":"woodland","source":"generated","method":"jittered grid inside mapped woodland polygons","decorative":true,"surveyed":false,"confidence":"none","order":188},"geometry":{"type":"Point","coordinates":[-77.0881527,38.7181916]}},{"type":"Feature","properties":{"sprite":"tree-oak","scale":0.83,"cover":"woodland","source":"generated","method":"jittered grid inside mapped woodland polygons","decorative":true,"surveyed":false,"confidence":"none","order":189},"geometry":{"type":"Point","coordinates":[-77.0884564,38.7181716]}},{"type":"Feature","properties":{"sprite":"tree-oak","scale":1.22,"cover":"woodland","source":"generated","method":"jittered grid inside mapped woodland polygons","decorative":true,"surveyed":false,"confidence":"none","order":190},"geometry":{"type":"Point","coordinates":[-77.0809748,38.7181711]}},{"type":"Feature","properties":{"sprite":"tree-pine","scale":1.12,"cover":"woodland","source":"generated","method":"jittered grid inside mapped woodland polygons","decorative":true,"surveyed":false,"confidence":"none","order":191},"geometry":{"type":"Point","coordinates":[-77.1063056,38.7181704]}},{"type":"Feature","properties":{"sprite":"tree-oak","scale":0.96,"cover":"woodland","source":"generated","method":"jittered grid inside mapped woodland polygons","decorative":true,"surveyed":false,"confidence":"none","order":192},"geometry":{"type":"Point","coordinates":[-77.0824887,38.7181599]}},{"type":"Feature","properties":{"sprite":"tree-oak","scale":1.12,"cover":"park","source":"generated","method":"jittered grid inside mapped park polygons","decorative":true,"surveyed":false,"confidence":"none","order":193},"geometry":{"type":"Point","coordinates":[-77.0734475,38.7181478]}},{"type":"Feature","properties":{"sprite":"tree-oak","scale":0.99,"cover":"woodland","source":"generated","method":"jittered grid inside mapped woodland polygons","decorative":true,"surveyed":false,"confidence":"none","order":194},"geometry":{"type":"Point","coordinates":[-77.0815041,38.7181077]}},{"type":"Feature","properties":{"sprite":"tree-shrub","scale":0.91,"cover":"woodland","source":"generated","method":"jittered grid inside mapped woodland polygons","decorative":true,"surveyed":false,"confidence":"none","order":195},"geometry":{"type":"Point","coordinates":[-77.0803805,38.7181065]}},{"type":"Feature","properties":{"sprite":"tree-elm","scale":1.19,"cover":"woodland","source":"generated","method":"jittered grid inside mapped woodland polygons","decorative":true,"surveyed":false,"confidence":"none","order":196},"geometry":{"type":"Point","coordinates":[-77.1070205,38.7181025]}},{"type":"Feature","properties":{"sprite":"tree-elm","scale":1.16,"cover":"woodland","source":"generated","method":"jittered grid inside mapped woodland polygons","decorative":true,"surveyed":false,"confidence":"none","order":197},"geometry":{"type":"Point","coordinates":[-77.0805925,38.7180903]}},{"type":"Feature","properties":{"sprite":"tree-elm","scale":1.15,"cover":"woodland","source":"generated","method":"jittered grid inside mapped woodland polygons","decorative":true,"surveyed":false,"confidence":"none","order":198},"geometry":{"type":"Point","coordinates":[-77.0746342,38.7180853]}},{"type":"Feature","properties":{"sprite":"tree-oak","scale":1.11,"cover":"woodland","source":"generated","method":"jittered grid inside mapped woodland polygons","decorative":true,"surveyed":false,"confidence":"none","order":199},"geometry":{"type":"Point","coordinates":[-77.1064838,38.718085]}},{"type":"Feature","properties":{"sprite":"tree-elm","scale":1.13,"cover":"woodland","source":"generated","method":"jittered grid inside mapped woodland polygons","decorative":true,"surveyed":false,"confidence":"none","order":200},"geometry":{"type":"Point","coordinates":[-77.0883312,38.718044]}},{"type":"Feature","properties":{"sprite":"tree-shrub","scale":1.08,"cover":"woodland","source":"generated","method":"jittered grid inside mapped woodland polygons","decorative":true,"surveyed":false,"confidence":"none","order":201},"geometry":{"type":"Point","coordinates":[-77.0880222,38.7180271]}},{"type":"Feature","properties":{"sprite":"tree-oak","scale":0.97,"cover":"woodland","source":"generated","method":"jittered grid inside mapped woodland polygons","decorative":true,"surveyed":false,"confidence":"none","order":202},"geometry":{"type":"Point","coordinates":[-77.0884232,38.7180264]}},{"type":"Feature","properties":{"sprite":"tree-oak","scale":1.12,"cover":"woodland","source":"generated","method":"jittered grid inside mapped woodland polygons","decorative":true,"surveyed":false,"confidence":"none","order":203},"geometry":{"type":"Point","coordinates":[-77.1063579,38.71802]}},{"type":"Feature","properties":{"sprite":"tree-oak","scale":0.93,"cover":"woodland","source":"generated","method":"jittered grid inside mapped woodland polygons","decorative":true,"surveyed":false,"confidence":"none","order":204},"geometry":{"type":"Point","coordinates":[-77.0820929,38.7180194]}},{"type":"Feature","properties":{"sprite":"tree-elm","scale":0.94,"cover":"park","source":"generated","method":"jittered grid inside mapped park polygons","decorative":true,"surveyed":false,"confidence":"none","order":205},"geometry":{"type":"Point","coordinates":[-77.0729977,38.718014]}},{"type":"Feature","properties":{"sprite":"tree-oak","scale":0.89,"cover":"park","source":"generated","method":"jittered grid inside mapped park polygons","decorative":true,"surveyed":false,"confidence":"none","order":206},"geometry":{"type":"Point","coordinates":[-77.071954,38.7180021]}},{"type":"Feature","properties":{"sprite":"tree-pine","scale":1.07,"cover":"woodland","source":"generated","method":"jittered grid inside mapped woodland polygons","decorative":true,"surveyed":false,"confidence":"none","order":207},"geometry":{"type":"Point","coordinates":[-77.0745626,38.7180014]}},{"type":"Feature","properties":{"sprite":"tree-shrub","scale":1.01,"cover":"woodland","source":"generated","method":"jittered grid inside mapped woodland polygons","decorative":true,"surveyed":false,"confidence":"none","order":208},"geometry":{"type":"Point","coordinates":[-77.0816369,38.7180013]}},{"type":"Feature","properties":{"sprite":"tree-pine","scale":1.09,"cover":"woodland","source":"generated","method":"jittered grid inside mapped woodland polygons","decorative":true,"surveyed":false,"confidence":"none","order":209},"geometry":{"type":"Point","coordinates":[-77.1067712,38.7179958]}},{"type":"Feature","properties":{"sprite":"tree-elm","scale":0.8,"cover":"woodland","source":"generated","method":"jittered grid inside mapped woodland polygons","decorative":true,"surveyed":false,"confidence":"none","order":210},"geometry":{"type":"Point","coordinates":[-77.0813372,38.7179953]}},{"type":"Feature","properties":{"sprite":"tree-oak","scale":0.98,"cover":"woodland","source":"generated","method":"jittered grid inside mapped woodland polygons","decorative":true,"surveyed":false,"confidence":"none","order":211},"geometry":{"type":"Point","coordinates":[-77.0804512,38.7179828]}},{"type":"Feature","properties":{"sprite":"tree-elm","scale":0.93,"cover":"woodland","source":"generated","method":"jittered grid inside mapped woodland polygons","decorative":true,"surveyed":false,"confidence":"none","order":212},"geometry":{"type":"Point","coordinates":[-77.0743528,38.7179547]}},{"type":"Feature","properties":{"sprite":"tree-pine","scale":1.01,"cover":"woodland","source":"generated","method":"jittered grid inside mapped woodland polygons","decorative":true,"surveyed":false,"confidence":"none","order":213},"geometry":{"type":"Point","coordinates":[-77.0822976,38.7179525]}},{"type":"Feature","properties":{"sprite":"tree-oak","scale":0.98,"cover":"woodland","source":"generated","method":"jittered grid inside mapped woodland polygons","decorative":true,"surveyed":false,"confidence":"none","order":214},"geometry":{"type":"Point","coordinates":[-77.1067434,38.7179461]}},{"type":"Feature","properties":{"sprite":"tree-shrub","scale":1.2,"cover":"woodland","source":"generated","method":"jittered grid inside mapped woodland polygons","decorative":true,"surveyed":false,"confidence":"none","order":215},"geometry":{"type":"Point","coordinates":[-77.0826839,38.7179441]}},{"type":"Feature","properties":{"sprite":"tree-shrub","scale":1.1,"cover":"woodland","source":"generated","method":"jittered grid inside mapped woodland polygons","decorative":true,"surveyed":false,"confidence":"none","order":216},"geometry":{"type":"Point","coordinates":[-77.1071491,38.7179332]}},{"type":"Feature","properties":{"sprite":"tree-shrub","scale":0.97,"cover":"woodland","source":"generated","method":"jittered grid inside mapped woodland polygons","decorative":true,"surveyed":false,"confidence":"none","order":217},"geometry":{"type":"Point","coordinates":[-77.1073275,38.7179231]}},{"type":"Feature","properties":{"sprite":"tree-shrub","scale":0.86,"cover":"woodland","source":"generated","method":"jittered grid inside mapped woodland polygons","decorative":true,"surveyed":false,"confidence":"none","order":218},"geometry":{"type":"Point","coordinates":[-77.1069736,38.7179222]}},{"type":"Feature","properties":{"sprite":"tree-pine","scale":1.18,"cover":"woodland","source":"generated","method":"jittered grid inside mapped woodland polygons","decorative":true,"surveyed":false,"confidence":"none","order":219},"geometry":{"type":"Point","coordinates":[-77.0825524,38.7179094]}},{"type":"Feature","properties":{"sprite":"tree-elm","scale":0.94,"cover":"woodland","source":"generated","method":"jittered grid inside mapped woodland polygons","decorative":true,"surveyed":false,"confidence":"none","order":220},"geometry":{"type":"Point","coordinates":[-77.0809114,38.7179007]}},{"type":"Feature","properties":{"sprite":"tree-pine","scale":1.17,"cover":"woodland","source":"generated","method":"jittered grid inside mapped woodland polygons","decorative":true,"surveyed":false,"confidence":"none","order":221},"geometry":{"type":"Point","coordinates":[-77.0810702,38.7178897]}},{"type":"Feature","properties":{"sprite":"tree-pine","scale":1.04,"cover":"woodland","source":"generated","method":"jittered grid inside mapped woodland polygons","decorative":true,"surveyed":false,"confidence":"none","order":222},"geometry":{"type":"Point","coordinates":[-77.07832,38.7178846]}},{"type":"Feature","properties":{"sprite":"tree-shrub","scale":0.93,"cover":"woodland","source":"generated","method":"jittered grid inside mapped woodland polygons","decorative":true,"surveyed":false,"confidence":"none","order":223},"geometry":{"type":"Point","coordinates":[-77.0819274,38.7178829]}},{"type":"Feature","properties":{"sprite":"tree-oak","scale":0.92,"cover":"woodland","source":"generated","method":"jittered grid inside mapped woodland polygons","decorative":true,"surveyed":false,"confidence":"none","order":224},"geometry":{"type":"Point","coordinates":[-77.0801017,38.7178534]}},{"type":"Feature","properties":{"sprite":"tree-oak","scale":1.17,"cover":"woodland","source":"generated","method":"jittered grid inside mapped woodland polygons","decorative":true,"surveyed":false,"confidence":"none","order":225},"geometry":{"type":"Point","coordinates":[-77.074538,38.7178405]}},{"type":"Feature","properties":{"sprite":"tree-shrub","scale":1.21,"cover":"woodland","source":"generated","method":"jittered grid inside mapped woodland polygons","decorative":true,"surveyed":false,"confidence":"none","order":226},"geometry":{"type":"Point","coordinates":[-77.0885321,38.71784]}},{"type":"Feature","properties":{"sprite":"tree-shrub","scale":0.98,"cover":"woodland","source":"generated","method":"jittered grid inside mapped woodland polygons","decorative":true,"surveyed":false,"confidence":"none","order":227},"geometry":{"type":"Point","coordinates":[-77.0835409,38.7178047]}},{"type":"Feature","properties":{"sprite":"tree-oak","scale":1.14,"cover":"woodland","source":"generated","method":"jittered grid inside mapped woodland polygons","decorative":true,"surveyed":false,"confidence":"none","order":228},"geometry":{"type":"Point","coordinates":[-77.0807714,38.7177949]}},{"type":"Feature","properties":{"sprite":"tree-oak","scale":1.18,"cover":"woodland","source":"generated","method":"jittered grid inside mapped woodland polygons","decorative":true,"surveyed":false,"confidence":"none","order":229},"geometry":{"type":"Point","coordinates":[-77.0817113,38.71779]}},{"type":"Feature","properties":{"sprite":"tree-pine","scale":1.09,"cover":"woodland","source":"generated","method":"jittered grid inside mapped woodland polygons","decorative":true,"surveyed":false,"confidence":"none","order":230},"geometry":{"type":"Point","coordinates":[-77.0889724,38.7177857]}},{"type":"Feature","properties":{"sprite":"tree-shrub","scale":0.81,"cover":"woodland","source":"generated","method":"jittered grid inside mapped woodland polygons","decorative":true,"surveyed":false,"confidence":"none","order":231},"geometry":{"type":"Point","coordinates":[-77.0788368,38.7177842]}},{"type":"Feature","properties":{"sprite":"tree-shrub","scale":1.2,"cover":"woodland","source":"generated","method":"jittered grid inside mapped woodland polygons","decorative":true,"surveyed":false,"confidence":"none","order":232},"geometry":{"type":"Point","coordinates":[-77.0815721,38.717782]}},{"type":"Feature","properties":{"sprite":"tree-oak","scale":1.06,"cover":"woodland","source":"generated","method":"jittered grid inside mapped woodland polygons","decorative":true,"surveyed":false,"confidence":"none","order":233},"geometry":{"type":"Point","coordinates":[-77.0822569,38.7177782]}},{"type":"Feature","properties":{"sprite":"tree-shrub","scale":0.93,"cover":"woodland","source":"generated","method":"jittered grid inside mapped woodland polygons","decorative":true,"surveyed":false,"confidence":"none","order":234},"geometry":{"type":"Point","coordinates":[-77.0803265,38.7177758]}},{"type":"Feature","properties":{"sprite":"tree-pine","scale":0.94,"cover":"woodland","source":"generated","method":"jittered grid inside mapped woodland polygons","decorative":true,"surveyed":false,"confidence":"none","order":235},"geometry":{"type":"Point","coordinates":[-77.0833806,38.717774]}},{"type":"Feature","properties":{"sprite":"tree-shrub","scale":0.95,"cover":"woodland","source":"generated","method":"jittered grid inside mapped woodland polygons","decorative":true,"surveyed":false,"confidence":"none","order":236},"geometry":{"type":"Point","coordinates":[-77.0774382,38.7177696]}},{"type":"Feature","properties":{"sprite":"tree-oak","scale":1.15,"cover":"woodland","source":"generated","method":"jittered grid inside mapped woodland polygons","decorative":true,"surveyed":false,"confidence":"none","order":237},"geometry":{"type":"Point","coordinates":[-77.0809412,38.7177527]}},{"type":"Feature","properties":{"sprite":"tree-pine","scale":1.13,"cover":"woodland","source":"generated","method":"jittered grid inside mapped woodland polygons","decorative":true,"surveyed":false,"confidence":"none","order":238},"geometry":{"type":"Point","coordinates":[-77.1062797,38.7177477]}},{"type":"Feature","properties":{"sprite":"tree-oak","scale":0.98,"cover":"woodland","source":"generated","method":"jittered grid inside mapped woodland polygons","decorative":true,"surveyed":false,"confidence":"none","order":239},"geometry":{"type":"Point","coordinates":[-77.0778165,38.7177368]}},{"type":"Feature","properties":{"sprite":"tree-elm","scale":0.8,"cover":"woodland","source":"generated","method":"jittered grid inside mapped woodland polygons","decorative":true,"surveyed":false,"confidence":"none","order":240},"geometry":{"type":"Point","coordinates":[-77.0806438,38.7177367]}},{"type":"Feature","properties":{"sprite":"tree-oak","scale":1.09,"cover":"woodland","source":"generated","method":"jittered grid inside mapped woodland polygons","decorative":true,"surveyed":false,"confidence":"none","order":241},"geometry":{"type":"Point","coordinates":[-77.0785326,38.717736]}},{"type":"Feature","properties":{"sprite":"tree-oak","scale":1.2,"cover":"woodland","source":"generated","method":"jittered grid inside mapped woodland polygons","decorative":true,"surveyed":false,"confidence":"none","order":242},"geometry":{"type":"Point","coordinates":[-77.0786137,38.7177356]}},{"type":"Feature","properties":{"sprite":"tree-oak","scale":1.08,"cover":"woodland","source":"generated","method":"jittered grid inside mapped woodland polygons","decorative":true,"surveyed":false,"confidence":"none","order":243},"geometry":{"type":"Point","coordinates":[-77.1069631,38.7177219]}},{"type":"Feature","properties":{"sprite":"tree-oak","scale":0.88,"cover":"woodland","source":"generated","method":"jittered grid inside mapped woodland polygons","decorative":true,"surveyed":false,"confidence":"none","order":244},"geometry":{"type":"Point","coordinates":[-77.0839283,38.7177131]}},{"type":"Feature","properties":{"sprite":"tree-elm","scale":0.79,"cover":"woodland","source":"generated","method":"jittered grid inside mapped woodland polygons","decorative":true,"surveyed":false,"confidence":"none","order":245},"geometry":{"type":"Point","coordinates":[-77.082,38.7177102]}},{"type":"Feature","properties":{"sprite":"tree-elm","scale":0.87,"cover":"woodland","source":"generated","method":"jittered grid inside mapped woodland polygons","decorative":true,"surveyed":false,"confidence":"none","order":246},"geometry":{"type":"Point","coordinates":[-77.0790345,38.7176778]}},{"type":"Feature","properties":{"sprite":"tree-elm","scale":0.92,"cover":"woodland","source":"generated","method":"jittered grid inside mapped woodland polygons","decorative":true,"surveyed":false,"confidence":"none","order":247},"geometry":{"type":"Point","coordinates":[-77.0774637,38.7176708]}},{"type":"Feature","properties":{"sprite":"tree-oak","scale":0.87,"cover":"woodland","source":"generated","method":"jittered grid inside mapped woodland polygons","decorative":true,"surveyed":false,"confidence":"none","order":248},"geometry":{"type":"Point","coordinates":[-77.0815164,38.7176699]}},{"type":"Feature","properties":{"sprite":"tree-oak","scale":1.13,"cover":"woodland","source":"generated","method":"jittered grid inside mapped woodland polygons","decorative":true,"surveyed":false,"confidence":"none","order":249},"geometry":{"type":"Point","coordinates":[-77.0778652,38.7176672]}},{"type":"Feature","properties":{"sprite":"tree-oak","scale":1.2,"cover":"woodland","source":"generated","method":"jittered grid inside mapped woodland polygons","decorative":true,"surveyed":false,"confidence":"none","order":250},"geometry":{"type":"Point","coordinates":[-77.0825226,38.7176617]}},{"type":"Feature","properties":{"sprite":"tree-oak","scale":0.8,"cover":"woodland","source":"generated","method":"jittered grid inside mapped woodland polygons","decorative":true,"surveyed":false,"confidence":"none","order":251},"geometry":{"type":"Point","coordinates":[-77.0836864,38.7176496]}},{"type":"Feature","properties":{"sprite":"tree-elm","scale":0.94,"cover":"woodland","source":"generated","method":"jittered grid inside mapped woodland polygons","decorative":true,"surveyed":false,"confidence":"none","order":252},"geometry":{"type":"Point","coordinates":[-77.0811337,38.717637]}},{"type":"Feature","properties":{"sprite":"tree-oak","scale":1.16,"cover":"woodland","source":"generated","method":"jittered grid inside mapped woodland polygons","decorative":true,"surveyed":false,"confidence":"none","order":253},"geometry":{"type":"Point","coordinates":[-77.0782124,38.7176261]}},{"type":"Feature","properties":{"sprite":"tree-oak","scale":1.09,"cover":"woodland","source":"generated","method":"jittered grid inside mapped woodland polygons","decorative":true,"surveyed":false,"confidence":"none","order":254},"geometry":{"type":"Point","coordinates":[-77.080246,38.7176219]}},{"type":"Feature","properties":{"sprite":"tree-pine","scale":1.01,"cover":"woodland","source":"generated","method":"jittered grid inside mapped woodland polygons","decorative":true,"surveyed":false,"confidence":"none","order":255},"geometry":{"type":"Point","coordinates":[-77.0834025,38.7176177]}},{"type":"Feature","properties":{"sprite":"tree-oak","scale":1.18,"cover":"woodland","source":"generated","method":"jittered grid inside mapped woodland polygons","decorative":true,"surveyed":false,"confidence":"none","order":256},"geometry":{"type":"Point","coordinates":[-77.0822062,38.7176141]}},{"type":"Feature","properties":{"sprite":"tree-oak","scale":1.18,"cover":"woodland","source":"generated","method":"jittered grid inside mapped woodland polygons","decorative":true,"surveyed":false,"confidence":"none","order":257},"geometry":{"type":"Point","coordinates":[-77.0792354,38.7176087]}},{"type":"Feature","properties":{"sprite":"tree-oak","scale":1.18,"cover":"woodland","source":"generated","method":"jittered grid inside mapped woodland polygons","decorative":true,"surveyed":false,"confidence":"none","order":258},"geometry":{"type":"Point","coordinates":[-77.0830746,38.7175919]}},{"type":"Feature","properties":{"sprite":"tree-pine","scale":1.11,"cover":"woodland","source":"generated","method":"jittered grid inside mapped woodland polygons","decorative":true,"surveyed":false,"confidence":"none","order":259},"geometry":{"type":"Point","coordinates":[-77.0777313,38.7175878]}},{"type":"Feature","properties":{"sprite":"tree-pine","scale":1.05,"cover":"woodland","source":"generated","method":"jittered grid inside mapped woodland polygons","decorative":true,"surveyed":false,"confidence":"none","order":260},"geometry":{"type":"Point","coordinates":[-77.1072279,38.717576]}},{"type":"Feature","properties":{"sprite":"tree-shrub","scale":1.01,"cover":"woodland","source":"generated","method":"jittered grid inside mapped woodland polygons","decorative":true,"surveyed":false,"confidence":"none","order":261},"geometry":{"type":"Point","coordinates":[-77.0794304,38.717574]}},{"type":"Feature","properties":{"sprite":"tree-elm","scale":1.06,"cover":"woodland","source":"generated","method":"jittered grid inside mapped woodland polygons","decorative":true,"surveyed":false,"confidence":"none","order":262},"geometry":{"type":"Point","coordinates":[-77.0783089,38.7175691]}},{"type":"Feature","properties":{"sprite":"tree-elm","scale":1.1,"cover":"woodland","source":"generated","method":"jittered grid inside mapped woodland polygons","decorative":true,"surveyed":false,"confidence":"none","order":263},"geometry":{"type":"Point","coordinates":[-77.0842374,38.7175632]}},{"type":"Feature","properties":{"sprite":"tree-shrub","scale":0.97,"cover":"woodland","source":"generated","method":"jittered grid inside mapped woodland polygons","decorative":true,"surveyed":false,"confidence":"none","order":264},"geometry":{"type":"Point","coordinates":[-77.0827147,38.717562]}},{"type":"Feature","properties":{"sprite":"tree-pine","scale":1.16,"cover":"woodland","source":"generated","method":"jittered grid inside mapped woodland polygons","decorative":true,"surveyed":false,"confidence":"none","order":265},"geometry":{"type":"Point","coordinates":[-77.0772547,38.7175467]}},{"type":"Feature","properties":{"sprite":"tree-elm","scale":0.97,"cover":"woodland","source":"generated","method":"jittered grid inside mapped woodland polygons","decorative":true,"surveyed":false,"confidence":"none","order":266},"geometry":{"type":"Point","coordinates":[-77.0805375,38.7175442]}},{"type":"Feature","properties":{"sprite":"tree-elm","scale":0.97,"cover":"woodland","source":"generated","method":"jittered grid inside mapped woodland polygons","decorative":true,"surveyed":false,"confidence":"none","order":267},"geometry":{"type":"Point","coordinates":[-77.083218,38.7175389]}},{"type":"Feature","properties":{"sprite":"tree-oak","scale":0.82,"cover":"woodland","source":"generated","method":"jittered grid inside mapped woodland polygons","decorative":true,"surveyed":false,"confidence":"none","order":268},"geometry":{"type":"Point","coordinates":[-77.107781,38.7175332]}},{"type":"Feature","properties":{"sprite":"tree-pine","scale":1.05,"cover":"woodland","source":"generated","method":"jittered grid inside mapped woodland polygons","decorative":true,"surveyed":false,"confidence":"none","order":269},"geometry":{"type":"Point","coordinates":[-77.0811482,38.7174987]}},{"type":"Feature","properties":{"sprite":"tree-oak","scale":0.82,"cover":"woodland","source":"generated","method":"jittered grid inside mapped woodland polygons","decorative":true,"surveyed":false,"confidence":"none","order":270},"geometry":{"type":"Point","coordinates":[-77.0807823,38.7174901]}},{"type":"Feature","properties":{"sprite":"tree-oak","scale":1.12,"cover":"woodland","source":"generated","method":"jittered grid inside mapped woodland polygons","decorative":true,"surveyed":false,"confidence":"none","order":271},"geometry":{"type":"Point","coordinates":[-77.1065243,38.7174898]}},{"type":"Feature","properties":{"sprite":"tree-shrub","scale":0.8,"cover":"woodland","source":"generated","method":"jittered grid inside mapped woodland polygons","decorative":true,"surveyed":false,"confidence":"none","order":272},"geometry":{"type":"Point","coordinates":[-77.0782147,38.7174769]}},{"type":"Feature","properties":{"sprite":"tree-oak","scale":1.01,"cover":"woodland","source":"generated","method":"jittered grid inside mapped woodland polygons","decorative":true,"surveyed":false,"confidence":"none","order":273},"geometry":{"type":"Point","coordinates":[-77.1066357,38.7174728]}},{"type":"Feature","properties":{"sprite":"tree-oak","scale":1.06,"cover":"woodland","source":"generated","method":"jittered grid inside mapped woodland polygons","decorative":true,"surveyed":false,"confidence":"none","order":274},"geometry":{"type":"Point","coordinates":[-77.0791835,38.717461]}},{"type":"Feature","properties":{"sprite":"tree-elm","scale":0.87,"cover":"woodland","source":"generated","method":"jittered grid inside mapped woodland polygons","decorative":true,"surveyed":false,"confidence":"none","order":275},"geometry":{"type":"Point","coordinates":[-77.0793912,38.7174549]}},{"type":"Feature","properties":{"sprite":"tree-elm","scale":1.18,"cover":"woodland","source":"generated","method":"jittered grid inside mapped woodland polygons","decorative":true,"surveyed":false,"confidence":"none","order":276},"geometry":{"type":"Point","coordinates":[-77.0822388,38.7174297]}},{"type":"Feature","properties":{"sprite":"tree-shrub","scale":1.05,"cover":"woodland","source":"generated","method":"jittered grid inside mapped woodland polygons","decorative":true,"surveyed":false,"confidence":"none","order":277},"geometry":{"type":"Point","coordinates":[-77.083928,38.7174287]}},{"type":"Feature","properties":{"sprite":"tree-shrub","scale":1.14,"cover":"woodland","source":"generated","method":"jittered grid inside mapped woodland polygons","decorative":true,"surveyed":false,"confidence":"none","order":278},"geometry":{"type":"Point","coordinates":[-77.0796041,38.7174284]}},{"type":"Feature","properties":{"sprite":"tree-oak","scale":0.95,"cover":"woodland","source":"generated","method":"jittered grid inside mapped woodland polygons","decorative":true,"surveyed":false,"confidence":"none","order":279},"geometry":{"type":"Point","coordinates":[-77.0832062,38.7174227]}},{"type":"Feature","properties":{"sprite":"tree-elm","scale":1.18,"cover":"woodland","source":"generated","method":"jittered grid inside mapped woodland polygons","decorative":true,"surveyed":false,"confidence":"none","order":280},"geometry":{"type":"Point","coordinates":[-77.0780039,38.7174083]}},{"type":"Feature","properties":{"sprite":"tree-elm","scale":0.85,"cover":"woodland","source":"generated","method":"jittered grid inside mapped woodland polygons","decorative":true,"surveyed":false,"confidence":"none","order":281},"geometry":{"type":"Point","coordinates":[-77.0777661,38.7173981]}},{"type":"Feature","properties":{"sprite":"tree-oak","scale":1.15,"cover":"woodland","source":"generated","method":"jittered grid inside mapped woodland polygons","decorative":true,"surveyed":false,"confidence":"none","order":282},"geometry":{"type":"Point","coordinates":[-77.0829529,38.7173902]}},{"type":"Feature","properties":{"sprite":"tree-oak","scale":1.2,"cover":"woodland","source":"generated","method":"jittered grid inside mapped woodland polygons","decorative":true,"surveyed":false,"confidence":"none","order":283},"geometry":{"type":"Point","coordinates":[-77.0784317,38.7173848]}},{"type":"Feature","properties":{"sprite":"tree-shrub","scale":1.12,"cover":"woodland","source":"generated","method":"jittered grid inside mapped woodland polygons","decorative":true,"surveyed":false,"confidence":"none","order":284},"geometry":{"type":"Point","coordinates":[-77.0841954,38.7173809]}},{"type":"Feature","properties":{"sprite":"tree-pine","scale":0.95,"cover":"woodland","source":"generated","method":"jittered grid inside mapped woodland polygons","decorative":true,"surveyed":false,"confidence":"none","order":285},"geometry":{"type":"Point","coordinates":[-77.0773785,38.7173797]}},{"type":"Feature","properties":{"sprite":"tree-shrub","scale":0.83,"cover":"woodland","source":"generated","method":"jittered grid inside mapped woodland polygons","decorative":true,"surveyed":false,"confidence":"none","order":286},"geometry":{"type":"Point","coordinates":[-77.0832614,38.7173632]}},{"type":"Feature","properties":{"sprite":"tree-oak","scale":0.83,"cover":"woodland","source":"generated","method":"jittered grid inside mapped woodland polygons","decorative":true,"surveyed":false,"confidence":"none","order":287},"geometry":{"type":"Point","coordinates":[-77.083648,38.7173618]}},{"type":"Feature","properties":{"sprite":"tree-elm","scale":1.08,"cover":"woodland","source":"generated","method":"jittered grid inside mapped woodland polygons","decorative":true,"surveyed":false,"confidence":"none","order":288},"geometry":{"type":"Point","coordinates":[-77.0824664,38.7173483]}},{"type":"Feature","properties":{"sprite":"tree-elm","scale":1.0,"cover":"woodland","source":"generated","method":"jittered grid inside mapped woodland polygons","decorative":true,"surveyed":false,"confidence":"none","order":289},"geometry":{"type":"Point","coordinates":[-77.0820122,38.7173459]}},{"type":"Feature","properties":{"sprite":"tree-oak","scale":0.82,"cover":"woodland","source":"generated","method":"jittered grid inside mapped woodland polygons","decorative":true,"surveyed":false,"confidence":"none","order":290},"geometry":{"type":"Point","coordinates":[-77.0775415,38.7173393]}},{"type":"Feature","properties":{"sprite":"tree-oak","scale":0.94,"cover":"woodland","source":"generated","method":"jittered grid inside mapped woodland polygons","decorative":true,"surveyed":false,"confidence":"none","order":291},"geometry":{"type":"Point","coordinates":[-77.1071183,38.7173326]}},{"type":"Feature","properties":{"sprite":"tree-oak","scale":0.86,"cover":"woodland","source":"generated","method":"jittered grid inside mapped woodland polygons","decorative":true,"surveyed":false,"confidence":"none","order":292},"geometry":{"type":"Point","coordinates":[-77.1066261,38.7173148]}},{"type":"Feature","properties":{"sprite":"tree-oak","scale":1.08,"cover":"woodland","source":"generated","method":"jittered grid inside mapped woodland polygons","decorative":true,"surveyed":false,"confidence":"none","order":293},"geometry":{"type":"Point","coordinates":[-77.0802118,38.7173099]}},{"type":"Feature","properties":{"sprite":"tree-pine","scale":1.16,"cover":"woodland","source":"generated","method":"jittered grid inside mapped woodland polygons","decorative":true,"surveyed":false,"confidence":"none","order":294},"geometry":{"type":"Point","coordinates":[-77.1077147,38.7173088]}},{"type":"Feature","properties":{"sprite":"tree-elm","scale":1.03,"cover":"woodland","source":"generated","method":"jittered grid inside mapped woodland polygons","decorative":true,"surveyed":false,"confidence":"none","order":295},"geometry":{"type":"Point","coordinates":[-77.0814519,38.7173085]}},{"type":"Feature","properties":{"sprite":"tree-pine","scale":0.92,"cover":"woodland","source":"generated","method":"jittered grid inside mapped woodland polygons","decorative":true,"surveyed":false,"confidence":"none","order":296},"geometry":{"type":"Point","coordinates":[-77.0830479,38.7172984]}},{"type":"Feature","properties":{"sprite":"tree-shrub","scale":0.89,"cover":"woodland","source":"generated","method":"jittered grid inside mapped woodland polygons","decorative":true,"surveyed":false,"confidence":"none","order":297},"geometry":{"type":"Point","coordinates":[-77.0785141,38.717295]}},{"type":"Feature","properties":{"sprite":"tree-oak","scale":0.89,"cover":"woodland","source":"generated","method":"jittered grid inside mapped woodland polygons","decorative":true,"surveyed":false,"confidence":"none","order":298},"geometry":{"type":"Point","coordinates":[-77.0822571,38.7172901]}},{"type":"Feature","properties":{"sprite":"tree-oak","scale":0.87,"cover":"woodland","source":"generated","method":"jittered grid inside mapped woodland polygons","decorative":true,"surveyed":false,"confidence":"none","order":299},"geometry":{"type":"Point","coordinates":[-77.1067313,38.7172849]}},{"type":"Feature","properties":{"sprite":"tree-pine","scale":1.12,"cover":"woodland","source":"generated","method":"jittered grid inside mapped woodland polygons","decorative":true,"surveyed":false,"confidence":"none","order":300},"geometry":{"type":"Point","coordinates":[-77.0804594,38.7172825]}},{"type":"Feature","properties":{"sprite":"tree-elm","scale":0.78,"cover":"woodland","source":"generated","method":"jittered grid inside mapped woodland polygons","decorative":true,"surveyed":false,"confidence":"none","order":301},"geometry":{"type":"Point","coordinates":[-77.0791015,38.7172819]}},{"type":"Feature","properties":{"sprite":"tree-oak","scale":0.88,"cover":"woodland","source":"generated","method":"jittered grid inside mapped woodland polygons","decorative":true,"surveyed":false,"confidence":"none","order":302},"geometry":{"type":"Point","coordinates":[-77.0798172,38.7172673]}},{"type":"Feature","properties":{"sprite":"tree-elm","scale":1.18,"cover":"woodland","source":"generated","method":"jittered grid inside mapped woodland polygons","decorative":true,"surveyed":false,"confidence":"none","order":303},"geometry":{"type":"Point","coordinates":[-77.1075155,38.717266]}},{"type":"Feature","properties":{"sprite":"tree-elm","scale":0.92,"cover":"woodland","source":"generated","method":"jittered grid inside mapped woodland polygons","decorative":true,"surveyed":false,"confidence":"none","order":304},"geometry":{"type":"Point","coordinates":[-77.0787747,38.7172542]}},{"type":"Feature","properties":{"sprite":"tree-elm","scale":1.2,"cover":"woodland","source":"generated","method":"jittered grid inside mapped woodland polygons","decorative":true,"surveyed":false,"confidence":"none","order":305},"geometry":{"type":"Point","coordinates":[-77.0808696,38.7172522]}},{"type":"Feature","properties":{"sprite":"tree-oak","scale":1.05,"cover":"woodland","source":"generated","method":"jittered grid inside mapped woodland polygons","decorative":true,"surveyed":false,"confidence":"none","order":306},"geometry":{"type":"Point","coordinates":[-77.0816394,38.7172491]}},{"type":"Feature","properties":{"sprite":"tree-pine","scale":0.85,"cover":"woodland","source":"generated","method":"jittered grid inside mapped woodland polygons","decorative":true,"surveyed":false,"confidence":"none","order":307},"geometry":{"type":"Point","coordinates":[-77.0818991,38.7172451]}},{"type":"Feature","properties":{"sprite":"tree-oak","scale":0.9,"cover":"woodland","source":"generated","method":"jittered grid inside mapped woodland polygons","decorative":true,"surveyed":false,"confidence":"none","order":308},"geometry":{"type":"Point","coordinates":[-77.079562,38.7172399]}},{"type":"Feature","properties":{"sprite":"tree-shrub","scale":1.13,"cover":"woodland","source":"generated","method":"jittered grid inside mapped woodland polygons","decorative":true,"surveyed":false,"confidence":"none","order":309},"geometry":{"type":"Point","coordinates":[-77.0839393,38.7172377]}},{"type":"Feature","properties":{"sprite":"tree-oak","scale":0.87,"cover":"woodland","source":"generated","method":"jittered grid inside mapped woodland polygons","decorative":true,"surveyed":false,"confidence":"none","order":310},"geometry":{"type":"Point","coordinates":[-77.0834467,38.7172303]}},{"type":"Feature","properties":{"sprite":"tree-shrub","scale":1.2,"cover":"woodland","source":"generated","method":"jittered grid inside mapped woodland polygons","decorative":true,"surveyed":false,"confidence":"none","order":311},"geometry":{"type":"Point","coordinates":[-77.0820473,38.7172285]}},{"type":"Feature","properties":{"sprite":"tree-pine","scale":1.12,"cover":"woodland","source":"generated","method":"jittered grid inside mapped woodland polygons","decorative":true,"surveyed":false,"confidence":"none","order":312},"geometry":{"type":"Point","coordinates":[-77.0773894,38.7172103]}},{"type":"Feature","properties":{"sprite":"tree-shrub","scale":0.79,"cover":"woodland","source":"generated","method":"jittered grid inside mapped woodland polygons","decorative":true,"surveyed":false,"confidence":"none","order":313},"geometry":{"type":"Point","coordinates":[-77.0831764,38.7171987]}},{"type":"Feature","properties":{"sprite":"tree-pine","scale":0.89,"cover":"woodland","source":"generated","method":"jittered grid inside mapped woodland polygons","decorative":true,"surveyed":false,"confidence":"none","order":314},"geometry":{"type":"Point","coordinates":[-77.1071776,38.717192]}},{"type":"Feature","properties":{"sprite":"tree-shrub","scale":0.92,"cover":"woodland","source":"generated","method":"jittered grid inside mapped woodland polygons","decorative":true,"surveyed":false,"confidence":"none","order":315},"geometry":{"type":"Point","coordinates":[-77.0771732,38.7171913]}},{"type":"Feature","properties":{"sprite":"tree-shrub","scale":0.9,"cover":"woodland","source":"generated","method":"jittered grid inside mapped woodland polygons","decorative":true,"surveyed":false,"confidence":"none","order":316},"geometry":{"type":"Point","coordinates":[-77.0770096,38.7171821]}},{"type":"Feature","properties":{"sprite":"tree-shrub","scale":0.8,"cover":"woodland","source":"generated","method":"jittered grid inside mapped woodland polygons","decorative":true,"surveyed":false,"confidence":"none","order":317},"geometry":{"type":"Point","coordinates":[-77.0799872,38.7171804]}},{"type":"Feature","properties":{"sprite":"tree-pine","scale":1.06,"cover":"woodland","source":"generated","method":"jittered grid inside mapped woodland polygons","decorative":true,"surveyed":false,"confidence":"none","order":318},"geometry":{"type":"Point","coordinates":[-77.0836511,38.7171741]}},{"type":"Feature","properties":{"sprite":"tree-oak","scale":1.15,"cover":"woodland","source":"generated","method":"jittered grid inside mapped woodland polygons","decorative":true,"surveyed":false,"confidence":"none","order":319},"geometry":{"type":"Point","coordinates":[-77.0846376,38.7171735]}},{"type":"Feature","properties":{"sprite":"tree-oak","scale":0.9,"cover":"woodland","source":"generated","method":"jittered grid inside mapped woodland polygons","decorative":true,"surveyed":false,"confidence":"none","order":320},"geometry":{"type":"Point","coordinates":[-77.084335,38.7171674]}},{"type":"Feature","properties":{"sprite":"tree-pine","scale":0.8,"cover":"woodland","source":"generated","method":"jittered grid inside mapped woodland polygons","decorative":true,"surveyed":false,"confidence":"none","order":321},"geometry":{"type":"Point","coordinates":[-77.0775716,38.717159]}},{"type":"Feature","properties":{"sprite":"tree-oak","scale":1.04,"cover":"woodland","source":"generated","method":"jittered grid inside mapped woodland polygons","decorative":true,"surveyed":false,"confidence":"none","order":322},"geometry":{"type":"Point","coordinates":[-77.0806143,38.7171388]}},{"type":"Feature","properties":{"sprite":"tree-pine","scale":1.06,"cover":"woodland","source":"generated","method":"jittered grid inside mapped woodland polygons","decorative":true,"surveyed":false,"confidence":"none","order":323},"geometry":{"type":"Point","coordinates":[-77.0773119,38.717134]}},{"type":"Feature","properties":{"sprite":"tree-elm","scale":0.94,"cover":"woodland","source":"generated","method":"jittered grid inside mapped woodland polygons","decorative":true,"surveyed":false,"confidence":"none","order":324},"geometry":{"type":"Point","coordinates":[-77.0814588,38.7171307]}},{"type":"Feature","properties":{"sprite":"tree-pine","scale":1.14,"cover":"woodland","source":"generated","method":"jittered grid inside mapped woodland polygons","decorative":true,"surveyed":false,"confidence":"none","order":325},"geometry":{"type":"Point","coordinates":[-77.1079227,38.7171221]}},{"type":"Feature","properties":{"sprite":"tree-elm","scale":1.08,"cover":"woodland","source":"generated","method":"jittered grid inside mapped woodland polygons","decorative":true,"surveyed":false,"confidence":"none","order":326},"geometry":{"type":"Point","coordinates":[-77.0844769,38.7171095]}},{"type":"Feature","properties":{"sprite":"tree-elm","scale":1.12,"cover":"woodland","source":"generated","method":"jittered grid inside mapped woodland polygons","decorative":true,"surveyed":false,"confidence":"none","order":327},"geometry":{"type":"Point","coordinates":[-77.0802982,38.7171061]}},{"type":"Feature","properties":{"sprite":"tree-pine","scale":1.01,"cover":"woodland","source":"generated","method":"jittered grid inside mapped woodland polygons","decorative":true,"surveyed":false,"confidence":"none","order":328},"geometry":{"type":"Point","coordinates":[-77.0827265,38.7170905]}},{"type":"Feature","properties":{"sprite":"tree-oak","scale":1.06,"cover":"woodland","source":"generated","method":"jittered grid inside mapped woodland polygons","decorative":true,"surveyed":false,"confidence":"none","order":329},"geometry":{"type":"Point","coordinates":[-77.0781992,38.7170824]}},{"type":"Feature","properties":{"sprite":"tree-pine","scale":0.79,"cover":"woodland","source":"generated","method":"jittered grid inside mapped woodland polygons","decorative":true,"surveyed":false,"confidence":"none","order":330},"geometry":{"type":"Point","coordinates":[-77.0810452,38.7170822]}},{"type":"Feature","properties":{"sprite":"tree-elm","scale":1.18,"cover":"woodland","source":"generated","method":"jittered grid inside mapped woodland polygons","decorative":true,"surveyed":false,"confidence":"none","order":331},"geometry":{"type":"Point","coordinates":[-77.0796986,38.7170819]}},{"type":"Feature","properties":{"sprite":"tree-oak","scale":1.03,"cover":"woodland","source":"generated","method":"jittered grid inside mapped woodland polygons","decorative":true,"surveyed":false,"confidence":"none","order":332},"geometry":{"type":"Point","coordinates":[-77.1070287,38.7170809]}},{"type":"Feature","properties":{"sprite":"tree-oak","scale":1.01,"cover":"woodland","source":"generated","method":"jittered grid inside mapped woodland polygons","decorative":true,"surveyed":false,"confidence":"none","order":333},"geometry":{"type":"Point","coordinates":[-77.08128,38.7170783]}},{"type":"Feature","properties":{"sprite":"tree-shrub","scale":0.88,"cover":"woodland","source":"generated","method":"jittered grid inside mapped woodland polygons","decorative":true,"surveyed":false,"confidence":"none","order":334},"geometry":{"type":"Point","coordinates":[-77.0700796,38.717078]}},{"type":"Feature","properties":{"sprite":"tree-oak","scale":0.8,"cover":"woodland","source":"generated","method":"jittered grid inside mapped woodland polygons","decorative":true,"surveyed":false,"confidence":"none","order":335},"geometry":{"type":"Point","coordinates":[-77.0697529,38.7170721]}},{"type":"Feature","properties":{"sprite":"tree-elm","scale":1.1,"cover":"woodland","source":"generated","method":"jittered grid inside mapped woodland polygons","decorative":true,"surveyed":false,"confidence":"none","order":336},"geometry":{"type":"Point","coordinates":[-77.078514,38.71707]}},{"type":"Feature","properties":{"sprite":"tree-oak","scale":1.18,"cover":"woodland","source":"generated","method":"jittered grid inside mapped woodland polygons","decorative":true,"surveyed":false,"confidence":"none","order":337},"geometry":{"type":"Point","coordinates":[-77.1080699,38.7170692]}},{"type":"Feature","properties":{"sprite":"tree-oak","scale":0.81,"cover":"woodland","source":"generated","method":"jittered grid inside mapped woodland polygons","decorative":true,"surveyed":false,"confidence":"none","order":338},"geometry":{"type":"Point","coordinates":[-77.07685,38.7170674]}},{"type":"Feature","properties":{"sprite":"tree-pine","scale":0.94,"cover":"woodland","source":"generated","method":"jittered grid inside mapped woodland polygons","decorative":true,"surveyed":false,"confidence":"none","order":339},"geometry":{"type":"Point","coordinates":[-77.0799235,38.7170532]}},{"type":"Feature","properties":{"sprite":"tree-pine","scale":1.13,"cover":"woodland","source":"generated","method":"jittered grid inside mapped woodland polygons","decorative":true,"surveyed":false,"confidence":"none","order":340},"geometry":{"type":"Point","coordinates":[-77.077498,38.7170451]}},{"type":"Feature","properties":{"sprite":"tree-oak","scale":1.19,"cover":"woodland","source":"generated","method":"jittered grid inside mapped woodland polygons","decorative":true,"surveyed":false,"confidence":"none","order":341},"geometry":{"type":"Point","coordinates":[-77.0800069,38.7170385]}},{"type":"Feature","properties":{"sprite":"tree-oak","scale":1.03,"cover":"woodland","source":"generated","method":"jittered grid inside mapped woodland polygons","decorative":true,"surveyed":false,"confidence":"none","order":342},"geometry":{"type":"Point","coordinates":[-77.0817158,38.717035]}},{"type":"Feature","properties":{"sprite":"tree-elm","scale":1.15,"cover":"woodland","source":"generated","method":"jittered grid inside mapped woodland polygons","decorative":true,"surveyed":false,"confidence":"none","order":343},"geometry":{"type":"Point","coordinates":[-77.0849093,38.7170324]}},{"type":"Feature","properties":{"sprite":"tree-oak","scale":0.89,"cover":"woodland","source":"generated","method":"jittered grid inside mapped woodland polygons","decorative":true,"surveyed":false,"confidence":"none","order":344},"geometry":{"type":"Point","coordinates":[-77.079494,38.7170305]}},{"type":"Feature","properties":{"sprite":"tree-elm","scale":0.93,"cover":"woodland","source":"generated","method":"jittered grid inside mapped woodland polygons","decorative":true,"surveyed":false,"confidence":"none","order":345},"geometry":{"type":"Point","coordinates":[-77.0835113,38.7170302]}},{"type":"Feature","properties":{"sprite":"tree-elm","scale":0.79,"cover":"woodland","source":"generated","method":"jittered grid inside mapped woodland polygons","decorative":true,"surveyed":false,"confidence":"none","order":346},"geometry":{"type":"Point","coordinates":[-77.0824424,38.7170276]}},{"type":"Feature","properties":{"sprite":"tree-elm","scale":1.02,"cover":"woodland","source":"generated","method":"jittered grid inside mapped woodland polygons","decorative":true,"surveyed":false,"confidence":"none","order":347},"geometry":{"type":"Point","coordinates":[-77.0820853,38.717021]}},{"type":"Feature","properties":{"sprite":"tree-pine","scale":0.94,"cover":"woodland","source":"generated","method":"jittered grid inside mapped woodland polygons","decorative":true,"surveyed":false,"confidence":"none","order":348},"geometry":{"type":"Point","coordinates":[-77.0910656,38.7170144]}},{"type":"Feature","properties":{"sprite":"tree-pine","scale":0.99,"cover":"woodland","source":"generated","method":"jittered grid inside mapped woodland polygons","decorative":true,"surveyed":false,"confidence":"none","order":349},"geometry":{"type":"Point","coordinates":[-77.0788776,38.7170116]}},{"type":"Feature","properties":{"sprite":"tree-pine","scale":0.85,"cover":"woodland","source":"generated","method":"jittered grid inside mapped woodland polygons","decorative":true,"surveyed":false,"confidence":"none","order":350},"geometry":{"type":"Point","coordinates":[-77.0841279,38.7170079]}},{"type":"Feature","properties":{"sprite":"tree-shrub","scale":0.83,"cover":"woodland","source":"generated","method":"jittered grid inside mapped woodland polygons","decorative":true,"surveyed":false,"confidence":"none","order":351},"geometry":{"type":"Point","coordinates":[-77.0807484,38.7170005]}},{"type":"Feature","properties":{"sprite":"tree-elm","scale":1.04,"cover":"woodland","source":"generated","method":"jittered grid inside mapped woodland polygons","decorative":true,"surveyed":false,"confidence":"none","order":352},"geometry":{"type":"Point","coordinates":[-77.0892715,38.7169942]}},{"type":"Feature","properties":{"sprite":"tree-pine","scale":1.08,"cover":"woodland","source":"generated","method":"jittered grid inside mapped woodland polygons","decorative":true,"surveyed":false,"confidence":"none","order":353},"geometry":{"type":"Point","coordinates":[-77.0913662,38.7169907]}},{"type":"Feature","properties":{"sprite":"tree-oak","scale":1.0,"cover":"woodland","source":"generated","method":"jittered grid inside mapped woodland polygons","decorative":true,"surveyed":false,"confidence":"none","order":354},"geometry":{"type":"Point","coordinates":[-77.0791602,38.7169887]}},{"type":"Feature","properties":{"sprite":"tree-oak","scale":0.86,"cover":"woodland","source":"generated","method":"jittered grid inside mapped woodland polygons","decorative":true,"surveyed":false,"confidence":"none","order":355},"geometry":{"type":"Point","coordinates":[-77.089137,38.7169851]}},{"type":"Feature","properties":{"sprite":"tree-shrub","scale":0.86,"cover":"woodland","source":"generated","method":"jittered grid inside mapped woodland polygons","decorative":true,"surveyed":false,"confidence":"none","order":356},"geometry":{"type":"Point","coordinates":[-77.0701176,38.7169808]}},{"type":"Feature","properties":{"sprite":"tree-oak","scale":0.93,"cover":"woodland","source":"generated","method":"jittered grid inside mapped woodland polygons","decorative":true,"surveyed":false,"confidence":"none","order":357},"geometry":{"type":"Point","coordinates":[-77.107784,38.71698]}},{"type":"Feature","properties":{"sprite":"tree-shrub","scale":1.12,"cover":"woodland","source":"generated","method":"jittered grid inside mapped woodland polygons","decorative":true,"surveyed":false,"confidence":"none","order":358},"geometry":{"type":"Point","coordinates":[-77.0868752,38.7169507]}},{"type":"Feature","properties":{"sprite":"tree-pine","scale":1.18,"cover":"woodland","source":"generated","method":"jittered grid inside mapped woodland polygons","decorative":true,"surveyed":false,"confidence":"none","order":359},"geometry":{"type":"Point","coordinates":[-77.0834877,38.7169489]}},{"type":"Feature","properties":{"sprite":"tree-pine","scale":0.91,"cover":"woodland","source":"generated","method":"jittered grid inside mapped woodland polygons","decorative":true,"surveyed":false,"confidence":"none","order":360},"geometry":{"type":"Point","coordinates":[-77.0950054,38.7169465]}},{"type":"Feature","properties":{"sprite":"tree-oak","scale":0.87,"cover":"woodland","source":"generated","method":"jittered grid inside mapped woodland polygons","decorative":true,"surveyed":false,"confidence":"none","order":361},"geometry":{"type":"Point","coordinates":[-77.0816032,38.7169461]}},{"type":"Feature","properties":{"sprite":"tree-elm","scale":0.96,"cover":"woodland","source":"generated","method":"jittered grid inside mapped woodland polygons","decorative":true,"surveyed":false,"confidence":"none","order":362},"geometry":{"type":"Point","coordinates":[-77.0885565,38.7169442]}},{"type":"Feature","properties":{"sprite":"tree-shrub","scale":1.03,"cover":"woodland","source":"generated","method":"jittered grid inside mapped woodland polygons","decorative":true,"surveyed":false,"confidence":"none","order":363},"geometry":{"type":"Point","coordinates":[-77.0878621,38.7169431]}},{"type":"Feature","properties":{"sprite":"tree-oak","scale":1.05,"cover":"woodland","source":"generated","method":"jittered grid inside mapped woodland polygons","decorative":true,"surveyed":false,"confidence":"none","order":364},"geometry":{"type":"Point","coordinates":[-77.0778665,38.7169429]}},{"type":"Feature","properties":{"sprite":"tree-shrub","scale":1.0,"cover":"woodland","source":"generated","method":"jittered grid inside mapped woodland polygons","decorative":true,"surveyed":false,"confidence":"none","order":365},"geometry":{"type":"Point","coordinates":[-77.1071116,38.7169344]}},{"type":"Feature","properties":{"sprite":"tree-oak","scale":0.96,"cover":"woodland","source":"generated","method":"jittered grid inside mapped woodland polygons","decorative":true,"surveyed":false,"confidence":"none","order":366},"geometry":{"type":"Point","coordinates":[-77.086419,38.7169301]}},{"type":"Feature","properties":{"sprite":"tree-oak","scale":1.16,"cover":"woodland","source":"generated","method":"jittered grid inside mapped woodland polygons","decorative":true,"surveyed":false,"confidence":"none","order":367},"geometry":{"type":"Point","coordinates":[-77.0901824,38.7169272]}},{"type":"Feature","properties":{"sprite":"tree-shrub","scale":0.79,"cover":"woodland","source":"generated","method":"jittered grid inside mapped woodland polygons","decorative":true,"surveyed":false,"confidence":"none","order":368},"geometry":{"type":"Point","coordinates":[-77.0805802,38.7169229]}},{"type":"Feature","properties":{"sprite":"tree-oak","scale":0.97,"cover":"woodland","source":"generated","method":"jittered grid inside mapped woodland polygons","decorative":true,"surveyed":false,"confidence":"none","order":369},"geometry":{"type":"Point","coordinates":[-77.1076097,38.7169209]}},{"type":"Feature","properties":{"sprite":"tree-oak","scale":1.01,"cover":"woodland","source":"generated","method":"jittered grid inside mapped woodland polygons","decorative":true,"surveyed":false,"confidence":"none","order":370},"geometry":{"type":"Point","coordinates":[-77.1071789,38.7169177]}},{"type":"Feature","properties":{"sprite":"tree-oak","scale":0.84,"cover":"woodland","source":"generated","method":"jittered grid inside mapped woodland polygons","decorative":true,"surveyed":false,"confidence":"none","order":371},"geometry":{"type":"Point","coordinates":[-77.0824996,38.7169175]}},{"type":"Feature","properties":{"sprite":"tree-elm","scale":0.9,"cover":"woodland","source":"generated","method":"jittered grid inside mapped woodland polygons","decorative":true,"surveyed":false,"confidence":"none","order":372},"geometry":{"type":"Point","coordinates":[-77.082733,38.7169103]}},{"type":"Feature","properties":{"sprite":"tree-elm","scale":0.91,"cover":"woodland","source":"generated","method":"jittered grid inside mapped woodland polygons","decorative":true,"surveyed":false,"confidence":"none","order":373},"geometry":{"type":"Point","coordinates":[-77.07996,38.7169048]}},{"type":"Feature","properties":{"sprite":"tree-elm","scale":0.88,"cover":"woodland","source":"generated","method":"jittered grid inside mapped woodland polygons","decorative":true,"surveyed":false,"confidence":"none","order":374},"geometry":{"type":"Point","coordinates":[-77.0900054,38.7169037]}},{"type":"Feature","properties":{"sprite":"tree-oak","scale":0.85,"cover":"woodland","source":"generated","method":"jittered grid inside mapped woodland polygons","decorative":true,"surveyed":false,"confidence":"none","order":375},"geometry":{"type":"Point","coordinates":[-77.0860109,38.7169033]}},{"type":"Feature","properties":{"sprite":"tree-oak","scale":1.07,"cover":"woodland","source":"generated","method":"jittered grid inside mapped woodland polygons","decorative":true,"surveyed":false,"confidence":"none","order":376},"geometry":{"type":"Point","coordinates":[-77.0871897,38.7168993]}},{"type":"Feature","properties":{"sprite":"tree-oak","scale":0.86,"cover":"woodland","source":"generated","method":"jittered grid inside mapped woodland polygons","decorative":true,"surveyed":false,"confidence":"none","order":377},"geometry":{"type":"Point","coordinates":[-77.081328,38.716897]}},{"type":"Feature","properties":{"sprite":"tree-elm","scale":1.12,"cover":"woodland","source":"generated","method":"jittered grid inside mapped woodland polygons","decorative":true,"surveyed":false,"confidence":"none","order":378},"geometry":{"type":"Point","coordinates":[-77.0695862,38.7168919]}},{"type":"Feature","properties":{"sprite":"tree-oak","scale":1.1,"cover":"woodland","source":"generated","method":"jittered grid inside mapped woodland polygons","decorative":true,"surveyed":false,"confidence":"none","order":379},"geometry":{"type":"Point","coordinates":[-77.0792811,38.7168915]}},{"type":"Feature","properties":{"sprite":"tree-shrub","scale":0.81,"cover":"woodland","source":"generated","method":"jittered grid inside mapped woodland polygons","decorative":true,"surveyed":false,"confidence":"none","order":380},"geometry":{"type":"Point","coordinates":[-77.0846518,38.7168896]}},{"type":"Feature","properties":{"sprite":"tree-elm","scale":1.19,"cover":"woodland","source":"generated","method":"jittered grid inside mapped woodland polygons","decorative":true,"surveyed":false,"confidence":"none","order":381},"geometry":{"type":"Point","coordinates":[-77.0796463,38.7168879]}},{"type":"Feature","properties":{"sprite":"tree-oak","scale":0.94,"cover":"woodland","source":"generated","method":"jittered grid inside mapped woodland polygons","decorative":true,"surveyed":false,"confidence":"none","order":382},"geometry":{"type":"Point","coordinates":[-77.09299,38.7168853]}},{"type":"Feature","properties":{"sprite":"tree-elm","scale":0.85,"cover":"woodland","source":"generated","method":"jittered grid inside mapped woodland polygons","decorative":true,"surveyed":false,"confidence":"none","order":383},"geometry":{"type":"Point","coordinates":[-77.0890021,38.7168838]}},{"type":"Feature","properties":{"sprite":"tree-shrub","scale":1.13,"cover":"woodland","source":"generated","method":"jittered grid inside mapped woodland polygons","decorative":true,"surveyed":false,"confidence":"none","order":384},"geometry":{"type":"Point","coordinates":[-77.083965,38.7168835]}},{"type":"Feature","properties":{"sprite":"tree-oak","scale":1.14,"cover":"woodland","source":"generated","method":"jittered grid inside mapped woodland polygons","decorative":true,"surveyed":false,"confidence":"none","order":385},"geometry":{"type":"Point","coordinates":[-77.0924381,38.7168771]}},{"type":"Feature","properties":{"sprite":"tree-elm","scale":1.04,"cover":"woodland","source":"generated","method":"jittered grid inside mapped woodland polygons","decorative":true,"surveyed":false,"confidence":"none","order":386},"geometry":{"type":"Point","coordinates":[-77.091747,38.7168765]}},{"type":"Feature","properties":{"sprite":"tree-pine","scale":0.78,"cover":"woodland","source":"generated","method":"jittered grid inside mapped woodland polygons","decorative":true,"surveyed":false,"confidence":"none","order":387},"geometry":{"type":"Point","coordinates":[-77.0782999,38.7168764]}},{"type":"Feature","properties":{"sprite":"tree-elm","scale":1.21,"cover":"woodland","source":"generated","method":"jittered grid inside mapped woodland polygons","decorative":true,"surveyed":false,"confidence":"none","order":388},"geometry":{"type":"Point","coordinates":[-77.076951,38.7168737]}},{"type":"Feature","properties":{"sprite":"tree-shrub","scale":1.18,"cover":"woodland","source":"generated","method":"jittered grid inside mapped woodland polygons","decorative":true,"surveyed":false,"confidence":"none","order":389},"geometry":{"type":"Point","coordinates":[-77.0850047,38.7168706]}},{"type":"Feature","properties":{"sprite":"tree-elm","scale":0.9,"cover":"woodland","source":"generated","method":"jittered grid inside mapped woodland polygons","decorative":true,"surveyed":false,"confidence":"none","order":390},"geometry":{"type":"Point","coordinates":[-77.0804299,38.7168678]}},{"type":"Feature","properties":{"sprite":"tree-elm","scale":0.81,"cover":"woodland","source":"generated","method":"jittered grid inside mapped woodland polygons","decorative":true,"surveyed":false,"confidence":"none","order":391},"geometry":{"type":"Point","coordinates":[-77.085614,38.7168669]}},{"type":"Feature","properties":{"sprite":"tree-elm","scale":0.99,"cover":"woodland","source":"generated","method":"jittered grid inside mapped woodland polygons","decorative":true,"surveyed":false,"confidence":"none","order":392},"geometry":{"type":"Point","coordinates":[-77.0775797,38.7168627]}},{"type":"Feature","properties":{"sprite":"tree-elm","scale":0.93,"cover":"woodland","source":"generated","method":"jittered grid inside mapped woodland polygons","decorative":true,"surveyed":false,"confidence":"none","order":393},"geometry":{"type":"Point","coordinates":[-77.0898089,38.716855]}},{"type":"Feature","properties":{"sprite":"tree-pine","scale":1.01,"cover":"woodland","source":"generated","method":"jittered grid inside mapped woodland polygons","decorative":true,"surveyed":false,"confidence":"none","order":394},"geometry":{"type":"Point","coordinates":[-77.090635,38.7168508]}},{"type":"Feature","properties":{"sprite":"tree-pine","scale":0.92,"cover":"woodland","source":"generated","method":"jittered grid inside mapped woodland polygons","decorative":true,"surveyed":false,"confidence":"none","order":395},"geometry":{"type":"Point","coordinates":[-77.0888357,38.7168499]}},{"type":"Feature","properties":{"sprite":"tree-shrub","scale":0.98,"cover":"woodland","source":"generated","method":"jittered grid inside mapped woodland polygons","decorative":true,"surveyed":false,"confidence":"none","order":396},"geometry":{"type":"Point","coordinates":[-77.0946548,38.7168453]}},{"type":"Feature","properties":{"sprite":"tree-oak","scale":1.06,"cover":"woodland","source":"generated","method":"jittered grid inside mapped woodland polygons","decorative":true,"surveyed":false,"confidence":"none","order":397},"geometry":{"type":"Point","coordinates":[-77.0848094,38.7168427]}},{"type":"Feature","properties":{"sprite":"tree-pine","scale":1.13,"cover":"woodland","source":"generated","method":"jittered grid inside mapped woodland polygons","decorative":true,"surveyed":false,"confidence":"none","order":398},"geometry":{"type":"Point","coordinates":[-77.1070273,38.7168416]}},{"type":"Feature","properties":{"sprite":"tree-oak","scale":0.99,"cover":"woodland","source":"generated","method":"jittered grid inside mapped woodland polygons","decorative":true,"surveyed":false,"confidence":"none","order":399},"geometry":{"type":"Point","coordinates":[-77.079457,38.7168405]}},{"type":"Feature","properties":{"sprite":"tree-shrub","scale":1.11,"cover":"woodland","source":"generated","method":"jittered grid inside mapped woodland polygons","decorative":true,"surveyed":false,"confidence":"none","order":400},"geometry":{"type":"Point","coordinates":[-77.0921907,38.7168375]}},{"type":"Feature","properties":{"sprite":"tree-oak","scale":0.91,"cover":"woodland","source":"generated","method":"jittered grid inside mapped woodland polygons","decorative":true,"surveyed":false,"confidence":"none","order":401},"geometry":{"type":"Point","coordinates":[-77.0790256,38.7168369]}},{"type":"Feature","properties":{"sprite":"tree-shrub","scale":1.02,"cover":"woodland","source":"generated","method":"jittered grid inside mapped woodland polygons","decorative":true,"surveyed":false,"confidence":"none","order":402},"geometry":{"type":"Point","coordinates":[-77.0893968,38.7168357]}},{"type":"Feature","properties":{"sprite":"tree-oak","scale":1.03,"cover":"woodland","source":"generated","method":"jittered grid inside mapped woodland polygons","decorative":true,"surveyed":false,"confidence":"none","order":403},"geometry":{"type":"Point","coordinates":[-77.082199,38.7168289]}},{"type":"Feature","properties":{"sprite":"tree-elm","scale":0.84,"cover":"woodland","source":"generated","method":"jittered grid inside mapped woodland polygons","decorative":true,"surveyed":false,"confidence":"none","order":404},"geometry":{"type":"Point","coordinates":[-77.0836284,38.7168195]}},{"type":"Feature","properties":{"sprite":"tree-pine","scale":0.79,"cover":"woodland","source":"generated","method":"jittered grid inside mapped woodland polygons","decorative":true,"surveyed":false,"confidence":"none","order":405},"geometry":{"type":"Point","coordinates":[-77.0919317,38.7168186]}},{"type":"Feature","properties":{"sprite":"tree-oak","scale":1.18,"cover":"woodland","source":"generated","method":"jittered grid inside mapped woodland polygons","decorative":true,"surveyed":false,"confidence":"none","order":406},"geometry":{"type":"Point","coordinates":[-77.0766639,38.7168165]}},{"type":"Feature","properties":{"sprite":"tree-shrub","scale":1.17,"cover":"woodland","source":"generated","method":"jittered grid inside mapped woodland polygons","decorative":true,"surveyed":false,"confidence":"none","order":407},"geometry":{"type":"Point","coordinates":[-77.0943658,38.7168152]}},{"type":"Feature","properties":{"sprite":"tree-pine","scale":0.94,"cover":"woodland","source":"generated","method":"jittered grid inside mapped woodland polygons","decorative":true,"surveyed":false,"confidence":"none","order":408},"geometry":{"type":"Point","coordinates":[-77.078725,38.7168119]}},{"type":"Feature","properties":{"sprite":"tree-elm","scale":1.11,"cover":"woodland","source":"generated","method":"jittered grid inside mapped woodland polygons","decorative":true,"surveyed":false,"confidence":"none","order":409},"geometry":{"type":"Point","coordinates":[-77.085743,38.7168117]}},{"type":"Feature","properties":{"sprite":"tree-elm","scale":0.92,"cover":"woodland","source":"generated","method":"jittered grid inside mapped woodland polygons","decorative":true,"surveyed":false,"confidence":"none","order":410},"geometry":{"type":"Point","coordinates":[-77.0911339,38.7168116]}},{"type":"Feature","properties":{"sprite":"tree-shrub","scale":1.07,"cover":"woodland","source":"generated","method":"jittered grid inside mapped woodland polygons","decorative":true,"surveyed":false,"confidence":"none","order":411},"geometry":{"type":"Point","coordinates":[-77.0866581,38.716811]}},{"type":"Feature","properties":{"sprite":"tree-oak","scale":0.93,"cover":"woodland","source":"generated","method":"jittered grid inside mapped woodland polygons","decorative":true,"surveyed":false,"confidence":"none","order":412},"geometry":{"type":"Point","coordinates":[-77.0781569,38.7168093]}},{"type":"Feature","properties":{"sprite":"tree-oak","scale":1.22,"cover":"woodland","source":"generated","method":"jittered grid inside mapped woodland polygons","decorative":true,"surveyed":false,"confidence":"none","order":413},"geometry":{"type":"Point","coordinates":[-77.0891959,38.7168082]}},{"type":"Feature","properties":{"sprite":"tree-elm","scale":1.09,"cover":"woodland","source":"generated","method":"jittered grid inside mapped woodland polygons","decorative":true,"surveyed":false,"confidence":"none","order":414},"geometry":{"type":"Point","coordinates":[-77.086251,38.7167974]}},{"type":"Feature","properties":{"sprite":"tree-oak","scale":1.21,"cover":"woodland","source":"generated","method":"jittered grid inside mapped woodland polygons","decorative":true,"surveyed":false,"confidence":"none","order":415},"geometry":{"type":"Point","coordinates":[-77.0844526,38.7167963]}},{"type":"Feature","properties":{"sprite":"tree-elm","scale":0.93,"cover":"woodland","source":"generated","method":"jittered grid inside mapped woodland polygons","decorative":true,"surveyed":false,"confidence":"none","order":416},"geometry":{"type":"Point","coordinates":[-77.1070906,38.7167931]}},{"type":"Feature","properties":{"sprite":"tree-pine","scale":1.04,"cover":"woodland","source":"generated","method":"jittered grid inside mapped woodland polygons","decorative":true,"surveyed":false,"confidence":"none","order":417},"geometry":{"type":"Point","coordinates":[-77.0824324,38.7167757]}},{"type":"Feature","properties":{"sprite":"tree-elm","scale":0.88,"cover":"woodland","source":"generated","method":"jittered grid inside mapped woodland polygons","decorative":true,"surveyed":false,"confidence":"none","order":418},"geometry":{"type":"Point","coordinates":[-77.076874,38.7167654]}},{"type":"Feature","properties":{"sprite":"tree-pine","scale":0.89,"cover":"woodland","source":"generated","method":"jittered grid inside mapped woodland polygons","decorative":true,"surveyed":false,"confidence":"none","order":419},"geometry":{"type":"Point","coordinates":[-77.0898538,38.7167638]}},{"type":"Feature","properties":{"sprite":"tree-pine","scale":1.09,"cover":"woodland","source":"generated","method":"jittered grid inside mapped woodland polygons","decorative":true,"surveyed":false,"confidence":"none","order":420},"geometry":{"type":"Point","coordinates":[-77.0847294,38.7167594]}},{"type":"Feature","properties":{"sprite":"tree-pine","scale":1.2,"cover":"woodland","source":"generated","method":"jittered grid inside mapped woodland polygons","decorative":true,"surveyed":false,"confidence":"none","order":421},"geometry":{"type":"Point","coordinates":[-77.0784069,38.7167551]}},{"type":"Feature","properties":{"sprite":"tree-elm","scale":1.04,"cover":"woodland","source":"generated","method":"jittered grid inside mapped woodland polygons","decorative":true,"surveyed":false,"confidence":"none","order":422},"geometry":{"type":"Point","coordinates":[-77.1074422,38.7167536]}},{"type":"Feature","properties":{"sprite":"tree-oak","scale":1.06,"cover":"woodland","source":"generated","method":"jittered grid inside mapped woodland polygons","decorative":true,"surveyed":false,"confidence":"none","order":423},"geometry":{"type":"Point","coordinates":[-77.0810387,38.7167531]}},{"type":"Feature","properties":{"sprite":"tree-oak","scale":1.02,"cover":"woodland","source":"generated","method":"jittered grid inside mapped woodland polygons","decorative":true,"surveyed":false,"confidence":"none","order":424},"geometry":{"type":"Point","coordinates":[-77.0805844,38.71675]}},{"type":"Feature","properties":{"sprite":"tree-oak","scale":1.14,"cover":"woodland","source":"generated","method":"jittered grid inside mapped woodland polygons","decorative":true,"surveyed":false,"confidence":"none","order":425},"geometry":{"type":"Point","coordinates":[-77.1076191,38.7167392]}},{"type":"Feature","properties":{"sprite":"tree-pine","scale":1.1,"cover":"woodland","source":"generated","method":"jittered grid inside mapped woodland polygons","decorative":true,"surveyed":false,"confidence":"none","order":426},"geometry":{"type":"Point","coordinates":[-77.07722,38.7167324]}},{"type":"Feature","properties":{"sprite":"tree-oak","scale":1.18,"cover":"woodland","source":"generated","method":"jittered grid inside mapped woodland polygons","decorative":true,"surveyed":false,"confidence":"none","order":427},"geometry":{"type":"Point","coordinates":[-77.0902768,38.7167314]}},{"type":"Feature","properties":{"sprite":"tree-shrub","scale":0.95,"cover":"woodland","source":"generated","method":"jittered grid inside mapped woodland polygons","decorative":true,"surveyed":false,"confidence":"none","order":428},"geometry":{"type":"Point","coordinates":[-77.1080781,38.7167293]}},{"type":"Feature","properties":{"sprite":"tree-shrub","scale":0.78,"cover":"woodland","source":"generated","method":"jittered grid inside mapped woodland polygons","decorative":true,"surveyed":false,"confidence":"none","order":429},"geometry":{"type":"Point","coordinates":[-77.0699674,38.7167279]}},{"type":"Feature","properties":{"sprite":"tree-oak","scale":1.1,"cover":"woodland","source":"generated","method":"jittered grid inside mapped woodland polygons","decorative":true,"surveyed":false,"confidence":"none","order":430},"geometry":{"type":"Point","coordinates":[-77.0858645,38.7167278]}},{"type":"Feature","properties":{"sprite":"tree-shrub","scale":0.82,"cover":"woodland","source":"generated","method":"jittered grid inside mapped woodland polygons","decorative":true,"surveyed":false,"confidence":"none","order":431},"geometry":{"type":"Point","coordinates":[-77.0882525,38.7167267]}},{"type":"Feature","properties":{"sprite":"tree-oak","scale":0.97,"cover":"woodland","source":"generated","method":"jittered grid inside mapped woodland polygons","decorative":true,"surveyed":false,"confidence":"none","order":432},"geometry":{"type":"Point","coordinates":[-77.0893213,38.716725]}},{"type":"Feature","properties":{"sprite":"tree-shrub","scale":0.81,"cover":"woodland","source":"generated","method":"jittered grid inside mapped woodland polygons","decorative":true,"surveyed":false,"confidence":"none","order":433},"geometry":{"type":"Point","coordinates":[-77.085257,38.7167245]}},{"type":"Feature","properties":{"sprite":"tree-shrub","scale":1.21,"cover":"woodland","source":"generated","method":"jittered grid inside mapped woodland polygons","decorative":true,"surveyed":false,"confidence":"none","order":434},"geometry":{"type":"Point","coordinates":[-77.0825578,38.7167238]}},{"type":"Feature","properties":{"sprite":"tree-shrub","scale":1.02,"cover":"woodland","source":"generated","method":"jittered grid inside mapped woodland polygons","decorative":true,"surveyed":false,"confidence":"none","order":435},"geometry":{"type":"Point","coordinates":[-77.0839863,38.7167234]}},{"type":"Feature","properties":{"sprite":"tree-shrub","scale":0.93,"cover":"woodland","source":"generated","method":"jittered grid inside mapped woodland polygons","decorative":true,"surveyed":false,"confidence":"none","order":436},"geometry":{"type":"Point","coordinates":[-77.0813791,38.7167219]}},{"type":"Feature","properties":{"sprite":"tree-oak","scale":1.02,"cover":"woodland","source":"generated","method":"jittered grid inside mapped woodland polygons","decorative":true,"surveyed":false,"confidence":"none","order":437},"geometry":{"type":"Point","coordinates":[-77.0871995,38.7167161]}},{"type":"Feature","properties":{"sprite":"tree-oak","scale":1.22,"cover":"woodland","source":"generated","method":"jittered grid inside mapped woodland polygons","decorative":true,"surveyed":false,"confidence":"none","order":438},"geometry":{"type":"Point","coordinates":[-77.0947406,38.7167078]}},{"type":"Feature","properties":{"sprite":"tree-elm","scale":1.06,"cover":"woodland","source":"generated","method":"jittered grid inside mapped woodland polygons","decorative":true,"surveyed":false,"confidence":"none","order":439},"geometry":{"type":"Point","coordinates":[-77.0954698,38.7167059]}},{"type":"Feature","properties":{"sprite":"tree-oak","scale":0.92,"cover":"woodland","source":"generated","method":"jittered grid inside mapped woodland polygons","decorative":true,"surveyed":false,"confidence":"none","order":440},"geometry":{"type":"Point","coordinates":[-77.0933451,38.7167053]}},{"type":"Feature","properties":{"sprite":"tree-oak","scale":0.99,"cover":"woodland","source":"generated","method":"jittered grid inside mapped woodland polygons","decorative":true,"surveyed":false,"confidence":"none","order":441},"geometry":{"type":"Point","coordinates":[-77.0952106,38.7167049]}},{"type":"Feature","properties":{"sprite":"tree-oak","scale":1.14,"cover":"woodland","source":"generated","method":"jittered grid inside mapped woodland polygons","decorative":true,"surveyed":false,"confidence":"none","order":442},"geometry":{"type":"Point","coordinates":[-77.092931,38.7167033]}},{"type":"Feature","properties":{"sprite":"tree-shrub","scale":0.89,"cover":"woodland","source":"generated","method":"jittered grid inside mapped woodland polygons","decorative":true,"surveyed":false,"confidence":"none","order":443},"geometry":{"type":"Point","coordinates":[-77.0861657,38.7166998]}},{"type":"Feature","properties":{"sprite":"tree-oak","scale":0.85,"cover":"woodland","source":"generated","method":"jittered grid inside mapped woodland polygons","decorative":true,"surveyed":false,"confidence":"none","order":444},"geometry":{"type":"Point","coordinates":[-77.0774622,38.7166993]}},{"type":"Feature","properties":{"sprite":"tree-pine","scale":1.15,"cover":"woodland","source":"generated","method":"jittered grid inside mapped woodland polygons","decorative":true,"surveyed":false,"confidence":"none","order":445},"geometry":{"type":"Point","coordinates":[-77.0802957,38.7166989]}},{"type":"Feature","properties":{"sprite":"tree-elm","scale":0.95,"cover":"woodland","source":"generated","method":"jittered grid inside mapped woodland polygons","decorative":true,"surveyed":false,"confidence":"none","order":446},"geometry":{"type":"Point","coordinates":[-77.0906496,38.7166972]}},{"type":"Feature","properties":{"sprite":"tree-oak","scale":0.86,"cover":"woodland","source":"generated","method":"jittered grid inside mapped woodland polygons","decorative":true,"surveyed":false,"confidence":"none","order":447},"geometry":{"type":"Point","coordinates":[-77.088444,38.7166965]}},{"type":"Feature","properties":{"sprite":"tree-oak","scale":1.19,"cover":"woodland","source":"generated","method":"jittered grid inside mapped woodland polygons","decorative":true,"surveyed":false,"confidence":"none","order":448},"geometry":{"type":"Point","coordinates":[-77.0936269,38.7166961]}},{"type":"Feature","properties":{"sprite":"tree-pine","scale":0.9,"cover":"woodland","source":"generated","method":"jittered grid inside mapped woodland polygons","decorative":true,"surveyed":false,"confidence":"none","order":449},"geometry":{"type":"Point","coordinates":[-77.0854304,38.7166953]}},{"type":"Feature","properties":{"sprite":"tree-oak","scale":1.15,"cover":"woodland","source":"generated","method":"jittered grid inside mapped woodland polygons","decorative":true,"surveyed":false,"confidence":"none","order":450},"geometry":{"type":"Point","coordinates":[-77.0864493,38.7166948]}},{"type":"Feature","properties":{"sprite":"tree-elm","scale":1.05,"cover":"woodland","source":"generated","method":"jittered grid inside mapped woodland polygons","decorative":true,"surveyed":false,"confidence":"none","order":451},"geometry":{"type":"Point","coordinates":[-77.0820279,38.7166891]}},{"type":"Feature","properties":{"sprite":"tree-oak","scale":0.8,"cover":"woodland","source":"generated","method":"jittered grid inside mapped woodland polygons","decorative":true,"surveyed":false,"confidence":"none","order":452},"geometry":{"type":"Point","coordinates":[-77.0940597,38.7166861]}},{"type":"Feature","properties":{"sprite":"tree-pine","scale":0.99,"cover":"woodland","source":"generated","method":"jittered grid inside mapped woodland polygons","decorative":true,"surveyed":false,"confidence":"none","order":453},"geometry":{"type":"Point","coordinates":[-77.0870951,38.7166859]}},{"type":"Feature","properties":{"sprite":"tree-oak","scale":1.14,"cover":"woodland","source":"generated","method":"jittered grid inside mapped woodland polygons","decorative":true,"surveyed":false,"confidence":"none","order":454},"geometry":{"type":"Point","coordinates":[-77.0923428,38.7166835]}},{"type":"Feature","properties":{"sprite":"tree-pine","scale":0.98,"cover":"woodland","source":"generated","method":"jittered grid inside mapped woodland polygons","decorative":true,"surveyed":false,"confidence":"none","order":455},"geometry":{"type":"Point","coordinates":[-77.0812276,38.7166782]}},{"type":"Feature","properties":{"sprite":"tree-pine","scale":0.97,"cover":"woodland","source":"generated","method":"jittered grid inside mapped woodland polygons","decorative":true,"surveyed":false,"confidence":"none","order":456},"geometry":{"type":"Point","coordinates":[-77.0697372,38.7166707]}},{"type":"Feature","properties":{"sprite":"tree-oak","scale":0.89,"cover":"woodland","source":"generated","method":"jittered grid inside mapped woodland polygons","decorative":true,"surveyed":false,"confidence":"none","order":457},"geometry":{"type":"Point","coordinates":[-77.0788565,38.7166689]}},{"type":"Feature","properties":{"sprite":"tree-elm","scale":1.17,"cover":"woodland","source":"generated","method":"jittered grid inside mapped woodland polygons","decorative":true,"surveyed":false,"confidence":"none","order":458},"geometry":{"type":"Point","coordinates":[-77.0868716,38.7166684]}},{"type":"Feature","properties":{"sprite":"tree-oak","scale":1.22,"cover":"woodland","source":"generated","method":"jittered grid inside mapped woodland polygons","decorative":true,"surveyed":false,"confidence":"none","order":459},"geometry":{"type":"Point","coordinates":[-77.0843359,38.7166665]}},{"type":"Feature","properties":{"sprite":"tree-shrub","scale":0.95,"cover":"woodland","source":"generated","method":"jittered grid inside mapped woodland polygons","decorative":true,"surveyed":false,"confidence":"none","order":460},"geometry":{"type":"Point","coordinates":[-77.094149,38.7166635]}},{"type":"Feature","properties":{"sprite":"tree-pine","scale":0.99,"cover":"woodland","source":"generated","method":"jittered grid inside mapped woodland polygons","decorative":true,"surveyed":false,"confidence":"none","order":461},"geometry":{"type":"Point","coordinates":[-77.0832903,38.7166613]}},{"type":"Feature","properties":{"sprite":"tree-pine","scale":0.88,"cover":"woodland","source":"generated","method":"jittered grid inside mapped woodland polygons","decorative":true,"surveyed":false,"confidence":"none","order":462},"geometry":{"type":"Point","coordinates":[-77.0856887,38.7166546]}},{"type":"Feature","properties":{"sprite":"tree-oak","scale":0.78,"cover":"woodland","source":"generated","method":"jittered grid inside mapped woodland polygons","decorative":true,"surveyed":false,"confidence":"none","order":463},"geometry":{"type":"Point","coordinates":[-77.082816,38.7166518]}},{"type":"Feature","properties":{"sprite":"tree-elm","scale":0.86,"cover":"woodland","source":"generated","method":"jittered grid inside mapped woodland polygons","decorative":true,"surveyed":false,"confidence":"none","order":464},"geometry":{"type":"Point","coordinates":[-77.091868,38.7166517]}},{"type":"Feature","properties":{"sprite":"tree-elm","scale":1.16,"cover":"woodland","source":"generated","method":"jittered grid inside mapped woodland polygons","decorative":true,"surveyed":false,"confidence":"none","order":465},"geometry":{"type":"Point","coordinates":[-77.0816953,38.7166496]}},{"type":"Feature","properties":{"sprite":"tree-oak","scale":0.84,"cover":"woodland","source":"generated","method":"jittered grid inside mapped woodland polygons","decorative":true,"surveyed":false,"confidence":"none","order":466},"geometry":{"type":"Point","coordinates":[-77.0916531,38.7166466]}},{"type":"Feature","properties":{"sprite":"tree-oak","scale":1.05,"cover":"woodland","source":"generated","method":"jittered grid inside mapped woodland polygons","decorative":true,"surveyed":false,"confidence":"none","order":467},"geometry":{"type":"Point","coordinates":[-77.0921749,38.7166416]}},{"type":"Feature","properties":{"sprite":"tree-pine","scale":0.92,"cover":"woodland","source":"generated","method":"jittered grid inside mapped woodland polygons","decorative":true,"surveyed":false,"confidence":"none","order":468},"geometry":{"type":"Point","coordinates":[-77.0904488,38.7166399]}},{"type":"Feature","properties":{"sprite":"tree-oak","scale":0.98,"cover":"woodland","source":"generated","method":"jittered grid inside mapped woodland polygons","decorative":true,"surveyed":false,"confidence":"none","order":469},"geometry":{"type":"Point","coordinates":[-77.069029,38.7166339]}},{"type":"Feature","properties":{"sprite":"tree-elm","scale":1.14,"cover":"woodland","source":"generated","method":"jittered grid inside mapped woodland polygons","decorative":true,"surveyed":false,"confidence":"none","order":470},"geometry":{"type":"Point","coordinates":[-77.1077351,38.7166319]}},{"type":"Feature","properties":{"sprite":"tree-pine","scale":0.9,"cover":"woodland","source":"generated","method":"jittered grid inside mapped woodland polygons","decorative":true,"surveyed":false,"confidence":"none","order":471},"geometry":{"type":"Point","coordinates":[-77.080885,38.7166299]}},{"type":"Feature","properties":{"sprite":"tree-oak","scale":1.11,"cover":"woodland","source":"generated","method":"jittered grid inside mapped woodland polygons","decorative":true,"surveyed":false,"confidence":"none","order":472},"geometry":{"type":"Point","coordinates":[-77.0888003,38.716629]}},{"type":"Feature","properties":{"sprite":"tree-pine","scale":1.2,"cover":"woodland","source":"generated","method":"jittered grid inside mapped woodland polygons","decorative":true,"surveyed":false,"confidence":"none","order":473},"geometry":{"type":"Point","coordinates":[-77.0821419,38.7166288]}},{"type":"Feature","properties":{"sprite":"tree-oak","scale":0.91,"cover":"woodland","source":"generated","method":"jittered grid inside mapped woodland polygons","decorative":true,"surveyed":false,"confidence":"none","order":474},"geometry":{"type":"Point","coordinates":[-77.0879613,38.7166277]}},{"type":"Feature","properties":{"sprite":"tree-oak","scale":1.09,"cover":"woodland","source":"generated","method":"jittered grid inside mapped woodland polygons","decorative":true,"surveyed":false,"confidence":"none","order":475},"geometry":{"type":"Point","coordinates":[-77.0891158,38.7166264]}},{"type":"Feature","properties":{"sprite":"tree-oak","scale":0.79,"cover":"woodland","source":"generated","method":"jittered grid inside mapped woodland polygons","decorative":true,"surveyed":false,"confidence":"none","order":476},"geometry":{"type":"Point","coordinates":[-77.0926213,38.7166253]}},{"type":"Feature","properties":{"sprite":"tree-shrub","scale":0.99,"cover":"woodland","source":"generated","method":"jittered grid inside mapped woodland polygons","decorative":true,"surveyed":false,"confidence":"none","order":477},"geometry":{"type":"Point","coordinates":[-77.0948764,38.7166241]}},{"type":"Feature","properties":{"sprite":"tree-shrub","scale":0.83,"cover":"woodland","source":"generated","method":"jittered grid inside mapped woodland polygons","decorative":true,"surveyed":false,"confidence":"none","order":478},"geometry":{"type":"Point","coordinates":[-77.0909179,38.7166215]}},{"type":"Feature","properties":{"sprite":"tree-shrub","scale":0.89,"cover":"woodland","source":"generated","method":"jittered grid inside mapped woodland polygons","decorative":true,"surveyed":false,"confidence":"none","order":479},"geometry":{"type":"Point","coordinates":[-77.0943659,38.7166213]}},{"type":"Feature","properties":{"sprite":"tree-shrub","scale":0.83,"cover":"woodland","source":"generated","method":"jittered grid inside mapped woodland polygons","decorative":true,"surveyed":false,"confidence":"none","order":480},"geometry":{"type":"Point","coordinates":[-77.093858,38.7166189]}},{"type":"Feature","properties":{"sprite":"tree-elm","scale":0.84,"cover":"woodland","source":"generated","method":"jittered grid inside mapped woodland polygons","decorative":true,"surveyed":false,"confidence":"none","order":481},"geometry":{"type":"Point","coordinates":[-77.0766132,38.7166174]}},{"type":"Feature","properties":{"sprite":"tree-oak","scale":0.86,"cover":"woodland","source":"generated","method":"jittered grid inside mapped woodland polygons","decorative":true,"surveyed":false,"confidence":"none","order":482},"geometry":{"type":"Point","coordinates":[-77.0817407,38.7165904]}},{"type":"Feature","properties":{"sprite":"tree-oak","scale":1.19,"cover":"woodland","source":"generated","method":"jittered grid inside mapped woodland polygons","decorative":true,"surveyed":false,"confidence":"none","order":483},"geometry":{"type":"Point","coordinates":[-77.0830676,38.7165895]}},{"type":"Feature","properties":{"sprite":"tree-oak","scale":0.96,"cover":"woodland","source":"generated","method":"jittered grid inside mapped woodland polygons","decorative":true,"surveyed":false,"confidence":"none","order":484},"geometry":{"type":"Point","coordinates":[-77.0892917,38.7165859]}},{"type":"Feature","properties":{"sprite":"tree-oak","scale":1.16,"cover":"woodland","source":"generated","method":"jittered grid inside mapped woodland polygons","decorative":true,"surveyed":false,"confidence":"none","order":485},"geometry":{"type":"Point","coordinates":[-77.0843431,38.716584]}},{"type":"Feature","properties":{"sprite":"tree-oak","scale":1.04,"cover":"woodland","source":"generated","method":"jittered grid inside mapped woodland polygons","decorative":true,"surveyed":false,"confidence":"none","order":486},"geometry":{"type":"Point","coordinates":[-77.0903176,38.7165804]}},{"type":"Feature","properties":{"sprite":"tree-oak","scale":0.85,"cover":"woodland","source":"generated","method":"jittered grid inside mapped woodland polygons","decorative":true,"surveyed":false,"confidence":"none","order":487},"geometry":{"type":"Point","coordinates":[-77.0953409,38.7165794]}},{"type":"Feature","properties":{"sprite":"tree-elm","scale":0.89,"cover":"woodland","source":"generated","method":"jittered grid inside mapped woodland polygons","decorative":true,"surveyed":false,"confidence":"none","order":488},"geometry":{"type":"Point","coordinates":[-77.0851632,38.7165793]}},{"type":"Feature","properties":{"sprite":"tree-shrub","scale":0.94,"cover":"woodland","source":"generated","method":"jittered grid inside mapped woodland polygons","decorative":true,"surveyed":false,"confidence":"none","order":489},"geometry":{"type":"Point","coordinates":[-77.0941008,38.7165768]}},{"type":"Feature","properties":{"sprite":"tree-oak","scale":1.1,"cover":"woodland","source":"generated","method":"jittered grid inside mapped woodland polygons","decorative":true,"surveyed":false,"confidence":"none","order":490},"geometry":{"type":"Point","coordinates":[-77.0949021,38.7165762]}},{"type":"Feature","properties":{"sprite":"tree-elm","scale":0.78,"cover":"woodland","source":"generated","method":"jittered grid inside mapped woodland polygons","decorative":true,"surveyed":false,"confidence":"none","order":491},"geometry":{"type":"Point","coordinates":[-77.0874296,38.7165755]}},{"type":"Feature","properties":{"sprite":"tree-oak","scale":0.8,"cover":"woodland","source":"generated","method":"jittered grid inside mapped woodland polygons","decorative":true,"surveyed":false,"confidence":"none","order":492},"geometry":{"type":"Point","coordinates":[-77.0906521,38.7165754]}},{"type":"Feature","properties":{"sprite":"tree-pine","scale":0.93,"cover":"woodland","source":"generated","method":"jittered grid inside mapped woodland polygons","decorative":true,"surveyed":false,"confidence":"none","order":493},"geometry":{"type":"Point","coordinates":[-77.0915304,38.7165747]}},{"type":"Feature","properties":{"sprite":"tree-oak","scale":0.8,"cover":"woodland","source":"generated","method":"jittered grid inside mapped woodland polygons","decorative":true,"surveyed":false,"confidence":"none","order":494},"geometry":{"type":"Point","coordinates":[-77.0793141,38.7165746]}},{"type":"Feature","properties":{"sprite":"tree-elm","scale":1.14,"cover":"woodland","source":"generated","method":"jittered grid inside mapped woodland polygons","decorative":true,"surveyed":false,"confidence":"none","order":495},"geometry":{"type":"Point","coordinates":[-77.0943901,38.716574]}},{"type":"Feature","properties":{"sprite":"tree-pine","scale":0.84,"cover":"woodland","source":"generated","method":"jittered grid inside mapped woodland polygons","decorative":true,"surveyed":false,"confidence":"none","order":496},"geometry":{"type":"Point","coordinates":[-77.0807568,38.7165731]}},{"type":"Feature","properties":{"sprite":"tree-pine","scale":0.94,"cover":"woodland","source":"generated","method":"jittered grid inside mapped woodland polygons","decorative":true,"surveyed":false,"confidence":"none","order":497},"geometry":{"type":"Point","coordinates":[-77.0879143,38.7165721]}},{"type":"Feature","properties":{"sprite":"tree-pine","scale":1.12,"cover":"woodland","source":"generated","method":"jittered grid inside mapped woodland polygons","decorative":true,"surveyed":false,"confidence":"none","order":498},"geometry":{"type":"Point","coordinates":[-77.0866436,38.7165713]}},{"type":"Feature","properties":{"sprite":"tree-oak","scale":1.0,"cover":"woodland","source":"generated","method":"jittered grid inside mapped woodland polygons","decorative":true,"surveyed":false,"confidence":"none","order":499},"geometry":{"type":"Point","coordinates":[-77.0864775,38.7165705]}},{"type":"Feature","properties":{"sprite":"tree-shrub","scale":0.98,"cover":"woodland","source":"generated","method":"jittered grid inside mapped woodland polygons","decorative":true,"surveyed":false,"confidence":"none","order":500},"geometry":{"type":"Point","coordinates":[-77.0897258,38.7165658]}},{"type":"Feature","properties":{"sprite":"tree-oak","scale":0.99,"cover":"woodland","source":"generated","method":"jittered grid inside mapped woodland polygons","decorative":true,"surveyed":false,"confidence":"none","order":501},"geometry":{"type":"Point","coordinates":[-77.0849243,38.7165641]}},{"type":"Feature","properties":{"sprite":"tree-elm","scale":0.83,"cover":"woodland","source":"generated","method":"jittered grid inside mapped woodland polygons","decorative":true,"surveyed":false,"confidence":"none","order":502},"geometry":{"type":"Point","coordinates":[-77.0767294,38.716564]}},{"type":"Feature","properties":{"sprite":"tree-pine","scale":0.9,"cover":"woodland","source":"generated","method":"jittered grid inside mapped woodland polygons","decorative":true,"surveyed":false,"confidence":"none","order":503},"geometry":{"type":"Point","coordinates":[-77.107944,38.7165619]}},{"type":"Feature","properties":{"sprite":"tree-shrub","scale":0.85,"cover":"woodland","source":"generated","method":"jittered grid inside mapped woodland polygons","decorative":true,"surveyed":false,"confidence":"none","order":504},"geometry":{"type":"Point","coordinates":[-77.0826136,38.7165614]}},{"type":"Feature","properties":{"sprite":"tree-elm","scale":0.91,"cover":"woodland","source":"generated","method":"jittered grid inside mapped woodland polygons","decorative":true,"surveyed":false,"confidence":"none","order":505},"geometry":{"type":"Point","coordinates":[-77.1072806,38.7165549]}},{"type":"Feature","properties":{"sprite":"tree-pine","scale":0.96,"cover":"woodland","source":"generated","method":"jittered grid inside mapped woodland polygons","decorative":true,"surveyed":false,"confidence":"none","order":506},"geometry":{"type":"Point","coordinates":[-77.083888,38.7165524]}},{"type":"Feature","properties":{"sprite":"tree-shrub","scale":1.11,"cover":"woodland","source":"generated","method":"jittered grid inside mapped woodland polygons","decorative":true,"surveyed":false,"confidence":"none","order":507},"geometry":{"type":"Point","coordinates":[-77.083473,38.7165505]}},{"type":"Feature","properties":{"sprite":"tree-pine","scale":0.81,"cover":"woodland","source":"generated","method":"jittered grid inside mapped woodland polygons","decorative":true,"surveyed":false,"confidence":"none","order":508},"geometry":{"type":"Point","coordinates":[-77.0887212,38.7165483]}},{"type":"Feature","properties":{"sprite":"tree-oak","scale":0.81,"cover":"woodland","source":"generated","method":"jittered grid inside mapped woodland polygons","decorative":true,"surveyed":false,"confidence":"none","order":509},"geometry":{"type":"Point","coordinates":[-77.0909654,38.716548]}},{"type":"Feature","properties":{"sprite":"tree-shrub","scale":1.19,"cover":"woodland","source":"generated","method":"jittered grid inside mapped woodland polygons","decorative":true,"surveyed":false,"confidence":"none","order":510},"geometry":{"type":"Point","coordinates":[-77.0884674,38.7165455]}},{"type":"Feature","properties":{"sprite":"tree-pine","scale":0.87,"cover":"woodland","source":"generated","method":"jittered grid inside mapped woodland polygons","decorative":true,"surveyed":false,"confidence":"none","order":511},"geometry":{"type":"Point","coordinates":[-77.0934179,38.7165432]}},{"type":"Feature","properties":{"sprite":"tree-oak","scale":0.85,"cover":"woodland","source":"generated","method":"jittered grid inside mapped woodland polygons","decorative":true,"surveyed":false,"confidence":"none","order":512},"geometry":{"type":"Point","coordinates":[-77.1081088,38.7165402]}},{"type":"Feature","properties":{"sprite":"tree-shrub","scale":1.05,"cover":"woodland","source":"generated","method":"jittered grid inside mapped woodland polygons","decorative":true,"surveyed":false,"confidence":"none","order":513},"geometry":{"type":"Point","coordinates":[-77.0956955,38.7165381]}},{"type":"Feature","properties":{"sprite":"tree-pine","scale":1.11,"cover":"woodland","source":"generated","method":"jittered grid inside mapped woodland polygons","decorative":true,"surveyed":false,"confidence":"none","order":514},"geometry":{"type":"Point","coordinates":[-77.082312,38.7165379]}},{"type":"Feature","properties":{"sprite":"tree-elm","scale":0.87,"cover":"woodland","source":"generated","method":"jittered grid inside mapped woodland polygons","decorative":true,"surveyed":false,"confidence":"none","order":515},"geometry":{"type":"Point","coordinates":[-77.084697,38.7165367]}},{"type":"Feature","properties":{"sprite":"tree-elm","scale":0.94,"cover":"woodland","source":"generated","method":"jittered grid inside mapped woodland polygons","decorative":true,"surveyed":false,"confidence":"none","order":516},"geometry":{"type":"Point","coordinates":[-77.0875838,38.7165352]}},{"type":"Feature","properties":{"sprite":"tree-oak","scale":1.08,"cover":"woodland","source":"generated","method":"jittered grid inside mapped woodland polygons","decorative":true,"surveyed":false,"confidence":"none","order":517},"geometry":{"type":"Point","coordinates":[-77.0945883,38.7165322]}},{"type":"Feature","properties":{"sprite":"tree-shrub","scale":0.92,"cover":"woodland","source":"generated","method":"jittered grid inside mapped woodland polygons","decorative":true,"surveyed":false,"confidence":"none","order":518},"geometry":{"type":"Point","coordinates":[-77.0799511,38.716532]}},{"type":"Feature","properties":{"sprite":"tree-elm","scale":0.82,"cover":"woodland","source":"generated","method":"jittered grid inside mapped woodland polygons","decorative":true,"surveyed":false,"confidence":"none","order":519},"geometry":{"type":"Point","coordinates":[-77.0949751,38.7165309]}},{"type":"Feature","properties":{"sprite":"tree-pine","scale":1.15,"cover":"woodland","source":"generated","method":"jittered grid inside mapped woodland polygons","decorative":true,"surveyed":false,"confidence":"none","order":520},"geometry":{"type":"Point","coordinates":[-77.0852506,38.7165284]}},{"type":"Feature","properties":{"sprite":"tree-oak","scale":1.03,"cover":"woodland","source":"generated","method":"jittered grid inside mapped woodland polygons","decorative":true,"surveyed":false,"confidence":"none","order":521},"geometry":{"type":"Point","coordinates":[-77.0871932,38.7165221]}},{"type":"Feature","properties":{"sprite":"tree-elm","scale":0.93,"cover":"woodland","source":"generated","method":"jittered grid inside mapped woodland polygons","decorative":true,"surveyed":false,"confidence":"none","order":522},"geometry":{"type":"Point","coordinates":[-77.0895161,38.7165184]}},{"type":"Feature","properties":{"sprite":"tree-shrub","scale":0.95,"cover":"woodland","source":"generated","method":"jittered grid inside mapped woodland polygons","decorative":true,"surveyed":false,"confidence":"none","order":523},"geometry":{"type":"Point","coordinates":[-77.0863106,38.716518]}},{"type":"Feature","properties":{"sprite":"tree-oak","scale":1.11,"cover":"woodland","source":"generated","method":"jittered grid inside mapped woodland polygons","decorative":true,"surveyed":false,"confidence":"none","order":524},"geometry":{"type":"Point","coordinates":[-77.0902654,38.716514]}},{"type":"Feature","properties":{"sprite":"tree-oak","scale":0.78,"cover":"woodland","source":"generated","method":"jittered grid inside mapped woodland polygons","decorative":true,"surveyed":false,"confidence":"none","order":525},"geometry":{"type":"Point","coordinates":[-77.080905,38.7165123]}},{"type":"Feature","properties":{"sprite":"tree-oak","scale":1.09,"cover":"woodland","source":"generated","method":"jittered grid inside mapped woodland polygons","decorative":true,"surveyed":false,"confidence":"none","order":526},"geometry":{"type":"Point","coordinates":[-77.0880178,38.7165121]}},{"type":"Feature","properties":{"sprite":"tree-oak","scale":0.85,"cover":"woodland","source":"generated","method":"jittered grid inside mapped woodland polygons","decorative":true,"surveyed":false,"confidence":"none","order":527},"geometry":{"type":"Point","coordinates":[-77.0771138,38.716509]}},{"type":"Feature","properties":{"sprite":"tree-elm","scale":1.19,"cover":"woodland","source":"generated","method":"jittered grid inside mapped woodland polygons","decorative":true,"surveyed":false,"confidence":"none","order":528},"geometry":{"type":"Point","coordinates":[-77.0921662,38.716507]}},{"type":"Feature","properties":{"sprite":"tree-pine","scale":0.82,"cover":"woodland","source":"generated","method":"jittered grid inside mapped woodland polygons","decorative":true,"surveyed":false,"confidence":"none","order":529},"geometry":{"type":"Point","coordinates":[-77.0777388,38.7165039]}},{"type":"Feature","properties":{"sprite":"tree-oak","scale":0.87,"cover":"woodland","source":"generated","method":"jittered grid inside mapped woodland polygons","decorative":true,"surveyed":false,"confidence":"none","order":530},"geometry":{"type":"Point","coordinates":[-77.0796949,38.716501]}},{"type":"Feature","properties":{"sprite":"tree-elm","scale":1.1,"cover":"woodland","source":"generated","method":"jittered grid inside mapped woodland polygons","decorative":true,"surveyed":false,"confidence":"none","order":531},"geometry":{"type":"Point","coordinates":[-77.0939189,38.7165006]}},{"type":"Feature","properties":{"sprite":"tree-oak","scale":1.2,"cover":"woodland","source":"generated","method":"jittered grid inside mapped woodland polygons","decorative":true,"surveyed":false,"confidence":"none","order":532},"geometry":{"type":"Point","coordinates":[-77.0831464,38.7165001]}},{"type":"Feature","properties":{"sprite":"tree-shrub","scale":1.12,"cover":"woodland","source":"generated","method":"jittered grid inside mapped woodland polygons","decorative":true,"surveyed":false,"confidence":"none","order":533},"geometry":{"type":"Point","coordinates":[-77.0784192,38.7164954]}},{"type":"Feature","properties":{"sprite":"tree-shrub","scale":0.86,"cover":"woodland","source":"generated","method":"jittered grid inside mapped woodland polygons","decorative":true,"surveyed":false,"confidence":"none","order":534},"geometry":{"type":"Point","coordinates":[-77.0765508,38.716495]}},{"type":"Feature","properties":{"sprite":"tree-oak","scale":0.84,"cover":"woodland","source":"generated","method":"jittered grid inside mapped woodland polygons","decorative":true,"surveyed":false,"confidence":"none","order":535},"geometry":{"type":"Point","coordinates":[-77.0932141,38.7164889]}},{"type":"Feature","properties":{"sprite":"tree-oak","scale":0.81,"cover":"woodland","source":"generated","method":"jittered grid inside mapped woodland polygons","decorative":true,"surveyed":false,"confidence":"none","order":536},"geometry":{"type":"Point","coordinates":[-77.0813178,38.7164824]}},{"type":"Feature","properties":{"sprite":"tree-oak","scale":1.03,"cover":"woodland","source":"generated","method":"jittered grid inside mapped woodland polygons","decorative":true,"surveyed":false,"confidence":"none","order":537},"geometry":{"type":"Point","coordinates":[-77.0774573,38.716481]}},{"type":"Feature","properties":{"sprite":"tree-pine","scale":1.18,"cover":"woodland","source":"generated","method":"jittered grid inside mapped woodland polygons","decorative":true,"surveyed":false,"confidence":"none","order":538},"geometry":{"type":"Point","coordinates":[-77.0937254,38.716472]}},{"type":"Feature","properties":{"sprite":"tree-oak","scale":1.18,"cover":"woodland","source":"generated","method":"jittered grid inside mapped woodland polygons","decorative":true,"surveyed":false,"confidence":"none","order":539},"geometry":{"type":"Point","coordinates":[-77.0804417,38.7164683]}},{"type":"Feature","properties":{"sprite":"tree-elm","scale":1.12,"cover":"woodland","source":"generated","method":"jittered grid inside mapped woodland polygons","decorative":true,"surveyed":false,"confidence":"none","order":540},"geometry":{"type":"Point","coordinates":[-77.1069687,38.7164683]}},{"type":"Feature","properties":{"sprite":"tree-elm","scale":1.03,"cover":"woodland","source":"generated","method":"jittered grid inside mapped woodland polygons","decorative":true,"surveyed":false,"confidence":"none","order":541},"geometry":{"type":"Point","coordinates":[-77.0959094,38.7164668]}},{"type":"Feature","properties":{"sprite":"tree-pine","scale":0.84,"cover":"woodland","source":"generated","method":"jittered grid inside mapped woodland polygons","decorative":true,"surveyed":false,"confidence":"none","order":542},"geometry":{"type":"Point","coordinates":[-77.0696685,38.7164666]}},{"type":"Feature","properties":{"sprite":"tree-pine","scale":0.79,"cover":"woodland","source":"generated","method":"jittered grid inside mapped woodland polygons","decorative":true,"surveyed":false,"confidence":"none","order":543},"geometry":{"type":"Point","coordinates":[-77.0924393,38.7164663]}},{"type":"Feature","properties":{"sprite":"tree-oak","scale":1.11,"cover":"woodland","source":"generated","method":"jittered grid inside mapped woodland polygons","decorative":true,"surveyed":false,"confidence":"none","order":544},"geometry":{"type":"Point","coordinates":[-77.0920209,38.7164631]}},{"type":"Feature","properties":{"sprite":"tree-oak","scale":1.15,"cover":"woodland","source":"generated","method":"jittered grid inside mapped woodland polygons","decorative":true,"surveyed":false,"confidence":"none","order":545},"geometry":{"type":"Point","coordinates":[-77.0778111,38.7164627]}},{"type":"Feature","properties":{"sprite":"tree-oak","scale":0.83,"cover":"woodland","source":"generated","method":"jittered grid inside mapped woodland polygons","decorative":true,"surveyed":false,"confidence":"none","order":546},"geometry":{"type":"Point","coordinates":[-77.0790493,38.7164619]}},{"type":"Feature","properties":{"sprite":"tree-elm","scale":0.99,"cover":"woodland","source":"generated","method":"jittered grid inside mapped woodland polygons","decorative":true,"surveyed":false,"confidence":"none","order":547},"geometry":{"type":"Point","coordinates":[-77.0927312,38.716458]}},{"type":"Feature","properties":{"sprite":"tree-shrub","scale":1.01,"cover":"woodland","source":"generated","method":"jittered grid inside mapped woodland polygons","decorative":true,"surveyed":false,"confidence":"none","order":548},"geometry":{"type":"Point","coordinates":[-77.0819593,38.7164544]}},{"type":"Feature","properties":{"sprite":"tree-shrub","scale":1.07,"cover":"woodland","source":"generated","method":"jittered grid inside mapped woodland polygons","decorative":true,"surveyed":false,"confidence":"none","order":549},"geometry":{"type":"Point","coordinates":[-77.0812224,38.7164517]}},{"type":"Feature","properties":{"sprite":"tree-oak","scale":1.08,"cover":"woodland","source":"generated","method":"jittered grid inside mapped woodland polygons","decorative":true,"surveyed":false,"confidence":"none","order":550},"geometry":{"type":"Point","coordinates":[-77.0911841,38.7164483]}},{"type":"Feature","properties":{"sprite":"tree-elm","scale":1.17,"cover":"woodland","source":"generated","method":"jittered grid inside mapped woodland polygons","decorative":true,"surveyed":false,"confidence":"none","order":551},"geometry":{"type":"Point","coordinates":[-77.0859902,38.716447]}},{"type":"Feature","properties":{"sprite":"tree-shrub","scale":0.94,"cover":"woodland","source":"generated","method":"jittered grid inside mapped woodland polygons","decorative":true,"surveyed":false,"confidence":"none","order":552},"geometry":{"type":"Point","coordinates":[-77.0769358,38.7164466]}},{"type":"Feature","properties":{"sprite":"tree-oak","scale":1.17,"cover":"woodland","source":"generated","method":"jittered grid inside mapped woodland polygons","decorative":true,"surveyed":false,"confidence":"none","order":553},"geometry":{"type":"Point","coordinates":[-77.0785574,38.7164446]}},{"type":"Feature","properties":{"sprite":"tree-oak","scale":1.1,"cover":"woodland","source":"generated","method":"jittered grid inside mapped woodland polygons","decorative":true,"surveyed":false,"confidence":"none","order":554},"geometry":{"type":"Point","coordinates":[-77.0794287,38.716444]}},{"type":"Feature","properties":{"sprite":"tree-oak","scale":0.83,"cover":"woodland","source":"generated","method":"jittered grid inside mapped woodland polygons","decorative":true,"surveyed":false,"confidence":"none","order":555},"geometry":{"type":"Point","coordinates":[-77.0856178,38.7164425]}},{"type":"Feature","properties":{"sprite":"tree-oak","scale":0.87,"cover":"woodland","source":"generated","method":"jittered grid inside mapped woodland polygons","decorative":true,"surveyed":false,"confidence":"none","order":556},"geometry":{"type":"Point","coordinates":[-77.0781908,38.716442]}},{"type":"Feature","properties":{"sprite":"tree-shrub","scale":1.21,"cover":"woodland","source":"generated","method":"jittered grid inside mapped woodland polygons","decorative":true,"surveyed":false,"confidence":"none","order":557},"geometry":{"type":"Point","coordinates":[-77.0827757,38.7164362]}},{"type":"Feature","properties":{"sprite":"tree-oak","scale":0.83,"cover":"woodland","source":"generated","method":"jittered grid inside mapped woodland polygons","decorative":true,"surveyed":false,"confidence":"none","order":558},"geometry":{"type":"Point","coordinates":[-77.0863277,38.7164136]}},{"type":"Feature","properties":{"sprite":"tree-oak","scale":0.93,"cover":"woodland","source":"generated","method":"jittered grid inside mapped woodland polygons","decorative":true,"surveyed":false,"confidence":"none","order":559},"geometry":{"type":"Point","coordinates":[-77.0912408,38.7164002]}},{"type":"Feature","properties":{"sprite":"tree-shrub","scale":1.17,"cover":"woodland","source":"generated","method":"jittered grid inside mapped woodland polygons","decorative":true,"surveyed":false,"confidence":"none","order":560},"geometry":{"type":"Point","coordinates":[-77.087436,38.7163993]}},{"type":"Feature","properties":{"sprite":"tree-pine","scale":1.2,"cover":"woodland","source":"generated","method":"jittered grid inside mapped woodland polygons","decorative":true,"surveyed":false,"confidence":"none","order":561},"geometry":{"type":"Point","coordinates":[-77.0890632,38.7163961]}},{"type":"Feature","properties":{"sprite":"tree-oak","scale":1.13,"cover":"woodland","source":"generated","method":"jittered grid inside mapped woodland polygons","decorative":true,"surveyed":false,"confidence":"none","order":562},"geometry":{"type":"Point","coordinates":[-77.0791199,38.7163918]}},{"type":"Feature","properties":{"sprite":"tree-shrub","scale":1.06,"cover":"woodland","source":"generated","method":"jittered grid inside mapped woodland polygons","decorative":true,"surveyed":false,"confidence":"none","order":563},"geometry":{"type":"Point","coordinates":[-77.0888565,38.7163892]}},{"type":"Feature","properties":{"sprite":"tree-oak","scale":0.85,"cover":"woodland","source":"generated","method":"jittered grid inside mapped woodland polygons","decorative":true,"surveyed":false,"confidence":"none","order":564},"geometry":{"type":"Point","coordinates":[-77.1081117,38.7163811]}},{"type":"Feature","properties":{"sprite":"tree-pine","scale":0.79,"cover":"woodland","source":"generated","method":"jittered grid inside mapped woodland polygons","decorative":true,"surveyed":false,"confidence":"none","order":565},"geometry":{"type":"Point","coordinates":[-77.0945624,38.7163758]}},{"type":"Feature","properties":{"sprite":"tree-shrub","scale":0.82,"cover":"woodland","source":"generated","method":"jittered grid inside mapped woodland polygons","decorative":true,"surveyed":false,"confidence":"none","order":566},"geometry":{"type":"Point","coordinates":[-77.070033,38.7163637]}},{"type":"Feature","properties":{"sprite":"tree-shrub","scale":0.96,"cover":"woodland","source":"generated","method":"jittered grid inside mapped woodland polygons","decorative":true,"surveyed":false,"confidence":"none","order":567},"geometry":{"type":"Point","coordinates":[-77.1078934,38.7163632]}},{"type":"Feature","properties":{"sprite":"tree-oak","scale":0.8,"cover":"woodland","source":"generated","method":"jittered grid inside mapped woodland polygons","decorative":true,"surveyed":false,"confidence":"none","order":568},"geometry":{"type":"Point","coordinates":[-77.0866696,38.7163609]}},{"type":"Feature","properties":{"sprite":"tree-oak","scale":0.8,"cover":"woodland","source":"generated","method":"jittered grid inside mapped woodland polygons","decorative":true,"surveyed":false,"confidence":"none","order":569},"geometry":{"type":"Point","coordinates":[-77.1082592,38.7163585]}},{"type":"Feature","properties":{"sprite":"tree-shrub","scale":0.85,"cover":"woodland","source":"generated","method":"jittered grid inside mapped woodland polygons","decorative":true,"surveyed":false,"confidence":"none","order":570},"geometry":{"type":"Point","coordinates":[-77.0800199,38.7163554]}},{"type":"Feature","properties":{"sprite":"tree-shrub","scale":0.95,"cover":"woodland","source":"generated","method":"jittered grid inside mapped woodland polygons","decorative":true,"surveyed":false,"confidence":"none","order":571},"geometry":{"type":"Point","coordinates":[-77.1072384,38.7163547]}},{"type":"Feature","properties":{"sprite":"tree-oak","scale":1.19,"cover":"woodland","source":"generated","method":"jittered grid inside mapped woodland polygons","decorative":true,"surveyed":false,"confidence":"none","order":572},"geometry":{"type":"Point","coordinates":[-77.0910056,38.7163541]}},{"type":"Feature","properties":{"sprite":"tree-elm","scale":0.83,"cover":"woodland","source":"generated","method":"jittered grid inside mapped woodland polygons","decorative":true,"surveyed":false,"confidence":"none","order":573},"geometry":{"type":"Point","coordinates":[-77.0855825,38.7163511]}},{"type":"Feature","properties":{"sprite":"tree-oak","scale":1.12,"cover":"woodland","source":"generated","method":"jittered grid inside mapped woodland polygons","decorative":true,"surveyed":false,"confidence":"none","order":574},"geometry":{"type":"Point","coordinates":[-77.0867884,38.7163482]}},{"type":"Feature","properties":{"sprite":"tree-shrub","scale":1.02,"cover":"woodland","source":"generated","method":"jittered grid inside mapped woodland polygons","decorative":true,"surveyed":false,"confidence":"none","order":575},"geometry":{"type":"Point","coordinates":[-77.0920587,38.7163472]}},{"type":"Feature","properties":{"sprite":"tree-oak","scale":0.97,"cover":"woodland","source":"generated","method":"jittered grid inside mapped woodland polygons","decorative":true,"surveyed":false,"confidence":"none","order":576},"geometry":{"type":"Point","coordinates":[-77.0811904,38.7163427]}},{"type":"Feature","properties":{"sprite":"tree-elm","scale":1.15,"cover":"woodland","source":"generated","method":"jittered grid inside mapped woodland polygons","decorative":true,"surveyed":false,"confidence":"none","order":577},"geometry":{"type":"Point","coordinates":[-77.085867,38.7163412]}},{"type":"Feature","properties":{"sprite":"tree-pine","scale":0.94,"cover":"woodland","source":"generated","method":"jittered grid inside mapped woodland polygons","decorative":true,"surveyed":false,"confidence":"none","order":578},"geometry":{"type":"Point","coordinates":[-77.0796826,38.7163411]}},{"type":"Feature","properties":{"sprite":"tree-shrub","scale":1.05,"cover":"woodland","source":"generated","method":"jittered grid inside mapped woodland polygons","decorative":true,"surveyed":false,"confidence":"none","order":579},"geometry":{"type":"Point","coordinates":[-77.0927066,38.7163396]}},{"type":"Feature","properties":{"sprite":"tree-elm","scale":0.79,"cover":"woodland","source":"generated","method":"jittered grid inside mapped woodland polygons","decorative":true,"surveyed":false,"confidence":"none","order":580},"geometry":{"type":"Point","coordinates":[-77.0853429,38.7163394]}},{"type":"Feature","properties":{"sprite":"tree-oak","scale":0.95,"cover":"woodland","source":"generated","method":"jittered grid inside mapped woodland polygons","decorative":true,"surveyed":false,"confidence":"none","order":581},"geometry":{"type":"Point","coordinates":[-77.0882089,38.7163368]}},{"type":"Feature","properties":{"sprite":"tree-oak","scale":0.8,"cover":"woodland","source":"generated","method":"jittered grid inside mapped woodland polygons","decorative":true,"surveyed":false,"confidence":"none","order":582},"geometry":{"type":"Point","coordinates":[-77.0770098,38.7163334]}},{"type":"Feature","properties":{"sprite":"tree-shrub","scale":0.97,"cover":"woodland","source":"generated","method":"jittered grid inside mapped woodland polygons","decorative":true,"surveyed":false,"confidence":"none","order":583},"geometry":{"type":"Point","coordinates":[-77.0804983,38.7163326]}},{"type":"Feature","properties":{"sprite":"tree-pine","scale":0.96,"cover":"woodland","source":"generated","method":"jittered grid inside mapped woodland polygons","decorative":true,"surveyed":false,"confidence":"none","order":584},"geometry":{"type":"Point","coordinates":[-77.0780436,38.7163281]}},{"type":"Feature","properties":{"sprite":"tree-oak","scale":0.81,"cover":"woodland","source":"generated","method":"jittered grid inside mapped woodland polygons","decorative":true,"surveyed":false,"confidence":"none","order":585},"geometry":{"type":"Point","coordinates":[-77.0896345,38.7163262]}},{"type":"Feature","properties":{"sprite":"tree-oak","scale":0.83,"cover":"woodland","source":"generated","method":"jittered grid inside mapped woodland polygons","decorative":true,"surveyed":false,"confidence":"none","order":586},"geometry":{"type":"Point","coordinates":[-77.0950061,38.7163228]}},{"type":"Feature","properties":{"sprite":"tree-pine","scale":1.02,"cover":"woodland","source":"generated","method":"jittered grid inside mapped woodland polygons","decorative":true,"surveyed":false,"confidence":"none","order":587},"geometry":{"type":"Point","coordinates":[-77.0772261,38.716322]}},{"type":"Feature","properties":{"sprite":"tree-elm","scale":0.84,"cover":"woodland","source":"generated","method":"jittered grid inside mapped woodland polygons","decorative":true,"surveyed":false,"confidence":"none","order":588},"geometry":{"type":"Point","coordinates":[-77.0766688,38.7163214]}},{"type":"Feature","properties":{"sprite":"tree-elm","scale":0.99,"cover":"woodland","source":"generated","method":"jittered grid inside mapped woodland polygons","decorative":true,"surveyed":false,"confidence":"none","order":589},"geometry":{"type":"Point","coordinates":[-77.0842149,38.7163211]}},{"type":"Feature","properties":{"sprite":"tree-elm","scale":1.08,"cover":"woodland","source":"generated","method":"jittered grid inside mapped woodland polygons","decorative":true,"surveyed":false,"confidence":"none","order":590},"geometry":{"type":"Point","coordinates":[-77.089347,38.71632]}},{"type":"Feature","properties":{"sprite":"tree-oak","scale":0.88,"cover":"woodland","source":"generated","method":"jittered grid inside mapped woodland polygons","decorative":true,"surveyed":false,"confidence":"none","order":591},"geometry":{"type":"Point","coordinates":[-77.0947381,38.7163155]}},{"type":"Feature","properties":{"sprite":"tree-shrub","scale":0.97,"cover":"woodland","source":"generated","method":"jittered grid inside mapped woodland polygons","decorative":true,"surveyed":false,"confidence":"none","order":592},"geometry":{"type":"Point","coordinates":[-77.0879448,38.7163151]}},{"type":"Feature","properties":{"sprite":"tree-pine","scale":1.07,"cover":"woodland","source":"generated","method":"jittered grid inside mapped woodland polygons","decorative":true,"surveyed":false,"confidence":"none","order":593},"geometry":{"type":"Point","coordinates":[-77.0785989,38.716315]}},{"type":"Feature","properties":{"sprite":"tree-pine","scale":1.15,"cover":"woodland","source":"generated","method":"jittered grid inside mapped woodland polygons","decorative":true,"surveyed":false,"confidence":"none","order":594},"geometry":{"type":"Point","coordinates":[-77.0701712,38.7163138]}},{"type":"Feature","properties":{"sprite":"tree-shrub","scale":0.91,"cover":"woodland","source":"generated","method":"jittered grid inside mapped woodland polygons","decorative":true,"surveyed":false,"confidence":"none","order":595},"geometry":{"type":"Point","coordinates":[-77.081472,38.7163125]}},{"type":"Feature","properties":{"sprite":"tree-elm","scale":1.22,"cover":"woodland","source":"generated","method":"jittered grid inside mapped woodland polygons","decorative":true,"surveyed":false,"confidence":"none","order":596},"geometry":{"type":"Point","coordinates":[-77.0820978,38.7163119]}},{"type":"Feature","properties":{"sprite":"tree-oak","scale":0.93,"cover":"woodland","source":"generated","method":"jittered grid inside mapped woodland polygons","decorative":true,"surveyed":false,"confidence":"none","order":597},"geometry":{"type":"Point","coordinates":[-77.0823576,38.7163106]}},{"type":"Feature","properties":{"sprite":"tree-oak","scale":0.82,"cover":"woodland","source":"generated","method":"jittered grid inside mapped woodland polygons","decorative":true,"surveyed":false,"confidence":"none","order":598},"geometry":{"type":"Point","coordinates":[-77.0956624,38.716306]}},{"type":"Feature","properties":{"sprite":"tree-oak","scale":0.96,"cover":"woodland","source":"generated","method":"jittered grid inside mapped woodland polygons","decorative":true,"surveyed":false,"confidence":"none","order":599},"geometry":{"type":"Point","coordinates":[-77.08339,38.7163055]}},{"type":"Feature","properties":{"sprite":"tree-pine","scale":0.88,"cover":"woodland","source":"generated","method":"jittered grid inside mapped woodland polygons","decorative":true,"surveyed":false,"confidence":"none","order":600},"geometry":{"type":"Point","coordinates":[-77.0957903,38.7162994]}},{"type":"Feature","properties":{"sprite":"tree-oak","scale":1.18,"cover":"woodland","source":"generated","method":"jittered grid inside mapped woodland polygons","decorative":true,"surveyed":false,"confidence":"none","order":601},"geometry":{"type":"Point","coordinates":[-77.070383,38.7162968]}},{"type":"Feature","properties":{"sprite":"tree-pine","scale":0.79,"cover":"woodland","source":"generated","method":"jittered grid inside mapped woodland polygons","decorative":true,"surveyed":false,"confidence":"none","order":602},"geometry":{"type":"Point","coordinates":[-77.0927539,38.7162967]}},{"type":"Feature","properties":{"sprite":"tree-oak","scale":0.91,"cover":"woodland","source":"generated","method":"jittered grid inside mapped woodland polygons","decorative":true,"surveyed":false,"confidence":"none","order":603},"geometry":{"type":"Point","coordinates":[-77.090365,38.7162901]}},{"type":"Feature","properties":{"sprite":"tree-oak","scale":0.93,"cover":"woodland","source":"generated","method":"jittered grid inside mapped woodland polygons","decorative":true,"surveyed":false,"confidence":"none","order":604},"geometry":{"type":"Point","coordinates":[-77.0808836,38.7162838]}},{"type":"Feature","properties":{"sprite":"tree-shrub","scale":0.92,"cover":"woodland","source":"generated","method":"jittered grid inside mapped woodland polygons","decorative":true,"surveyed":false,"confidence":"none","order":605},"geometry":{"type":"Point","coordinates":[-77.0847116,38.7162829]}},{"type":"Feature","properties":{"sprite":"tree-shrub","scale":0.98,"cover":"woodland","source":"generated","method":"jittered grid inside mapped woodland polygons","decorative":true,"surveyed":false,"confidence":"none","order":606},"geometry":{"type":"Point","coordinates":[-77.0942383,38.7162815]}},{"type":"Feature","properties":{"sprite":"tree-shrub","scale":1.08,"cover":"woodland","source":"generated","method":"jittered grid inside mapped woodland polygons","decorative":true,"surveyed":false,"confidence":"none","order":607},"geometry":{"type":"Point","coordinates":[-77.0916917,38.7162772]}},{"type":"Feature","properties":{"sprite":"tree-oak","scale":1.22,"cover":"woodland","source":"generated","method":"jittered grid inside mapped woodland polygons","decorative":true,"surveyed":false,"confidence":"none","order":608},"geometry":{"type":"Point","coordinates":[-77.0697133,38.7162767]}},{"type":"Feature","properties":{"sprite":"tree-elm","scale":0.99,"cover":"woodland","source":"generated","method":"jittered grid inside mapped woodland polygons","decorative":true,"surveyed":false,"confidence":"none","order":609},"geometry":{"type":"Point","coordinates":[-77.1080309,38.7162752]}},{"type":"Feature","properties":{"sprite":"tree-oak","scale":0.92,"cover":"woodland","source":"generated","method":"jittered grid inside mapped woodland polygons","decorative":true,"surveyed":false,"confidence":"none","order":610},"geometry":{"type":"Point","coordinates":[-77.0901067,38.7162741]}},{"type":"Feature","properties":{"sprite":"tree-pine","scale":1.04,"cover":"woodland","source":"generated","method":"jittered grid inside mapped woodland polygons","decorative":true,"surveyed":false,"confidence":"none","order":611},"geometry":{"type":"Point","coordinates":[-77.087811,38.7162726]}},{"type":"Feature","properties":{"sprite":"tree-oak","scale":1.2,"cover":"woodland","source":"generated","method":"jittered grid inside mapped woodland polygons","decorative":true,"surveyed":false,"confidence":"none","order":612},"geometry":{"type":"Point","coordinates":[-77.0850446,38.7162704]}},{"type":"Feature","properties":{"sprite":"tree-oak","scale":1.12,"cover":"woodland","source":"generated","method":"jittered grid inside mapped woodland polygons","decorative":true,"surveyed":false,"confidence":"none","order":613},"geometry":{"type":"Point","coordinates":[-77.0886532,38.7162702]}},{"type":"Feature","properties":{"sprite":"tree-elm","scale":0.92,"cover":"woodland","source":"generated","method":"jittered grid inside mapped woodland polygons","decorative":true,"surveyed":false,"confidence":"none","order":614},"geometry":{"type":"Point","coordinates":[-77.0914061,38.71627]}},{"type":"Feature","properties":{"sprite":"tree-pine","scale":1.15,"cover":"woodland","source":"generated","method":"jittered grid inside mapped woodland polygons","decorative":true,"surveyed":false,"confidence":"none","order":615},"geometry":{"type":"Point","coordinates":[-77.0840186,38.7162688]}},{"type":"Feature","properties":{"sprite":"tree-elm","scale":0.8,"cover":"woodland","source":"generated","method":"jittered grid inside mapped woodland polygons","decorative":true,"surveyed":false,"confidence":"none","order":616},"geometry":{"type":"Point","coordinates":[-77.0781373,38.7162665]}},{"type":"Feature","properties":{"sprite":"tree-elm","scale":0.82,"cover":"woodland","source":"generated","method":"jittered grid inside mapped woodland polygons","decorative":true,"surveyed":false,"confidence":"none","order":617},"geometry":{"type":"Point","coordinates":[-77.0777861,38.716266]}},{"type":"Feature","properties":{"sprite":"tree-pine","scale":1.08,"cover":"woodland","source":"generated","method":"jittered grid inside mapped woodland polygons","decorative":true,"surveyed":false,"confidence":"none","order":618},"geometry":{"type":"Point","coordinates":[-77.0931048,38.7162637]}},{"type":"Feature","properties":{"sprite":"tree-shrub","scale":0.79,"cover":"woodland","source":"generated","method":"jittered grid inside mapped woodland polygons","decorative":true,"surveyed":false,"confidence":"none","order":619},"geometry":{"type":"Point","coordinates":[-77.0794816,38.7162617]}},{"type":"Feature","properties":{"sprite":"tree-oak","scale":1.09,"cover":"woodland","source":"generated","method":"jittered grid inside mapped woodland polygons","decorative":true,"surveyed":false,"confidence":"none","order":620},"geometry":{"type":"Point","coordinates":[-77.0898991,38.7162566]}},{"type":"Feature","properties":{"sprite":"tree-shrub","scale":0.94,"cover":"woodland","source":"generated","method":"jittered grid inside mapped woodland polygons","decorative":true,"surveyed":false,"confidence":"none","order":621},"geometry":{"type":"Point","coordinates":[-77.0830283,38.7162555]}},{"type":"Feature","properties":{"sprite":"tree-shrub","scale":1.04,"cover":"woodland","source":"generated","method":"jittered grid inside mapped woodland polygons","decorative":true,"surveyed":false,"confidence":"none","order":622},"geometry":{"type":"Point","coordinates":[-77.078419,38.7162552]}},{"type":"Feature","properties":{"sprite":"tree-elm","scale":1.2,"cover":"woodland","source":"generated","method":"jittered grid inside mapped woodland polygons","decorative":true,"surveyed":false,"confidence":"none","order":623},"geometry":{"type":"Point","coordinates":[-77.0933988,38.7162552]}},{"type":"Feature","properties":{"sprite":"tree-elm","scale":1.16,"cover":"woodland","source":"generated","method":"jittered grid inside mapped woodland polygons","decorative":true,"surveyed":false,"confidence":"none","order":624},"geometry":{"type":"Point","coordinates":[-77.1084776,38.7162451]}},{"type":"Feature","properties":{"sprite":"tree-oak","scale":1.13,"cover":"woodland","source":"generated","method":"jittered grid inside mapped woodland polygons","decorative":true,"surveyed":false,"confidence":"none","order":625},"geometry":{"type":"Point","coordinates":[-77.0779559,38.7162332]}},{"type":"Feature","properties":{"sprite":"tree-oak","scale":0.83,"cover":"woodland","source":"generated","method":"jittered grid inside mapped woodland polygons","decorative":true,"surveyed":false,"confidence":"none","order":626},"geometry":{"type":"Point","coordinates":[-77.0911551,38.7162246]}},{"type":"Feature","properties":{"sprite":"tree-elm","scale":1.21,"cover":"woodland","source":"generated","method":"jittered grid inside mapped woodland polygons","decorative":true,"surveyed":false,"confidence":"none","order":627},"geometry":{"type":"Point","coordinates":[-77.0887824,38.7162232]}},{"type":"Feature","properties":{"sprite":"tree-oak","scale":1.07,"cover":"woodland","source":"generated","method":"jittered grid inside mapped woodland polygons","decorative":true,"surveyed":false,"confidence":"none","order":628},"geometry":{"type":"Point","coordinates":[-77.0926255,38.7162215]}},{"type":"Feature","properties":{"sprite":"tree-shrub","scale":0.94,"cover":"woodland","source":"generated","method":"jittered grid inside mapped woodland polygons","decorative":true,"surveyed":false,"confidence":"none","order":629},"geometry":{"type":"Point","coordinates":[-77.1082979,38.7162192]}},{"type":"Feature","properties":{"sprite":"tree-pine","scale":0.86,"cover":"woodland","source":"generated","method":"jittered grid inside mapped woodland polygons","decorative":true,"surveyed":false,"confidence":"none","order":630},"geometry":{"type":"Point","coordinates":[-77.0907659,38.7162191]}},{"type":"Feature","properties":{"sprite":"tree-elm","scale":1.02,"cover":"woodland","source":"generated","method":"jittered grid inside mapped woodland polygons","decorative":true,"surveyed":false,"confidence":"none","order":631},"geometry":{"type":"Point","coordinates":[-77.1071283,38.7162174]}},{"type":"Feature","properties":{"sprite":"tree-oak","scale":0.98,"cover":"woodland","source":"generated","method":"jittered grid inside mapped woodland polygons","decorative":true,"surveyed":false,"confidence":"none","order":632},"geometry":{"type":"Point","coordinates":[-77.0890454,38.7162173]}},{"type":"Feature","properties":{"sprite":"tree-oak","scale":0.88,"cover":"woodland","source":"generated","method":"jittered grid inside mapped woodland polygons","decorative":true,"surveyed":false,"confidence":"none","order":633},"geometry":{"type":"Point","coordinates":[-77.0801586,38.7162092]}},{"type":"Feature","properties":{"sprite":"tree-elm","scale":1.1,"cover":"woodland","source":"generated","method":"jittered grid inside mapped woodland polygons","decorative":true,"surveyed":false,"confidence":"none","order":634},"geometry":{"type":"Point","coordinates":[-77.1077703,38.7162085]}},{"type":"Feature","properties":{"sprite":"tree-pine","scale":1.09,"cover":"woodland","source":"generated","method":"jittered grid inside mapped woodland polygons","decorative":true,"surveyed":false,"confidence":"none","order":635},"geometry":{"type":"Point","coordinates":[-77.0853674,38.7162064]}},{"type":"Feature","properties":{"sprite":"tree-pine","scale":1.07,"cover":"woodland","source":"generated","method":"jittered grid inside mapped woodland polygons","decorative":true,"surveyed":false,"confidence":"none","order":636},"geometry":{"type":"Point","coordinates":[-77.0792335,38.7162043]}},{"type":"Feature","properties":{"sprite":"tree-oak","scale":1.14,"cover":"woodland","source":"generated","method":"jittered grid inside mapped woodland polygons","decorative":true,"surveyed":false,"confidence":"none","order":637},"geometry":{"type":"Point","coordinates":[-77.0763688,38.7162033]}},{"type":"Feature","properties":{"sprite":"tree-elm","scale":0.85,"cover":"woodland","source":"generated","method":"jittered grid inside mapped woodland polygons","decorative":true,"surveyed":false,"confidence":"none","order":638},"geometry":{"type":"Point","coordinates":[-77.0885857,38.716195]}},{"type":"Feature","properties":{"sprite":"tree-oak","scale":0.93,"cover":"woodland","source":"generated","method":"jittered grid inside mapped woodland polygons","decorative":true,"surveyed":false,"confidence":"none","order":639},"geometry":{"type":"Point","coordinates":[-77.0892145,38.7161935]}},{"type":"Feature","properties":{"sprite":"tree-elm","scale":0.87,"cover":"woodland","source":"generated","method":"jittered grid inside mapped woodland polygons","decorative":true,"surveyed":false,"confidence":"none","order":640},"geometry":{"type":"Point","coordinates":[-77.0935612,38.7161893]}},{"type":"Feature","properties":{"sprite":"tree-oak","scale":1.19,"cover":"woodland","source":"generated","method":"jittered grid inside mapped woodland polygons","decorative":true,"surveyed":false,"confidence":"none","order":641},"geometry":{"type":"Point","coordinates":[-77.0867913,38.7161862]}},{"type":"Feature","properties":{"sprite":"tree-shrub","scale":0.9,"cover":"woodland","source":"generated","method":"jittered grid inside mapped woodland polygons","decorative":true,"surveyed":false,"confidence":"none","order":642},"geometry":{"type":"Point","coordinates":[-77.0956601,38.716186]}},{"type":"Feature","properties":{"sprite":"tree-oak","scale":0.84,"cover":"woodland","source":"generated","method":"jittered grid inside mapped woodland polygons","decorative":true,"surveyed":false,"confidence":"none","order":643},"geometry":{"type":"Point","coordinates":[-77.0782085,38.7161849]}},{"type":"Feature","properties":{"sprite":"tree-shrub","scale":0.98,"cover":"woodland","source":"generated","method":"jittered grid inside mapped woodland polygons","decorative":true,"surveyed":false,"confidence":"none","order":644},"geometry":{"type":"Point","coordinates":[-77.0786104,38.7161766]}},{"type":"Feature","properties":{"sprite":"tree-shrub","scale":0.91,"cover":"woodland","source":"generated","method":"jittered grid inside mapped woodland polygons","decorative":true,"surveyed":false,"confidence":"none","order":645},"geometry":{"type":"Point","coordinates":[-77.0829266,38.7161756]}},{"type":"Feature","properties":{"sprite":"tree-oak","scale":0.9,"cover":"woodland","source":"generated","method":"jittered grid inside mapped woodland polygons","decorative":true,"surveyed":false,"confidence":"none","order":646},"geometry":{"type":"Point","coordinates":[-77.0925039,38.7161741]}},{"type":"Feature","properties":{"sprite":"tree-elm","scale":0.86,"cover":"woodland","source":"generated","method":"jittered grid inside mapped woodland polygons","decorative":true,"surveyed":false,"confidence":"none","order":647},"geometry":{"type":"Point","coordinates":[-77.0844759,38.7161731]}},{"type":"Feature","properties":{"sprite":"tree-elm","scale":1.06,"cover":"woodland","source":"generated","method":"jittered grid inside mapped woodland polygons","decorative":true,"surveyed":false,"confidence":"none","order":648},"geometry":{"type":"Point","coordinates":[-77.0795828,38.7161679]}},{"type":"Feature","properties":{"sprite":"tree-oak","scale":1.16,"cover":"woodland","source":"generated","method":"jittered grid inside mapped woodland polygons","decorative":true,"surveyed":false,"confidence":"none","order":649},"geometry":{"type":"Point","coordinates":[-77.069728,38.7161675]}},{"type":"Feature","properties":{"sprite":"tree-oak","scale":1.15,"cover":"woodland","source":"generated","method":"jittered grid inside mapped woodland polygons","decorative":true,"surveyed":false,"confidence":"none","order":650},"geometry":{"type":"Point","coordinates":[-77.0901344,38.7161624]}},{"type":"Feature","properties":{"sprite":"tree-oak","scale":0.91,"cover":"woodland","source":"generated","method":"jittered grid inside mapped woodland polygons","decorative":true,"surveyed":false,"confidence":"none","order":651},"geometry":{"type":"Point","coordinates":[-77.0929553,38.716162]}},{"type":"Feature","properties":{"sprite":"tree-elm","scale":1.21,"cover":"woodland","source":"generated","method":"jittered grid inside mapped woodland polygons","decorative":true,"surveyed":false,"confidence":"none","order":652},"geometry":{"type":"Point","coordinates":[-77.0942104,38.7161618]}},{"type":"Feature","properties":{"sprite":"tree-oak","scale":0.81,"cover":"woodland","source":"generated","method":"jittered grid inside mapped woodland polygons","decorative":true,"surveyed":false,"confidence":"none","order":653},"geometry":{"type":"Point","coordinates":[-77.0921923,38.7161611]}},{"type":"Feature","properties":{"sprite":"tree-pine","scale":0.82,"cover":"woodland","source":"generated","method":"jittered grid inside mapped woodland polygons","decorative":true,"surveyed":false,"confidence":"none","order":654},"geometry":{"type":"Point","coordinates":[-77.0914309,38.7161569]}},{"type":"Feature","properties":{"sprite":"tree-oak","scale":1.08,"cover":"woodland","source":"generated","method":"jittered grid inside mapped woodland polygons","decorative":true,"surveyed":false,"confidence":"none","order":655},"geometry":{"type":"Point","coordinates":[-77.0881053,38.7161559]}},{"type":"Feature","properties":{"sprite":"tree-oak","scale":1.01,"cover":"woodland","source":"generated","method":"jittered grid inside mapped woodland polygons","decorative":true,"surveyed":false,"confidence":"none","order":656},"geometry":{"type":"Point","coordinates":[-77.087637,38.7161547]}},{"type":"Feature","properties":{"sprite":"tree-elm","scale":0.98,"cover":"woodland","source":"generated","method":"jittered grid inside mapped woodland polygons","decorative":true,"surveyed":false,"confidence":"none","order":657},"geometry":{"type":"Point","coordinates":[-77.069897,38.716153]}},{"type":"Feature","properties":{"sprite":"tree-oak","scale":1.19,"cover":"woodland","source":"generated","method":"jittered grid inside mapped woodland polygons","decorative":true,"surveyed":false,"confidence":"none","order":658},"geometry":{"type":"Point","coordinates":[-77.0845956,38.7161406]}},{"type":"Feature","properties":{"sprite":"tree-oak","scale":0.93,"cover":"woodland","source":"generated","method":"jittered grid inside mapped woodland polygons","decorative":true,"surveyed":false,"confidence":"none","order":659},"geometry":{"type":"Point","coordinates":[-77.086223,38.7161383]}},{"type":"Feature","properties":{"sprite":"tree-oak","scale":0.88,"cover":"woodland","source":"generated","method":"jittered grid inside mapped woodland polygons","decorative":true,"surveyed":false,"confidence":"none","order":660},"geometry":{"type":"Point","coordinates":[-77.0917634,38.7161381]}},{"type":"Feature","properties":{"sprite":"tree-elm","scale":1.22,"cover":"woodland","source":"generated","method":"jittered grid inside mapped woodland polygons","decorative":true,"surveyed":false,"confidence":"none","order":661},"geometry":{"type":"Point","coordinates":[-77.0768772,38.7161375]}},{"type":"Feature","properties":{"sprite":"tree-shrub","scale":0.95,"cover":"woodland","source":"generated","method":"jittered grid inside mapped woodland polygons","decorative":true,"surveyed":false,"confidence":"none","order":662},"geometry":{"type":"Point","coordinates":[-77.0767423,38.7161374]}},{"type":"Feature","properties":{"sprite":"tree-elm","scale":0.89,"cover":"woodland","source":"generated","method":"jittered grid inside mapped woodland polygons","decorative":true,"surveyed":false,"confidence":"none","order":663},"geometry":{"type":"Point","coordinates":[-77.0863859,38.7161363]}},{"type":"Feature","properties":{"sprite":"tree-pine","scale":1.14,"cover":"woodland","source":"generated","method":"jittered grid inside mapped woodland polygons","decorative":true,"surveyed":false,"confidence":"none","order":664},"geometry":{"type":"Point","coordinates":[-77.0774367,38.716132]}},{"type":"Feature","properties":{"sprite":"tree-shrub","scale":0.79,"cover":"woodland","source":"generated","method":"jittered grid inside mapped woodland polygons","decorative":true,"surveyed":false,"confidence":"none","order":665},"geometry":{"type":"Point","coordinates":[-77.0836809,38.7161318]}},{"type":"Feature","properties":{"sprite":"tree-pine","scale":0.79,"cover":"woodland","source":"generated","method":"jittered grid inside mapped woodland polygons","decorative":true,"surveyed":false,"confidence":"none","order":666},"geometry":{"type":"Point","coordinates":[-77.0787425,38.7161282]}},{"type":"Feature","properties":{"sprite":"tree-shrub","scale":0.91,"cover":"woodland","source":"generated","method":"jittered grid inside mapped woodland polygons","decorative":true,"surveyed":false,"confidence":"none","order":667},"geometry":{"type":"Point","coordinates":[-77.0878681,38.7161276]}},{"type":"Feature","properties":{"sprite":"tree-oak","scale":0.81,"cover":"woodland","source":"generated","method":"jittered grid inside mapped woodland polygons","decorative":true,"surveyed":false,"confidence":"none","order":668},"geometry":{"type":"Point","coordinates":[-77.0818851,38.7161259]}},{"type":"Feature","properties":{"sprite":"tree-pine","scale":1.21,"cover":"woodland","source":"generated","method":"jittered grid inside mapped woodland polygons","decorative":true,"surveyed":false,"confidence":"none","order":669},"geometry":{"type":"Point","coordinates":[-77.0805828,38.7161215]}},{"type":"Feature","properties":{"sprite":"tree-elm","scale":0.92,"cover":"woodland","source":"generated","method":"jittered grid inside mapped woodland polygons","decorative":true,"surveyed":false,"confidence":"none","order":670},"geometry":{"type":"Point","coordinates":[-77.0952051,38.7161209]}},{"type":"Feature","properties":{"sprite":"tree-elm","scale":1.21,"cover":"woodland","source":"generated","method":"jittered grid inside mapped woodland polygons","decorative":true,"surveyed":false,"confidence":"none","order":671},"geometry":{"type":"Point","coordinates":[-77.0932339,38.7161193]}},{"type":"Feature","properties":{"sprite":"tree-shrub","scale":0.98,"cover":"woodland","source":"generated","method":"jittered grid inside mapped woodland polygons","decorative":true,"surveyed":false,"confidence":"none","order":672},"geometry":{"type":"Point","coordinates":[-77.0841249,38.7161154]}},{"type":"Feature","properties":{"sprite":"tree-pine","scale":1.08,"cover":"woodland","source":"generated","method":"jittered grid inside mapped woodland polygons","decorative":true,"surveyed":false,"confidence":"none","order":673},"geometry":{"type":"Point","coordinates":[-77.1080428,38.7161124]}},{"type":"Feature","properties":{"sprite":"tree-oak","scale":0.94,"cover":"woodland","source":"generated","method":"jittered grid inside mapped woodland polygons","decorative":true,"surveyed":false,"confidence":"none","order":674},"geometry":{"type":"Point","coordinates":[-77.0775938,38.7161117]}},{"type":"Feature","properties":{"sprite":"tree-shrub","scale":1.15,"cover":"woodland","source":"generated","method":"jittered grid inside mapped woodland polygons","decorative":true,"surveyed":false,"confidence":"none","order":675},"geometry":{"type":"Point","coordinates":[-77.0933173,38.7161109]}},{"type":"Feature","properties":{"sprite":"tree-shrub","scale":1.01,"cover":"woodland","source":"generated","method":"jittered grid inside mapped woodland polygons","decorative":true,"surveyed":false,"confidence":"none","order":676},"geometry":{"type":"Point","coordinates":[-77.0705039,38.7161055]}},{"type":"Feature","properties":{"sprite":"tree-shrub","scale":0.94,"cover":"woodland","source":"generated","method":"jittered grid inside mapped woodland polygons","decorative":true,"surveyed":false,"confidence":"none","order":677},"geometry":{"type":"Point","coordinates":[-77.0920359,38.7161026]}},{"type":"Feature","properties":{"sprite":"tree-oak","scale":1.12,"cover":"woodland","source":"generated","method":"jittered grid inside mapped woodland polygons","decorative":true,"surveyed":false,"confidence":"none","order":678},"geometry":{"type":"Point","coordinates":[-77.0949651,38.7161019]}},{"type":"Feature","properties":{"sprite":"tree-oak","scale":0.95,"cover":"woodland","source":"generated","method":"jittered grid inside mapped woodland polygons","decorative":true,"surveyed":false,"confidence":"none","order":679},"geometry":{"type":"Point","coordinates":[-77.089989,38.7160926]}},{"type":"Feature","properties":{"sprite":"tree-pine","scale":0.93,"cover":"woodland","source":"generated","method":"jittered grid inside mapped woodland polygons","decorative":true,"surveyed":false,"confidence":"none","order":680},"geometry":{"type":"Point","coordinates":[-77.0771067,38.7160816]}},{"type":"Feature","properties":{"sprite":"tree-oak","scale":1.09,"cover":"woodland","source":"generated","method":"jittered grid inside mapped woodland polygons","decorative":true,"surveyed":false,"confidence":"none","order":681},"geometry":{"type":"Point","coordinates":[-77.0820012,38.7160811]}},{"type":"Feature","properties":{"sprite":"tree-oak","scale":1.17,"cover":"woodland","source":"generated","method":"jittered grid inside mapped woodland polygons","decorative":true,"surveyed":false,"confidence":"none","order":682},"geometry":{"type":"Point","coordinates":[-77.0804731,38.7160792]}},{"type":"Feature","properties":{"sprite":"tree-shrub","scale":0.99,"cover":"woodland","source":"generated","method":"jittered grid inside mapped woodland polygons","decorative":true,"surveyed":false,"confidence":"none","order":683},"geometry":{"type":"Point","coordinates":[-77.0815469,38.7160774]}},{"type":"Feature","properties":{"sprite":"tree-elm","scale":1.03,"cover":"woodland","source":"generated","method":"jittered grid inside mapped woodland polygons","decorative":true,"surveyed":false,"confidence":"none","order":684},"geometry":{"type":"Point","coordinates":[-77.0906783,38.7160749]}},{"type":"Feature","properties":{"sprite":"tree-shrub","scale":1.21,"cover":"woodland","source":"generated","method":"jittered grid inside mapped woodland polygons","decorative":true,"surveyed":false,"confidence":"none","order":685},"geometry":{"type":"Point","coordinates":[-77.0824414,38.7160738]}},{"type":"Feature","properties":{"sprite":"tree-oak","scale":1.05,"cover":"woodland","source":"generated","method":"jittered grid inside mapped woodland polygons","decorative":true,"surveyed":false,"confidence":"none","order":686},"geometry":{"type":"Point","coordinates":[-77.0711628,38.7160552]}},{"type":"Feature","properties":{"sprite":"tree-elm","scale":0.83,"cover":"woodland","source":"generated","method":"jittered grid inside mapped woodland polygons","decorative":true,"surveyed":false,"confidence":"none","order":687},"geometry":{"type":"Point","coordinates":[-77.0883873,38.7160515]}},{"type":"Feature","properties":{"sprite":"tree-oak","scale":0.81,"cover":"woodland","source":"generated","method":"jittered grid inside mapped woodland polygons","decorative":true,"surveyed":false,"confidence":"none","order":688},"geometry":{"type":"Point","coordinates":[-77.0767455,38.716049]}},{"type":"Feature","properties":{"sprite":"tree-pine","scale":1.15,"cover":"woodland","source":"generated","method":"jittered grid inside mapped woodland polygons","decorative":true,"surveyed":false,"confidence":"none","order":689},"geometry":{"type":"Point","coordinates":[-77.1079414,38.7160485]}},{"type":"Feature","properties":{"sprite":"tree-shrub","scale":1.03,"cover":"woodland","source":"generated","method":"jittered grid inside mapped woodland polygons","decorative":true,"surveyed":false,"confidence":"none","order":690},"geometry":{"type":"Point","coordinates":[-77.0796531,38.7160451]}},{"type":"Feature","properties":{"sprite":"tree-oak","scale":1.21,"cover":"woodland","source":"generated","method":"jittered grid inside mapped woodland polygons","decorative":true,"surveyed":false,"confidence":"none","order":691},"geometry":{"type":"Point","coordinates":[-77.0904602,38.7160442]}},{"type":"Feature","properties":{"sprite":"tree-oak","scale":1.04,"cover":"woodland","source":"generated","method":"jittered grid inside mapped woodland polygons","decorative":true,"surveyed":false,"confidence":"none","order":692},"geometry":{"type":"Point","coordinates":[-77.0794375,38.7160436]}},{"type":"Feature","properties":{"sprite":"tree-oak","scale":1.09,"cover":"woodland","source":"generated","method":"jittered grid inside mapped woodland polygons","decorative":true,"surveyed":false,"confidence":"none","order":693},"geometry":{"type":"Point","coordinates":[-77.0775555,38.7160423]}},{"type":"Feature","properties":{"sprite":"tree-oak","scale":0.92,"cover":"woodland","source":"generated","method":"jittered grid inside mapped woodland polygons","decorative":true,"surveyed":false,"confidence":"none","order":694},"geometry":{"type":"Point","coordinates":[-77.0909352,38.7160364]}},{"type":"Feature","properties":{"sprite":"tree-elm","scale":1.18,"cover":"woodland","source":"generated","method":"jittered grid inside mapped woodland polygons","decorative":true,"surveyed":false,"confidence":"none","order":695},"geometry":{"type":"Point","coordinates":[-77.0703834,38.7160362]}},{"type":"Feature","properties":{"sprite":"tree-oak","scale":0.87,"cover":"woodland","source":"generated","method":"jittered grid inside mapped woodland polygons","decorative":true,"surveyed":false,"confidence":"none","order":696},"geometry":{"type":"Point","coordinates":[-77.0766947,38.7160317]}},{"type":"Feature","properties":{"sprite":"tree-elm","scale":0.95,"cover":"woodland","source":"generated","method":"jittered grid inside mapped woodland polygons","decorative":true,"surveyed":false,"confidence":"none","order":697},"geometry":{"type":"Point","coordinates":[-77.0865322,38.7160276]}},{"type":"Feature","properties":{"sprite":"tree-oak","scale":1.14,"cover":"woodland","source":"generated","method":"jittered grid inside mapped woodland polygons","decorative":true,"surveyed":false,"confidence":"none","order":698},"geometry":{"type":"Point","coordinates":[-77.0843159,38.7160225]}},{"type":"Feature","properties":{"sprite":"tree-elm","scale":0.92,"cover":"woodland","source":"generated","method":"jittered grid inside mapped woodland polygons","decorative":true,"surveyed":false,"confidence":"none","order":699},"geometry":{"type":"Point","coordinates":[-77.0763025,38.7160159]}},{"type":"Feature","properties":{"sprite":"tree-oak","scale":1.06,"cover":"woodland","source":"generated","method":"jittered grid inside mapped woodland polygons","decorative":true,"surveyed":false,"confidence":"none","order":700},"geometry":{"type":"Point","coordinates":[-77.0825632,38.7160093]}},{"type":"Feature","properties":{"sprite":"tree-elm","scale":1.03,"cover":"woodland","source":"generated","method":"jittered grid inside mapped woodland polygons","decorative":true,"surveyed":false,"confidence":"none","order":701},"geometry":{"type":"Point","coordinates":[-77.0784091,38.7160076]}},{"type":"Feature","properties":{"sprite":"tree-pine","scale":1.05,"cover":"woodland","source":"generated","method":"jittered grid inside mapped woodland polygons","decorative":true,"surveyed":false,"confidence":"none","order":702},"geometry":{"type":"Point","coordinates":[-77.0823657,38.7159998]}},{"type":"Feature","properties":{"sprite":"tree-oak","scale":1.0,"cover":"woodland","source":"generated","method":"jittered grid inside mapped woodland polygons","decorative":true,"surveyed":false,"confidence":"none","order":703},"geometry":{"type":"Point","coordinates":[-77.0817719,38.7159997]}},{"type":"Feature","properties":{"sprite":"tree-elm","scale":0.99,"cover":"woodland","source":"generated","method":"jittered grid inside mapped woodland polygons","decorative":true,"surveyed":false,"confidence":"none","order":704},"geometry":{"type":"Point","coordinates":[-77.0877859,38.715992]}},{"type":"Feature","properties":{"sprite":"tree-oak","scale":0.8,"cover":"woodland","source":"generated","method":"jittered grid inside mapped woodland polygons","decorative":true,"surveyed":false,"confidence":"none","order":705},"geometry":{"type":"Point","coordinates":[-77.0839463,38.715992]}},{"type":"Feature","properties":{"sprite":"tree-oak","scale":1.17,"cover":"woodland","source":"generated","method":"jittered grid inside mapped woodland polygons","decorative":true,"surveyed":false,"confidence":"none","order":706},"geometry":{"type":"Point","coordinates":[-77.0923392,38.7159913]}},{"type":"Feature","properties":{"sprite":"tree-shrub","scale":0.87,"cover":"woodland","source":"generated","method":"jittered grid inside mapped woodland polygons","decorative":true,"surveyed":false,"confidence":"none","order":707},"geometry":{"type":"Point","coordinates":[-77.0939248,38.7159873]}},{"type":"Feature","properties":{"sprite":"tree-oak","scale":1.18,"cover":"woodland","source":"generated","method":"jittered grid inside mapped woodland polygons","decorative":true,"surveyed":false,"confidence":"none","order":708},"geometry":{"type":"Point","coordinates":[-77.0702792,38.7159871]}},{"type":"Feature","properties":{"sprite":"tree-shrub","scale":0.94,"cover":"woodland","source":"generated","method":"jittered grid inside mapped woodland polygons","decorative":true,"surveyed":false,"confidence":"none","order":709},"geometry":{"type":"Point","coordinates":[-77.0960106,38.715983]}},{"type":"Feature","properties":{"sprite":"tree-elm","scale":0.93,"cover":"woodland","source":"generated","method":"jittered grid inside mapped woodland polygons","decorative":true,"surveyed":false,"confidence":"none","order":710},"geometry":{"type":"Point","coordinates":[-77.0942075,38.7159828]}},{"type":"Feature","properties":{"sprite":"tree-pine","scale":0.89,"cover":"woodland","source":"generated","method":"jittered grid inside mapped woodland polygons","decorative":true,"surveyed":false,"confidence":"none","order":711},"geometry":{"type":"Point","coordinates":[-77.0934464,38.7159781]}},{"type":"Feature","properties":{"sprite":"tree-pine","scale":1.01,"cover":"woodland","source":"generated","method":"jittered grid inside mapped woodland polygons","decorative":true,"surveyed":false,"confidence":"none","order":712},"geometry":{"type":"Point","coordinates":[-77.095794,38.7159743]}},{"type":"Feature","properties":{"sprite":"tree-pine","scale":1.13,"cover":"woodland","source":"generated","method":"jittered grid inside mapped woodland polygons","decorative":true,"surveyed":false,"confidence":"none","order":713},"geometry":{"type":"Point","coordinates":[-77.0857131,38.7159735]}},{"type":"Feature","properties":{"sprite":"tree-oak","scale":0.99,"cover":"woodland","source":"generated","method":"jittered grid inside mapped woodland polygons","decorative":true,"surveyed":false,"confidence":"none","order":714},"geometry":{"type":"Point","coordinates":[-77.0773749,38.7159707]}},{"type":"Feature","properties":{"sprite":"tree-shrub","scale":1.01,"cover":"woodland","source":"generated","method":"jittered grid inside mapped woodland polygons","decorative":true,"surveyed":false,"confidence":"none","order":715},"geometry":{"type":"Point","coordinates":[-77.0809308,38.71597]}},{"type":"Feature","properties":{"sprite":"tree-oak","scale":1.06,"cover":"woodland","source":"generated","method":"jittered grid inside mapped woodland polygons","decorative":true,"surveyed":false,"confidence":"none","order":716},"geometry":{"type":"Point","coordinates":[-77.0828499,38.7159694]}},{"type":"Feature","properties":{"sprite":"tree-shrub","scale":1.13,"cover":"woodland","source":"generated","method":"jittered grid inside mapped woodland polygons","decorative":true,"surveyed":false,"confidence":"none","order":717},"geometry":{"type":"Point","coordinates":[-77.0916801,38.7159689]}},{"type":"Feature","properties":{"sprite":"tree-pine","scale":0.96,"cover":"woodland","source":"generated","method":"jittered grid inside mapped woodland polygons","decorative":true,"surveyed":false,"confidence":"none","order":718},"geometry":{"type":"Point","coordinates":[-77.090034,38.7159647]}},{"type":"Feature","properties":{"sprite":"tree-elm","scale":1.08,"cover":"woodland","source":"generated","method":"jittered grid inside mapped woodland polygons","decorative":true,"surveyed":false,"confidence":"none","order":719},"geometry":{"type":"Point","coordinates":[-77.0928448,38.7159646]}},{"type":"Feature","properties":{"sprite":"tree-oak","scale":0.87,"cover":"woodland","source":"generated","method":"jittered grid inside mapped woodland polygons","decorative":true,"surveyed":false,"confidence":"none","order":720},"geometry":{"type":"Point","coordinates":[-77.0800158,38.7159625]}},{"type":"Feature","properties":{"sprite":"tree-elm","scale":1.2,"cover":"woodland","source":"generated","method":"jittered grid inside mapped woodland polygons","decorative":true,"surveyed":false,"confidence":"none","order":721},"geometry":{"type":"Point","coordinates":[-77.0845917,38.7159624]}},{"type":"Feature","properties":{"sprite":"tree-oak","scale":1.15,"cover":"woodland","source":"generated","method":"jittered grid inside mapped woodland polygons","decorative":true,"surveyed":false,"confidence":"none","order":722},"geometry":{"type":"Point","coordinates":[-77.1074457,38.715961]}},{"type":"Feature","properties":{"sprite":"tree-oak","scale":1.0,"cover":"woodland","source":"generated","method":"jittered grid inside mapped woodland polygons","decorative":true,"surveyed":false,"confidence":"none","order":723},"geometry":{"type":"Point","coordinates":[-77.091313,38.7159577]}},{"type":"Feature","properties":{"sprite":"tree-elm","scale":1.09,"cover":"woodland","source":"generated","method":"jittered grid inside mapped woodland polygons","decorative":true,"surveyed":false,"confidence":"none","order":724},"geometry":{"type":"Point","coordinates":[-77.081167,38.7159523]}},{"type":"Feature","properties":{"sprite":"tree-shrub","scale":1.19,"cover":"woodland","source":"generated","method":"jittered grid inside mapped woodland polygons","decorative":true,"surveyed":false,"confidence":"none","order":725},"geometry":{"type":"Point","coordinates":[-77.0762462,38.7159515]}},{"type":"Feature","properties":{"sprite":"tree-oak","scale":1.19,"cover":"woodland","source":"generated","method":"jittered grid inside mapped woodland polygons","decorative":true,"surveyed":false,"confidence":"none","order":726},"geometry":{"type":"Point","coordinates":[-77.0861289,38.7159459]}},{"type":"Feature","properties":{"sprite":"tree-oak","scale":1.15,"cover":"woodland","source":"generated","method":"jittered grid inside mapped woodland polygons","decorative":true,"surveyed":false,"confidence":"none","order":727},"geometry":{"type":"Point","coordinates":[-77.0854898,38.7159449]}},{"type":"Feature","properties":{"sprite":"tree-oak","scale":0.83,"cover":"woodland","source":"generated","method":"jittered grid inside mapped woodland polygons","decorative":true,"surveyed":false,"confidence":"none","order":728},"geometry":{"type":"Point","coordinates":[-77.0781436,38.7159445]}},{"type":"Feature","properties":{"sprite":"tree-pine","scale":0.86,"cover":"woodland","source":"generated","method":"jittered grid inside mapped woodland polygons","decorative":true,"surveyed":false,"confidence":"none","order":729},"geometry":{"type":"Point","coordinates":[-77.0955061,38.7159421]}},{"type":"Feature","properties":{"sprite":"tree-oak","scale":1.16,"cover":"woodland","source":"generated","method":"jittered grid inside mapped woodland polygons","decorative":true,"surveyed":false,"confidence":"none","order":730},"geometry":{"type":"Point","coordinates":[-77.0790021,38.7159378]}},{"type":"Feature","properties":{"sprite":"tree-shrub","scale":0.79,"cover":"woodland","source":"generated","method":"jittered grid inside mapped woodland polygons","decorative":true,"surveyed":false,"confidence":"none","order":731},"geometry":{"type":"Point","coordinates":[-77.0868165,38.7159376]}},{"type":"Feature","properties":{"sprite":"tree-shrub","scale":0.94,"cover":"woodland","source":"generated","method":"jittered grid inside mapped woodland polygons","decorative":true,"surveyed":false,"confidence":"none","order":732},"geometry":{"type":"Point","coordinates":[-77.0929797,38.7159375]}},{"type":"Feature","properties":{"sprite":"tree-oak","scale":0.96,"cover":"woodland","source":"generated","method":"jittered grid inside mapped woodland polygons","decorative":true,"surveyed":false,"confidence":"none","order":733},"geometry":{"type":"Point","coordinates":[-77.0920925,38.715932]}},{"type":"Feature","properties":{"sprite":"tree-pine","scale":0.93,"cover":"woodland","source":"generated","method":"jittered grid inside mapped woodland polygons","decorative":true,"surveyed":false,"confidence":"none","order":734},"geometry":{"type":"Point","coordinates":[-77.0902145,38.715929]}},{"type":"Feature","properties":{"sprite":"tree-oak","scale":0.86,"cover":"woodland","source":"generated","method":"jittered grid inside mapped woodland polygons","decorative":true,"surveyed":false,"confidence":"none","order":735},"geometry":{"type":"Point","coordinates":[-77.0798808,38.7159288]}},{"type":"Feature","properties":{"sprite":"tree-shrub","scale":0.92,"cover":"woodland","source":"generated","method":"jittered grid inside mapped woodland polygons","decorative":true,"surveyed":false,"confidence":"none","order":736},"geometry":{"type":"Point","coordinates":[-77.0878855,38.7159237]}},{"type":"Feature","properties":{"sprite":"tree-pine","scale":1.02,"cover":"woodland","source":"generated","method":"jittered grid inside mapped woodland polygons","decorative":true,"surveyed":false,"confidence":"none","order":737},"geometry":{"type":"Point","coordinates":[-77.0706356,38.7159215]}},{"type":"Feature","properties":{"sprite":"tree-pine","scale":1.18,"cover":"woodland","source":"generated","method":"jittered grid inside mapped woodland polygons","decorative":true,"surveyed":false,"confidence":"none","order":738},"geometry":{"type":"Point","coordinates":[-77.0872257,38.7159207]}},{"type":"Feature","properties":{"sprite":"tree-elm","scale":0.97,"cover":"woodland","source":"generated","method":"jittered grid inside mapped woodland polygons","decorative":true,"surveyed":false,"confidence":"none","order":739},"geometry":{"type":"Point","coordinates":[-77.0897841,38.7159203]}},{"type":"Feature","properties":{"sprite":"tree-oak","scale":1.08,"cover":"woodland","source":"generated","method":"jittered grid inside mapped woodland polygons","decorative":true,"surveyed":false,"confidence":"none","order":740},"geometry":{"type":"Point","coordinates":[-77.0925789,38.7159202]}},{"type":"Feature","properties":{"sprite":"tree-oak","scale":1.18,"cover":"woodland","source":"generated","method":"jittered grid inside mapped woodland polygons","decorative":true,"surveyed":false,"confidence":"none","order":741},"geometry":{"type":"Point","coordinates":[-77.0848228,38.7159187]}},{"type":"Feature","properties":{"sprite":"tree-shrub","scale":1.16,"cover":"woodland","source":"generated","method":"jittered grid inside mapped woodland polygons","decorative":true,"surveyed":false,"confidence":"none","order":742},"geometry":{"type":"Point","coordinates":[-77.1077682,38.7159166]}},{"type":"Feature","properties":{"sprite":"tree-elm","scale":1.13,"cover":"woodland","source":"generated","method":"jittered grid inside mapped woodland polygons","decorative":true,"surveyed":false,"confidence":"none","order":743},"geometry":{"type":"Point","coordinates":[-77.1073493,38.7159155]}},{"type":"Feature","properties":{"sprite":"tree-shrub","scale":1.01,"cover":"woodland","source":"generated","method":"jittered grid inside mapped woodland polygons","decorative":true,"surveyed":false,"confidence":"none","order":744},"geometry":{"type":"Point","coordinates":[-77.0770334,38.7159141]}},{"type":"Feature","properties":{"sprite":"tree-elm","scale":0.99,"cover":"woodland","source":"generated","method":"jittered grid inside mapped woodland polygons","decorative":true,"surveyed":false,"confidence":"none","order":745},"geometry":{"type":"Point","coordinates":[-77.0937437,38.7159133]}},{"type":"Feature","properties":{"sprite":"tree-oak","scale":1.08,"cover":"woodland","source":"generated","method":"jittered grid inside mapped woodland polygons","decorative":true,"surveyed":false,"confidence":"none","order":746},"geometry":{"type":"Point","coordinates":[-77.0870003,38.7159126]}},{"type":"Feature","properties":{"sprite":"tree-elm","scale":0.97,"cover":"woodland","source":"generated","method":"jittered grid inside mapped woodland polygons","decorative":true,"surveyed":false,"confidence":"none","order":747},"geometry":{"type":"Point","coordinates":[-77.0890849,38.71591]}},{"type":"Feature","properties":{"sprite":"tree-pine","scale":1.0,"cover":"woodland","source":"generated","method":"jittered grid inside mapped woodland polygons","decorative":true,"surveyed":false,"confidence":"none","order":748},"geometry":{"type":"Point","coordinates":[-77.0833347,38.7159087]}},{"type":"Feature","properties":{"sprite":"tree-shrub","scale":1.06,"cover":"woodland","source":"generated","method":"jittered grid inside mapped woodland polygons","decorative":true,"surveyed":false,"confidence":"none","order":749},"geometry":{"type":"Point","coordinates":[-77.0837242,38.7159076]}},{"type":"Feature","properties":{"sprite":"tree-oak","scale":1.2,"cover":"woodland","source":"generated","method":"jittered grid inside mapped woodland polygons","decorative":true,"surveyed":false,"confidence":"none","order":750},"geometry":{"type":"Point","coordinates":[-77.088827,38.7158997]}},{"type":"Feature","properties":{"sprite":"tree-oak","scale":1.2,"cover":"woodland","source":"generated","method":"jittered grid inside mapped woodland polygons","decorative":true,"surveyed":false,"confidence":"none","order":751},"geometry":{"type":"Point","coordinates":[-77.0699243,38.715895]}},{"type":"Feature","properties":{"sprite":"tree-pine","scale":0.92,"cover":"woodland","source":"generated","method":"jittered grid inside mapped woodland polygons","decorative":true,"surveyed":false,"confidence":"none","order":752},"geometry":{"type":"Point","coordinates":[-77.0802852,38.7158945]}},{"type":"Feature","properties":{"sprite":"tree-elm","scale":0.88,"cover":"woodland","source":"generated","method":"jittered grid inside mapped woodland polygons","decorative":true,"surveyed":false,"confidence":"none","order":753},"geometry":{"type":"Point","coordinates":[-77.0893697,38.7158935]}},{"type":"Feature","properties":{"sprite":"tree-shrub","scale":1.01,"cover":"woodland","source":"generated","method":"jittered grid inside mapped woodland polygons","decorative":true,"surveyed":false,"confidence":"none","order":754},"geometry":{"type":"Point","coordinates":[-77.1085118,38.7158731]}},{"type":"Feature","properties":{"sprite":"tree-pine","scale":1.06,"cover":"woodland","source":"generated","method":"jittered grid inside mapped woodland polygons","decorative":true,"surveyed":false,"confidence":"none","order":755},"geometry":{"type":"Point","coordinates":[-77.0845607,38.7158713]}},{"type":"Feature","properties":{"sprite":"tree-oak","scale":0.83,"cover":"woodland","source":"generated","method":"jittered grid inside mapped woodland polygons","decorative":true,"surveyed":false,"confidence":"none","order":756},"geometry":{"type":"Point","coordinates":[-77.0843675,38.7158706]}},{"type":"Feature","properties":{"sprite":"tree-oak","scale":1.18,"cover":"woodland","source":"generated","method":"jittered grid inside mapped woodland polygons","decorative":true,"surveyed":false,"confidence":"none","order":757},"geometry":{"type":"Point","coordinates":[-77.1080632,38.7158692]}},{"type":"Feature","properties":{"sprite":"tree-shrub","scale":0.8,"cover":"woodland","source":"generated","method":"jittered grid inside mapped woodland polygons","decorative":true,"surveyed":false,"confidence":"none","order":758},"geometry":{"type":"Point","coordinates":[-77.0802484,38.715866]}},{"type":"Feature","properties":{"sprite":"tree-shrub","scale":1.15,"cover":"woodland","source":"generated","method":"jittered grid inside mapped woodland polygons","decorative":true,"surveyed":false,"confidence":"none","order":759},"geometry":{"type":"Point","coordinates":[-77.0774896,38.7158658]}},{"type":"Feature","properties":{"sprite":"tree-oak","scale":1.16,"cover":"woodland","source":"generated","method":"jittered grid inside mapped woodland polygons","decorative":true,"surveyed":false,"confidence":"none","order":760},"geometry":{"type":"Point","coordinates":[-77.0766885,38.7158641]}},{"type":"Feature","properties":{"sprite":"tree-shrub","scale":0.8,"cover":"woodland","source":"generated","method":"jittered grid inside mapped woodland polygons","decorative":true,"surveyed":false,"confidence":"none","order":761},"geometry":{"type":"Point","coordinates":[-77.0940597,38.7158627]}},{"type":"Feature","properties":{"sprite":"tree-elm","scale":1.2,"cover":"woodland","source":"generated","method":"jittered grid inside mapped woodland polygons","decorative":true,"surveyed":false,"confidence":"none","order":762},"geometry":{"type":"Point","coordinates":[-77.0807685,38.7158622]}},{"type":"Feature","properties":{"sprite":"tree-oak","scale":1.02,"cover":"woodland","source":"generated","method":"jittered grid inside mapped woodland polygons","decorative":true,"surveyed":false,"confidence":"none","order":763},"geometry":{"type":"Point","coordinates":[-77.0703489,38.7158619]}},{"type":"Feature","properties":{"sprite":"tree-oak","scale":0.9,"cover":"woodland","source":"generated","method":"jittered grid inside mapped woodland polygons","decorative":true,"surveyed":false,"confidence":"none","order":764},"geometry":{"type":"Point","coordinates":[-77.077647,38.7158564]}},{"type":"Feature","properties":{"sprite":"tree-shrub","scale":1.11,"cover":"woodland","source":"generated","method":"jittered grid inside mapped woodland polygons","decorative":true,"surveyed":false,"confidence":"none","order":765},"geometry":{"type":"Point","coordinates":[-77.0785065,38.7158562]}},{"type":"Feature","properties":{"sprite":"tree-pine","scale":1.14,"cover":"woodland","source":"generated","method":"jittered grid inside mapped woodland polygons","decorative":true,"surveyed":false,"confidence":"none","order":766},"geometry":{"type":"Point","coordinates":[-77.0956638,38.7158559]}},{"type":"Feature","properties":{"sprite":"tree-oak","scale":0.83,"cover":"woodland","source":"generated","method":"jittered grid inside mapped woodland polygons","decorative":true,"surveyed":false,"confidence":"none","order":767},"geometry":{"type":"Point","coordinates":[-77.08591,38.715855]}},{"type":"Feature","properties":{"sprite":"tree-pine","scale":1.21,"cover":"woodland","source":"generated","method":"jittered grid inside mapped woodland polygons","decorative":true,"surveyed":false,"confidence":"none","order":768},"geometry":{"type":"Point","coordinates":[-77.0920783,38.7158518]}},{"type":"Feature","properties":{"sprite":"tree-shrub","scale":1.13,"cover":"woodland","source":"generated","method":"jittered grid inside mapped woodland polygons","decorative":true,"surveyed":false,"confidence":"none","order":769},"geometry":{"type":"Point","coordinates":[-77.0794343,38.7158507]}},{"type":"Feature","properties":{"sprite":"tree-oak","scale":0.86,"cover":"woodland","source":"generated","method":"jittered grid inside mapped woodland polygons","decorative":true,"surveyed":false,"confidence":"none","order":770},"geometry":{"type":"Point","coordinates":[-77.0848689,38.7158493]}},{"type":"Feature","properties":{"sprite":"tree-shrub","scale":0.83,"cover":"woodland","source":"generated","method":"jittered grid inside mapped woodland polygons","decorative":true,"surveyed":false,"confidence":"none","order":771},"geometry":{"type":"Point","coordinates":[-77.0938906,38.7158433]}},{"type":"Feature","properties":{"sprite":"tree-oak","scale":0.86,"cover":"woodland","source":"generated","method":"jittered grid inside mapped woodland polygons","decorative":true,"surveyed":false,"confidence":"none","order":772},"geometry":{"type":"Point","coordinates":[-77.0871807,38.7158364]}},{"type":"Feature","properties":{"sprite":"tree-elm","scale":0.8,"cover":"woodland","source":"generated","method":"jittered grid inside mapped woodland polygons","decorative":true,"surveyed":false,"confidence":"none","order":773},"geometry":{"type":"Point","coordinates":[-77.0839164,38.7158362]}},{"type":"Feature","properties":{"sprite":"tree-shrub","scale":1.06,"cover":"woodland","source":"generated","method":"jittered grid inside mapped woodland polygons","decorative":true,"surveyed":false,"confidence":"none","order":774},"geometry":{"type":"Point","coordinates":[-77.0954658,38.7158358]}},{"type":"Feature","properties":{"sprite":"tree-oak","scale":1.11,"cover":"woodland","source":"generated","method":"jittered grid inside mapped woodland polygons","decorative":true,"surveyed":false,"confidence":"none","order":775},"geometry":{"type":"Point","coordinates":[-77.0782061,38.7158336]}},{"type":"Feature","properties":{"sprite":"tree-elm","scale":1.2,"cover":"woodland","source":"generated","method":"jittered grid inside mapped woodland polygons","decorative":true,"surveyed":false,"confidence":"none","order":776},"geometry":{"type":"Point","coordinates":[-77.0771904,38.7158305]}},{"type":"Feature","properties":{"sprite":"tree-oak","scale":1.17,"cover":"woodland","source":"generated","method":"jittered grid inside mapped woodland polygons","decorative":true,"surveyed":false,"confidence":"none","order":777},"geometry":{"type":"Point","coordinates":[-77.1082436,38.7158275]}},{"type":"Feature","properties":{"sprite":"tree-elm","scale":1.15,"cover":"woodland","source":"generated","method":"jittered grid inside mapped woodland polygons","decorative":true,"surveyed":false,"confidence":"none","order":778},"geometry":{"type":"Point","coordinates":[-77.0931863,38.715825]}},{"type":"Feature","properties":{"sprite":"tree-pine","scale":1.02,"cover":"woodland","source":"generated","method":"jittered grid inside mapped woodland polygons","decorative":true,"surveyed":false,"confidence":"none","order":779},"geometry":{"type":"Point","coordinates":[-77.0883824,38.7158241]}},{"type":"Feature","properties":{"sprite":"tree-oak","scale":1.11,"cover":"woodland","source":"generated","method":"jittered grid inside mapped woodland polygons","decorative":true,"surveyed":false,"confidence":"none","order":780},"geometry":{"type":"Point","coordinates":[-77.0852854,38.7158204]}},{"type":"Feature","properties":{"sprite":"tree-pine","scale":1.07,"cover":"woodland","source":"generated","method":"jittered grid inside mapped woodland polygons","decorative":true,"surveyed":false,"confidence":"none","order":781},"geometry":{"type":"Point","coordinates":[-77.0779069,38.7158197]}},{"type":"Feature","properties":{"sprite":"tree-pine","scale":0.96,"cover":"woodland","source":"generated","method":"jittered grid inside mapped woodland polygons","decorative":true,"surveyed":false,"confidence":"none","order":782},"geometry":{"type":"Point","coordinates":[-77.0917955,38.715816]}},{"type":"Feature","properties":{"sprite":"tree-shrub","scale":0.99,"cover":"woodland","source":"generated","method":"jittered grid inside mapped woodland polygons","decorative":true,"surveyed":false,"confidence":"none","order":783},"geometry":{"type":"Point","coordinates":[-77.0948592,38.7158129]}},{"type":"Feature","properties":{"sprite":"tree-oak","scale":1.05,"cover":"woodland","source":"generated","method":"jittered grid inside mapped woodland polygons","decorative":true,"surveyed":false,"confidence":"none","order":784},"geometry":{"type":"Point","coordinates":[-77.0856839,38.7158083]}},{"type":"Feature","properties":{"sprite":"tree-elm","scale":0.97,"cover":"woodland","source":"generated","method":"jittered grid inside mapped woodland polygons","decorative":true,"surveyed":false,"confidence":"none","order":785},"geometry":{"type":"Point","coordinates":[-77.070818,38.7158078]}},{"type":"Feature","properties":{"sprite":"tree-shrub","scale":1.06,"cover":"woodland","source":"generated","method":"jittered grid inside mapped woodland polygons","decorative":true,"surveyed":false,"confidence":"none","order":786},"geometry":{"type":"Point","coordinates":[-77.0903082,38.7158062]}},{"type":"Feature","properties":{"sprite":"tree-elm","scale":0.82,"cover":"woodland","source":"generated","method":"jittered grid inside mapped woodland polygons","decorative":true,"surveyed":false,"confidence":"none","order":787},"geometry":{"type":"Point","coordinates":[-77.0905391,38.715806]}},{"type":"Feature","properties":{"sprite":"tree-oak","scale":1.21,"cover":"woodland","source":"generated","method":"jittered grid inside mapped woodland polygons","decorative":true,"surveyed":false,"confidence":"none","order":788},"geometry":{"type":"Point","coordinates":[-77.090952,38.7158047]}},{"type":"Feature","properties":{"sprite":"tree-pine","scale":0.96,"cover":"woodland","source":"generated","method":"jittered grid inside mapped woodland polygons","decorative":true,"surveyed":false,"confidence":"none","order":789},"geometry":{"type":"Point","coordinates":[-77.0910666,38.7158033]}},{"type":"Feature","properties":{"sprite":"tree-oak","scale":0.8,"cover":"woodland","source":"generated","method":"jittered grid inside mapped woodland polygons","decorative":true,"surveyed":false,"confidence":"none","order":790},"geometry":{"type":"Point","coordinates":[-77.092977,38.715802]}},{"type":"Feature","properties":{"sprite":"tree-shrub","scale":0.93,"cover":"woodland","source":"generated","method":"jittered grid inside mapped woodland polygons","decorative":true,"surveyed":false,"confidence":"none","order":791},"geometry":{"type":"Point","coordinates":[-77.0862743,38.7157997]}},{"type":"Feature","properties":{"sprite":"tree-oak","scale":1.19,"cover":"woodland","source":"generated","method":"jittered grid inside mapped woodland polygons","decorative":true,"surveyed":false,"confidence":"none","order":792},"geometry":{"type":"Point","coordinates":[-77.0840632,38.7157926]}},{"type":"Feature","properties":{"sprite":"tree-pine","scale":1.2,"cover":"woodland","source":"generated","method":"jittered grid inside mapped woodland polygons","decorative":true,"surveyed":false,"confidence":"none","order":793},"geometry":{"type":"Point","coordinates":[-77.0887887,38.715788]}},{"type":"Feature","properties":{"sprite":"tree-oak","scale":1.03,"cover":"woodland","source":"generated","method":"jittered grid inside mapped woodland polygons","decorative":true,"surveyed":false,"confidence":"none","order":794},"geometry":{"type":"Point","coordinates":[-77.0791035,38.7157858]}},{"type":"Feature","properties":{"sprite":"tree-oak","scale":0.93,"cover":"woodland","source":"generated","method":"jittered grid inside mapped woodland polygons","decorative":true,"surveyed":false,"confidence":"none","order":795},"geometry":{"type":"Point","coordinates":[-77.0816649,38.7157807]}},{"type":"Feature","properties":{"sprite":"tree-pine","scale":0.95,"cover":"woodland","source":"generated","method":"jittered grid inside mapped woodland polygons","decorative":true,"surveyed":false,"confidence":"none","order":796},"geometry":{"type":"Point","coordinates":[-77.0869251,38.7157762]}},{"type":"Feature","properties":{"sprite":"tree-oak","scale":0.83,"cover":"woodland","source":"generated","method":"jittered grid inside mapped woodland polygons","decorative":true,"surveyed":false,"confidence":"none","order":797},"geometry":{"type":"Point","coordinates":[-77.1074083,38.7157755]}},{"type":"Feature","properties":{"sprite":"tree-oak","scale":1.12,"cover":"woodland","source":"generated","method":"jittered grid inside mapped woodland polygons","decorative":true,"surveyed":false,"confidence":"none","order":798},"geometry":{"type":"Point","coordinates":[-77.0912859,38.7157754]}},{"type":"Feature","properties":{"sprite":"tree-elm","scale":1.04,"cover":"woodland","source":"generated","method":"jittered grid inside mapped woodland polygons","decorative":true,"surveyed":false,"confidence":"none","order":799},"geometry":{"type":"Point","coordinates":[-77.0958104,38.7157729]}},{"type":"Feature","properties":{"sprite":"tree-oak","scale":1.08,"cover":"woodland","source":"generated","method":"jittered grid inside mapped woodland polygons","decorative":true,"surveyed":false,"confidence":"none","order":800},"geometry":{"type":"Point","coordinates":[-77.1078249,38.7157725]}},{"type":"Feature","properties":{"sprite":"tree-pine","scale":1.08,"cover":"woodland","source":"generated","method":"jittered grid inside mapped woodland polygons","decorative":true,"surveyed":false,"confidence":"none","order":801},"geometry":{"type":"Point","coordinates":[-77.0878487,38.7157689]}},{"type":"Feature","properties":{"sprite":"tree-elm","scale":0.91,"cover":"woodland","source":"generated","method":"jittered grid inside mapped woodland polygons","decorative":true,"surveyed":false,"confidence":"none","order":802},"geometry":{"type":"Point","coordinates":[-77.0875349,38.7157684]}},{"type":"Feature","properties":{"sprite":"tree-pine","scale":1.09,"cover":"woodland","source":"generated","method":"jittered grid inside mapped woodland polygons","decorative":true,"surveyed":false,"confidence":"none","order":803},"geometry":{"type":"Point","coordinates":[-77.0885437,38.7157611]}},{"type":"Feature","properties":{"sprite":"tree-elm","scale":0.98,"cover":"woodland","source":"generated","method":"jittered grid inside mapped woodland polygons","decorative":true,"surveyed":false,"confidence":"none","order":804},"geometry":{"type":"Point","coordinates":[-77.0901793,38.7157593]}},{"type":"Feature","properties":{"sprite":"tree-oak","scale":0.79,"cover":"woodland","source":"generated","method":"jittered grid inside mapped woodland polygons","decorative":true,"surveyed":false,"confidence":"none","order":805},"geometry":{"type":"Point","coordinates":[-77.0935507,38.715757]}},{"type":"Feature","properties":{"sprite":"tree-elm","scale":0.79,"cover":"woodland","source":"generated","method":"jittered grid inside mapped woodland polygons","decorative":true,"surveyed":false,"confidence":"none","order":806},"geometry":{"type":"Point","coordinates":[-77.0817608,38.7157553]}},{"type":"Feature","properties":{"sprite":"tree-shrub","scale":0.99,"cover":"woodland","source":"generated","method":"jittered grid inside mapped woodland polygons","decorative":true,"surveyed":false,"confidence":"none","order":807},"geometry":{"type":"Point","coordinates":[-77.0895538,38.715754]}},{"type":"Feature","properties":{"sprite":"tree-elm","scale":1.04,"cover":"woodland","source":"generated","method":"jittered grid inside mapped woodland polygons","decorative":true,"surveyed":false,"confidence":"none","order":808},"geometry":{"type":"Point","coordinates":[-77.0893217,38.7157536]}},{"type":"Feature","properties":{"sprite":"tree-pine","scale":0.8,"cover":"woodland","source":"generated","method":"jittered grid inside mapped woodland polygons","decorative":true,"surveyed":false,"confidence":"none","order":809},"geometry":{"type":"Point","coordinates":[-77.0825,38.7157448]}},{"type":"Feature","properties":{"sprite":"tree-pine","scale":1.17,"cover":"woodland","source":"generated","method":"jittered grid inside mapped woodland polygons","decorative":true,"surveyed":false,"confidence":"none","order":810},"geometry":{"type":"Point","coordinates":[-77.083739,38.7157435]}},{"type":"Feature","properties":{"sprite":"tree-elm","scale":0.99,"cover":"woodland","source":"generated","method":"jittered grid inside mapped woodland polygons","decorative":true,"surveyed":false,"confidence":"none","order":811},"geometry":{"type":"Point","coordinates":[-77.0879982,38.7157432]}},{"type":"Feature","properties":{"sprite":"tree-shrub","scale":0.85,"cover":"woodland","source":"generated","method":"jittered grid inside mapped woodland polygons","decorative":true,"surveyed":false,"confidence":"none","order":812},"geometry":{"type":"Point","coordinates":[-77.0822905,38.7157407]}},{"type":"Feature","properties":{"sprite":"tree-oak","scale":0.83,"cover":"woodland","source":"generated","method":"jittered grid inside mapped woodland polygons","decorative":true,"surveyed":false,"confidence":"none","order":813},"geometry":{"type":"Point","coordinates":[-77.0831828,38.7157351]}},{"type":"Feature","properties":{"sprite":"tree-oak","scale":1.01,"cover":"woodland","source":"generated","method":"jittered grid inside mapped woodland polygons","decorative":true,"surveyed":false,"confidence":"none","order":814},"geometry":{"type":"Point","coordinates":[-77.0804376,38.7157311]}},{"type":"Feature","properties":{"sprite":"tree-elm","scale":1.07,"cover":"woodland","source":"generated","method":"jittered grid inside mapped woodland polygons","decorative":true,"surveyed":false,"confidence":"none","order":815},"geometry":{"type":"Point","coordinates":[-77.078349,38.7157296]}},{"type":"Feature","properties":{"sprite":"tree-pine","scale":0.89,"cover":"woodland","source":"generated","method":"jittered grid inside mapped woodland polygons","decorative":true,"surveyed":false,"confidence":"none","order":816},"geometry":{"type":"Point","coordinates":[-77.0830643,38.7157261]}},{"type":"Feature","properties":{"sprite":"tree-shrub","scale":1.14,"cover":"woodland","source":"generated","method":"jittered grid inside mapped woodland polygons","decorative":true,"surveyed":false,"confidence":"none","order":817},"geometry":{"type":"Point","coordinates":[-77.0710124,38.7157227]}},{"type":"Feature","properties":{"sprite":"tree-oak","scale":0.83,"cover":"woodland","source":"generated","method":"jittered grid inside mapped woodland polygons","decorative":true,"surveyed":false,"confidence":"none","order":818},"geometry":{"type":"Point","coordinates":[-77.0934175,38.7157183]}},{"type":"Feature","properties":{"sprite":"tree-pine","scale":0.82,"cover":"woodland","source":"generated","method":"jittered grid inside mapped woodland polygons","decorative":true,"surveyed":false,"confidence":"none","order":819},"geometry":{"type":"Point","coordinates":[-77.0763286,38.7157121]}},{"type":"Feature","properties":{"sprite":"tree-oak","scale":0.83,"cover":"woodland","source":"generated","method":"jittered grid inside mapped woodland polygons","decorative":true,"surveyed":false,"confidence":"none","order":820},"geometry":{"type":"Point","coordinates":[-77.095539,38.7157025]}},{"type":"Feature","properties":{"sprite":"tree-oak","scale":0.85,"cover":"woodland","source":"generated","method":"jittered grid inside mapped woodland polygons","decorative":true,"surveyed":false,"confidence":"none","order":821},"geometry":{"type":"Point","coordinates":[-77.1083391,38.7157022]}},{"type":"Feature","properties":{"sprite":"tree-oak","scale":1.04,"cover":"woodland","source":"generated","method":"jittered grid inside mapped woodland polygons","decorative":true,"surveyed":false,"confidence":"none","order":822},"geometry":{"type":"Point","coordinates":[-77.0701585,38.7157019]}},{"type":"Feature","properties":{"sprite":"tree-pine","scale":1.12,"cover":"woodland","source":"generated","method":"jittered grid inside mapped woodland polygons","decorative":true,"surveyed":false,"confidence":"none","order":823},"geometry":{"type":"Point","coordinates":[-77.0812733,38.715692]}},{"type":"Feature","properties":{"sprite":"tree-elm","scale":0.84,"cover":"woodland","source":"generated","method":"jittered grid inside mapped woodland polygons","decorative":true,"surveyed":false,"confidence":"none","order":824},"geometry":{"type":"Point","coordinates":[-77.0768152,38.7156909]}},{"type":"Feature","properties":{"sprite":"tree-elm","scale":1.1,"cover":"woodland","source":"generated","method":"jittered grid inside mapped woodland polygons","decorative":true,"surveyed":false,"confidence":"none","order":825},"geometry":{"type":"Point","coordinates":[-77.0716251,38.7156855]}},{"type":"Feature","properties":{"sprite":"tree-elm","scale":1.2,"cover":"woodland","source":"generated","method":"jittered grid inside mapped woodland polygons","decorative":true,"surveyed":false,"confidence":"none","order":826},"geometry":{"type":"Point","coordinates":[-77.0873031,38.7156828]}},{"type":"Feature","properties":{"sprite":"tree-shrub","scale":0.99,"cover":"woodland","source":"generated","method":"jittered grid inside mapped woodland polygons","decorative":true,"surveyed":false,"confidence":"none","order":827},"geometry":{"type":"Point","coordinates":[-77.0886863,38.7156806]}},{"type":"Feature","properties":{"sprite":"tree-oak","scale":1.01,"cover":"woodland","source":"generated","method":"jittered grid inside mapped woodland polygons","decorative":true,"surveyed":false,"confidence":"none","order":828},"geometry":{"type":"Point","coordinates":[-77.0803479,38.715679]}},{"type":"Feature","properties":{"sprite":"tree-oak","scale":1.02,"cover":"woodland","source":"generated","method":"jittered grid inside mapped woodland polygons","decorative":true,"surveyed":false,"confidence":"none","order":829},"geometry":{"type":"Point","coordinates":[-77.1076759,38.7156787]}},{"type":"Feature","properties":{"sprite":"tree-pine","scale":0.84,"cover":"woodland","source":"generated","method":"jittered grid inside mapped woodland polygons","decorative":true,"surveyed":false,"confidence":"none","order":830},"geometry":{"type":"Point","coordinates":[-77.0863205,38.7156782]}},{"type":"Feature","properties":{"sprite":"tree-oak","scale":0.83,"cover":"woodland","source":"generated","method":"jittered grid inside mapped woodland polygons","decorative":true,"surveyed":false,"confidence":"none","order":831},"geometry":{"type":"Point","coordinates":[-77.0919964,38.7156776]}},{"type":"Feature","properties":{"sprite":"tree-pine","scale":1.08,"cover":"woodland","source":"generated","method":"jittered grid inside mapped woodland polygons","decorative":true,"surveyed":false,"confidence":"none","order":832},"geometry":{"type":"Point","coordinates":[-77.0868587,38.7156766]}},{"type":"Feature","properties":{"sprite":"tree-oak","scale":0.98,"cover":"woodland","source":"generated","method":"jittered grid inside mapped woodland polygons","decorative":true,"surveyed":false,"confidence":"none","order":833},"geometry":{"type":"Point","coordinates":[-77.0945162,38.7156756]}},{"type":"Feature","properties":{"sprite":"tree-shrub","scale":0.81,"cover":"woodland","source":"generated","method":"jittered grid inside mapped woodland polygons","decorative":true,"surveyed":false,"confidence":"none","order":834},"geometry":{"type":"Point","coordinates":[-77.0932684,38.7156743]}},{"type":"Feature","properties":{"sprite":"tree-shrub","scale":1.14,"cover":"woodland","source":"generated","method":"jittered grid inside mapped woodland polygons","decorative":true,"surveyed":false,"confidence":"none","order":835},"geometry":{"type":"Point","coordinates":[-77.0880525,38.7156726]}},{"type":"Feature","properties":{"sprite":"tree-oak","scale":0.86,"cover":"woodland","source":"generated","method":"jittered grid inside mapped woodland polygons","decorative":true,"surveyed":false,"confidence":"none","order":836},"geometry":{"type":"Point","coordinates":[-77.0703722,38.7156712]}},{"type":"Feature","properties":{"sprite":"tree-pine","scale":1.02,"cover":"woodland","source":"generated","method":"jittered grid inside mapped woodland polygons","decorative":true,"surveyed":false,"confidence":"none","order":837},"geometry":{"type":"Point","coordinates":[-77.0831908,38.7156691]}},{"type":"Feature","properties":{"sprite":"tree-elm","scale":0.8,"cover":"woodland","source":"generated","method":"jittered grid inside mapped woodland polygons","decorative":true,"surveyed":false,"confidence":"none","order":838},"geometry":{"type":"Point","coordinates":[-77.0821092,38.7156687]}},{"type":"Feature","properties":{"sprite":"tree-shrub","scale":1.04,"cover":"woodland","source":"generated","method":"jittered grid inside mapped woodland polygons","decorative":true,"surveyed":false,"confidence":"none","order":839},"geometry":{"type":"Point","coordinates":[-77.0719384,38.7156672]}},{"type":"Feature","properties":{"sprite":"tree-shrub","scale":1.12,"cover":"woodland","source":"generated","method":"jittered grid inside mapped woodland polygons","decorative":true,"surveyed":false,"confidence":"none","order":840},"geometry":{"type":"Point","coordinates":[-77.0787005,38.7156653]}},{"type":"Feature","properties":{"sprite":"tree-elm","scale":1.05,"cover":"woodland","source":"generated","method":"jittered grid inside mapped woodland polygons","decorative":true,"surveyed":false,"confidence":"none","order":841},"geometry":{"type":"Point","coordinates":[-77.0926822,38.7156574]}},{"type":"Feature","properties":{"sprite":"tree-elm","scale":1.16,"cover":"woodland","source":"generated","method":"jittered grid inside mapped woodland polygons","decorative":true,"surveyed":false,"confidence":"none","order":842},"geometry":{"type":"Point","coordinates":[-77.0912654,38.7156574]}},{"type":"Feature","properties":{"sprite":"tree-shrub","scale":1.12,"cover":"woodland","source":"generated","method":"jittered grid inside mapped woodland polygons","decorative":true,"surveyed":false,"confidence":"none","order":843},"geometry":{"type":"Point","coordinates":[-77.0876365,38.7156469]}},{"type":"Feature","properties":{"sprite":"tree-oak","scale":0.85,"cover":"woodland","source":"generated","method":"jittered grid inside mapped woodland polygons","decorative":true,"surveyed":false,"confidence":"none","order":844},"geometry":{"type":"Point","coordinates":[-77.0848068,38.7156457]}},{"type":"Feature","properties":{"sprite":"tree-shrub","scale":1.08,"cover":"woodland","source":"generated","method":"jittered grid inside mapped woodland polygons","decorative":true,"surveyed":false,"confidence":"none","order":845},"geometry":{"type":"Point","coordinates":[-77.0779741,38.7156445]}},{"type":"Feature","properties":{"sprite":"tree-shrub","scale":1.18,"cover":"woodland","source":"generated","method":"jittered grid inside mapped woodland polygons","decorative":true,"surveyed":false,"confidence":"none","order":846},"geometry":{"type":"Point","coordinates":[-77.0866034,38.7156402]}},{"type":"Feature","properties":{"sprite":"tree-elm","scale":1.16,"cover":"woodland","source":"generated","method":"jittered grid inside mapped woodland polygons","decorative":true,"surveyed":false,"confidence":"none","order":847},"geometry":{"type":"Point","coordinates":[-77.088459,38.7156383]}},{"type":"Feature","properties":{"sprite":"tree-shrub","scale":1.06,"cover":"woodland","source":"generated","method":"jittered grid inside mapped woodland polygons","decorative":true,"surveyed":false,"confidence":"none","order":848},"geometry":{"type":"Point","coordinates":[-77.0817934,38.715638]}},{"type":"Feature","properties":{"sprite":"tree-shrub","scale":1.11,"cover":"woodland","source":"generated","method":"jittered grid inside mapped woodland polygons","decorative":true,"surveyed":false,"confidence":"none","order":849},"geometry":{"type":"Point","coordinates":[-77.0899974,38.7156378]}},{"type":"Feature","properties":{"sprite":"tree-elm","scale":1.02,"cover":"woodland","source":"generated","method":"jittered grid inside mapped woodland polygons","decorative":true,"surveyed":false,"confidence":"none","order":850},"geometry":{"type":"Point","coordinates":[-77.0915503,38.7156334]}},{"type":"Feature","properties":{"sprite":"tree-oak","scale":1.08,"cover":"woodland","source":"generated","method":"jittered grid inside mapped woodland polygons","decorative":true,"surveyed":false,"confidence":"none","order":851},"geometry":{"type":"Point","coordinates":[-77.0910739,38.7156315]}},{"type":"Feature","properties":{"sprite":"tree-shrub","scale":0.83,"cover":"woodland","source":"generated","method":"jittered grid inside mapped woodland polygons","decorative":true,"surveyed":false,"confidence":"none","order":852},"geometry":{"type":"Point","coordinates":[-77.070169,38.7156303]}},{"type":"Feature","properties":{"sprite":"tree-pine","scale":1.12,"cover":"woodland","source":"generated","method":"jittered grid inside mapped woodland polygons","decorative":true,"surveyed":false,"confidence":"none","order":853},"geometry":{"type":"Point","coordinates":[-77.0788486,38.7156303]}},{"type":"Feature","properties":{"sprite":"tree-pine","scale":1.06,"cover":"woodland","source":"generated","method":"jittered grid inside mapped woodland polygons","decorative":true,"surveyed":false,"confidence":"none","order":854},"geometry":{"type":"Point","coordinates":[-77.0810755,38.715625]}},{"type":"Feature","properties":{"sprite":"tree-pine","scale":0.81,"cover":"woodland","source":"generated","method":"jittered grid inside mapped woodland polygons","decorative":true,"surveyed":false,"confidence":"none","order":855},"geometry":{"type":"Point","coordinates":[-77.0916077,38.7156237]}},{"type":"Feature","properties":{"sprite":"tree-shrub","scale":0.93,"cover":"woodland","source":"generated","method":"jittered grid inside mapped woodland polygons","decorative":true,"surveyed":false,"confidence":"none","order":856},"geometry":{"type":"Point","coordinates":[-77.0819942,38.7156162]}},{"type":"Feature","properties":{"sprite":"tree-oak","scale":0.93,"cover":"woodland","source":"generated","method":"jittered grid inside mapped woodland polygons","decorative":true,"surveyed":false,"confidence":"none","order":857},"geometry":{"type":"Point","coordinates":[-77.0854565,38.7156162]}},{"type":"Feature","properties":{"sprite":"tree-shrub","scale":1.17,"cover":"woodland","source":"generated","method":"jittered grid inside mapped woodland polygons","decorative":true,"surveyed":false,"confidence":"none","order":858},"geometry":{"type":"Point","coordinates":[-77.0829082,38.715616]}},{"type":"Feature","properties":{"sprite":"tree-pine","scale":1.22,"cover":"woodland","source":"generated","method":"jittered grid inside mapped woodland polygons","decorative":true,"surveyed":false,"confidence":"none","order":859},"geometry":{"type":"Point","coordinates":[-77.085662,38.7156123]}},{"type":"Feature","properties":{"sprite":"tree-shrub","scale":0.83,"cover":"woodland","source":"generated","method":"jittered grid inside mapped woodland polygons","decorative":true,"surveyed":false,"confidence":"none","order":860},"geometry":{"type":"Point","coordinates":[-77.0824951,38.7156087]}},{"type":"Feature","properties":{"sprite":"tree-shrub","scale":1.1,"cover":"woodland","source":"generated","method":"jittered grid inside mapped woodland polygons","decorative":true,"surveyed":false,"confidence":"none","order":861},"geometry":{"type":"Point","coordinates":[-77.0842809,38.7156067]}},{"type":"Feature","properties":{"sprite":"tree-oak","scale":1.09,"cover":"woodland","source":"generated","method":"jittered grid inside mapped woodland polygons","decorative":true,"surveyed":false,"confidence":"none","order":862},"geometry":{"type":"Point","coordinates":[-77.0844179,38.7156002]}},{"type":"Feature","properties":{"sprite":"tree-oak","scale":0.81,"cover":"woodland","source":"generated","method":"jittered grid inside mapped woodland polygons","decorative":true,"surveyed":false,"confidence":"none","order":863},"geometry":{"type":"Point","coordinates":[-77.0815094,38.7155998]}},{"type":"Feature","properties":{"sprite":"tree-oak","scale":0.86,"cover":"woodland","source":"generated","method":"jittered grid inside mapped woodland polygons","decorative":true,"surveyed":false,"confidence":"none","order":864},"geometry":{"type":"Point","coordinates":[-77.0832998,38.7155986]}},{"type":"Feature","properties":{"sprite":"tree-oak","scale":1.07,"cover":"woodland","source":"generated","method":"jittered grid inside mapped woodland polygons","decorative":true,"surveyed":false,"confidence":"none","order":865},"geometry":{"type":"Point","coordinates":[-77.089042,38.7155979]}},{"type":"Feature","properties":{"sprite":"tree-elm","scale":1.02,"cover":"woodland","source":"generated","method":"jittered grid inside mapped woodland polygons","decorative":true,"surveyed":false,"confidence":"none","order":866},"geometry":{"type":"Point","coordinates":[-77.0795695,38.7155978]}},{"type":"Feature","properties":{"sprite":"tree-oak","scale":0.87,"cover":"woodland","source":"generated","method":"jittered grid inside mapped woodland polygons","decorative":true,"surveyed":false,"confidence":"none","order":867},"geometry":{"type":"Point","coordinates":[-77.0799511,38.7155964]}},{"type":"Feature","properties":{"sprite":"tree-shrub","scale":0.82,"cover":"woodland","source":"generated","method":"jittered grid inside mapped woodland polygons","decorative":true,"surveyed":false,"confidence":"none","order":868},"geometry":{"type":"Point","coordinates":[-77.0894318,38.715593]}},{"type":"Feature","properties":{"sprite":"tree-oak","scale":0.94,"cover":"woodland","source":"generated","method":"jittered grid inside mapped woodland polygons","decorative":true,"surveyed":false,"confidence":"none","order":869},"geometry":{"type":"Point","coordinates":[-77.0950883,38.7155926]}},{"type":"Feature","properties":{"sprite":"tree-elm","scale":1.08,"cover":"woodland","source":"generated","method":"jittered grid inside mapped woodland polygons","decorative":true,"surveyed":false,"confidence":"none","order":870},"geometry":{"type":"Point","coordinates":[-77.0897523,38.7155888]}},{"type":"Feature","properties":{"sprite":"tree-oak","scale":1.22,"cover":"woodland","source":"generated","method":"jittered grid inside mapped woodland polygons","decorative":true,"surveyed":false,"confidence":"none","order":871},"geometry":{"type":"Point","coordinates":[-77.0956593,38.7155886]}},{"type":"Feature","properties":{"sprite":"tree-pine","scale":0.96,"cover":"woodland","source":"generated","method":"jittered grid inside mapped woodland polygons","decorative":true,"surveyed":false,"confidence":"none","order":872},"geometry":{"type":"Point","coordinates":[-77.076375,38.7155883]}},{"type":"Feature","properties":{"sprite":"tree-shrub","scale":0.83,"cover":"woodland","source":"generated","method":"jittered grid inside mapped woodland polygons","decorative":true,"surveyed":false,"confidence":"none","order":873},"geometry":{"type":"Point","coordinates":[-77.0889482,38.7155877]}},{"type":"Feature","properties":{"sprite":"tree-pine","scale":1.15,"cover":"woodland","source":"generated","method":"jittered grid inside mapped woodland polygons","decorative":true,"surveyed":false,"confidence":"none","order":874},"geometry":{"type":"Point","coordinates":[-77.0930467,38.7155826]}},{"type":"Feature","properties":{"sprite":"tree-elm","scale":0.79,"cover":"woodland","source":"generated","method":"jittered grid inside mapped woodland polygons","decorative":true,"surveyed":false,"confidence":"none","order":875},"geometry":{"type":"Point","coordinates":[-77.0783893,38.7155809]}},{"type":"Feature","properties":{"sprite":"tree-oak","scale":0.97,"cover":"woodland","source":"generated","method":"jittered grid inside mapped woodland polygons","decorative":true,"surveyed":false,"confidence":"none","order":876},"geometry":{"type":"Point","coordinates":[-77.0937947,38.7155793]}},{"type":"Feature","properties":{"sprite":"tree-oak","scale":0.93,"cover":"woodland","source":"generated","method":"jittered grid inside mapped woodland polygons","decorative":true,"surveyed":false,"confidence":"none","order":877},"geometry":{"type":"Point","coordinates":[-77.0770073,38.7155778]}},{"type":"Feature","properties":{"sprite":"tree-oak","scale":1.22,"cover":"woodland","source":"generated","method":"jittered grid inside mapped woodland polygons","decorative":true,"surveyed":false,"confidence":"none","order":878},"geometry":{"type":"Point","coordinates":[-77.0715425,38.7155759]}},{"type":"Feature","properties":{"sprite":"tree-shrub","scale":0.79,"cover":"woodland","source":"generated","method":"jittered grid inside mapped woodland polygons","decorative":true,"surveyed":false,"confidence":"none","order":879},"geometry":{"type":"Point","coordinates":[-77.0781473,38.7155755]}},{"type":"Feature","properties":{"sprite":"tree-oak","scale":1.0,"cover":"woodland","source":"generated","method":"jittered grid inside mapped woodland polygons","decorative":true,"surveyed":false,"confidence":"none","order":880},"geometry":{"type":"Point","coordinates":[-77.0712166,38.7155728]}},{"type":"Feature","properties":{"sprite":"tree-shrub","scale":0.9,"cover":"woodland","source":"generated","method":"jittered grid inside mapped woodland polygons","decorative":true,"surveyed":false,"confidence":"none","order":881},"geometry":{"type":"Point","coordinates":[-77.083791,38.715567]}},{"type":"Feature","properties":{"sprite":"tree-oak","scale":0.83,"cover":"woodland","source":"generated","method":"jittered grid inside mapped woodland polygons","decorative":true,"surveyed":false,"confidence":"none","order":882},"geometry":{"type":"Point","coordinates":[-77.1079041,38.715566]}},{"type":"Feature","properties":{"sprite":"tree-elm","scale":0.95,"cover":"woodland","source":"generated","method":"jittered grid inside mapped woodland polygons","decorative":true,"surveyed":false,"confidence":"none","order":883},"geometry":{"type":"Point","coordinates":[-77.0907857,38.7155655]}},{"type":"Feature","properties":{"sprite":"tree-oak","scale":1.09,"cover":"woodland","source":"generated","method":"jittered grid inside mapped woodland polygons","decorative":true,"surveyed":false,"confidence":"none","order":884},"geometry":{"type":"Point","coordinates":[-77.0896157,38.7155581]}},{"type":"Feature","properties":{"sprite":"tree-oak","scale":1.04,"cover":"woodland","source":"generated","method":"jittered grid inside mapped woodland polygons","decorative":true,"surveyed":false,"confidence":"none","order":885},"geometry":{"type":"Point","coordinates":[-77.0773572,38.7155581]}},{"type":"Feature","properties":{"sprite":"tree-elm","scale":1.05,"cover":"woodland","source":"generated","method":"jittered grid inside mapped woodland polygons","decorative":true,"surveyed":false,"confidence":"none","order":886},"geometry":{"type":"Point","coordinates":[-77.0713592,38.715558]}},{"type":"Feature","properties":{"sprite":"tree-oak","scale":0.98,"cover":"woodland","source":"generated","method":"jittered grid inside mapped woodland polygons","decorative":true,"surveyed":false,"confidence":"none","order":887},"geometry":{"type":"Point","coordinates":[-77.0862109,38.7155577]}},{"type":"Feature","properties":{"sprite":"tree-pine","scale":0.85,"cover":"woodland","source":"generated","method":"jittered grid inside mapped woodland polygons","decorative":true,"surveyed":false,"confidence":"none","order":888},"geometry":{"type":"Point","coordinates":[-77.0850491,38.7155573]}},{"type":"Feature","properties":{"sprite":"tree-elm","scale":0.79,"cover":"woodland","source":"generated","method":"jittered grid inside mapped woodland polygons","decorative":true,"surveyed":false,"confidence":"none","order":889},"geometry":{"type":"Point","coordinates":[-77.0882196,38.7155537]}},{"type":"Feature","properties":{"sprite":"tree-pine","scale":0.98,"cover":"woodland","source":"generated","method":"jittered grid inside mapped woodland polygons","decorative":true,"surveyed":false,"confidence":"none","order":890},"geometry":{"type":"Point","coordinates":[-77.0717482,38.7155479]}},{"type":"Feature","properties":{"sprite":"tree-oak","scale":1.13,"cover":"woodland","source":"generated","method":"jittered grid inside mapped woodland polygons","decorative":true,"surveyed":false,"confidence":"none","order":891},"geometry":{"type":"Point","coordinates":[-77.095148,38.7155452]}},{"type":"Feature","properties":{"sprite":"tree-oak","scale":0.79,"cover":"woodland","source":"generated","method":"jittered grid inside mapped woodland polygons","decorative":true,"surveyed":false,"confidence":"none","order":892},"geometry":{"type":"Point","coordinates":[-77.0874386,38.715543]}},{"type":"Feature","properties":{"sprite":"tree-oak","scale":0.98,"cover":"woodland","source":"generated","method":"jittered grid inside mapped woodland polygons","decorative":true,"surveyed":false,"confidence":"none","order":893},"geometry":{"type":"Point","coordinates":[-77.0835096,38.7155402]}},{"type":"Feature","properties":{"sprite":"tree-oak","scale":1.21,"cover":"woodland","source":"generated","method":"jittered grid inside mapped woodland polygons","decorative":true,"surveyed":false,"confidence":"none","order":894},"geometry":{"type":"Point","coordinates":[-77.0708129,38.7155386]}},{"type":"Feature","properties":{"sprite":"tree-oak","scale":1.1,"cover":"woodland","source":"generated","method":"jittered grid inside mapped woodland polygons","decorative":true,"surveyed":false,"confidence":"none","order":895},"geometry":{"type":"Point","coordinates":[-77.0841213,38.7155378]}},{"type":"Feature","properties":{"sprite":"tree-oak","scale":0.82,"cover":"woodland","source":"generated","method":"jittered grid inside mapped woodland polygons","decorative":true,"surveyed":false,"confidence":"none","order":896},"geometry":{"type":"Point","coordinates":[-77.0774737,38.7155323]}},{"type":"Feature","properties":{"sprite":"tree-elm","scale":1.01,"cover":"woodland","source":"generated","method":"jittered grid inside mapped woodland polygons","decorative":true,"surveyed":false,"confidence":"none","order":897},"geometry":{"type":"Point","coordinates":[-77.1076468,38.7155261]}},{"type":"Feature","properties":{"sprite":"tree-pine","scale":1.13,"cover":"woodland","source":"generated","method":"jittered grid inside mapped woodland polygons","decorative":true,"surveyed":false,"confidence":"none","order":898},"geometry":{"type":"Point","coordinates":[-77.0950102,38.7155244]}},{"type":"Feature","properties":{"sprite":"tree-pine","scale":0.95,"cover":"woodland","source":"generated","method":"jittered grid inside mapped woodland polygons","decorative":true,"surveyed":false,"confidence":"none","order":899},"geometry":{"type":"Point","coordinates":[-77.1073457,38.7155072]}},{"type":"Feature","properties":{"sprite":"tree-oak","scale":1.19,"cover":"woodland","source":"generated","method":"jittered grid inside mapped woodland polygons","decorative":true,"surveyed":false,"confidence":"none","order":900},"geometry":{"type":"Point","coordinates":[-77.0918459,38.715506]}},{"type":"Feature","properties":{"sprite":"tree-oak","scale":0.8,"cover":"woodland","source":"generated","method":"jittered grid inside mapped woodland polygons","decorative":true,"surveyed":false,"confidence":"none","order":901},"geometry":{"type":"Point","coordinates":[-77.0844716,38.7155037]}},{"type":"Feature","properties":{"sprite":"tree-pine","scale":0.82,"cover":"woodland","source":"generated","method":"jittered grid inside mapped woodland polygons","decorative":true,"surveyed":false,"confidence":"none","order":902},"geometry":{"type":"Point","coordinates":[-77.088499,38.7155036]}},{"type":"Feature","properties":{"sprite":"tree-elm","scale":0.83,"cover":"woodland","source":"generated","method":"jittered grid inside mapped woodland polygons","decorative":true,"surveyed":false,"confidence":"none","order":903},"geometry":{"type":"Point","coordinates":[-77.0876599,38.7155002]}},{"type":"Feature","properties":{"sprite":"tree-pine","scale":1.02,"cover":"woodland","source":"generated","method":"jittered grid inside mapped woodland polygons","decorative":true,"surveyed":false,"confidence":"none","order":904},"geometry":{"type":"Point","coordinates":[-77.0873978,38.7154987]}},{"type":"Feature","properties":{"sprite":"tree-elm","scale":1.04,"cover":"woodland","source":"generated","method":"jittered grid inside mapped woodland polygons","decorative":true,"surveyed":false,"confidence":"none","order":905},"geometry":{"type":"Point","coordinates":[-77.0849321,38.7154956]}},{"type":"Feature","properties":{"sprite":"tree-oak","scale":1.14,"cover":"woodland","source":"generated","method":"jittered grid inside mapped woodland polygons","decorative":true,"surveyed":false,"confidence":"none","order":906},"geometry":{"type":"Point","coordinates":[-77.0774053,38.7154942]}},{"type":"Feature","properties":{"sprite":"tree-oak","scale":1.05,"cover":"woodland","source":"generated","method":"jittered grid inside mapped woodland polygons","decorative":true,"surveyed":false,"confidence":"none","order":907},"geometry":{"type":"Point","coordinates":[-77.084148,38.7154939]}},{"type":"Feature","properties":{"sprite":"tree-oak","scale":0.98,"cover":"woodland","source":"generated","method":"jittered grid inside mapped woodland polygons","decorative":true,"surveyed":false,"confidence":"none","order":908},"geometry":{"type":"Point","coordinates":[-77.077053,38.715491]}},{"type":"Feature","properties":{"sprite":"tree-oak","scale":1.03,"cover":"woodland","source":"generated","method":"jittered grid inside mapped woodland polygons","decorative":true,"surveyed":false,"confidence":"none","order":909},"geometry":{"type":"Point","coordinates":[-77.0825799,38.7154883]}},{"type":"Feature","properties":{"sprite":"tree-pine","scale":1.12,"cover":"woodland","source":"generated","method":"jittered grid inside mapped woodland polygons","decorative":true,"surveyed":false,"confidence":"none","order":910},"geometry":{"type":"Point","coordinates":[-77.0889201,38.715488]}},{"type":"Feature","properties":{"sprite":"tree-pine","scale":1.21,"cover":"woodland","source":"generated","method":"jittered grid inside mapped woodland polygons","decorative":true,"surveyed":false,"confidence":"none","order":911},"geometry":{"type":"Point","coordinates":[-77.0913979,38.7154833]}},{"type":"Feature","properties":{"sprite":"tree-oak","scale":0.78,"cover":"woodland","source":"generated","method":"jittered grid inside mapped woodland polygons","decorative":true,"surveyed":false,"confidence":"none","order":912},"geometry":{"type":"Point","coordinates":[-77.0789478,38.7154824]}},{"type":"Feature","properties":{"sprite":"tree-elm","scale":1.16,"cover":"woodland","source":"generated","method":"jittered grid inside mapped woodland polygons","decorative":true,"surveyed":false,"confidence":"none","order":913},"geometry":{"type":"Point","coordinates":[-77.0894179,38.7154803]}},{"type":"Feature","properties":{"sprite":"tree-oak","scale":0.86,"cover":"woodland","source":"generated","method":"jittered grid inside mapped woodland polygons","decorative":true,"surveyed":false,"confidence":"none","order":914},"geometry":{"type":"Point","coordinates":[-77.1075857,38.7154778]}},{"type":"Feature","properties":{"sprite":"tree-pine","scale":0.82,"cover":"woodland","source":"generated","method":"jittered grid inside mapped woodland polygons","decorative":true,"surveyed":false,"confidence":"none","order":915},"geometry":{"type":"Point","coordinates":[-77.0920694,38.7154706]}},{"type":"Feature","properties":{"sprite":"tree-oak","scale":0.94,"cover":"woodland","source":"generated","method":"jittered grid inside mapped woodland polygons","decorative":true,"surveyed":false,"confidence":"none","order":916},"geometry":{"type":"Point","coordinates":[-77.0911799,38.7154661]}},{"type":"Feature","properties":{"sprite":"tree-oak","scale":1.18,"cover":"woodland","source":"generated","method":"jittered grid inside mapped woodland polygons","decorative":true,"surveyed":false,"confidence":"none","order":917},"geometry":{"type":"Point","coordinates":[-77.0800077,38.7154639]}},{"type":"Feature","properties":{"sprite":"tree-oak","scale":0.96,"cover":"woodland","source":"generated","method":"jittered grid inside mapped woodland polygons","decorative":true,"surveyed":false,"confidence":"none","order":918},"geometry":{"type":"Point","coordinates":[-77.0781196,38.7154624]}},{"type":"Feature","properties":{"sprite":"tree-oak","scale":1.01,"cover":"woodland","source":"generated","method":"jittered grid inside mapped woodland polygons","decorative":true,"surveyed":false,"confidence":"none","order":919},"geometry":{"type":"Point","coordinates":[-77.0830717,38.7154623]}},{"type":"Feature","properties":{"sprite":"tree-shrub","scale":0.8,"cover":"woodland","source":"generated","method":"jittered grid inside mapped woodland polygons","decorative":true,"surveyed":false,"confidence":"none","order":920},"geometry":{"type":"Point","coordinates":[-77.0955848,38.7154621]}},{"type":"Feature","properties":{"sprite":"tree-oak","scale":1.01,"cover":"woodland","source":"generated","method":"jittered grid inside mapped woodland polygons","decorative":true,"surveyed":false,"confidence":"none","order":921},"geometry":{"type":"Point","coordinates":[-77.0792818,38.7154594]}},{"type":"Feature","properties":{"sprite":"tree-oak","scale":1.03,"cover":"woodland","source":"generated","method":"jittered grid inside mapped woodland polygons","decorative":true,"surveyed":false,"confidence":"none","order":922},"geometry":{"type":"Point","coordinates":[-77.0764968,38.7154579]}},{"type":"Feature","properties":{"sprite":"tree-pine","scale":0.79,"cover":"woodland","source":"generated","method":"jittered grid inside mapped woodland polygons","decorative":true,"surveyed":false,"confidence":"none","order":923},"geometry":{"type":"Point","coordinates":[-77.080592,38.7154549]}},{"type":"Feature","properties":{"sprite":"tree-elm","scale":0.82,"cover":"woodland","source":"generated","method":"jittered grid inside mapped woodland polygons","decorative":true,"surveyed":false,"confidence":"none","order":924},"geometry":{"type":"Point","coordinates":[-77.0925289,38.7154525]}},{"type":"Feature","properties":{"sprite":"tree-oak","scale":1.15,"cover":"woodland","source":"generated","method":"jittered grid inside mapped woodland polygons","decorative":true,"surveyed":false,"confidence":"none","order":925},"geometry":{"type":"Point","coordinates":[-77.0707592,38.7154451]}},{"type":"Feature","properties":{"sprite":"tree-elm","scale":0.98,"cover":"woodland","source":"generated","method":"jittered grid inside mapped woodland polygons","decorative":true,"surveyed":false,"confidence":"none","order":926},"geometry":{"type":"Point","coordinates":[-77.0882619,38.7154434]}},{"type":"Feature","properties":{"sprite":"tree-elm","scale":0.92,"cover":"woodland","source":"generated","method":"jittered grid inside mapped woodland polygons","decorative":true,"surveyed":false,"confidence":"none","order":927},"geometry":{"type":"Point","coordinates":[-77.076356,38.7154403]}},{"type":"Feature","properties":{"sprite":"tree-oak","scale":0.8,"cover":"woodland","source":"generated","method":"jittered grid inside mapped woodland polygons","decorative":true,"surveyed":false,"confidence":"none","order":928},"geometry":{"type":"Point","coordinates":[-77.0846743,38.7154388]}},{"type":"Feature","properties":{"sprite":"tree-oak","scale":1.17,"cover":"woodland","source":"generated","method":"jittered grid inside mapped woodland polygons","decorative":true,"surveyed":false,"confidence":"none","order":929},"geometry":{"type":"Point","coordinates":[-77.0784273,38.7154332]}},{"type":"Feature","properties":{"sprite":"tree-oak","scale":1.18,"cover":"woodland","source":"generated","method":"jittered grid inside mapped woodland polygons","decorative":true,"surveyed":false,"confidence":"none","order":930},"geometry":{"type":"Point","coordinates":[-77.0943672,38.7154325]}},{"type":"Feature","properties":{"sprite":"tree-pine","scale":0.96,"cover":"woodland","source":"generated","method":"jittered grid inside mapped woodland polygons","decorative":true,"surveyed":false,"confidence":"none","order":931},"geometry":{"type":"Point","coordinates":[-77.0721599,38.7154288]}},{"type":"Feature","properties":{"sprite":"tree-oak","scale":0.79,"cover":"woodland","source":"generated","method":"jittered grid inside mapped woodland polygons","decorative":true,"surveyed":false,"confidence":"none","order":932},"geometry":{"type":"Point","coordinates":[-77.0712996,38.7154276]}},{"type":"Feature","properties":{"sprite":"tree-oak","scale":0.84,"cover":"woodland","source":"generated","method":"jittered grid inside mapped woodland polygons","decorative":true,"surveyed":false,"confidence":"none","order":933},"geometry":{"type":"Point","coordinates":[-77.0953988,38.7154226]}},{"type":"Feature","properties":{"sprite":"tree-oak","scale":1.19,"cover":"woodland","source":"generated","method":"jittered grid inside mapped woodland polygons","decorative":true,"surveyed":false,"confidence":"none","order":934},"geometry":{"type":"Point","coordinates":[-77.0815886,38.7154224]}},{"type":"Feature","properties":{"sprite":"tree-oak","scale":1.06,"cover":"woodland","source":"generated","method":"jittered grid inside mapped woodland polygons","decorative":true,"surveyed":false,"confidence":"none","order":935},"geometry":{"type":"Point","coordinates":[-77.0881198,38.7154214]}},{"type":"Feature","properties":{"sprite":"tree-shrub","scale":1.04,"cover":"woodland","source":"generated","method":"jittered grid inside mapped woodland polygons","decorative":true,"surveyed":false,"confidence":"none","order":936},"geometry":{"type":"Point","coordinates":[-77.0869534,38.7154201]}},{"type":"Feature","properties":{"sprite":"tree-pine","scale":0.84,"cover":"woodland","source":"generated","method":"jittered grid inside mapped woodland polygons","decorative":true,"surveyed":false,"confidence":"none","order":937},"geometry":{"type":"Point","coordinates":[-77.0809527,38.7154135]}},{"type":"Feature","properties":{"sprite":"tree-elm","scale":0.86,"cover":"woodland","source":"generated","method":"jittered grid inside mapped woodland polygons","decorative":true,"surveyed":false,"confidence":"none","order":938},"geometry":{"type":"Point","coordinates":[-77.0878907,38.7154131]}},{"type":"Feature","properties":{"sprite":"tree-pine","scale":0.93,"cover":"woodland","source":"generated","method":"jittered grid inside mapped woodland polygons","decorative":true,"surveyed":false,"confidence":"none","order":939},"geometry":{"type":"Point","coordinates":[-77.0905452,38.715413]}},{"type":"Feature","properties":{"sprite":"tree-oak","scale":0.96,"cover":"woodland","source":"generated","method":"jittered grid inside mapped woodland polygons","decorative":true,"surveyed":false,"confidence":"none","order":940},"geometry":{"type":"Point","coordinates":[-77.0901166,38.7154124]}},{"type":"Feature","properties":{"sprite":"tree-oak","scale":1.2,"cover":"woodland","source":"generated","method":"jittered grid inside mapped woodland polygons","decorative":true,"surveyed":false,"confidence":"none","order":941},"geometry":{"type":"Point","coordinates":[-77.088862,38.7154112]}},{"type":"Feature","properties":{"sprite":"tree-oak","scale":0.85,"cover":"woodland","source":"generated","method":"jittered grid inside mapped woodland polygons","decorative":true,"surveyed":false,"confidence":"none","order":942},"geometry":{"type":"Point","coordinates":[-77.0921651,38.7154101]}},{"type":"Feature","properties":{"sprite":"tree-oak","scale":0.8,"cover":"woodland","source":"generated","method":"jittered grid inside mapped woodland polygons","decorative":true,"surveyed":false,"confidence":"none","order":943},"geometry":{"type":"Point","coordinates":[-77.0813104,38.715401]}},{"type":"Feature","properties":{"sprite":"tree-pine","scale":0.96,"cover":"woodland","source":"generated","method":"jittered grid inside mapped woodland polygons","decorative":true,"surveyed":false,"confidence":"none","order":944},"geometry":{"type":"Point","coordinates":[-77.0947057,38.7153983]}},{"type":"Feature","properties":{"sprite":"tree-elm","scale":0.93,"cover":"woodland","source":"generated","method":"jittered grid inside mapped woodland polygons","decorative":true,"surveyed":false,"confidence":"none","order":945},"geometry":{"type":"Point","coordinates":[-77.0926368,38.7153899]}},{"type":"Feature","properties":{"sprite":"tree-shrub","scale":1.21,"cover":"woodland","source":"generated","method":"jittered grid inside mapped woodland polygons","decorative":true,"surveyed":false,"confidence":"none","order":946},"geometry":{"type":"Point","coordinates":[-77.0819846,38.7153894]}},{"type":"Feature","properties":{"sprite":"tree-pine","scale":0.79,"cover":"woodland","source":"generated","method":"jittered grid inside mapped woodland polygons","decorative":true,"surveyed":false,"confidence":"none","order":947},"geometry":{"type":"Point","coordinates":[-77.1075511,38.7153807]}},{"type":"Feature","properties":{"sprite":"tree-elm","scale":1.11,"cover":"woodland","source":"generated","method":"jittered grid inside mapped woodland polygons","decorative":true,"surveyed":false,"confidence":"none","order":948},"geometry":{"type":"Point","coordinates":[-77.0834391,38.7153789]}},{"type":"Feature","properties":{"sprite":"tree-oak","scale":0.88,"cover":"woodland","source":"generated","method":"jittered grid inside mapped woodland polygons","decorative":true,"surveyed":false,"confidence":"none","order":949},"geometry":{"type":"Point","coordinates":[-77.0817903,38.7153768]}},{"type":"Feature","properties":{"sprite":"tree-oak","scale":1.07,"cover":"woodland","source":"generated","method":"jittered grid inside mapped woodland polygons","decorative":true,"surveyed":false,"confidence":"none","order":950},"geometry":{"type":"Point","coordinates":[-77.0831558,38.7153756]}},{"type":"Feature","properties":{"sprite":"tree-pine","scale":0.9,"cover":"woodland","source":"generated","method":"jittered grid inside mapped woodland polygons","decorative":true,"surveyed":false,"confidence":"none","order":951},"geometry":{"type":"Point","coordinates":[-77.0768184,38.7153689]}},{"type":"Feature","properties":{"sprite":"tree-elm","scale":0.91,"cover":"woodland","source":"generated","method":"jittered grid inside mapped woodland polygons","decorative":true,"surveyed":false,"confidence":"none","order":952},"geometry":{"type":"Point","coordinates":[-77.0893495,38.7153677]}},{"type":"Feature","properties":{"sprite":"tree-pine","scale":0.86,"cover":"woodland","source":"generated","method":"jittered grid inside mapped woodland polygons","decorative":true,"surveyed":false,"confidence":"none","order":953},"geometry":{"type":"Point","coordinates":[-77.0939224,38.7153646]}},{"type":"Feature","properties":{"sprite":"tree-shrub","scale":1.14,"cover":"woodland","source":"generated","method":"jittered grid inside mapped woodland polygons","decorative":true,"surveyed":false,"confidence":"none","order":954},"geometry":{"type":"Point","coordinates":[-77.0958281,38.7153614]}},{"type":"Feature","properties":{"sprite":"tree-oak","scale":1.01,"cover":"woodland","source":"generated","method":"jittered grid inside mapped woodland polygons","decorative":true,"surveyed":false,"confidence":"none","order":955},"geometry":{"type":"Point","coordinates":[-77.0778239,38.7153613]}},{"type":"Feature","properties":{"sprite":"tree-pine","scale":0.94,"cover":"woodland","source":"generated","method":"jittered grid inside mapped woodland polygons","decorative":true,"surveyed":false,"confidence":"none","order":956},"geometry":{"type":"Point","coordinates":[-77.083631,38.71536]}},{"type":"Feature","properties":{"sprite":"tree-pine","scale":0.91,"cover":"woodland","source":"generated","method":"jittered grid inside mapped woodland polygons","decorative":true,"surveyed":false,"confidence":"none","order":957},"geometry":{"type":"Point","coordinates":[-77.0860206,38.7153587]}},{"type":"Feature","properties":{"sprite":"tree-elm","scale":1.15,"cover":"woodland","source":"generated","method":"jittered grid inside mapped woodland polygons","decorative":true,"surveyed":false,"confidence":"none","order":958},"geometry":{"type":"Point","coordinates":[-77.0801918,38.7153556]}},{"type":"Feature","properties":{"sprite":"tree-shrub","scale":0.96,"cover":"woodland","source":"generated","method":"jittered grid inside mapped woodland polygons","decorative":true,"surveyed":false,"confidence":"none","order":959},"geometry":{"type":"Point","coordinates":[-77.090935,38.7153552]}},{"type":"Feature","properties":{"sprite":"tree-shrub","scale":1.21,"cover":"woodland","source":"generated","method":"jittered grid inside mapped woodland polygons","decorative":true,"surveyed":false,"confidence":"none","order":960},"geometry":{"type":"Point","coordinates":[-77.1085327,38.7153524]}},{"type":"Feature","properties":{"sprite":"tree-oak","scale":0.92,"cover":"woodland","source":"generated","method":"jittered grid inside mapped woodland polygons","decorative":true,"surveyed":false,"confidence":"none","order":961},"geometry":{"type":"Point","coordinates":[-77.1082859,38.7153518]}},{"type":"Feature","properties":{"sprite":"tree-oak","scale":0.99,"cover":"woodland","source":"generated","method":"jittered grid inside mapped woodland polygons","decorative":true,"surveyed":false,"confidence":"none","order":962},"geometry":{"type":"Point","coordinates":[-77.0839865,38.7153499]}},{"type":"Feature","properties":{"sprite":"tree-pine","scale":1.02,"cover":"woodland","source":"generated","method":"jittered grid inside mapped woodland polygons","decorative":true,"surveyed":false,"confidence":"none","order":963},"geometry":{"type":"Point","coordinates":[-77.0701796,38.7153489]}},{"type":"Feature","properties":{"sprite":"tree-elm","scale":1.04,"cover":"woodland","source":"generated","method":"jittered grid inside mapped woodland polygons","decorative":true,"surveyed":false,"confidence":"none","order":964},"geometry":{"type":"Point","coordinates":[-77.0914829,38.7153488]}},{"type":"Feature","properties":{"sprite":"tree-elm","scale":1.15,"cover":"woodland","source":"generated","method":"jittered grid inside mapped woodland polygons","decorative":true,"surveyed":false,"confidence":"none","order":965},"geometry":{"type":"Point","coordinates":[-77.09403,38.715341]}},{"type":"Feature","properties":{"sprite":"tree-oak","scale":1.15,"cover":"woodland","source":"generated","method":"jittered grid inside mapped woodland polygons","decorative":true,"surveyed":false,"confidence":"none","order":966},"geometry":{"type":"Point","coordinates":[-77.1088855,38.7153351]}},{"type":"Feature","properties":{"sprite":"tree-pine","scale":1.01,"cover":"woodland","source":"generated","method":"jittered grid inside mapped woodland polygons","decorative":true,"surveyed":false,"confidence":"none","order":967},"geometry":{"type":"Point","coordinates":[-77.0884225,38.7153289]}},{"type":"Feature","properties":{"sprite":"tree-oak","scale":1.2,"cover":"woodland","source":"generated","method":"jittered grid inside mapped woodland polygons","decorative":true,"surveyed":false,"confidence":"none","order":968},"geometry":{"type":"Point","coordinates":[-77.1081565,38.7153283]}},{"type":"Feature","properties":{"sprite":"tree-oak","scale":1.01,"cover":"woodland","source":"generated","method":"jittered grid inside mapped woodland polygons","decorative":true,"surveyed":false,"confidence":"none","order":969},"geometry":{"type":"Point","coordinates":[-77.0781653,38.7153262]}},{"type":"Feature","properties":{"sprite":"tree-shrub","scale":0.79,"cover":"woodland","source":"generated","method":"jittered grid inside mapped woodland polygons","decorative":true,"surveyed":false,"confidence":"none","order":970},"geometry":{"type":"Point","coordinates":[-77.082786,38.7153129]}},{"type":"Feature","properties":{"sprite":"tree-oak","scale":1.08,"cover":"woodland","source":"generated","method":"jittered grid inside mapped woodland polygons","decorative":true,"surveyed":false,"confidence":"none","order":971},"geometry":{"type":"Point","coordinates":[-77.0818914,38.7153126]}},{"type":"Feature","properties":{"sprite":"tree-shrub","scale":0.93,"cover":"woodland","source":"generated","method":"jittered grid inside mapped woodland polygons","decorative":true,"surveyed":false,"confidence":"none","order":972},"geometry":{"type":"Point","coordinates":[-77.0832454,38.7153101]}},{"type":"Feature","properties":{"sprite":"tree-pine","scale":1.19,"cover":"woodland","source":"generated","method":"jittered grid inside mapped woodland polygons","decorative":true,"surveyed":false,"confidence":"none","order":973},"geometry":{"type":"Point","coordinates":[-77.0901876,38.7153087]}},{"type":"Feature","properties":{"sprite":"tree-oak","scale":1.07,"cover":"woodland","source":"generated","method":"jittered grid inside mapped woodland polygons","decorative":true,"surveyed":false,"confidence":"none","order":974},"geometry":{"type":"Point","coordinates":[-77.0710571,38.7153079]}},{"type":"Feature","properties":{"sprite":"tree-pine","scale":0.85,"cover":"woodland","source":"generated","method":"jittered grid inside mapped woodland polygons","decorative":true,"surveyed":false,"confidence":"none","order":975},"geometry":{"type":"Point","coordinates":[-77.0906564,38.7152991]}},{"type":"Feature","properties":{"sprite":"tree-shrub","scale":0.87,"cover":"woodland","source":"generated","method":"jittered grid inside mapped woodland polygons","decorative":true,"surveyed":false,"confidence":"none","order":976},"geometry":{"type":"Point","coordinates":[-77.0851931,38.7152974]}},{"type":"Feature","properties":{"sprite":"tree-pine","scale":1.22,"cover":"woodland","source":"generated","method":"jittered grid inside mapped woodland polygons","decorative":true,"surveyed":false,"confidence":"none","order":977},"geometry":{"type":"Point","coordinates":[-77.0793266,38.7152929]}},{"type":"Feature","properties":{"sprite":"tree-pine","scale":1.09,"cover":"woodland","source":"generated","method":"jittered grid inside mapped woodland polygons","decorative":true,"surveyed":false,"confidence":"none","order":978},"geometry":{"type":"Point","coordinates":[-77.0823881,38.7152916]}},{"type":"Feature","properties":{"sprite":"tree-oak","scale":0.8,"cover":"woodland","source":"generated","method":"jittered grid inside mapped woodland polygons","decorative":true,"surveyed":false,"confidence":"none","order":979},"geometry":{"type":"Point","coordinates":[-77.0919631,38.7152887]}},{"type":"Feature","properties":{"sprite":"tree-elm","scale":0.87,"cover":"woodland","source":"generated","method":"jittered grid inside mapped woodland polygons","decorative":true,"surveyed":false,"confidence":"none","order":980},"geometry":{"type":"Point","coordinates":[-77.0866256,38.7152885]}},{"type":"Feature","properties":{"sprite":"tree-elm","scale":0.91,"cover":"woodland","source":"generated","method":"jittered grid inside mapped woodland polygons","decorative":true,"surveyed":false,"confidence":"none","order":981},"geometry":{"type":"Point","coordinates":[-77.1078568,38.715287]}},{"type":"Feature","properties":{"sprite":"tree-shrub","scale":0.98,"cover":"woodland","source":"generated","method":"jittered grid inside mapped woodland polygons","decorative":true,"surveyed":false,"confidence":"none","order":982},"geometry":{"type":"Point","coordinates":[-77.0798244,38.7152864]}},{"type":"Feature","properties":{"sprite":"tree-shrub","scale":0.81,"cover":"woodland","source":"generated","method":"jittered grid inside mapped woodland polygons","decorative":true,"surveyed":false,"confidence":"none","order":983},"geometry":{"type":"Point","coordinates":[-77.0912082,38.7152723]}},{"type":"Feature","properties":{"sprite":"tree-shrub","scale":1.21,"cover":"woodland","source":"generated","method":"jittered grid inside mapped woodland polygons","decorative":true,"surveyed":false,"confidence":"none","order":984},"geometry":{"type":"Point","coordinates":[-77.0827219,38.7152664]}},{"type":"Feature","properties":{"sprite":"tree-shrub","scale":0.86,"cover":"woodland","source":"generated","method":"jittered grid inside mapped woodland polygons","decorative":true,"surveyed":false,"confidence":"none","order":985},"geometry":{"type":"Point","coordinates":[-77.0944102,38.7152633]}},{"type":"Feature","properties":{"sprite":"tree-oak","scale":1.11,"cover":"woodland","source":"generated","method":"jittered grid inside mapped woodland polygons","decorative":true,"surveyed":false,"confidence":"none","order":986},"geometry":{"type":"Point","coordinates":[-77.0806212,38.7152606]}},{"type":"Feature","properties":{"sprite":"tree-elm","scale":0.96,"cover":"woodland","source":"generated","method":"jittered grid inside mapped woodland polygons","decorative":true,"surveyed":false,"confidence":"none","order":987},"geometry":{"type":"Point","coordinates":[-77.0925212,38.7152604]}},{"type":"Feature","properties":{"sprite":"tree-oak","scale":0.84,"cover":"woodland","source":"generated","method":"jittered grid inside mapped woodland polygons","decorative":true,"surveyed":false,"confidence":"none","order":988},"geometry":{"type":"Point","coordinates":[-77.0715409,38.7152587]}},{"type":"Feature","properties":{"sprite":"tree-pine","scale":1.04,"cover":"woodland","source":"generated","method":"jittered grid inside mapped woodland polygons","decorative":true,"surveyed":false,"confidence":"none","order":989},"geometry":{"type":"Point","coordinates":[-77.0878277,38.7152575]}},{"type":"Feature","properties":{"sprite":"tree-oak","scale":1.04,"cover":"woodland","source":"generated","method":"jittered grid inside mapped woodland polygons","decorative":true,"surveyed":false,"confidence":"none","order":990},"geometry":{"type":"Point","coordinates":[-77.0853521,38.7152568]}},{"type":"Feature","properties":{"sprite":"tree-shrub","scale":0.87,"cover":"woodland","source":"generated","method":"jittered grid inside mapped woodland polygons","decorative":true,"surveyed":false,"confidence":"none","order":991},"geometry":{"type":"Point","coordinates":[-77.0797141,38.7152566]}},{"type":"Feature","properties":{"sprite":"tree-shrub","scale":1.11,"cover":"woodland","source":"generated","method":"jittered grid inside mapped woodland polygons","decorative":true,"surveyed":false,"confidence":"none","order":992},"geometry":{"type":"Point","coordinates":[-77.0814297,38.7152522]}},{"type":"Feature","properties":{"sprite":"tree-elm","scale":1.15,"cover":"woodland","source":"generated","method":"jittered grid inside mapped woodland polygons","decorative":true,"surveyed":false,"confidence":"none","order":993},"geometry":{"type":"Point","coordinates":[-77.0762284,38.7152503]}},{"type":"Feature","properties":{"sprite":"tree-oak","scale":1.16,"cover":"woodland","source":"generated","method":"jittered grid inside mapped woodland polygons","decorative":true,"surveyed":false,"confidence":"none","order":994},"geometry":{"type":"Point","coordinates":[-77.0960646,38.7152492]}},{"type":"Feature","properties":{"sprite":"tree-oak","scale":1.12,"cover":"woodland","source":"generated","method":"jittered grid inside mapped woodland polygons","decorative":true,"surveyed":false,"confidence":"none","order":995},"geometry":{"type":"Point","coordinates":[-77.0773336,38.7152479]}},{"type":"Feature","properties":{"sprite":"tree-shrub","scale":0.83,"cover":"woodland","source":"generated","method":"jittered grid inside mapped woodland polygons","decorative":true,"surveyed":false,"confidence":"none","order":996},"geometry":{"type":"Point","coordinates":[-77.084093,38.7152462]}},{"type":"Feature","properties":{"sprite":"tree-oak","scale":0.97,"cover":"woodland","source":"generated","method":"jittered grid inside mapped woodland polygons","decorative":true,"surveyed":false,"confidence":"none","order":997},"geometry":{"type":"Point","coordinates":[-77.0802643,38.7152416]}},{"type":"Feature","properties":{"sprite":"tree-oak","scale":1.06,"cover":"woodland","source":"generated","method":"jittered grid inside mapped woodland polygons","decorative":true,"surveyed":false,"confidence":"none","order":998},"geometry":{"type":"Point","coordinates":[-77.0807014,38.715241]}},{"type":"Feature","properties":{"sprite":"tree-oak","scale":1.21,"cover":"woodland","source":"generated","method":"jittered grid inside mapped woodland polygons","decorative":true,"surveyed":false,"confidence":"none","order":999},"geometry":{"type":"Point","coordinates":[-77.0777982,38.7152364]}},{"type":"Feature","properties":{"sprite":"tree-oak","scale":1.06,"cover":"woodland","source":"generated","method":"jittered grid inside mapped woodland polygons","decorative":true,"surveyed":false,"confidence":"none","order":1000},"geometry":{"type":"Point","coordinates":[-77.0948869,38.7152341]}},{"type":"Feature","properties":{"sprite":"tree-oak","scale":1.13,"cover":"woodland","source":"generated","method":"jittered grid inside mapped woodland polygons","decorative":true,"surveyed":false,"confidence":"none","order":1001},"geometry":{"type":"Point","coordinates":[-77.078533,38.715234]}},{"type":"Feature","properties":{"sprite":"tree-oak","scale":1.01,"cover":"woodland","source":"generated","method":"jittered grid inside mapped woodland polygons","decorative":true,"surveyed":false,"confidence":"none","order":1002},"geometry":{"type":"Point","coordinates":[-77.0864282,38.7152336]}},{"type":"Feature","properties":{"sprite":"tree-shrub","scale":1.17,"cover":"woodland","source":"generated","method":"jittered grid inside mapped woodland polygons","decorative":true,"surveyed":false,"confidence":"none","order":1003},"geometry":{"type":"Point","coordinates":[-77.083633,38.7152336]}},{"type":"Feature","properties":{"sprite":"tree-elm","scale":0.96,"cover":"woodland","source":"generated","method":"jittered grid inside mapped woodland polygons","decorative":true,"surveyed":false,"confidence":"none","order":1004},"geometry":{"type":"Point","coordinates":[-77.0881122,38.7152319]}},{"type":"Feature","properties":{"sprite":"tree-oak","scale":0.94,"cover":"woodland","source":"generated","method":"jittered grid inside mapped woodland polygons","decorative":true,"surveyed":false,"confidence":"none","order":1005},"geometry":{"type":"Point","coordinates":[-77.0871722,38.715229]}},{"type":"Feature","properties":{"sprite":"tree-oak","scale":1.11,"cover":"woodland","source":"generated","method":"jittered grid inside mapped woodland polygons","decorative":true,"surveyed":false,"confidence":"none","order":1006},"geometry":{"type":"Point","coordinates":[-77.0916787,38.7152272]}},{"type":"Feature","properties":{"sprite":"tree-oak","scale":0.93,"cover":"woodland","source":"generated","method":"jittered grid inside mapped woodland polygons","decorative":true,"surveyed":false,"confidence":"none","order":1007},"geometry":{"type":"Point","coordinates":[-77.0766866,38.7152269]}},{"type":"Feature","properties":{"sprite":"tree-shrub","scale":0.92,"cover":"woodland","source":"generated","method":"jittered grid inside mapped woodland polygons","decorative":true,"surveyed":false,"confidence":"none","order":1008},"geometry":{"type":"Point","coordinates":[-77.081666,38.7152247]}},{"type":"Feature","properties":{"sprite":"tree-pine","scale":1.02,"cover":"woodland","source":"generated","method":"jittered grid inside mapped woodland polygons","decorative":true,"surveyed":false,"confidence":"none","order":1009},"geometry":{"type":"Point","coordinates":[-77.0889593,38.7152245]}},{"type":"Feature","properties":{"sprite":"tree-oak","scale":1.21,"cover":"woodland","source":"generated","method":"jittered grid inside mapped woodland polygons","decorative":true,"surveyed":false,"confidence":"none","order":1010},"geometry":{"type":"Point","coordinates":[-77.0914236,38.7152244]}},{"type":"Feature","properties":{"sprite":"tree-oak","scale":1.17,"cover":"woodland","source":"generated","method":"jittered grid inside mapped woodland polygons","decorative":true,"surveyed":false,"confidence":"none","order":1011},"geometry":{"type":"Point","coordinates":[-77.0849561,38.7152231]}},{"type":"Feature","properties":{"sprite":"tree-elm","scale":0.82,"cover":"woodland","source":"generated","method":"jittered grid inside mapped woodland polygons","decorative":true,"surveyed":false,"confidence":"none","order":1012},"geometry":{"type":"Point","coordinates":[-77.0710629,38.7152182]}},{"type":"Feature","properties":{"sprite":"tree-oak","scale":0.8,"cover":"woodland","source":"generated","method":"jittered grid inside mapped woodland polygons","decorative":true,"surveyed":false,"confidence":"none","order":1013},"geometry":{"type":"Point","coordinates":[-77.0787444,38.7152146]}},{"type":"Feature","properties":{"sprite":"tree-shrub","scale":0.97,"cover":"woodland","source":"generated","method":"jittered grid inside mapped woodland polygons","decorative":true,"surveyed":false,"confidence":"none","order":1014},"geometry":{"type":"Point","coordinates":[-77.0895766,38.7152127]}},{"type":"Feature","properties":{"sprite":"tree-elm","scale":1.1,"cover":"woodland","source":"generated","method":"jittered grid inside mapped woodland polygons","decorative":true,"surveyed":false,"confidence":"none","order":1015},"geometry":{"type":"Point","coordinates":[-77.0792237,38.7152113]}},{"type":"Feature","properties":{"sprite":"tree-pine","scale":1.1,"cover":"woodland","source":"generated","method":"jittered grid inside mapped woodland polygons","decorative":true,"surveyed":false,"confidence":"none","order":1016},"geometry":{"type":"Point","coordinates":[-77.0855529,38.7152105]}},{"type":"Feature","properties":{"sprite":"tree-pine","scale":1.15,"cover":"woodland","source":"generated","method":"jittered grid inside mapped woodland polygons","decorative":true,"surveyed":false,"confidence":"none","order":1017},"geometry":{"type":"Point","coordinates":[-77.0708222,38.7152096]}},{"type":"Feature","properties":{"sprite":"tree-elm","scale":0.8,"cover":"woodland","source":"generated","method":"jittered grid inside mapped woodland polygons","decorative":true,"surveyed":false,"confidence":"none","order":1018},"geometry":{"type":"Point","coordinates":[-77.0954202,38.7152087]}},{"type":"Feature","properties":{"sprite":"tree-elm","scale":0.81,"cover":"woodland","source":"generated","method":"jittered grid inside mapped woodland polygons","decorative":true,"surveyed":false,"confidence":"none","order":1019},"geometry":{"type":"Point","coordinates":[-77.0897384,38.7152063]}},{"type":"Feature","properties":{"sprite":"tree-oak","scale":1.0,"cover":"woodland","source":"generated","method":"jittered grid inside mapped woodland polygons","decorative":true,"surveyed":false,"confidence":"none","order":1020},"geometry":{"type":"Point","coordinates":[-77.0874137,38.7152032]}},{"type":"Feature","properties":{"sprite":"tree-oak","scale":1.19,"cover":"woodland","source":"generated","method":"jittered grid inside mapped woodland polygons","decorative":true,"surveyed":false,"confidence":"none","order":1021},"geometry":{"type":"Point","coordinates":[-77.1078187,38.7152014]}},{"type":"Feature","properties":{"sprite":"tree-elm","scale":1.2,"cover":"woodland","source":"generated","method":"jittered grid inside mapped woodland polygons","decorative":true,"surveyed":false,"confidence":"none","order":1022},"geometry":{"type":"Point","coordinates":[-77.0899903,38.7151998]}},{"type":"Feature","properties":{"sprite":"tree-pine","scale":1.13,"cover":"woodland","source":"generated","method":"jittered grid inside mapped woodland polygons","decorative":true,"surveyed":false,"confidence":"none","order":1023},"geometry":{"type":"Point","coordinates":[-77.0910673,38.7151997]}},{"type":"Feature","properties":{"sprite":"tree-shrub","scale":0.99,"cover":"woodland","source":"generated","method":"jittered grid inside mapped woodland polygons","decorative":true,"surveyed":false,"confidence":"none","order":1024},"geometry":{"type":"Point","coordinates":[-77.0705708,38.7151984]}},{"type":"Feature","properties":{"sprite":"tree-shrub","scale":1.12,"cover":"woodland","source":"generated","method":"jittered grid inside mapped woodland polygons","decorative":true,"surveyed":false,"confidence":"none","order":1025},"geometry":{"type":"Point","coordinates":[-77.1081752,38.7151972]}},{"type":"Feature","properties":{"sprite":"tree-oak","scale":0.91,"cover":"woodland","source":"generated","method":"jittered grid inside mapped woodland polygons","decorative":true,"surveyed":false,"confidence":"none","order":1026},"geometry":{"type":"Point","coordinates":[-77.079991,38.7151965]}},{"type":"Feature","properties":{"sprite":"tree-oak","scale":1.17,"cover":"woodland","source":"generated","method":"jittered grid inside mapped woodland polygons","decorative":true,"surveyed":false,"confidence":"none","order":1027},"geometry":{"type":"Point","coordinates":[-77.0862207,38.7151938]}},{"type":"Feature","properties":{"sprite":"tree-oak","scale":0.97,"cover":"woodland","source":"generated","method":"jittered grid inside mapped woodland polygons","decorative":true,"surveyed":false,"confidence":"none","order":1028},"geometry":{"type":"Point","coordinates":[-77.0755904,38.7151934]}},{"type":"Feature","properties":{"sprite":"tree-shrub","scale":0.85,"cover":"woodland","source":"generated","method":"jittered grid inside mapped woodland polygons","decorative":true,"surveyed":false,"confidence":"none","order":1029},"geometry":{"type":"Point","coordinates":[-77.0779694,38.7151904]}},{"type":"Feature","properties":{"sprite":"tree-elm","scale":1.09,"cover":"woodland","source":"generated","method":"jittered grid inside mapped woodland polygons","decorative":true,"surveyed":false,"confidence":"none","order":1030},"geometry":{"type":"Point","coordinates":[-77.0788788,38.715186]}},{"type":"Feature","properties":{"sprite":"tree-shrub","scale":0.82,"cover":"woodland","source":"generated","method":"jittered grid inside mapped woodland polygons","decorative":true,"surveyed":false,"confidence":"none","order":1031},"geometry":{"type":"Point","coordinates":[-77.0948595,38.7151845]}},{"type":"Feature","properties":{"sprite":"tree-oak","scale":0.8,"cover":"woodland","source":"generated","method":"jittered grid inside mapped woodland polygons","decorative":true,"surveyed":false,"confidence":"none","order":1032},"geometry":{"type":"Point","coordinates":[-77.0719869,38.7151845]}},{"type":"Feature","properties":{"sprite":"tree-elm","scale":0.94,"cover":"woodland","source":"generated","method":"jittered grid inside mapped woodland polygons","decorative":true,"surveyed":false,"confidence":"none","order":1033},"geometry":{"type":"Point","coordinates":[-77.095716,38.7151829]}},{"type":"Feature","properties":{"sprite":"tree-oak","scale":1.05,"cover":"woodland","source":"generated","method":"jittered grid inside mapped woodland polygons","decorative":true,"surveyed":false,"confidence":"none","order":1034},"geometry":{"type":"Point","coordinates":[-77.0892305,38.7151828]}},{"type":"Feature","properties":{"sprite":"tree-pine","scale":0.91,"cover":"woodland","source":"generated","method":"jittered grid inside mapped woodland polygons","decorative":true,"surveyed":false,"confidence":"none","order":1035},"geometry":{"type":"Point","coordinates":[-77.1089587,38.7151762]}},{"type":"Feature","properties":{"sprite":"tree-oak","scale":1.12,"cover":"woodland","source":"generated","method":"jittered grid inside mapped woodland polygons","decorative":true,"surveyed":false,"confidence":"none","order":1036},"geometry":{"type":"Point","coordinates":[-77.083151,38.7151734]}},{"type":"Feature","properties":{"sprite":"tree-oak","scale":0.97,"cover":"woodland","source":"generated","method":"jittered grid inside mapped woodland polygons","decorative":true,"surveyed":false,"confidence":"none","order":1037},"geometry":{"type":"Point","coordinates":[-77.0921335,38.7151695]}},{"type":"Feature","properties":{"sprite":"tree-oak","scale":0.97,"cover":"woodland","source":"generated","method":"jittered grid inside mapped woodland polygons","decorative":true,"surveyed":false,"confidence":"none","order":1038},"geometry":{"type":"Point","coordinates":[-77.095466,38.7151607]}},{"type":"Feature","properties":{"sprite":"tree-oak","scale":0.79,"cover":"woodland","source":"generated","method":"jittered grid inside mapped woodland polygons","decorative":true,"surveyed":false,"confidence":"none","order":1039},"geometry":{"type":"Point","coordinates":[-77.0777285,38.7151471]}},{"type":"Feature","properties":{"sprite":"tree-elm","scale":0.8,"cover":"woodland","source":"generated","method":"jittered grid inside mapped woodland polygons","decorative":true,"surveyed":false,"confidence":"none","order":1040},"geometry":{"type":"Point","coordinates":[-77.0774963,38.7151468]}},{"type":"Feature","properties":{"sprite":"tree-pine","scale":0.93,"cover":"woodland","source":"generated","method":"jittered grid inside mapped woodland polygons","decorative":true,"surveyed":false,"confidence":"none","order":1041},"geometry":{"type":"Point","coordinates":[-77.0844591,38.7151415]}},{"type":"Feature","properties":{"sprite":"tree-oak","scale":0.89,"cover":"woodland","source":"generated","method":"jittered grid inside mapped woodland polygons","decorative":true,"surveyed":false,"confidence":"none","order":1042},"geometry":{"type":"Point","coordinates":[-77.0712931,38.7151325]}},{"type":"Feature","properties":{"sprite":"tree-pine","scale":1.07,"cover":"woodland","source":"generated","method":"jittered grid inside mapped woodland polygons","decorative":true,"surveyed":false,"confidence":"none","order":1043},"geometry":{"type":"Point","coordinates":[-77.0833224,38.715132]}},{"type":"Feature","properties":{"sprite":"tree-shrub","scale":1.17,"cover":"woodland","source":"generated","method":"jittered grid inside mapped woodland polygons","decorative":true,"surveyed":false,"confidence":"none","order":1044},"geometry":{"type":"Point","coordinates":[-77.0897568,38.7151239]}},{"type":"Feature","properties":{"sprite":"tree-elm","scale":1.07,"cover":"woodland","source":"generated","method":"jittered grid inside mapped woodland polygons","decorative":true,"surveyed":false,"confidence":"none","order":1045},"geometry":{"type":"Point","coordinates":[-77.09381,38.7151198]}},{"type":"Feature","properties":{"sprite":"tree-oak","scale":0.8,"cover":"woodland","source":"generated","method":"jittered grid inside mapped woodland polygons","decorative":true,"surveyed":false,"confidence":"none","order":1046},"geometry":{"type":"Point","coordinates":[-77.0911514,38.7151144]}},{"type":"Feature","properties":{"sprite":"tree-shrub","scale":0.89,"cover":"woodland","source":"generated","method":"jittered grid inside mapped woodland polygons","decorative":true,"surveyed":false,"confidence":"none","order":1047},"geometry":{"type":"Point","coordinates":[-77.0795993,38.7150977]}},{"type":"Feature","properties":{"sprite":"tree-oak","scale":0.84,"cover":"woodland","source":"generated","method":"jittered grid inside mapped woodland polygons","decorative":true,"surveyed":false,"confidence":"none","order":1048},"geometry":{"type":"Point","coordinates":[-77.0947591,38.7150974]}},{"type":"Feature","properties":{"sprite":"tree-elm","scale":0.79,"cover":"woodland","source":"generated","method":"jittered grid inside mapped woodland polygons","decorative":true,"surveyed":false,"confidence":"none","order":1049},"geometry":{"type":"Point","coordinates":[-77.0857467,38.7150946]}},{"type":"Feature","properties":{"sprite":"tree-shrub","scale":1.22,"cover":"woodland","source":"generated","method":"jittered grid inside mapped woodland polygons","decorative":true,"surveyed":false,"confidence":"none","order":1050},"geometry":{"type":"Point","coordinates":[-77.0756669,38.7150933]}},{"type":"Feature","properties":{"sprite":"tree-oak","scale":1.02,"cover":"woodland","source":"generated","method":"jittered grid inside mapped woodland polygons","decorative":true,"surveyed":false,"confidence":"none","order":1051},"geometry":{"type":"Point","coordinates":[-77.0906561,38.7150926]}},{"type":"Feature","properties":{"sprite":"tree-pine","scale":1.09,"cover":"woodland","source":"generated","method":"jittered grid inside mapped woodland polygons","decorative":true,"surveyed":false,"confidence":"none","order":1052},"geometry":{"type":"Point","coordinates":[-77.0909534,38.7150893]}},{"type":"Feature","properties":{"sprite":"tree-pine","scale":1.01,"cover":"woodland","source":"generated","method":"jittered grid inside mapped woodland polygons","decorative":true,"surveyed":false,"confidence":"none","order":1053},"geometry":{"type":"Point","coordinates":[-77.0848059,38.7150887]}},{"type":"Feature","properties":{"sprite":"tree-pine","scale":1.06,"cover":"woodland","source":"generated","method":"jittered grid inside mapped woodland polygons","decorative":true,"surveyed":false,"confidence":"none","order":1054},"geometry":{"type":"Point","coordinates":[-77.0884705,38.7150887]}},{"type":"Feature","properties":{"sprite":"tree-oak","scale":1.03,"cover":"woodland","source":"generated","method":"jittered grid inside mapped woodland polygons","decorative":true,"surveyed":false,"confidence":"none","order":1055},"geometry":{"type":"Point","coordinates":[-77.0714083,38.7150882]}},{"type":"Feature","properties":{"sprite":"tree-elm","scale":1.02,"cover":"woodland","source":"generated","method":"jittered grid inside mapped woodland polygons","decorative":true,"surveyed":false,"confidence":"none","order":1056},"geometry":{"type":"Point","coordinates":[-77.1080684,38.715086]}},{"type":"Feature","properties":{"sprite":"tree-oak","scale":1.01,"cover":"woodland","source":"generated","method":"jittered grid inside mapped woodland polygons","decorative":true,"surveyed":false,"confidence":"none","order":1057},"geometry":{"type":"Point","coordinates":[-77.0936234,38.7150826]}},{"type":"Feature","properties":{"sprite":"tree-pine","scale":0.84,"cover":"woodland","source":"generated","method":"jittered grid inside mapped woodland polygons","decorative":true,"surveyed":false,"confidence":"none","order":1058},"geometry":{"type":"Point","coordinates":[-77.082017,38.71508]}},{"type":"Feature","properties":{"sprite":"tree-shrub","scale":0.87,"cover":"woodland","source":"generated","method":"jittered grid inside mapped woodland polygons","decorative":true,"surveyed":false,"confidence":"none","order":1059},"geometry":{"type":"Point","coordinates":[-77.0705907,38.7150739]}},{"type":"Feature","properties":{"sprite":"tree-elm","scale":0.94,"cover":"woodland","source":"generated","method":"jittered grid inside mapped woodland polygons","decorative":true,"surveyed":false,"confidence":"none","order":1060},"geometry":{"type":"Point","coordinates":[-77.0871346,38.7150713]}},{"type":"Feature","properties":{"sprite":"tree-pine","scale":1.17,"cover":"woodland","source":"generated","method":"jittered grid inside mapped woodland polygons","decorative":true,"surveyed":false,"confidence":"none","order":1061},"geometry":{"type":"Point","coordinates":[-77.0800582,38.7150666]}},{"type":"Feature","properties":{"sprite":"tree-oak","scale":1.08,"cover":"woodland","source":"generated","method":"jittered grid inside mapped woodland polygons","decorative":true,"surveyed":false,"confidence":"none","order":1062},"geometry":{"type":"Point","coordinates":[-77.078969,38.7150624]}},{"type":"Feature","properties":{"sprite":"tree-pine","scale":0.91,"cover":"woodland","source":"generated","method":"jittered grid inside mapped woodland polygons","decorative":true,"surveyed":false,"confidence":"none","order":1063},"geometry":{"type":"Point","coordinates":[-77.0830451,38.7150569]}},{"type":"Feature","properties":{"sprite":"tree-oak","scale":0.87,"cover":"woodland","source":"generated","method":"jittered grid inside mapped woodland polygons","decorative":true,"surveyed":false,"confidence":"none","order":1064},"geometry":{"type":"Point","coordinates":[-77.0793743,38.7150553]}},{"type":"Feature","properties":{"sprite":"tree-shrub","scale":1.19,"cover":"woodland","source":"generated","method":"jittered grid inside mapped woodland polygons","decorative":true,"surveyed":false,"confidence":"none","order":1065},"geometry":{"type":"Point","coordinates":[-77.0783013,38.7150517]}},{"type":"Feature","properties":{"sprite":"tree-oak","scale":1.14,"cover":"woodland","source":"generated","method":"jittered grid inside mapped woodland polygons","decorative":true,"surveyed":false,"confidence":"none","order":1066},"geometry":{"type":"Point","coordinates":[-77.0866222,38.7150514]}},{"type":"Feature","properties":{"sprite":"tree-pine","scale":1.14,"cover":"woodland","source":"generated","method":"jittered grid inside mapped woodland polygons","decorative":true,"surveyed":false,"confidence":"none","order":1067},"geometry":{"type":"Point","coordinates":[-77.0717358,38.7150507]}},{"type":"Feature","properties":{"sprite":"tree-elm","scale":0.98,"cover":"woodland","source":"generated","method":"jittered grid inside mapped woodland polygons","decorative":true,"surveyed":false,"confidence":"none","order":1068},"geometry":{"type":"Point","coordinates":[-77.0861519,38.7150496]}},{"type":"Feature","properties":{"sprite":"tree-pine","scale":0.97,"cover":"woodland","source":"generated","method":"jittered grid inside mapped woodland polygons","decorative":true,"surveyed":false,"confidence":"none","order":1069},"geometry":{"type":"Point","coordinates":[-77.083391,38.7150442]}},{"type":"Feature","properties":{"sprite":"tree-oak","scale":1.08,"cover":"woodland","source":"generated","method":"jittered grid inside mapped woodland polygons","decorative":true,"surveyed":false,"confidence":"none","order":1070},"geometry":{"type":"Point","coordinates":[-77.091853,38.7150416]}},{"type":"Feature","properties":{"sprite":"tree-pine","scale":0.85,"cover":"woodland","source":"generated","method":"jittered grid inside mapped woodland polygons","decorative":true,"surveyed":false,"confidence":"none","order":1071},"geometry":{"type":"Point","coordinates":[-77.0901007,38.7150408]}},{"type":"Feature","properties":{"sprite":"tree-oak","scale":0.95,"cover":"woodland","source":"generated","method":"jittered grid inside mapped woodland polygons","decorative":true,"surveyed":false,"confidence":"none","order":1072},"geometry":{"type":"Point","coordinates":[-77.0786313,38.7150403]}},{"type":"Feature","properties":{"sprite":"tree-oak","scale":1.03,"cover":"woodland","source":"generated","method":"jittered grid inside mapped woodland polygons","decorative":true,"surveyed":false,"confidence":"none","order":1073},"geometry":{"type":"Point","coordinates":[-77.0760111,38.715039]}},{"type":"Feature","properties":{"sprite":"tree-pine","scale":1.1,"cover":"woodland","source":"generated","method":"jittered grid inside mapped woodland polygons","decorative":true,"surveyed":false,"confidence":"none","order":1074},"geometry":{"type":"Point","coordinates":[-77.0827591,38.7150379]}},{"type":"Feature","properties":{"sprite":"tree-shrub","scale":1.06,"cover":"woodland","source":"generated","method":"jittered grid inside mapped woodland polygons","decorative":true,"surveyed":false,"confidence":"none","order":1075},"geometry":{"type":"Point","coordinates":[-77.0869884,38.7150371]}},{"type":"Feature","properties":{"sprite":"tree-pine","scale":1.12,"cover":"woodland","source":"generated","method":"jittered grid inside mapped woodland polygons","decorative":true,"surveyed":false,"confidence":"none","order":1076},"geometry":{"type":"Point","coordinates":[-77.0957834,38.7150344]}},{"type":"Feature","properties":{"sprite":"tree-elm","scale":1.02,"cover":"woodland","source":"generated","method":"jittered grid inside mapped woodland polygons","decorative":true,"surveyed":false,"confidence":"none","order":1077},"geometry":{"type":"Point","coordinates":[-77.1085271,38.7150322]}},{"type":"Feature","properties":{"sprite":"tree-elm","scale":1.11,"cover":"woodland","source":"generated","method":"jittered grid inside mapped woodland polygons","decorative":true,"surveyed":false,"confidence":"none","order":1078},"geometry":{"type":"Point","coordinates":[-77.0841786,38.7150278]}},{"type":"Feature","properties":{"sprite":"tree-pine","scale":0.96,"cover":"woodland","source":"generated","method":"jittered grid inside mapped woodland polygons","decorative":true,"surveyed":false,"confidence":"none","order":1079},"geometry":{"type":"Point","coordinates":[-77.0787936,38.7150272]}},{"type":"Feature","properties":{"sprite":"tree-pine","scale":1.0,"cover":"woodland","source":"generated","method":"jittered grid inside mapped woodland polygons","decorative":true,"surveyed":false,"confidence":"none","order":1080},"geometry":{"type":"Point","coordinates":[-77.082451,38.7150245]}},{"type":"Feature","properties":{"sprite":"tree-oak","scale":0.79,"cover":"woodland","source":"generated","method":"jittered grid inside mapped woodland polygons","decorative":true,"surveyed":false,"confidence":"none","order":1081},"geometry":{"type":"Point","coordinates":[-77.1081008,38.7150236]}},{"type":"Feature","properties":{"sprite":"tree-oak","scale":0.88,"cover":"woodland","source":"generated","method":"jittered grid inside mapped woodland polygons","decorative":true,"surveyed":false,"confidence":"none","order":1082},"geometry":{"type":"Point","coordinates":[-77.0814337,38.7150226]}},{"type":"Feature","properties":{"sprite":"tree-pine","scale":0.95,"cover":"woodland","source":"generated","method":"jittered grid inside mapped woodland polygons","decorative":true,"surveyed":false,"confidence":"none","order":1083},"geometry":{"type":"Point","coordinates":[-77.0753707,38.715018]}},{"type":"Feature","properties":{"sprite":"tree-pine","scale":1.08,"cover":"woodland","source":"generated","method":"jittered grid inside mapped woodland polygons","decorative":true,"surveyed":false,"confidence":"none","order":1084},"geometry":{"type":"Point","coordinates":[-77.0816495,38.7150173]}},{"type":"Feature","properties":{"sprite":"tree-shrub","scale":0.88,"cover":"woodland","source":"generated","method":"jittered grid inside mapped woodland polygons","decorative":true,"surveyed":false,"confidence":"none","order":1085},"geometry":{"type":"Point","coordinates":[-77.0880325,38.7150163]}},{"type":"Feature","properties":{"sprite":"tree-oak","scale":1.12,"cover":"woodland","source":"generated","method":"jittered grid inside mapped woodland polygons","decorative":true,"surveyed":false,"confidence":"none","order":1086},"geometry":{"type":"Point","coordinates":[-77.0904249,38.7150116]}},{"type":"Feature","properties":{"sprite":"tree-pine","scale":0.82,"cover":"woodland","source":"generated","method":"jittered grid inside mapped woodland polygons","decorative":true,"surveyed":false,"confidence":"none","order":1087},"geometry":{"type":"Point","coordinates":[-77.0780714,38.7150107]}},{"type":"Feature","properties":{"sprite":"tree-shrub","scale":1.07,"cover":"woodland","source":"generated","method":"jittered grid inside mapped woodland polygons","decorative":true,"surveyed":false,"confidence":"none","order":1088},"geometry":{"type":"Point","coordinates":[-77.0839843,38.7150097]}},{"type":"Feature","properties":{"sprite":"tree-oak","scale":1.18,"cover":"woodland","source":"generated","method":"jittered grid inside mapped woodland polygons","decorative":true,"surveyed":false,"confidence":"none","order":1089},"geometry":{"type":"Point","coordinates":[-77.0803018,38.7150025]}},{"type":"Feature","properties":{"sprite":"tree-shrub","scale":1.16,"cover":"woodland","source":"generated","method":"jittered grid inside mapped woodland polygons","decorative":true,"surveyed":false,"confidence":"none","order":1090},"geometry":{"type":"Point","coordinates":[-77.0873045,38.7149957]}},{"type":"Feature","properties":{"sprite":"tree-elm","scale":0.99,"cover":"woodland","source":"generated","method":"jittered grid inside mapped woodland polygons","decorative":true,"surveyed":false,"confidence":"none","order":1091},"geometry":{"type":"Point","coordinates":[-77.0806889,38.7149957]}},{"type":"Feature","properties":{"sprite":"tree-pine","scale":1.21,"cover":"woodland","source":"generated","method":"jittered grid inside mapped woodland polygons","decorative":true,"surveyed":false,"confidence":"none","order":1092},"geometry":{"type":"Point","coordinates":[-77.0900028,38.7149946]}},{"type":"Feature","properties":{"sprite":"tree-oak","scale":1.18,"cover":"woodland","source":"generated","method":"jittered grid inside mapped woodland polygons","decorative":true,"surveyed":false,"confidence":"none","order":1093},"geometry":{"type":"Point","coordinates":[-77.0808392,38.7149938]}},{"type":"Feature","properties":{"sprite":"tree-shrub","scale":1.17,"cover":"woodland","source":"generated","method":"jittered grid inside mapped woodland polygons","decorative":true,"surveyed":false,"confidence":"none","order":1094},"geometry":{"type":"Point","coordinates":[-77.0804861,38.7149927]}},{"type":"Feature","properties":{"sprite":"tree-oak","scale":0.83,"cover":"woodland","source":"generated","method":"jittered grid inside mapped woodland polygons","decorative":true,"surveyed":false,"confidence":"none","order":1095},"geometry":{"type":"Point","coordinates":[-77.0919846,38.7149893]}},{"type":"Feature","properties":{"sprite":"tree-elm","scale":0.92,"cover":"woodland","source":"generated","method":"jittered grid inside mapped woodland polygons","decorative":true,"surveyed":false,"confidence":"none","order":1096},"geometry":{"type":"Point","coordinates":[-77.0851477,38.7149888]}},{"type":"Feature","properties":{"sprite":"tree-shrub","scale":1.09,"cover":"woodland","source":"generated","method":"jittered grid inside mapped woodland polygons","decorative":true,"surveyed":false,"confidence":"none","order":1097},"geometry":{"type":"Point","coordinates":[-77.0943254,38.7149698]}},{"type":"Feature","properties":{"sprite":"tree-shrub","scale":0.99,"cover":"woodland","source":"generated","method":"jittered grid inside mapped woodland polygons","decorative":true,"surveyed":false,"confidence":"none","order":1098},"geometry":{"type":"Point","coordinates":[-77.1087021,38.7149679]}},{"type":"Feature","properties":{"sprite":"tree-oak","scale":0.82,"cover":"woodland","source":"generated","method":"jittered grid inside mapped woodland polygons","decorative":true,"surveyed":false,"confidence":"none","order":1099},"geometry":{"type":"Point","coordinates":[-77.090098,38.7149673]}},{"type":"Feature","properties":{"sprite":"tree-pine","scale":1.05,"cover":"woodland","source":"generated","method":"jittered grid inside mapped woodland polygons","decorative":true,"surveyed":false,"confidence":"none","order":1100},"geometry":{"type":"Point","coordinates":[-77.1078917,38.7149653]}},{"type":"Feature","properties":{"sprite":"tree-oak","scale":0.98,"cover":"woodland","source":"generated","method":"jittered grid inside mapped woodland polygons","decorative":true,"surveyed":false,"confidence":"none","order":1101},"geometry":{"type":"Point","coordinates":[-77.0710719,38.714965]}},{"type":"Feature","properties":{"sprite":"tree-oak","scale":0.88,"cover":"woodland","source":"generated","method":"jittered grid inside mapped woodland polygons","decorative":true,"surveyed":false,"confidence":"none","order":1102},"geometry":{"type":"Point","coordinates":[-77.0883506,38.7149618]}},{"type":"Feature","properties":{"sprite":"tree-pine","scale":1.19,"cover":"woodland","source":"generated","method":"jittered grid inside mapped woodland polygons","decorative":true,"surveyed":false,"confidence":"none","order":1103},"geometry":{"type":"Point","coordinates":[-77.0753203,38.7149617]}},{"type":"Feature","properties":{"sprite":"tree-oak","scale":0.9,"cover":"woodland","source":"generated","method":"jittered grid inside mapped woodland polygons","decorative":true,"surveyed":false,"confidence":"none","order":1104},"geometry":{"type":"Point","coordinates":[-77.0933835,38.7149616]}},{"type":"Feature","properties":{"sprite":"tree-oak","scale":1.05,"cover":"woodland","source":"generated","method":"jittered grid inside mapped woodland polygons","decorative":true,"surveyed":false,"confidence":"none","order":1105},"geometry":{"type":"Point","coordinates":[-77.0886036,38.7149597]}},{"type":"Feature","properties":{"sprite":"tree-oak","scale":0.93,"cover":"woodland","source":"generated","method":"jittered grid inside mapped woodland polygons","decorative":true,"surveyed":false,"confidence":"none","order":1106},"geometry":{"type":"Point","coordinates":[-77.093789,38.7149574]}},{"type":"Feature","properties":{"sprite":"tree-elm","scale":1.01,"cover":"woodland","source":"generated","method":"jittered grid inside mapped woodland polygons","decorative":true,"surveyed":false,"confidence":"none","order":1107},"geometry":{"type":"Point","coordinates":[-77.0802433,38.7149572]}},{"type":"Feature","properties":{"sprite":"tree-oak","scale":1.02,"cover":"woodland","source":"generated","method":"jittered grid inside mapped woodland polygons","decorative":true,"surveyed":false,"confidence":"none","order":1108},"geometry":{"type":"Point","coordinates":[-77.0838428,38.714956]}},{"type":"Feature","properties":{"sprite":"tree-oak","scale":0.83,"cover":"woodland","source":"generated","method":"jittered grid inside mapped woodland polygons","decorative":true,"surveyed":false,"confidence":"none","order":1109},"geometry":{"type":"Point","coordinates":[-77.1083149,38.7149531]}},{"type":"Feature","properties":{"sprite":"tree-pine","scale":0.79,"cover":"woodland","source":"generated","method":"jittered grid inside mapped woodland polygons","decorative":true,"surveyed":false,"confidence":"none","order":1110},"geometry":{"type":"Point","coordinates":[-77.0711679,38.7149492]}},{"type":"Feature","properties":{"sprite":"tree-oak","scale":0.93,"cover":"woodland","source":"generated","method":"jittered grid inside mapped woodland polygons","decorative":true,"surveyed":false,"confidence":"none","order":1111},"geometry":{"type":"Point","coordinates":[-77.0819253,38.7149489]}},{"type":"Feature","properties":{"sprite":"tree-shrub","scale":0.87,"cover":"woodland","source":"generated","method":"jittered grid inside mapped woodland polygons","decorative":true,"surveyed":false,"confidence":"none","order":1112},"geometry":{"type":"Point","coordinates":[-77.0758625,38.7149471]}},{"type":"Feature","properties":{"sprite":"tree-elm","scale":0.8,"cover":"woodland","source":"generated","method":"jittered grid inside mapped woodland polygons","decorative":true,"surveyed":false,"confidence":"none","order":1113},"geometry":{"type":"Point","coordinates":[-77.0707047,38.7149439]}},{"type":"Feature","properties":{"sprite":"tree-oak","scale":0.95,"cover":"woodland","source":"generated","method":"jittered grid inside mapped woodland polygons","decorative":true,"surveyed":false,"confidence":"none","order":1114},"geometry":{"type":"Point","coordinates":[-77.0919036,38.7149395]}},{"type":"Feature","properties":{"sprite":"tree-pine","scale":0.8,"cover":"woodland","source":"generated","method":"jittered grid inside mapped woodland polygons","decorative":true,"surveyed":false,"confidence":"none","order":1115},"geometry":{"type":"Point","coordinates":[-77.0960358,38.7149303]}},{"type":"Feature","properties":{"sprite":"tree-shrub","scale":1.08,"cover":"woodland","source":"generated","method":"jittered grid inside mapped woodland polygons","decorative":true,"surveyed":false,"confidence":"none","order":1116},"geometry":{"type":"Point","coordinates":[-77.0908892,38.7149293]}},{"type":"Feature","properties":{"sprite":"tree-oak","scale":1.2,"cover":"woodland","source":"generated","method":"jittered grid inside mapped woodland polygons","decorative":true,"surveyed":false,"confidence":"none","order":1117},"geometry":{"type":"Point","coordinates":[-77.0817585,38.7149247]}},{"type":"Feature","properties":{"sprite":"tree-oak","scale":0.85,"cover":"woodland","source":"generated","method":"jittered grid inside mapped woodland polygons","decorative":true,"surveyed":false,"confidence":"none","order":1118},"geometry":{"type":"Point","coordinates":[-77.0935857,38.7149237]}},{"type":"Feature","properties":{"sprite":"tree-oak","scale":1.18,"cover":"woodland","source":"generated","method":"jittered grid inside mapped woodland polygons","decorative":true,"surveyed":false,"confidence":"none","order":1119},"geometry":{"type":"Point","coordinates":[-77.077968,38.7149236]}},{"type":"Feature","properties":{"sprite":"tree-oak","scale":1.07,"cover":"woodland","source":"generated","method":"jittered grid inside mapped woodland polygons","decorative":true,"surveyed":false,"confidence":"none","order":1120},"geometry":{"type":"Point","coordinates":[-77.0806816,38.7149233]}},{"type":"Feature","properties":{"sprite":"tree-shrub","scale":1.08,"cover":"woodland","source":"generated","method":"jittered grid inside mapped woodland polygons","decorative":true,"surveyed":false,"confidence":"none","order":1121},"geometry":{"type":"Point","coordinates":[-77.0750422,38.7149138]}},{"type":"Feature","properties":{"sprite":"tree-elm","scale":1.2,"cover":"woodland","source":"generated","method":"jittered grid inside mapped woodland polygons","decorative":true,"surveyed":false,"confidence":"none","order":1122},"geometry":{"type":"Point","coordinates":[-77.0776769,38.7149137]}},{"type":"Feature","properties":{"sprite":"tree-pine","scale":1.18,"cover":"woodland","source":"generated","method":"jittered grid inside mapped woodland polygons","decorative":true,"surveyed":false,"confidence":"none","order":1123},"geometry":{"type":"Point","coordinates":[-77.0789226,38.7149125]}},{"type":"Feature","properties":{"sprite":"tree-oak","scale":0.85,"cover":"woodland","source":"generated","method":"jittered grid inside mapped woodland polygons","decorative":true,"surveyed":false,"confidence":"none","order":1124},"geometry":{"type":"Point","coordinates":[-77.0845239,38.714912]}},{"type":"Feature","properties":{"sprite":"tree-pine","scale":1.08,"cover":"woodland","source":"generated","method":"jittered grid inside mapped woodland polygons","decorative":true,"surveyed":false,"confidence":"none","order":1125},"geometry":{"type":"Point","coordinates":[-77.0881394,38.7149094]}},{"type":"Feature","properties":{"sprite":"tree-shrub","scale":0.89,"cover":"woodland","source":"generated","method":"jittered grid inside mapped woodland polygons","decorative":true,"surveyed":false,"confidence":"none","order":1126},"geometry":{"type":"Point","coordinates":[-77.0942152,38.7149092]}},{"type":"Feature","properties":{"sprite":"tree-pine","scale":1.18,"cover":"woodland","source":"generated","method":"jittered grid inside mapped woodland polygons","decorative":true,"surveyed":false,"confidence":"none","order":1127},"geometry":{"type":"Point","coordinates":[-77.0754448,38.7149075]}},{"type":"Feature","properties":{"sprite":"tree-shrub","scale":0.97,"cover":"woodland","source":"generated","method":"jittered grid inside mapped woodland polygons","decorative":true,"surveyed":false,"confidence":"none","order":1128},"geometry":{"type":"Point","coordinates":[-77.0902352,38.7149074]}},{"type":"Feature","properties":{"sprite":"tree-oak","scale":1.11,"cover":"woodland","source":"generated","method":"jittered grid inside mapped woodland polygons","decorative":true,"surveyed":false,"confidence":"none","order":1129},"geometry":{"type":"Point","coordinates":[-77.0811983,38.7149068]}},{"type":"Feature","properties":{"sprite":"tree-shrub","scale":1.01,"cover":"woodland","source":"generated","method":"jittered grid inside mapped woodland polygons","decorative":true,"surveyed":false,"confidence":"none","order":1130},"geometry":{"type":"Point","coordinates":[-77.0843486,38.7149]}},{"type":"Feature","properties":{"sprite":"tree-elm","scale":1.0,"cover":"woodland","source":"generated","method":"jittered grid inside mapped woodland polygons","decorative":true,"surveyed":false,"confidence":"none","order":1131},"geometry":{"type":"Point","coordinates":[-77.0712733,38.7148972]}},{"type":"Feature","properties":{"sprite":"tree-elm","scale":1.16,"cover":"woodland","source":"generated","method":"jittered grid inside mapped woodland polygons","decorative":true,"surveyed":false,"confidence":"none","order":1132},"geometry":{"type":"Point","coordinates":[-77.0898029,38.7148962]}},{"type":"Feature","properties":{"sprite":"tree-oak","scale":1.21,"cover":"woodland","source":"generated","method":"jittered grid inside mapped woodland polygons","decorative":true,"surveyed":false,"confidence":"none","order":1133},"geometry":{"type":"Point","coordinates":[-77.08668,38.7148944]}},{"type":"Feature","properties":{"sprite":"tree-pine","scale":1.03,"cover":"woodland","source":"generated","method":"jittered grid inside mapped woodland polygons","decorative":true,"surveyed":false,"confidence":"none","order":1134},"geometry":{"type":"Point","coordinates":[-77.0757158,38.7148931]}},{"type":"Feature","properties":{"sprite":"tree-oak","scale":1.18,"cover":"woodland","source":"generated","method":"jittered grid inside mapped woodland polygons","decorative":true,"surveyed":false,"confidence":"none","order":1135},"geometry":{"type":"Point","coordinates":[-77.0878081,38.7148911]}},{"type":"Feature","properties":{"sprite":"tree-elm","scale":0.92,"cover":"woodland","source":"generated","method":"jittered grid inside mapped woodland polygons","decorative":true,"surveyed":false,"confidence":"none","order":1136},"geometry":{"type":"Point","coordinates":[-77.0957334,38.7148888]}},{"type":"Feature","properties":{"sprite":"tree-shrub","scale":0.83,"cover":"woodland","source":"generated","method":"jittered grid inside mapped woodland polygons","decorative":true,"surveyed":false,"confidence":"none","order":1137},"geometry":{"type":"Point","coordinates":[-77.0809333,38.7148881]}},{"type":"Feature","properties":{"sprite":"tree-oak","scale":0.86,"cover":"woodland","source":"generated","method":"jittered grid inside mapped woodland polygons","decorative":true,"surveyed":false,"confidence":"none","order":1138},"geometry":{"type":"Point","coordinates":[-77.0905836,38.7148867]}},{"type":"Feature","properties":{"sprite":"tree-oak","scale":1.19,"cover":"woodland","source":"generated","method":"jittered grid inside mapped woodland polygons","decorative":true,"surveyed":false,"confidence":"none","order":1139},"geometry":{"type":"Point","coordinates":[-77.0770069,38.7148819]}},{"type":"Feature","properties":{"sprite":"tree-oak","scale":0.9,"cover":"woodland","source":"generated","method":"jittered grid inside mapped woodland polygons","decorative":true,"surveyed":false,"confidence":"none","order":1140},"geometry":{"type":"Point","coordinates":[-77.0895857,38.7148811]}},{"type":"Feature","properties":{"sprite":"tree-oak","scale":0.99,"cover":"woodland","source":"generated","method":"jittered grid inside mapped woodland polygons","decorative":true,"surveyed":false,"confidence":"none","order":1141},"geometry":{"type":"Point","coordinates":[-77.0944956,38.714881]}},{"type":"Feature","properties":{"sprite":"tree-shrub","scale":1.15,"cover":"woodland","source":"generated","method":"jittered grid inside mapped woodland polygons","decorative":true,"surveyed":false,"confidence":"none","order":1142},"geometry":{"type":"Point","coordinates":[-77.0775546,38.714876]}},{"type":"Feature","properties":{"sprite":"tree-oak","scale":0.86,"cover":"woodland","source":"generated","method":"jittered grid inside mapped woodland polygons","decorative":true,"surveyed":false,"confidence":"none","order":1143},"geometry":{"type":"Point","coordinates":[-77.0879832,38.7148746]}},{"type":"Feature","properties":{"sprite":"tree-pine","scale":0.86,"cover":"woodland","source":"generated","method":"jittered grid inside mapped woodland polygons","decorative":true,"surveyed":false,"confidence":"none","order":1144},"geometry":{"type":"Point","coordinates":[-77.1088544,38.7148716]}},{"type":"Feature","properties":{"sprite":"tree-elm","scale":0.79,"cover":"woodland","source":"generated","method":"jittered grid inside mapped woodland polygons","decorative":true,"surveyed":false,"confidence":"none","order":1145},"geometry":{"type":"Point","coordinates":[-77.0783238,38.714867]}},{"type":"Feature","properties":{"sprite":"tree-oak","scale":0.81,"cover":"woodland","source":"generated","method":"jittered grid inside mapped woodland polygons","decorative":true,"surveyed":false,"confidence":"none","order":1146},"geometry":{"type":"Point","coordinates":[-77.082477,38.7148648]}},{"type":"Feature","properties":{"sprite":"tree-elm","scale":1.16,"cover":"woodland","source":"generated","method":"jittered grid inside mapped woodland polygons","decorative":true,"surveyed":false,"confidence":"none","order":1147},"geometry":{"type":"Point","coordinates":[-77.0952934,38.7148639]}},{"type":"Feature","properties":{"sprite":"tree-shrub","scale":0.93,"cover":"woodland","source":"generated","method":"jittered grid inside mapped woodland polygons","decorative":true,"surveyed":false,"confidence":"none","order":1148},"geometry":{"type":"Point","coordinates":[-77.082253,38.7148579]}},{"type":"Feature","properties":{"sprite":"tree-pine","scale":1.1,"cover":"woodland","source":"generated","method":"jittered grid inside mapped woodland polygons","decorative":true,"surveyed":false,"confidence":"none","order":1149},"geometry":{"type":"Point","coordinates":[-77.0873604,38.7148576]}},{"type":"Feature","properties":{"sprite":"tree-elm","scale":1.09,"cover":"woodland","source":"generated","method":"jittered grid inside mapped woodland polygons","decorative":true,"surveyed":false,"confidence":"none","order":1150},"geometry":{"type":"Point","coordinates":[-77.1079295,38.7148572]}},{"type":"Feature","properties":{"sprite":"tree-oak","scale":1.19,"cover":"woodland","source":"generated","method":"jittered grid inside mapped woodland polygons","decorative":true,"surveyed":false,"confidence":"none","order":1151},"geometry":{"type":"Point","coordinates":[-77.0839282,38.714854]}},{"type":"Feature","properties":{"sprite":"tree-elm","scale":1.01,"cover":"woodland","source":"generated","method":"jittered grid inside mapped woodland polygons","decorative":true,"surveyed":false,"confidence":"none","order":1152},"geometry":{"type":"Point","coordinates":[-77.0893221,38.7148527]}},{"type":"Feature","properties":{"sprite":"tree-oak","scale":1.06,"cover":"woodland","source":"generated","method":"jittered grid inside mapped woodland polygons","decorative":true,"surveyed":false,"confidence":"none","order":1153},"geometry":{"type":"Point","coordinates":[-77.0798766,38.7148512]}},{"type":"Feature","properties":{"sprite":"tree-oak","scale":0.8,"cover":"woodland","source":"generated","method":"jittered grid inside mapped woodland polygons","decorative":true,"surveyed":false,"confidence":"none","order":1154},"geometry":{"type":"Point","coordinates":[-77.096126,38.7148478]}},{"type":"Feature","properties":{"sprite":"tree-elm","scale":0.99,"cover":"woodland","source":"generated","method":"jittered grid inside mapped woodland polygons","decorative":true,"surveyed":false,"confidence":"none","order":1155},"geometry":{"type":"Point","coordinates":[-77.0787164,38.7148472]}},{"type":"Feature","properties":{"sprite":"tree-shrub","scale":1.12,"cover":"woodland","source":"generated","method":"jittered grid inside mapped woodland polygons","decorative":true,"surveyed":false,"confidence":"none","order":1156},"geometry":{"type":"Point","coordinates":[-77.0875753,38.7148456]}},{"type":"Feature","properties":{"sprite":"tree-oak","scale":0.98,"cover":"woodland","source":"generated","method":"jittered grid inside mapped woodland polygons","decorative":true,"surveyed":false,"confidence":"none","order":1157},"geometry":{"type":"Point","coordinates":[-77.0907452,38.7148448]}},{"type":"Feature","properties":{"sprite":"tree-shrub","scale":1.11,"cover":"woodland","source":"generated","method":"jittered grid inside mapped woodland polygons","decorative":true,"surveyed":false,"confidence":"none","order":1158},"geometry":{"type":"Point","coordinates":[-77.1087015,38.7148436]}},{"type":"Feature","properties":{"sprite":"tree-pine","scale":0.99,"cover":"woodland","source":"generated","method":"jittered grid inside mapped woodland polygons","decorative":true,"surveyed":false,"confidence":"none","order":1159},"geometry":{"type":"Point","coordinates":[-77.0761836,38.71483]}},{"type":"Feature","properties":{"sprite":"tree-oak","scale":1.21,"cover":"woodland","source":"generated","method":"jittered grid inside mapped woodland polygons","decorative":true,"surveyed":false,"confidence":"none","order":1160},"geometry":{"type":"Point","coordinates":[-77.1091769,38.7148296]}},{"type":"Feature","properties":{"sprite":"tree-shrub","scale":0.91,"cover":"woodland","source":"generated","method":"jittered grid inside mapped woodland polygons","decorative":true,"surveyed":false,"confidence":"none","order":1161},"geometry":{"type":"Point","coordinates":[-77.0764439,38.7148263]}},{"type":"Feature","properties":{"sprite":"tree-oak","scale":0.91,"cover":"woodland","source":"generated","method":"jittered grid inside mapped woodland polygons","decorative":true,"surveyed":false,"confidence":"none","order":1162},"geometry":{"type":"Point","coordinates":[-77.0943988,38.714825]}},{"type":"Feature","properties":{"sprite":"tree-oak","scale":0.97,"cover":"woodland","source":"generated","method":"jittered grid inside mapped woodland polygons","decorative":true,"surveyed":false,"confidence":"none","order":1163},"geometry":{"type":"Point","coordinates":[-77.0715159,38.71482]}},{"type":"Feature","properties":{"sprite":"tree-shrub","scale":1.2,"cover":"woodland","source":"generated","method":"jittered grid inside mapped woodland polygons","decorative":true,"surveyed":false,"confidence":"none","order":1164},"geometry":{"type":"Point","coordinates":[-77.0784658,38.7148153]}},{"type":"Feature","properties":{"sprite":"tree-elm","scale":0.92,"cover":"woodland","source":"generated","method":"jittered grid inside mapped woodland polygons","decorative":true,"surveyed":false,"confidence":"none","order":1165},"geometry":{"type":"Point","coordinates":[-77.0855263,38.7148152]}},{"type":"Feature","properties":{"sprite":"tree-oak","scale":1.19,"cover":"woodland","source":"generated","method":"jittered grid inside mapped woodland polygons","decorative":true,"surveyed":false,"confidence":"none","order":1166},"geometry":{"type":"Point","coordinates":[-77.0915315,38.7148141]}},{"type":"Feature","properties":{"sprite":"tree-elm","scale":1.03,"cover":"woodland","source":"generated","method":"jittered grid inside mapped woodland polygons","decorative":true,"surveyed":false,"confidence":"none","order":1167},"geometry":{"type":"Point","coordinates":[-77.0833002,38.714811]}},{"type":"Feature","properties":{"sprite":"tree-oak","scale":0.86,"cover":"woodland","source":"generated","method":"jittered grid inside mapped woodland polygons","decorative":true,"surveyed":false,"confidence":"none","order":1168},"geometry":{"type":"Point","coordinates":[-77.0942183,38.7148103]}},{"type":"Feature","properties":{"sprite":"tree-elm","scale":1.15,"cover":"woodland","source":"generated","method":"jittered grid inside mapped woodland polygons","decorative":true,"surveyed":false,"confidence":"none","order":1169},"geometry":{"type":"Point","coordinates":[-77.0847518,38.7148069]}},{"type":"Feature","properties":{"sprite":"tree-shrub","scale":1.03,"cover":"woodland","source":"generated","method":"jittered grid inside mapped woodland polygons","decorative":true,"surveyed":false,"confidence":"none","order":1170},"geometry":{"type":"Point","coordinates":[-77.0956862,38.7148009]}},{"type":"Feature","properties":{"sprite":"tree-oak","scale":0.91,"cover":"woodland","source":"generated","method":"jittered grid inside mapped woodland polygons","decorative":true,"surveyed":false,"confidence":"none","order":1171},"geometry":{"type":"Point","coordinates":[-77.0820024,38.7147824]}},{"type":"Feature","properties":{"sprite":"tree-oak","scale":1.04,"cover":"woodland","source":"generated","method":"jittered grid inside mapped woodland polygons","decorative":true,"surveyed":false,"confidence":"none","order":1172},"geometry":{"type":"Point","coordinates":[-77.0850036,38.7147785]}},{"type":"Feature","properties":{"sprite":"tree-oak","scale":1.14,"cover":"woodland","source":"generated","method":"jittered grid inside mapped woodland polygons","decorative":true,"surveyed":false,"confidence":"none","order":1173},"geometry":{"type":"Point","coordinates":[-77.0862268,38.7147774]}},{"type":"Feature","properties":{"sprite":"tree-elm","scale":1.05,"cover":"woodland","source":"generated","method":"jittered grid inside mapped woodland polygons","decorative":true,"surveyed":false,"confidence":"none","order":1174},"geometry":{"type":"Point","coordinates":[-77.0855845,38.7147767]}},{"type":"Feature","properties":{"sprite":"tree-oak","scale":1.15,"cover":"woodland","source":"generated","method":"jittered grid inside mapped woodland polygons","decorative":true,"surveyed":false,"confidence":"none","order":1175},"geometry":{"type":"Point","coordinates":[-77.0865578,38.7147763]}},{"type":"Feature","properties":{"sprite":"tree-oak","scale":0.91,"cover":"woodland","source":"generated","method":"jittered grid inside mapped woodland polygons","decorative":true,"surveyed":false,"confidence":"none","order":1176},"geometry":{"type":"Point","coordinates":[-77.0826169,38.714776]}},{"type":"Feature","properties":{"sprite":"tree-pine","scale":0.88,"cover":"woodland","source":"generated","method":"jittered grid inside mapped woodland polygons","decorative":true,"surveyed":false,"confidence":"none","order":1177},"geometry":{"type":"Point","coordinates":[-77.0751737,38.7147694]}},{"type":"Feature","properties":{"sprite":"tree-shrub","scale":0.96,"cover":"woodland","source":"generated","method":"jittered grid inside mapped woodland polygons","decorative":true,"surveyed":false,"confidence":"none","order":1178},"geometry":{"type":"Point","coordinates":[-77.0777872,38.7147689]}},{"type":"Feature","properties":{"sprite":"tree-pine","scale":0.97,"cover":"woodland","source":"generated","method":"jittered grid inside mapped woodland polygons","decorative":true,"surveyed":false,"confidence":"none","order":1179},"geometry":{"type":"Point","coordinates":[-77.0842456,38.7147659]}},{"type":"Feature","properties":{"sprite":"tree-shrub","scale":1.17,"cover":"woodland","source":"generated","method":"jittered grid inside mapped woodland polygons","decorative":true,"surveyed":false,"confidence":"none","order":1180},"geometry":{"type":"Point","coordinates":[-77.0845281,38.7147625]}},{"type":"Feature","properties":{"sprite":"tree-oak","scale":0.98,"cover":"woodland","source":"generated","method":"jittered grid inside mapped woodland polygons","decorative":true,"surveyed":false,"confidence":"none","order":1181},"geometry":{"type":"Point","coordinates":[-77.0790665,38.7147614]}},{"type":"Feature","properties":{"sprite":"tree-shrub","scale":1.04,"cover":"woodland","source":"generated","method":"jittered grid inside mapped woodland polygons","decorative":true,"surveyed":false,"confidence":"none","order":1182},"geometry":{"type":"Point","coordinates":[-77.0770535,38.7147608]}},{"type":"Feature","properties":{"sprite":"tree-elm","scale":1.08,"cover":"woodland","source":"generated","method":"jittered grid inside mapped woodland polygons","decorative":true,"surveyed":false,"confidence":"none","order":1183},"geometry":{"type":"Point","coordinates":[-77.0946446,38.7147581]}},{"type":"Feature","properties":{"sprite":"tree-pine","scale":1.17,"cover":"woodland","source":"generated","method":"jittered grid inside mapped woodland polygons","decorative":true,"surveyed":false,"confidence":"none","order":1184},"geometry":{"type":"Point","coordinates":[-77.0831914,38.7147521]}},{"type":"Feature","properties":{"sprite":"tree-pine","scale":1.03,"cover":"woodland","source":"generated","method":"jittered grid inside mapped woodland polygons","decorative":true,"surveyed":false,"confidence":"none","order":1185},"geometry":{"type":"Point","coordinates":[-77.0847724,38.7147499]}},{"type":"Feature","properties":{"sprite":"tree-elm","scale":0.82,"cover":"woodland","source":"generated","method":"jittered grid inside mapped woodland polygons","decorative":true,"surveyed":false,"confidence":"none","order":1186},"geometry":{"type":"Point","coordinates":[-77.0912652,38.7147461]}},{"type":"Feature","properties":{"sprite":"tree-oak","scale":0.83,"cover":"woodland","source":"generated","method":"jittered grid inside mapped woodland polygons","decorative":true,"surveyed":false,"confidence":"none","order":1187},"geometry":{"type":"Point","coordinates":[-77.0868411,38.7147415]}},{"type":"Feature","properties":{"sprite":"tree-elm","scale":1.01,"cover":"woodland","source":"generated","method":"jittered grid inside mapped woodland polygons","decorative":true,"surveyed":false,"confidence":"none","order":1188},"geometry":{"type":"Point","coordinates":[-77.0808857,38.7147386]}},{"type":"Feature","properties":{"sprite":"tree-elm","scale":1.18,"cover":"woodland","source":"generated","method":"jittered grid inside mapped woodland polygons","decorative":true,"surveyed":false,"confidence":"none","order":1189},"geometry":{"type":"Point","coordinates":[-77.0765872,38.7147355]}},{"type":"Feature","properties":{"sprite":"tree-oak","scale":0.99,"cover":"woodland","source":"generated","method":"jittered grid inside mapped woodland polygons","decorative":true,"surveyed":false,"confidence":"none","order":1190},"geometry":{"type":"Point","coordinates":[-77.085276,38.7147354]}},{"type":"Feature","properties":{"sprite":"tree-elm","scale":0.81,"cover":"woodland","source":"generated","method":"jittered grid inside mapped woodland polygons","decorative":true,"surveyed":false,"confidence":"none","order":1191},"geometry":{"type":"Point","coordinates":[-77.0756129,38.714735]}},{"type":"Feature","properties":{"sprite":"tree-oak","scale":1.0,"cover":"woodland","source":"generated","method":"jittered grid inside mapped woodland polygons","decorative":true,"surveyed":false,"confidence":"none","order":1192},"geometry":{"type":"Point","coordinates":[-77.1081503,38.7147342]}},{"type":"Feature","properties":{"sprite":"tree-shrub","scale":1.0,"cover":"woodland","source":"generated","method":"jittered grid inside mapped woodland polygons","decorative":true,"surveyed":false,"confidence":"none","order":1193},"geometry":{"type":"Point","coordinates":[-77.0814486,38.7147332]}},{"type":"Feature","properties":{"sprite":"tree-elm","scale":1.01,"cover":"woodland","source":"generated","method":"jittered grid inside mapped woodland polygons","decorative":true,"surveyed":false,"confidence":"none","order":1194},"geometry":{"type":"Point","coordinates":[-77.074593,38.7147211]}},{"type":"Feature","properties":{"sprite":"tree-shrub","scale":0.93,"cover":"woodland","source":"generated","method":"jittered grid inside mapped woodland polygons","decorative":true,"surveyed":false,"confidence":"none","order":1195},"geometry":{"type":"Point","coordinates":[-77.0837073,38.7147206]}},{"type":"Feature","properties":{"sprite":"tree-pine","scale":0.95,"cover":"woodland","source":"generated","method":"jittered grid inside mapped woodland polygons","decorative":true,"surveyed":false,"confidence":"none","order":1196},"geometry":{"type":"Point","coordinates":[-77.0905439,38.7147188]}},{"type":"Feature","properties":{"sprite":"tree-pine","scale":0.82,"cover":"woodland","source":"generated","method":"jittered grid inside mapped woodland polygons","decorative":true,"surveyed":false,"confidence":"none","order":1197},"geometry":{"type":"Point","coordinates":[-77.0938419,38.7147146]}},{"type":"Feature","properties":{"sprite":"tree-oak","scale":1.08,"cover":"woodland","source":"generated","method":"jittered grid inside mapped woodland polygons","decorative":true,"surveyed":false,"confidence":"none","order":1198},"geometry":{"type":"Point","coordinates":[-77.0799487,38.7147122]}},{"type":"Feature","properties":{"sprite":"tree-pine","scale":1.14,"cover":"woodland","source":"generated","method":"jittered grid inside mapped woodland polygons","decorative":true,"surveyed":false,"confidence":"none","order":1199},"geometry":{"type":"Point","coordinates":[-77.0822303,38.7147005]}},{"type":"Feature","properties":{"sprite":"tree-shrub","scale":1.09,"cover":"woodland","source":"generated","method":"jittered grid inside mapped woodland polygons","decorative":true,"surveyed":false,"confidence":"none","order":1200},"geometry":{"type":"Point","coordinates":[-77.0957572,38.714692]}},{"type":"Feature","properties":{"sprite":"tree-elm","scale":0.86,"cover":"woodland","source":"generated","method":"jittered grid inside mapped woodland polygons","decorative":true,"surveyed":false,"confidence":"none","order":1201},"geometry":{"type":"Point","coordinates":[-77.0815384,38.714688]}},{"type":"Feature","properties":{"sprite":"tree-pine","scale":0.98,"cover":"woodland","source":"generated","method":"jittered grid inside mapped woodland polygons","decorative":true,"surveyed":false,"confidence":"none","order":1202},"geometry":{"type":"Point","coordinates":[-77.1090356,38.7146872]}},{"type":"Feature","properties":{"sprite":"tree-shrub","scale":0.85,"cover":"woodland","source":"generated","method":"jittered grid inside mapped woodland polygons","decorative":true,"surveyed":false,"confidence":"none","order":1203},"geometry":{"type":"Point","coordinates":[-77.0949464,38.7146786]}},{"type":"Feature","properties":{"sprite":"tree-oak","scale":0.99,"cover":"woodland","source":"generated","method":"jittered grid inside mapped woodland polygons","decorative":true,"surveyed":false,"confidence":"none","order":1204},"geometry":{"type":"Point","coordinates":[-77.0782674,38.7146775]}},{"type":"Feature","properties":{"sprite":"tree-elm","scale":1.06,"cover":"woodland","source":"generated","method":"jittered grid inside mapped woodland polygons","decorative":true,"surveyed":false,"confidence":"none","order":1205},"geometry":{"type":"Point","coordinates":[-77.0787547,38.7146767]}},{"type":"Feature","properties":{"sprite":"tree-pine","scale":1.07,"cover":"woodland","source":"generated","method":"jittered grid inside mapped woodland polygons","decorative":true,"surveyed":false,"confidence":"none","order":1206},"geometry":{"type":"Point","coordinates":[-77.0876836,38.7146761]}},{"type":"Feature","properties":{"sprite":"tree-oak","scale":0.91,"cover":"woodland","source":"generated","method":"jittered grid inside mapped woodland polygons","decorative":true,"surveyed":false,"confidence":"none","order":1207},"geometry":{"type":"Point","coordinates":[-77.0901466,38.714676]}},{"type":"Feature","properties":{"sprite":"tree-shrub","scale":0.89,"cover":"woodland","source":"generated","method":"jittered grid inside mapped woodland polygons","decorative":true,"surveyed":false,"confidence":"none","order":1208},"geometry":{"type":"Point","coordinates":[-77.0881283,38.7146727]}},{"type":"Feature","properties":{"sprite":"tree-oak","scale":1.08,"cover":"woodland","source":"generated","method":"jittered grid inside mapped woodland polygons","decorative":true,"surveyed":false,"confidence":"none","order":1209},"geometry":{"type":"Point","coordinates":[-77.0776548,38.7146727]}},{"type":"Feature","properties":{"sprite":"tree-shrub","scale":1.02,"cover":"woodland","source":"generated","method":"jittered grid inside mapped woodland polygons","decorative":true,"surveyed":false,"confidence":"none","order":1210},"geometry":{"type":"Point","coordinates":[-77.0817728,38.7146724]}},{"type":"Feature","properties":{"sprite":"tree-pine","scale":0.99,"cover":"woodland","source":"generated","method":"jittered grid inside mapped woodland polygons","decorative":true,"surveyed":false,"confidence":"none","order":1211},"geometry":{"type":"Point","coordinates":[-77.0940541,38.7146711]}},{"type":"Feature","properties":{"sprite":"tree-pine","scale":0.94,"cover":"woodland","source":"generated","method":"jittered grid inside mapped woodland polygons","decorative":true,"surveyed":false,"confidence":"none","order":1212},"geometry":{"type":"Point","coordinates":[-77.0874154,38.7146688]}},{"type":"Feature","properties":{"sprite":"tree-elm","scale":1.01,"cover":"woodland","source":"generated","method":"jittered grid inside mapped woodland polygons","decorative":true,"surveyed":false,"confidence":"none","order":1213},"geometry":{"type":"Point","coordinates":[-77.08031,38.7146664]}},{"type":"Feature","properties":{"sprite":"tree-oak","scale":1.08,"cover":"woodland","source":"generated","method":"jittered grid inside mapped woodland polygons","decorative":true,"surveyed":false,"confidence":"none","order":1214},"geometry":{"type":"Point","coordinates":[-77.0877714,38.714665]}},{"type":"Feature","properties":{"sprite":"tree-oak","scale":0.94,"cover":"woodland","source":"generated","method":"jittered grid inside mapped woodland polygons","decorative":true,"surveyed":false,"confidence":"none","order":1215},"geometry":{"type":"Point","coordinates":[-77.0915519,38.714656]}},{"type":"Feature","properties":{"sprite":"tree-oak","scale":1.1,"cover":"woodland","source":"generated","method":"jittered grid inside mapped woodland polygons","decorative":true,"surveyed":false,"confidence":"none","order":1216},"geometry":{"type":"Point","coordinates":[-77.0893358,38.7146537]}},{"type":"Feature","properties":{"sprite":"tree-pine","scale":0.93,"cover":"woodland","source":"generated","method":"jittered grid inside mapped woodland polygons","decorative":true,"surveyed":false,"confidence":"none","order":1217},"geometry":{"type":"Point","coordinates":[-77.080354,38.7146536]}},{"type":"Feature","properties":{"sprite":"tree-oak","scale":0.83,"cover":"woodland","source":"generated","method":"jittered grid inside mapped woodland polygons","decorative":true,"surveyed":false,"confidence":"none","order":1218},"geometry":{"type":"Point","coordinates":[-77.0794715,38.7146531]}},{"type":"Feature","properties":{"sprite":"tree-elm","scale":0.79,"cover":"woodland","source":"generated","method":"jittered grid inside mapped woodland polygons","decorative":true,"surveyed":false,"confidence":"none","order":1219},"geometry":{"type":"Point","coordinates":[-77.0762345,38.7146497]}},{"type":"Feature","properties":{"sprite":"tree-oak","scale":1.2,"cover":"woodland","source":"generated","method":"jittered grid inside mapped woodland polygons","decorative":true,"surveyed":false,"confidence":"none","order":1220},"geometry":{"type":"Point","coordinates":[-77.0828058,38.714646]}},{"type":"Feature","properties":{"sprite":"tree-oak","scale":0.99,"cover":"woodland","source":"generated","method":"jittered grid inside mapped woodland polygons","decorative":true,"surveyed":false,"confidence":"none","order":1221},"geometry":{"type":"Point","coordinates":[-77.0908584,38.7146454]}},{"type":"Feature","properties":{"sprite":"tree-shrub","scale":0.84,"cover":"woodland","source":"generated","method":"jittered grid inside mapped woodland polygons","decorative":true,"surveyed":false,"confidence":"none","order":1222},"geometry":{"type":"Point","coordinates":[-77.0830273,38.714645]}},{"type":"Feature","properties":{"sprite":"tree-pine","scale":1.14,"cover":"woodland","source":"generated","method":"jittered grid inside mapped woodland polygons","decorative":true,"surveyed":false,"confidence":"none","order":1223},"geometry":{"type":"Point","coordinates":[-77.0781241,38.7146409]}},{"type":"Feature","properties":{"sprite":"tree-oak","scale":1.03,"cover":"woodland","source":"generated","method":"jittered grid inside mapped woodland polygons","decorative":true,"surveyed":false,"confidence":"none","order":1224},"geometry":{"type":"Point","coordinates":[-77.0811777,38.7146403]}},{"type":"Feature","properties":{"sprite":"tree-shrub","scale":0.82,"cover":"woodland","source":"generated","method":"jittered grid inside mapped woodland polygons","decorative":true,"surveyed":false,"confidence":"none","order":1225},"geometry":{"type":"Point","coordinates":[-77.0859102,38.7146401]}},{"type":"Feature","properties":{"sprite":"tree-pine","scale":1.0,"cover":"woodland","source":"generated","method":"jittered grid inside mapped woodland polygons","decorative":true,"surveyed":false,"confidence":"none","order":1226},"geometry":{"type":"Point","coordinates":[-77.0938159,38.7146396]}},{"type":"Feature","properties":{"sprite":"tree-shrub","scale":1.21,"cover":"woodland","source":"generated","method":"jittered grid inside mapped woodland polygons","decorative":true,"surveyed":false,"confidence":"none","order":1227},"geometry":{"type":"Point","coordinates":[-77.0903241,38.7146373]}},{"type":"Feature","properties":{"sprite":"tree-oak","scale":1.0,"cover":"woodland","source":"generated","method":"jittered grid inside mapped woodland polygons","decorative":true,"surveyed":false,"confidence":"none","order":1228},"geometry":{"type":"Point","coordinates":[-77.0838539,38.7146359]}},{"type":"Feature","properties":{"sprite":"tree-oak","scale":1.12,"cover":"woodland","source":"generated","method":"jittered grid inside mapped woodland polygons","decorative":true,"surveyed":false,"confidence":"none","order":1229},"geometry":{"type":"Point","coordinates":[-77.0856983,38.7146306]}},{"type":"Feature","properties":{"sprite":"tree-shrub","scale":0.92,"cover":"woodland","source":"generated","method":"jittered grid inside mapped woodland polygons","decorative":true,"surveyed":false,"confidence":"none","order":1230},"geometry":{"type":"Point","coordinates":[-77.0919703,38.714626]}},{"type":"Feature","properties":{"sprite":"tree-elm","scale":1.18,"cover":"woodland","source":"generated","method":"jittered grid inside mapped woodland polygons","decorative":true,"surveyed":false,"confidence":"none","order":1231},"geometry":{"type":"Point","coordinates":[-77.0960484,38.7146096]}},{"type":"Feature","properties":{"sprite":"tree-oak","scale":1.01,"cover":"woodland","source":"generated","method":"jittered grid inside mapped woodland polygons","decorative":true,"surveyed":false,"confidence":"none","order":1232},"geometry":{"type":"Point","coordinates":[-77.086084,38.714606]}},{"type":"Feature","properties":{"sprite":"tree-oak","scale":1.1,"cover":"woodland","source":"generated","method":"jittered grid inside mapped woodland polygons","decorative":true,"surveyed":false,"confidence":"none","order":1233},"geometry":{"type":"Point","coordinates":[-77.0818012,38.714606]}},{"type":"Feature","properties":{"sprite":"tree-oak","scale":0.83,"cover":"woodland","source":"generated","method":"jittered grid inside mapped woodland polygons","decorative":true,"surveyed":false,"confidence":"none","order":1234},"geometry":{"type":"Point","coordinates":[-77.0941041,38.7146029]}},{"type":"Feature","properties":{"sprite":"tree-oak","scale":0.96,"cover":"woodland","source":"generated","method":"jittered grid inside mapped woodland polygons","decorative":true,"surveyed":false,"confidence":"none","order":1235},"geometry":{"type":"Point","coordinates":[-77.0814989,38.7146019]}},{"type":"Feature","properties":{"sprite":"tree-oak","scale":0.91,"cover":"woodland","source":"generated","method":"jittered grid inside mapped woodland polygons","decorative":true,"surveyed":false,"confidence":"none","order":1236},"geometry":{"type":"Point","coordinates":[-77.0937584,38.7146017]}},{"type":"Feature","properties":{"sprite":"tree-pine","scale":0.93,"cover":"woodland","source":"generated","method":"jittered grid inside mapped woodland polygons","decorative":true,"surveyed":false,"confidence":"none","order":1237},"geometry":{"type":"Point","coordinates":[-77.0807668,38.7146012]}},{"type":"Feature","properties":{"sprite":"tree-oak","scale":0.93,"cover":"woodland","source":"generated","method":"jittered grid inside mapped woodland polygons","decorative":true,"surveyed":false,"confidence":"none","order":1238},"geometry":{"type":"Point","coordinates":[-77.0756461,38.7145997]}},{"type":"Feature","properties":{"sprite":"tree-oak","scale":0.86,"cover":"woodland","source":"generated","method":"jittered grid inside mapped woodland polygons","decorative":true,"surveyed":false,"confidence":"none","order":1239},"geometry":{"type":"Point","coordinates":[-77.090315,38.7145906]}},{"type":"Feature","properties":{"sprite":"tree-elm","scale":1.14,"cover":"woodland","source":"generated","method":"jittered grid inside mapped woodland polygons","decorative":true,"surveyed":false,"confidence":"none","order":1240},"geometry":{"type":"Point","coordinates":[-77.0765942,38.7145893]}},{"type":"Feature","properties":{"sprite":"tree-oak","scale":0.89,"cover":"woodland","source":"generated","method":"jittered grid inside mapped woodland polygons","decorative":true,"surveyed":false,"confidence":"none","order":1241},"geometry":{"type":"Point","coordinates":[-77.0747098,38.7145884]}},{"type":"Feature","properties":{"sprite":"tree-oak","scale":0.99,"cover":"woodland","source":"generated","method":"jittered grid inside mapped woodland polygons","decorative":true,"surveyed":false,"confidence":"none","order":1242},"geometry":{"type":"Point","coordinates":[-77.0770806,38.7145847]}},{"type":"Feature","properties":{"sprite":"tree-elm","scale":0.87,"cover":"woodland","source":"generated","method":"jittered grid inside mapped woodland polygons","decorative":true,"surveyed":false,"confidence":"none","order":1243},"geometry":{"type":"Point","coordinates":[-77.0759776,38.714584]}},{"type":"Feature","properties":{"sprite":"tree-oak","scale":0.9,"cover":"woodland","source":"generated","method":"jittered grid inside mapped woodland polygons","decorative":true,"surveyed":false,"confidence":"none","order":1244},"geometry":{"type":"Point","coordinates":[-77.0868311,38.7145816]}},{"type":"Feature","properties":{"sprite":"tree-oak","scale":1.07,"cover":"woodland","source":"generated","method":"jittered grid inside mapped woodland polygons","decorative":true,"surveyed":false,"confidence":"none","order":1245},"geometry":{"type":"Point","coordinates":[-77.0948799,38.7145697]}},{"type":"Feature","properties":{"sprite":"tree-oak","scale":0.93,"cover":"woodland","source":"generated","method":"jittered grid inside mapped woodland polygons","decorative":true,"surveyed":false,"confidence":"none","order":1246},"geometry":{"type":"Point","coordinates":[-77.0828358,38.7145685]}},{"type":"Feature","properties":{"sprite":"tree-oak","scale":1.05,"cover":"woodland","source":"generated","method":"jittered grid inside mapped woodland polygons","decorative":true,"surveyed":false,"confidence":"none","order":1247},"geometry":{"type":"Point","coordinates":[-77.1082766,38.7145662]}},{"type":"Feature","properties":{"sprite":"tree-elm","scale":1.03,"cover":"woodland","source":"generated","method":"jittered grid inside mapped woodland polygons","decorative":true,"surveyed":false,"confidence":"none","order":1248},"geometry":{"type":"Point","coordinates":[-77.079762,38.7145627]}},{"type":"Feature","properties":{"sprite":"tree-oak","scale":0.81,"cover":"woodland","source":"generated","method":"jittered grid inside mapped woodland polygons","decorative":true,"surveyed":false,"confidence":"none","order":1249},"geometry":{"type":"Point","coordinates":[-77.0851935,38.7145617]}},{"type":"Feature","properties":{"sprite":"tree-shrub","scale":0.87,"cover":"woodland","source":"generated","method":"jittered grid inside mapped woodland polygons","decorative":true,"surveyed":false,"confidence":"none","order":1250},"geometry":{"type":"Point","coordinates":[-77.1081306,38.7145611]}},{"type":"Feature","properties":{"sprite":"tree-shrub","scale":0.8,"cover":"woodland","source":"generated","method":"jittered grid inside mapped woodland polygons","decorative":true,"surveyed":false,"confidence":"none","order":1251},"geometry":{"type":"Point","coordinates":[-77.074495,38.7145597]}},{"type":"Feature","properties":{"sprite":"tree-elm","scale":0.93,"cover":"woodland","source":"generated","method":"jittered grid inside mapped woodland polygons","decorative":true,"surveyed":false,"confidence":"none","order":1252},"geometry":{"type":"Point","coordinates":[-77.0870995,38.7145539]}},{"type":"Feature","properties":{"sprite":"tree-elm","scale":0.85,"cover":"woodland","source":"generated","method":"jittered grid inside mapped woodland polygons","decorative":true,"surveyed":false,"confidence":"none","order":1253},"geometry":{"type":"Point","coordinates":[-77.0763789,38.7145481]}},{"type":"Feature","properties":{"sprite":"tree-oak","scale":0.9,"cover":"woodland","source":"generated","method":"jittered grid inside mapped woodland polygons","decorative":true,"surveyed":false,"confidence":"none","order":1254},"geometry":{"type":"Point","coordinates":[-77.0822166,38.7145464]}},{"type":"Feature","properties":{"sprite":"tree-shrub","scale":1.1,"cover":"woodland","source":"generated","method":"jittered grid inside mapped woodland polygons","decorative":true,"surveyed":false,"confidence":"none","order":1255},"geometry":{"type":"Point","coordinates":[-77.0749134,38.7145453]}},{"type":"Feature","properties":{"sprite":"tree-oak","scale":0.88,"cover":"woodland","source":"generated","method":"jittered grid inside mapped woodland polygons","decorative":true,"surveyed":false,"confidence":"none","order":1256},"geometry":{"type":"Point","coordinates":[-77.0776785,38.7145445]}},{"type":"Feature","properties":{"sprite":"tree-elm","scale":0.95,"cover":"woodland","source":"generated","method":"jittered grid inside mapped woodland polygons","decorative":true,"surveyed":false,"confidence":"none","order":1257},"geometry":{"type":"Point","coordinates":[-77.0838292,38.7145395]}},{"type":"Feature","properties":{"sprite":"tree-shrub","scale":0.94,"cover":"woodland","source":"generated","method":"jittered grid inside mapped woodland polygons","decorative":true,"surveyed":false,"confidence":"none","order":1258},"geometry":{"type":"Point","coordinates":[-77.0907594,38.7145344]}},{"type":"Feature","properties":{"sprite":"tree-elm","scale":0.9,"cover":"woodland","source":"generated","method":"jittered grid inside mapped woodland polygons","decorative":true,"surveyed":false,"confidence":"none","order":1259},"geometry":{"type":"Point","coordinates":[-77.0848648,38.7145312]}},{"type":"Feature","properties":{"sprite":"tree-pine","scale":0.93,"cover":"woodland","source":"generated","method":"jittered grid inside mapped woodland polygons","decorative":true,"surveyed":false,"confidence":"none","order":1260},"geometry":{"type":"Point","coordinates":[-77.0857504,38.7145256]}},{"type":"Feature","properties":{"sprite":"tree-shrub","scale":1.16,"cover":"woodland","source":"generated","method":"jittered grid inside mapped woodland polygons","decorative":true,"surveyed":false,"confidence":"none","order":1261},"geometry":{"type":"Point","coordinates":[-77.0893816,38.7145245]}},{"type":"Feature","properties":{"sprite":"tree-oak","scale":0.95,"cover":"woodland","source":"generated","method":"jittered grid inside mapped woodland polygons","decorative":true,"surveyed":false,"confidence":"none","order":1262},"geometry":{"type":"Point","coordinates":[-77.0957656,38.7145209]}},{"type":"Feature","properties":{"sprite":"tree-oak","scale":0.91,"cover":"woodland","source":"generated","method":"jittered grid inside mapped woodland polygons","decorative":true,"surveyed":false,"confidence":"none","order":1263},"geometry":{"type":"Point","coordinates":[-77.0919047,38.7145151]}},{"type":"Feature","properties":{"sprite":"tree-oak","scale":0.8,"cover":"woodland","source":"generated","method":"jittered grid inside mapped woodland polygons","decorative":true,"surveyed":false,"confidence":"none","order":1264},"geometry":{"type":"Point","coordinates":[-77.0796676,38.7145119]}},{"type":"Feature","properties":{"sprite":"tree-elm","scale":1.19,"cover":"woodland","source":"generated","method":"jittered grid inside mapped woodland polygons","decorative":true,"surveyed":false,"confidence":"none","order":1265},"geometry":{"type":"Point","coordinates":[-77.0825824,38.714508]}},{"type":"Feature","properties":{"sprite":"tree-shrub","scale":1.15,"cover":"woodland","source":"generated","method":"jittered grid inside mapped woodland polygons","decorative":true,"surveyed":false,"confidence":"none","order":1266},"geometry":{"type":"Point","coordinates":[-77.0900402,38.7145075]}},{"type":"Feature","properties":{"sprite":"tree-pine","scale":1.14,"cover":"woodland","source":"generated","method":"jittered grid inside mapped woodland polygons","decorative":true,"surveyed":false,"confidence":"none","order":1267},"geometry":{"type":"Point","coordinates":[-77.0955673,38.7145074]}},{"type":"Feature","properties":{"sprite":"tree-shrub","scale":0.79,"cover":"woodland","source":"generated","method":"jittered grid inside mapped woodland polygons","decorative":true,"surveyed":false,"confidence":"none","order":1268},"geometry":{"type":"Point","coordinates":[-77.1092057,38.7145044]}},{"type":"Feature","properties":{"sprite":"tree-oak","scale":0.79,"cover":"woodland","source":"generated","method":"jittered grid inside mapped woodland polygons","decorative":true,"surveyed":false,"confidence":"none","order":1269},"geometry":{"type":"Point","coordinates":[-77.0904902,38.714502]}},{"type":"Feature","properties":{"sprite":"tree-elm","scale":1.04,"cover":"woodland","source":"generated","method":"jittered grid inside mapped woodland polygons","decorative":true,"surveyed":false,"confidence":"none","order":1270},"geometry":{"type":"Point","coordinates":[-77.0873586,38.7145018]}},{"type":"Feature","properties":{"sprite":"tree-pine","scale":1.0,"cover":"woodland","source":"generated","method":"jittered grid inside mapped woodland polygons","decorative":true,"surveyed":false,"confidence":"none","order":1271},"geometry":{"type":"Point","coordinates":[-77.0946766,38.7145009]}},{"type":"Feature","properties":{"sprite":"tree-pine","scale":1.04,"cover":"woodland","source":"generated","method":"jittered grid inside mapped woodland polygons","decorative":true,"surveyed":false,"confidence":"none","order":1272},"geometry":{"type":"Point","coordinates":[-77.108809,38.7145001]}},{"type":"Feature","properties":{"sprite":"tree-pine","scale":0.83,"cover":"woodland","source":"generated","method":"jittered grid inside mapped woodland polygons","decorative":true,"surveyed":false,"confidence":"none","order":1273},"geometry":{"type":"Point","coordinates":[-77.0743502,38.7144965]}},{"type":"Feature","properties":{"sprite":"tree-elm","scale":0.98,"cover":"woodland","source":"generated","method":"jittered grid inside mapped woodland polygons","decorative":true,"surveyed":false,"confidence":"none","order":1274},"geometry":{"type":"Point","coordinates":[-77.0912579,38.7144963]}},{"type":"Feature","properties":{"sprite":"tree-oak","scale":0.92,"cover":"woodland","source":"generated","method":"jittered grid inside mapped woodland polygons","decorative":true,"surveyed":false,"confidence":"none","order":1275},"geometry":{"type":"Point","coordinates":[-77.0876553,38.7144947]}},{"type":"Feature","properties":{"sprite":"tree-pine","scale":1.19,"cover":"woodland","source":"generated","method":"jittered grid inside mapped woodland polygons","decorative":true,"surveyed":false,"confidence":"none","order":1276},"geometry":{"type":"Point","coordinates":[-77.0845207,38.714488]}},{"type":"Feature","properties":{"sprite":"tree-oak","scale":1.15,"cover":"woodland","source":"generated","method":"jittered grid inside mapped woodland polygons","decorative":true,"surveyed":false,"confidence":"none","order":1277},"geometry":{"type":"Point","coordinates":[-77.0772093,38.7144848]}},{"type":"Feature","properties":{"sprite":"tree-pine","scale":0.9,"cover":"woodland","source":"generated","method":"jittered grid inside mapped woodland polygons","decorative":true,"surveyed":false,"confidence":"none","order":1278},"geometry":{"type":"Point","coordinates":[-77.0950661,38.7144842]}},{"type":"Feature","properties":{"sprite":"tree-pine","scale":1.13,"cover":"woodland","source":"generated","method":"jittered grid inside mapped woodland polygons","decorative":true,"surveyed":false,"confidence":"none","order":1279},"geometry":{"type":"Point","coordinates":[-77.0898091,38.7144814]}},{"type":"Feature","properties":{"sprite":"tree-oak","scale":1.0,"cover":"woodland","source":"generated","method":"jittered grid inside mapped woodland polygons","decorative":true,"surveyed":false,"confidence":"none","order":1280},"geometry":{"type":"Point","coordinates":[-77.0843298,38.7144798]}},{"type":"Feature","properties":{"sprite":"tree-elm","scale":1.2,"cover":"woodland","source":"generated","method":"jittered grid inside mapped woodland polygons","decorative":true,"surveyed":false,"confidence":"none","order":1281},"geometry":{"type":"Point","coordinates":[-77.0832515,38.7144764]}},{"type":"Feature","properties":{"sprite":"tree-shrub","scale":1.12,"cover":"woodland","source":"generated","method":"jittered grid inside mapped woodland polygons","decorative":true,"surveyed":false,"confidence":"none","order":1282},"geometry":{"type":"Point","coordinates":[-77.0858077,38.7144737]}},{"type":"Feature","properties":{"sprite":"tree-oak","scale":1.15,"cover":"woodland","source":"generated","method":"jittered grid inside mapped woodland polygons","decorative":true,"surveyed":false,"confidence":"none","order":1283},"geometry":{"type":"Point","coordinates":[-77.0776333,38.7144733]}},{"type":"Feature","properties":{"sprite":"tree-oak","scale":0.87,"cover":"woodland","source":"generated","method":"jittered grid inside mapped woodland polygons","decorative":true,"surveyed":false,"confidence":"none","order":1284},"geometry":{"type":"Point","coordinates":[-77.0812189,38.7144705]}},{"type":"Feature","properties":{"sprite":"tree-elm","scale":0.98,"cover":"woodland","source":"generated","method":"jittered grid inside mapped woodland polygons","decorative":true,"surveyed":false,"confidence":"none","order":1285},"geometry":{"type":"Point","coordinates":[-77.0793267,38.7144681]}},{"type":"Feature","properties":{"sprite":"tree-oak","scale":0.92,"cover":"woodland","source":"generated","method":"jittered grid inside mapped woodland polygons","decorative":true,"surveyed":false,"confidence":"none","order":1286},"geometry":{"type":"Point","coordinates":[-77.0804524,38.7144627]}},{"type":"Feature","properties":{"sprite":"tree-elm","scale":0.94,"cover":"woodland","source":"generated","method":"jittered grid inside mapped woodland polygons","decorative":true,"surveyed":false,"confidence":"none","order":1287},"geometry":{"type":"Point","coordinates":[-77.0809345,38.7144627]}},{"type":"Feature","properties":{"sprite":"tree-pine","scale":1.21,"cover":"woodland","source":"generated","method":"jittered grid inside mapped woodland polygons","decorative":true,"surveyed":false,"confidence":"none","order":1288},"geometry":{"type":"Point","coordinates":[-77.0761586,38.7144622]}},{"type":"Feature","properties":{"sprite":"tree-elm","scale":1.11,"cover":"woodland","source":"generated","method":"jittered grid inside mapped woodland polygons","decorative":true,"surveyed":false,"confidence":"none","order":1289},"geometry":{"type":"Point","coordinates":[-77.0789961,38.7144615]}},{"type":"Feature","properties":{"sprite":"tree-oak","scale":0.82,"cover":"woodland","source":"generated","method":"jittered grid inside mapped woodland polygons","decorative":true,"surveyed":false,"confidence":"none","order":1290},"geometry":{"type":"Point","coordinates":[-77.0836549,38.7144609]}},{"type":"Feature","properties":{"sprite":"tree-shrub","scale":0.78,"cover":"woodland","source":"generated","method":"jittered grid inside mapped woodland polygons","decorative":true,"surveyed":false,"confidence":"none","order":1291},"geometry":{"type":"Point","coordinates":[-77.0881477,38.7144582]}},{"type":"Feature","properties":{"sprite":"tree-oak","scale":0.86,"cover":"woodland","source":"generated","method":"jittered grid inside mapped woodland polygons","decorative":true,"surveyed":false,"confidence":"none","order":1292},"geometry":{"type":"Point","coordinates":[-77.0791252,38.7144572]}},{"type":"Feature","properties":{"sprite":"tree-oak","scale":1.1,"cover":"woodland","source":"generated","method":"jittered grid inside mapped woodland polygons","decorative":true,"surveyed":false,"confidence":"none","order":1293},"geometry":{"type":"Point","coordinates":[-77.0785097,38.7144559]}},{"type":"Feature","properties":{"sprite":"tree-shrub","scale":0.88,"cover":"woodland","source":"generated","method":"jittered grid inside mapped woodland polygons","decorative":true,"surveyed":false,"confidence":"none","order":1294},"geometry":{"type":"Point","coordinates":[-77.0839763,38.7144549]}},{"type":"Feature","properties":{"sprite":"tree-oak","scale":1.04,"cover":"woodland","source":"generated","method":"jittered grid inside mapped woodland polygons","decorative":true,"surveyed":false,"confidence":"none","order":1295},"geometry":{"type":"Point","coordinates":[-77.0909131,38.7144548]}},{"type":"Feature","properties":{"sprite":"tree-shrub","scale":1.03,"cover":"woodland","source":"generated","method":"jittered grid inside mapped woodland polygons","decorative":true,"surveyed":false,"confidence":"none","order":1296},"geometry":{"type":"Point","coordinates":[-77.0751464,38.7144546]}},{"type":"Feature","properties":{"sprite":"tree-shrub","scale":1.03,"cover":"woodland","source":"generated","method":"jittered grid inside mapped woodland polygons","decorative":true,"surveyed":false,"confidence":"none","order":1297},"geometry":{"type":"Point","coordinates":[-77.0862523,38.714454]}},{"type":"Feature","properties":{"sprite":"tree-pine","scale":0.87,"cover":"woodland","source":"generated","method":"jittered grid inside mapped woodland polygons","decorative":true,"surveyed":false,"confidence":"none","order":1298},"geometry":{"type":"Point","coordinates":[-77.0896868,38.7144497]}},{"type":"Feature","properties":{"sprite":"tree-elm","scale":0.9,"cover":"woodland","source":"generated","method":"jittered grid inside mapped woodland polygons","decorative":true,"surveyed":false,"confidence":"none","order":1299},"geometry":{"type":"Point","coordinates":[-77.1083523,38.7144259]}},{"type":"Feature","properties":{"sprite":"tree-pine","scale":0.86,"cover":"woodland","source":"generated","method":"jittered grid inside mapped woodland polygons","decorative":true,"surveyed":false,"confidence":"none","order":1300},"geometry":{"type":"Point","coordinates":[-77.0742585,38.7144253]}},{"type":"Feature","properties":{"sprite":"tree-oak","scale":1.12,"cover":"woodland","source":"generated","method":"jittered grid inside mapped woodland polygons","decorative":true,"surveyed":false,"confidence":"none","order":1301},"geometry":{"type":"Point","coordinates":[-77.0752691,38.7144173]}},{"type":"Feature","properties":{"sprite":"tree-oak","scale":0.94,"cover":"woodland","source":"generated","method":"jittered grid inside mapped woodland polygons","decorative":true,"surveyed":false,"confidence":"none","order":1302},"geometry":{"type":"Point","coordinates":[-77.0853664,38.7144141]}},{"type":"Feature","properties":{"sprite":"tree-shrub","scale":0.99,"cover":"woodland","source":"generated","method":"jittered grid inside mapped woodland polygons","decorative":true,"surveyed":false,"confidence":"none","order":1303},"geometry":{"type":"Point","coordinates":[-77.0952461,38.7144128]}},{"type":"Feature","properties":{"sprite":"tree-shrub","scale":1.19,"cover":"woodland","source":"generated","method":"jittered grid inside mapped woodland polygons","decorative":true,"surveyed":false,"confidence":"none","order":1304},"geometry":{"type":"Point","coordinates":[-77.0767038,38.7144121]}},{"type":"Feature","properties":{"sprite":"tree-pine","scale":0.87,"cover":"woodland","source":"generated","method":"jittered grid inside mapped woodland polygons","decorative":true,"surveyed":false,"confidence":"none","order":1305},"geometry":{"type":"Point","coordinates":[-77.0869678,38.7144116]}},{"type":"Feature","properties":{"sprite":"tree-oak","scale":1.09,"cover":"woodland","source":"generated","method":"jittered grid inside mapped woodland polygons","decorative":true,"surveyed":false,"confidence":"none","order":1306},"geometry":{"type":"Point","coordinates":[-77.07444,38.7144102]}},{"type":"Feature","properties":{"sprite":"tree-oak","scale":1.2,"cover":"woodland","source":"generated","method":"jittered grid inside mapped woodland polygons","decorative":true,"surveyed":false,"confidence":"none","order":1307},"geometry":{"type":"Point","coordinates":[-77.078763,38.7144074]}},{"type":"Feature","properties":{"sprite":"tree-pine","scale":0.84,"cover":"woodland","source":"generated","method":"jittered grid inside mapped woodland polygons","decorative":true,"surveyed":false,"confidence":"none","order":1308},"geometry":{"type":"Point","coordinates":[-77.0907349,38.7144063]}},{"type":"Feature","properties":{"sprite":"tree-elm","scale":0.79,"cover":"woodland","source":"generated","method":"jittered grid inside mapped woodland polygons","decorative":true,"surveyed":false,"confidence":"none","order":1309},"geometry":{"type":"Point","coordinates":[-77.0829518,38.7144053]}},{"type":"Feature","properties":{"sprite":"tree-shrub","scale":1.15,"cover":"woodland","source":"generated","method":"jittered grid inside mapped woodland polygons","decorative":true,"surveyed":false,"confidence":"none","order":1310},"geometry":{"type":"Point","coordinates":[-77.0954668,38.7144043]}},{"type":"Feature","properties":{"sprite":"tree-oak","scale":1.06,"cover":"woodland","source":"generated","method":"jittered grid inside mapped woodland polygons","decorative":true,"surveyed":false,"confidence":"none","order":1311},"geometry":{"type":"Point","coordinates":[-77.0797505,38.7144023]}},{"type":"Feature","properties":{"sprite":"tree-shrub","scale":0.98,"cover":"woodland","source":"generated","method":"jittered grid inside mapped woodland polygons","decorative":true,"surveyed":false,"confidence":"none","order":1312},"geometry":{"type":"Point","coordinates":[-77.0857685,38.7143984]}},{"type":"Feature","properties":{"sprite":"tree-elm","scale":1.07,"cover":"woodland","source":"generated","method":"jittered grid inside mapped woodland polygons","decorative":true,"surveyed":false,"confidence":"none","order":1313},"geometry":{"type":"Point","coordinates":[-77.0717717,38.7143981]}},{"type":"Feature","properties":{"sprite":"tree-elm","scale":0.94,"cover":"woodland","source":"generated","method":"jittered grid inside mapped woodland polygons","decorative":true,"surveyed":false,"confidence":"none","order":1314},"geometry":{"type":"Point","coordinates":[-77.0901001,38.7143956]}},{"type":"Feature","properties":{"sprite":"tree-elm","scale":1.1,"cover":"woodland","source":"generated","method":"jittered grid inside mapped woodland polygons","decorative":true,"surveyed":false,"confidence":"none","order":1315},"geometry":{"type":"Point","coordinates":[-77.0806649,38.7143948]}},{"type":"Feature","properties":{"sprite":"tree-shrub","scale":1.12,"cover":"woodland","source":"generated","method":"jittered grid inside mapped woodland polygons","decorative":true,"surveyed":false,"confidence":"none","order":1316},"geometry":{"type":"Point","coordinates":[-77.1080102,38.7143859]}},{"type":"Feature","properties":{"sprite":"tree-shrub","scale":1.07,"cover":"woodland","source":"generated","method":"jittered grid inside mapped woodland polygons","decorative":true,"surveyed":false,"confidence":"none","order":1317},"geometry":{"type":"Point","coordinates":[-77.0915045,38.714384]}},{"type":"Feature","properties":{"sprite":"tree-pine","scale":0.84,"cover":"woodland","source":"generated","method":"jittered grid inside mapped woodland polygons","decorative":true,"surveyed":false,"confidence":"none","order":1318},"geometry":{"type":"Point","coordinates":[-77.0757181,38.7143825]}},{"type":"Feature","properties":{"sprite":"tree-elm","scale":1.01,"cover":"woodland","source":"generated","method":"jittered grid inside mapped woodland polygons","decorative":true,"surveyed":false,"confidence":"none","order":1319},"geometry":{"type":"Point","coordinates":[-77.089291,38.7143816]}},{"type":"Feature","properties":{"sprite":"tree-oak","scale":1.14,"cover":"woodland","source":"generated","method":"jittered grid inside mapped woodland polygons","decorative":true,"surveyed":false,"confidence":"none","order":1320},"geometry":{"type":"Point","coordinates":[-77.0827306,38.714373]}},{"type":"Feature","properties":{"sprite":"tree-elm","scale":1.07,"cover":"woodland","source":"generated","method":"jittered grid inside mapped woodland polygons","decorative":true,"surveyed":false,"confidence":"none","order":1321},"geometry":{"type":"Point","coordinates":[-77.075613,38.714371]}},{"type":"Feature","properties":{"sprite":"tree-elm","scale":1.18,"cover":"woodland","source":"generated","method":"jittered grid inside mapped woodland polygons","decorative":true,"surveyed":false,"confidence":"none","order":1322},"geometry":{"type":"Point","coordinates":[-77.0816804,38.7143677]}},{"type":"Feature","properties":{"sprite":"tree-shrub","scale":1.14,"cover":"woodland","source":"generated","method":"jittered grid inside mapped woodland polygons","decorative":true,"surveyed":false,"confidence":"none","order":1323},"geometry":{"type":"Point","coordinates":[-77.0875392,38.714364]}},{"type":"Feature","properties":{"sprite":"tree-oak","scale":1.2,"cover":"woodland","source":"generated","method":"jittered grid inside mapped woodland polygons","decorative":true,"surveyed":false,"confidence":"none","order":1324},"geometry":{"type":"Point","coordinates":[-77.0801649,38.7143632]}},{"type":"Feature","properties":{"sprite":"tree-shrub","scale":1.03,"cover":"woodland","source":"generated","method":"jittered grid inside mapped woodland polygons","decorative":true,"surveyed":false,"confidence":"none","order":1325},"geometry":{"type":"Point","coordinates":[-77.0938556,38.7143574]}},{"type":"Feature","properties":{"sprite":"tree-shrub","scale":0.96,"cover":"woodland","source":"generated","method":"jittered grid inside mapped woodland polygons","decorative":true,"surveyed":false,"confidence":"none","order":1326},"geometry":{"type":"Point","coordinates":[-77.07493,38.7143559]}},{"type":"Feature","properties":{"sprite":"tree-pine","scale":0.78,"cover":"woodland","source":"generated","method":"jittered grid inside mapped woodland polygons","decorative":true,"surveyed":false,"confidence":"none","order":1327},"geometry":{"type":"Point","coordinates":[-77.0851069,38.7143527]}},{"type":"Feature","properties":{"sprite":"tree-elm","scale":0.87,"cover":"woodland","source":"generated","method":"jittered grid inside mapped woodland polygons","decorative":true,"surveyed":false,"confidence":"none","order":1328},"geometry":{"type":"Point","coordinates":[-77.0812143,38.7143499]}},{"type":"Feature","properties":{"sprite":"tree-shrub","scale":0.92,"cover":"woodland","source":"generated","method":"jittered grid inside mapped woodland polygons","decorative":true,"surveyed":false,"confidence":"none","order":1329},"geometry":{"type":"Point","coordinates":[-77.0793116,38.714344]}},{"type":"Feature","properties":{"sprite":"tree-elm","scale":0.89,"cover":"woodland","source":"generated","method":"jittered grid inside mapped woodland polygons","decorative":true,"surveyed":false,"confidence":"none","order":1330},"geometry":{"type":"Point","coordinates":[-77.0823458,38.7143377]}},{"type":"Feature","properties":{"sprite":"tree-pine","scale":1.17,"cover":"woodland","source":"generated","method":"jittered grid inside mapped woodland polygons","decorative":true,"surveyed":false,"confidence":"none","order":1331},"geometry":{"type":"Point","coordinates":[-77.0859653,38.7143375]}},{"type":"Feature","properties":{"sprite":"tree-oak","scale":0.96,"cover":"woodland","source":"generated","method":"jittered grid inside mapped woodland polygons","decorative":true,"surveyed":false,"confidence":"none","order":1332},"geometry":{"type":"Point","coordinates":[-77.0760429,38.714335]}},{"type":"Feature","properties":{"sprite":"tree-oak","scale":1.15,"cover":"woodland","source":"generated","method":"jittered grid inside mapped woodland polygons","decorative":true,"surveyed":false,"confidence":"none","order":1333},"geometry":{"type":"Point","coordinates":[-77.109383,38.7143344]}},{"type":"Feature","properties":{"sprite":"tree-elm","scale":1.21,"cover":"woodland","source":"generated","method":"jittered grid inside mapped woodland polygons","decorative":true,"surveyed":false,"confidence":"none","order":1334},"geometry":{"type":"Point","coordinates":[-77.086221,38.7143334]}},{"type":"Feature","properties":{"sprite":"tree-oak","scale":0.86,"cover":"woodland","source":"generated","method":"jittered grid inside mapped woodland polygons","decorative":true,"surveyed":false,"confidence":"none","order":1335},"geometry":{"type":"Point","coordinates":[-77.0959087,38.7143304]}},{"type":"Feature","properties":{"sprite":"tree-elm","scale":0.91,"cover":"woodland","source":"generated","method":"jittered grid inside mapped woodland polygons","decorative":true,"surveyed":false,"confidence":"none","order":1336},"geometry":{"type":"Point","coordinates":[-77.0955533,38.7143275]}},{"type":"Feature","properties":{"sprite":"tree-shrub","scale":1.06,"cover":"woodland","source":"generated","method":"jittered grid inside mapped woodland polygons","decorative":true,"surveyed":false,"confidence":"none","order":1337},"geometry":{"type":"Point","coordinates":[-77.0751564,38.7143272]}},{"type":"Feature","properties":{"sprite":"tree-elm","scale":1.03,"cover":"woodland","source":"generated","method":"jittered grid inside mapped woodland polygons","decorative":true,"surveyed":false,"confidence":"none","order":1338},"geometry":{"type":"Point","coordinates":[-77.1089154,38.7143257]}},{"type":"Feature","properties":{"sprite":"tree-pine","scale":0.9,"cover":"woodland","source":"generated","method":"jittered grid inside mapped woodland polygons","decorative":true,"surveyed":false,"confidence":"none","order":1339},"geometry":{"type":"Point","coordinates":[-77.0837564,38.7143242]}},{"type":"Feature","properties":{"sprite":"tree-oak","scale":0.8,"cover":"woodland","source":"generated","method":"jittered grid inside mapped woodland polygons","decorative":true,"surveyed":false,"confidence":"none","order":1340},"geometry":{"type":"Point","coordinates":[-77.0819674,38.7143223]}},{"type":"Feature","properties":{"sprite":"tree-oak","scale":0.89,"cover":"woodland","source":"generated","method":"jittered grid inside mapped woodland polygons","decorative":true,"surveyed":false,"confidence":"none","order":1341},"geometry":{"type":"Point","coordinates":[-77.0800721,38.7143166]}},{"type":"Feature","properties":{"sprite":"tree-oak","scale":0.93,"cover":"woodland","source":"generated","method":"jittered grid inside mapped woodland polygons","decorative":true,"surveyed":false,"confidence":"none","order":1342},"geometry":{"type":"Point","coordinates":[-77.0899129,38.7143098]}},{"type":"Feature","properties":{"sprite":"tree-oak","scale":0.79,"cover":"woodland","source":"generated","method":"jittered grid inside mapped woodland polygons","decorative":true,"surveyed":false,"confidence":"none","order":1343},"geometry":{"type":"Point","coordinates":[-77.0784033,38.7143079]}},{"type":"Feature","properties":{"sprite":"tree-shrub","scale":1.07,"cover":"woodland","source":"generated","method":"jittered grid inside mapped woodland polygons","decorative":true,"surveyed":false,"confidence":"none","order":1344},"geometry":{"type":"Point","coordinates":[-77.0849328,38.7143045]}},{"type":"Feature","properties":{"sprite":"tree-elm","scale":1.16,"cover":"woodland","source":"generated","method":"jittered grid inside mapped woodland polygons","decorative":true,"surveyed":false,"confidence":"none","order":1345},"geometry":{"type":"Point","coordinates":[-77.0910466,38.7143042]}},{"type":"Feature","properties":{"sprite":"tree-elm","scale":0.84,"cover":"woodland","source":"generated","method":"jittered grid inside mapped woodland polygons","decorative":true,"surveyed":false,"confidence":"none","order":1346},"geometry":{"type":"Point","coordinates":[-77.0777478,38.7143036]}},{"type":"Feature","properties":{"sprite":"tree-pine","scale":0.88,"cover":"woodland","source":"generated","method":"jittered grid inside mapped woodland polygons","decorative":true,"surveyed":false,"confidence":"none","order":1347},"geometry":{"type":"Point","coordinates":[-77.0913636,38.7142985]}},{"type":"Feature","properties":{"sprite":"tree-pine","scale":1.2,"cover":"woodland","source":"generated","method":"jittered grid inside mapped woodland polygons","decorative":true,"surveyed":false,"confidence":"none","order":1348},"geometry":{"type":"Point","coordinates":[-77.0769803,38.7142948]}},{"type":"Feature","properties":{"sprite":"tree-pine","scale":0.8,"cover":"woodland","source":"generated","method":"jittered grid inside mapped woodland polygons","decorative":true,"surveyed":false,"confidence":"none","order":1349},"geometry":{"type":"Point","coordinates":[-77.0746741,38.7142883]}},{"type":"Feature","properties":{"sprite":"tree-pine","scale":0.82,"cover":"woodland","source":"generated","method":"jittered grid inside mapped woodland polygons","decorative":true,"surveyed":false,"confidence":"none","order":1350},"geometry":{"type":"Point","coordinates":[-77.081842,38.7142841]}},{"type":"Feature","properties":{"sprite":"tree-oak","scale":1.15,"cover":"woodland","source":"generated","method":"jittered grid inside mapped woodland polygons","decorative":true,"surveyed":false,"confidence":"none","order":1351},"geometry":{"type":"Point","coordinates":[-77.0813463,38.7142833]}},{"type":"Feature","properties":{"sprite":"tree-oak","scale":0.83,"cover":"woodland","source":"generated","method":"jittered grid inside mapped woodland polygons","decorative":true,"surveyed":false,"confidence":"none","order":1352},"geometry":{"type":"Point","coordinates":[-77.0873711,38.714283]}},{"type":"Feature","properties":{"sprite":"tree-oak","scale":0.97,"cover":"woodland","source":"generated","method":"jittered grid inside mapped woodland polygons","decorative":true,"surveyed":false,"confidence":"none","order":1353},"geometry":{"type":"Point","coordinates":[-77.0765801,38.7142824]}},{"type":"Feature","properties":{"sprite":"tree-oak","scale":1.2,"cover":"woodland","source":"generated","method":"jittered grid inside mapped woodland polygons","decorative":true,"surveyed":false,"confidence":"none","order":1354},"geometry":{"type":"Point","coordinates":[-77.0846099,38.7142818]}},{"type":"Feature","properties":{"sprite":"tree-elm","scale":1.11,"cover":"woodland","source":"generated","method":"jittered grid inside mapped woodland polygons","decorative":true,"surveyed":false,"confidence":"none","order":1355},"geometry":{"type":"Point","coordinates":[-77.083134,38.7142771]}},{"type":"Feature","properties":{"sprite":"tree-shrub","scale":1.09,"cover":"woodland","source":"generated","method":"jittered grid inside mapped woodland polygons","decorative":true,"surveyed":false,"confidence":"none","order":1356},"geometry":{"type":"Point","coordinates":[-77.1082988,38.7142765]}},{"type":"Feature","properties":{"sprite":"tree-oak","scale":0.83,"cover":"woodland","source":"generated","method":"jittered grid inside mapped woodland polygons","decorative":true,"surveyed":false,"confidence":"none","order":1357},"geometry":{"type":"Point","coordinates":[-77.0717641,38.714273]}},{"type":"Feature","properties":{"sprite":"tree-oak","scale":0.89,"cover":"woodland","source":"generated","method":"jittered grid inside mapped woodland polygons","decorative":true,"surveyed":false,"confidence":"none","order":1358},"geometry":{"type":"Point","coordinates":[-77.0962021,38.7142576]}},{"type":"Feature","properties":{"sprite":"tree-shrub","scale":1.2,"cover":"woodland","source":"generated","method":"jittered grid inside mapped woodland polygons","decorative":true,"surveyed":false,"confidence":"none","order":1359},"geometry":{"type":"Point","coordinates":[-77.094116,38.7142497]}},{"type":"Feature","properties":{"sprite":"tree-oak","scale":0.93,"cover":"woodland","source":"generated","method":"jittered grid inside mapped woodland polygons","decorative":true,"surveyed":false,"confidence":"none","order":1360},"geometry":{"type":"Point","coordinates":[-77.0943838,38.7142449]}},{"type":"Feature","properties":{"sprite":"tree-elm","scale":0.96,"cover":"woodland","source":"generated","method":"jittered grid inside mapped woodland polygons","decorative":true,"surveyed":false,"confidence":"none","order":1361},"geometry":{"type":"Point","coordinates":[-77.0829114,38.7142342]}},{"type":"Feature","properties":{"sprite":"tree-pine","scale":1.08,"cover":"woodland","source":"generated","method":"jittered grid inside mapped woodland polygons","decorative":true,"surveyed":false,"confidence":"none","order":1362},"geometry":{"type":"Point","coordinates":[-77.108885,38.7142339]}},{"type":"Feature","properties":{"sprite":"tree-elm","scale":1.08,"cover":"woodland","source":"generated","method":"jittered grid inside mapped woodland polygons","decorative":true,"surveyed":false,"confidence":"none","order":1363},"geometry":{"type":"Point","coordinates":[-77.0781467,38.7142336]}},{"type":"Feature","properties":{"sprite":"tree-oak","scale":0.94,"cover":"woodland","source":"generated","method":"jittered grid inside mapped woodland polygons","decorative":true,"surveyed":false,"confidence":"none","order":1364},"geometry":{"type":"Point","coordinates":[-77.0867869,38.7142327]}},{"type":"Feature","properties":{"sprite":"tree-shrub","scale":0.99,"cover":"woodland","source":"generated","method":"jittered grid inside mapped woodland polygons","decorative":true,"surveyed":false,"confidence":"none","order":1365},"geometry":{"type":"Point","coordinates":[-77.0794348,38.7142303]}},{"type":"Feature","properties":{"sprite":"tree-pine","scale":0.84,"cover":"woodland","source":"generated","method":"jittered grid inside mapped woodland polygons","decorative":true,"surveyed":false,"confidence":"none","order":1366},"geometry":{"type":"Point","coordinates":[-77.07453,38.7142301]}},{"type":"Feature","properties":{"sprite":"tree-shrub","scale":1.06,"cover":"woodland","source":"generated","method":"jittered grid inside mapped woodland polygons","decorative":true,"surveyed":false,"confidence":"none","order":1367},"geometry":{"type":"Point","coordinates":[-77.0913131,38.7142237]}},{"type":"Feature","properties":{"sprite":"tree-oak","scale":1.01,"cover":"woodland","source":"generated","method":"jittered grid inside mapped woodland polygons","decorative":true,"surveyed":false,"confidence":"none","order":1368},"geometry":{"type":"Point","coordinates":[-77.0956604,38.7142227]}},{"type":"Feature","properties":{"sprite":"tree-oak","scale":0.98,"cover":"woodland","source":"generated","method":"jittered grid inside mapped woodland polygons","decorative":true,"surveyed":false,"confidence":"none","order":1369},"geometry":{"type":"Point","coordinates":[-77.0955582,38.7142222]}},{"type":"Feature","properties":{"sprite":"tree-oak","scale":1.15,"cover":"woodland","source":"generated","method":"jittered grid inside mapped woodland polygons","decorative":true,"surveyed":false,"confidence":"none","order":1370},"geometry":{"type":"Point","coordinates":[-77.0804214,38.7142221]}},{"type":"Feature","properties":{"sprite":"tree-shrub","scale":0.95,"cover":"woodland","source":"generated","method":"jittered grid inside mapped woodland polygons","decorative":true,"surveyed":false,"confidence":"none","order":1371},"geometry":{"type":"Point","coordinates":[-77.0872423,38.7142218]}},{"type":"Feature","properties":{"sprite":"tree-elm","scale":1.15,"cover":"woodland","source":"generated","method":"jittered grid inside mapped woodland polygons","decorative":true,"surveyed":false,"confidence":"none","order":1372},"geometry":{"type":"Point","coordinates":[-77.0812949,38.7142204]}},{"type":"Feature","properties":{"sprite":"tree-elm","scale":1.17,"cover":"woodland","source":"generated","method":"jittered grid inside mapped woodland polygons","decorative":true,"surveyed":false,"confidence":"none","order":1373},"geometry":{"type":"Point","coordinates":[-77.07642,38.7142181]}},{"type":"Feature","properties":{"sprite":"tree-oak","scale":1.01,"cover":"woodland","source":"generated","method":"jittered grid inside mapped woodland polygons","decorative":true,"surveyed":false,"confidence":"none","order":1374},"geometry":{"type":"Point","coordinates":[-77.0869969,38.7142178]}},{"type":"Feature","properties":{"sprite":"tree-oak","scale":1.2,"cover":"woodland","source":"generated","method":"jittered grid inside mapped woodland polygons","decorative":true,"surveyed":false,"confidence":"none","order":1375},"geometry":{"type":"Point","coordinates":[-77.0755095,38.7142173]}},{"type":"Feature","properties":{"sprite":"tree-elm","scale":1.17,"cover":"woodland","source":"generated","method":"jittered grid inside mapped woodland polygons","decorative":true,"surveyed":false,"confidence":"none","order":1376},"geometry":{"type":"Point","coordinates":[-77.0718551,38.714217]}},{"type":"Feature","properties":{"sprite":"tree-oak","scale":0.92,"cover":"woodland","source":"generated","method":"jittered grid inside mapped woodland polygons","decorative":true,"surveyed":false,"confidence":"none","order":1377},"geometry":{"type":"Point","coordinates":[-77.0769178,38.7142164]}},{"type":"Feature","properties":{"sprite":"tree-oak","scale":0.9,"cover":"woodland","source":"generated","method":"jittered grid inside mapped woodland polygons","decorative":true,"surveyed":false,"confidence":"none","order":1378},"geometry":{"type":"Point","coordinates":[-77.0836189,38.7142147]}},{"type":"Feature","properties":{"sprite":"tree-elm","scale":0.96,"cover":"woodland","source":"generated","method":"jittered grid inside mapped woodland polygons","decorative":true,"surveyed":false,"confidence":"none","order":1379},"geometry":{"type":"Point","coordinates":[-77.0841784,38.7142145]}},{"type":"Feature","properties":{"sprite":"tree-elm","scale":0.94,"cover":"woodland","source":"generated","method":"jittered grid inside mapped woodland polygons","decorative":true,"surveyed":false,"confidence":"none","order":1380},"geometry":{"type":"Point","coordinates":[-77.0895079,38.7142143]}},{"type":"Feature","properties":{"sprite":"tree-shrub","scale":0.95,"cover":"woodland","source":"generated","method":"jittered grid inside mapped woodland polygons","decorative":true,"surveyed":false,"confidence":"none","order":1381},"geometry":{"type":"Point","coordinates":[-77.0851841,38.7142046]}},{"type":"Feature","properties":{"sprite":"tree-pine","scale":0.89,"cover":"woodland","source":"generated","method":"jittered grid inside mapped woodland polygons","decorative":true,"surveyed":false,"confidence":"none","order":1382},"geometry":{"type":"Point","coordinates":[-77.0847046,38.7142021]}},{"type":"Feature","properties":{"sprite":"tree-oak","scale":1.03,"cover":"woodland","source":"generated","method":"jittered grid inside mapped woodland polygons","decorative":true,"surveyed":false,"confidence":"none","order":1383},"geometry":{"type":"Point","coordinates":[-77.0938619,38.7142019]}},{"type":"Feature","properties":{"sprite":"tree-oak","scale":1.15,"cover":"woodland","source":"generated","method":"jittered grid inside mapped woodland polygons","decorative":true,"surveyed":false,"confidence":"none","order":1384},"geometry":{"type":"Point","coordinates":[-77.076108,38.7142011]}},{"type":"Feature","properties":{"sprite":"tree-oak","scale":1.12,"cover":"woodland","source":"generated","method":"jittered grid inside mapped woodland polygons","decorative":true,"surveyed":false,"confidence":"none","order":1385},"geometry":{"type":"Point","coordinates":[-77.0722845,38.7141927]}},{"type":"Feature","properties":{"sprite":"tree-pine","scale":1.09,"cover":"woodland","source":"generated","method":"jittered grid inside mapped woodland polygons","decorative":true,"surveyed":false,"confidence":"none","order":1386},"geometry":{"type":"Point","coordinates":[-77.0819141,38.7141901]}},{"type":"Feature","properties":{"sprite":"tree-oak","scale":0.97,"cover":"woodland","source":"generated","method":"jittered grid inside mapped woodland polygons","decorative":true,"surveyed":false,"confidence":"none","order":1387},"geometry":{"type":"Point","coordinates":[-77.0876659,38.7141885]}},{"type":"Feature","properties":{"sprite":"tree-oak","scale":1.05,"cover":"woodland","source":"generated","method":"jittered grid inside mapped woodland polygons","decorative":true,"surveyed":false,"confidence":"none","order":1388},"geometry":{"type":"Point","coordinates":[-77.108608,38.7141881]}},{"type":"Feature","properties":{"sprite":"tree-shrub","scale":1.21,"cover":"woodland","source":"generated","method":"jittered grid inside mapped woodland polygons","decorative":true,"surveyed":false,"confidence":"none","order":1389},"geometry":{"type":"Point","coordinates":[-77.08096,38.7141845]}},{"type":"Feature","properties":{"sprite":"tree-oak","scale":0.97,"cover":"woodland","source":"generated","method":"jittered grid inside mapped woodland polygons","decorative":true,"surveyed":false,"confidence":"none","order":1390},"geometry":{"type":"Point","coordinates":[-77.0944888,38.7141782]}},{"type":"Feature","properties":{"sprite":"tree-oak","scale":0.92,"cover":"woodland","source":"generated","method":"jittered grid inside mapped woodland polygons","decorative":true,"surveyed":false,"confidence":"none","order":1391},"geometry":{"type":"Point","coordinates":[-77.1091717,38.7141755]}},{"type":"Feature","properties":{"sprite":"tree-shrub","scale":1.03,"cover":"woodland","source":"generated","method":"jittered grid inside mapped woodland polygons","decorative":true,"surveyed":false,"confidence":"none","order":1392},"geometry":{"type":"Point","coordinates":[-77.0952896,38.7141755]}},{"type":"Feature","properties":{"sprite":"tree-oak","scale":0.94,"cover":"woodland","source":"generated","method":"jittered grid inside mapped woodland polygons","decorative":true,"surveyed":false,"confidence":"none","order":1393},"geometry":{"type":"Point","coordinates":[-77.0875581,38.714163]}},{"type":"Feature","properties":{"sprite":"tree-oak","scale":0.93,"cover":"woodland","source":"generated","method":"jittered grid inside mapped woodland polygons","decorative":true,"surveyed":false,"confidence":"none","order":1394},"geometry":{"type":"Point","coordinates":[-77.0825476,38.7141613]}},{"type":"Feature","properties":{"sprite":"tree-oak","scale":1.16,"cover":"woodland","source":"generated","method":"jittered grid inside mapped woodland polygons","decorative":true,"surveyed":false,"confidence":"none","order":1395},"geometry":{"type":"Point","coordinates":[-77.0780194,38.7141607]}},{"type":"Feature","properties":{"sprite":"tree-oak","scale":0.87,"cover":"woodland","source":"generated","method":"jittered grid inside mapped woodland polygons","decorative":true,"surveyed":false,"confidence":"none","order":1396},"geometry":{"type":"Point","coordinates":[-77.0902546,38.714158]}},{"type":"Feature","properties":{"sprite":"tree-pine","scale":0.86,"cover":"woodland","source":"generated","method":"jittered grid inside mapped woodland polygons","decorative":true,"surveyed":false,"confidence":"none","order":1397},"geometry":{"type":"Point","coordinates":[-77.0913924,38.7141572]}},{"type":"Feature","properties":{"sprite":"tree-shrub","scale":1.15,"cover":"woodland","source":"generated","method":"jittered grid inside mapped woodland polygons","decorative":true,"surveyed":false,"confidence":"none","order":1398},"geometry":{"type":"Point","coordinates":[-77.0864078,38.714157]}},{"type":"Feature","properties":{"sprite":"tree-pine","scale":1.07,"cover":"woodland","source":"generated","method":"jittered grid inside mapped woodland polygons","decorative":true,"surveyed":false,"confidence":"none","order":1399},"geometry":{"type":"Point","coordinates":[-77.0765557,38.7141466]}},{"type":"Feature","properties":{"sprite":"tree-shrub","scale":0.81,"cover":"woodland","source":"generated","method":"jittered grid inside mapped woodland polygons","decorative":true,"surveyed":false,"confidence":"none","order":1400},"geometry":{"type":"Point","coordinates":[-77.109266,38.7141465]}},{"type":"Feature","properties":{"sprite":"tree-oak","scale":1.18,"cover":"woodland","source":"generated","method":"jittered grid inside mapped woodland polygons","decorative":true,"surveyed":false,"confidence":"none","order":1401},"geometry":{"type":"Point","coordinates":[-77.0910677,38.7141376]}},{"type":"Feature","properties":{"sprite":"tree-oak","scale":0.91,"cover":"woodland","source":"generated","method":"jittered grid inside mapped woodland polygons","decorative":true,"surveyed":false,"confidence":"none","order":1402},"geometry":{"type":"Point","coordinates":[-77.096046,38.7141365]}},{"type":"Feature","properties":{"sprite":"tree-elm","scale":1.07,"cover":"woodland","source":"generated","method":"jittered grid inside mapped woodland polygons","decorative":true,"surveyed":false,"confidence":"none","order":1403},"geometry":{"type":"Point","coordinates":[-77.0775311,38.7141362]}},{"type":"Feature","properties":{"sprite":"tree-elm","scale":0.87,"cover":"woodland","source":"generated","method":"jittered grid inside mapped woodland polygons","decorative":true,"surveyed":false,"confidence":"none","order":1404},"geometry":{"type":"Point","coordinates":[-77.0858841,38.714134]}},{"type":"Feature","properties":{"sprite":"tree-pine","scale":1.17,"cover":"woodland","source":"generated","method":"jittered grid inside mapped woodland polygons","decorative":true,"surveyed":false,"confidence":"none","order":1405},"geometry":{"type":"Point","coordinates":[-77.0772619,38.7141335]}},{"type":"Feature","properties":{"sprite":"tree-shrub","scale":1.21,"cover":"woodland","source":"generated","method":"jittered grid inside mapped woodland polygons","decorative":true,"surveyed":false,"confidence":"none","order":1406},"geometry":{"type":"Point","coordinates":[-77.0833978,38.7141274]}},{"type":"Feature","properties":{"sprite":"tree-pine","scale":1.21,"cover":"woodland","source":"generated","method":"jittered grid inside mapped woodland polygons","decorative":true,"surveyed":false,"confidence":"none","order":1407},"geometry":{"type":"Point","coordinates":[-77.1085763,38.7141228]}},{"type":"Feature","properties":{"sprite":"tree-oak","scale":0.94,"cover":"woodland","source":"generated","method":"jittered grid inside mapped woodland polygons","decorative":true,"surveyed":false,"confidence":"none","order":1408},"geometry":{"type":"Point","coordinates":[-77.0785492,38.7141205]}},{"type":"Feature","properties":{"sprite":"tree-shrub","scale":1.06,"cover":"woodland","source":"generated","method":"jittered grid inside mapped woodland polygons","decorative":true,"surveyed":false,"confidence":"none","order":1409},"geometry":{"type":"Point","coordinates":[-77.0795482,38.7141161]}},{"type":"Feature","properties":{"sprite":"tree-oak","scale":1.01,"cover":"woodland","source":"generated","method":"jittered grid inside mapped woodland polygons","decorative":true,"surveyed":false,"confidence":"none","order":1410},"geometry":{"type":"Point","coordinates":[-77.0750506,38.7141147]}},{"type":"Feature","properties":{"sprite":"tree-elm","scale":0.92,"cover":"woodland","source":"generated","method":"jittered grid inside mapped woodland polygons","decorative":true,"surveyed":false,"confidence":"none","order":1411},"geometry":{"type":"Point","coordinates":[-77.0857241,38.7141141]}},{"type":"Feature","properties":{"sprite":"tree-oak","scale":1.17,"cover":"woodland","source":"generated","method":"jittered grid inside mapped woodland polygons","decorative":true,"surveyed":false,"confidence":"none","order":1412},"geometry":{"type":"Point","coordinates":[-77.0891551,38.7141128]}},{"type":"Feature","properties":{"sprite":"tree-oak","scale":1.11,"cover":"woodland","source":"generated","method":"jittered grid inside mapped woodland polygons","decorative":true,"surveyed":false,"confidence":"none","order":1413},"geometry":{"type":"Point","coordinates":[-77.077148,38.7141066]}},{"type":"Feature","properties":{"sprite":"tree-shrub","scale":1.22,"cover":"woodland","source":"generated","method":"jittered grid inside mapped woodland polygons","decorative":true,"surveyed":false,"confidence":"none","order":1414},"geometry":{"type":"Point","coordinates":[-77.0838882,38.7141048]}},{"type":"Feature","properties":{"sprite":"tree-oak","scale":1.21,"cover":"woodland","source":"generated","method":"jittered grid inside mapped woodland polygons","decorative":true,"surveyed":false,"confidence":"none","order":1415},"geometry":{"type":"Point","coordinates":[-77.0850559,38.7141018]}},{"type":"Feature","properties":{"sprite":"tree-pine","scale":0.93,"cover":"woodland","source":"generated","method":"jittered grid inside mapped woodland polygons","decorative":true,"surveyed":false,"confidence":"none","order":1416},"geometry":{"type":"Point","coordinates":[-77.0853317,38.7141012]}},{"type":"Feature","properties":{"sprite":"tree-oak","scale":0.95,"cover":"woodland","source":"generated","method":"jittered grid inside mapped woodland polygons","decorative":true,"surveyed":false,"confidence":"none","order":1417},"geometry":{"type":"Point","coordinates":[-77.0892821,38.7140957]}},{"type":"Feature","properties":{"sprite":"tree-oak","scale":0.79,"cover":"woodland","source":"generated","method":"jittered grid inside mapped woodland polygons","decorative":true,"surveyed":false,"confidence":"none","order":1418},"geometry":{"type":"Point","coordinates":[-77.0906867,38.7140954]}},{"type":"Feature","properties":{"sprite":"tree-elm","scale":1.05,"cover":"woodland","source":"generated","method":"jittered grid inside mapped woodland polygons","decorative":true,"surveyed":false,"confidence":"none","order":1419},"geometry":{"type":"Point","coordinates":[-77.0757706,38.7140938]}},{"type":"Feature","properties":{"sprite":"tree-oak","scale":1.13,"cover":"woodland","source":"generated","method":"jittered grid inside mapped woodland polygons","decorative":true,"surveyed":false,"confidence":"none","order":1420},"geometry":{"type":"Point","coordinates":[-77.1089344,38.7140922]}},{"type":"Feature","properties":{"sprite":"tree-oak","scale":0.9,"cover":"woodland","source":"generated","method":"jittered grid inside mapped woodland polygons","decorative":true,"surveyed":false,"confidence":"none","order":1421},"geometry":{"type":"Point","coordinates":[-77.0843923,38.7140908]}},{"type":"Feature","properties":{"sprite":"tree-elm","scale":1.16,"cover":"woodland","source":"generated","method":"jittered grid inside mapped woodland polygons","decorative":true,"surveyed":false,"confidence":"none","order":1422},"geometry":{"type":"Point","coordinates":[-77.0753161,38.7140907]}},{"type":"Feature","properties":{"sprite":"tree-elm","scale":0.85,"cover":"woodland","source":"generated","method":"jittered grid inside mapped woodland polygons","decorative":true,"surveyed":false,"confidence":"none","order":1423},"geometry":{"type":"Point","coordinates":[-77.0790068,38.7140891]}},{"type":"Feature","properties":{"sprite":"tree-pine","scale":0.79,"cover":"woodland","source":"generated","method":"jittered grid inside mapped woodland polygons","decorative":true,"surveyed":false,"confidence":"none","order":1424},"geometry":{"type":"Point","coordinates":[-77.0742211,38.7140855]}},{"type":"Feature","properties":{"sprite":"tree-pine","scale":0.79,"cover":"woodland","source":"generated","method":"jittered grid inside mapped woodland polygons","decorative":true,"surveyed":false,"confidence":"none","order":1425},"geometry":{"type":"Point","coordinates":[-77.0800861,38.7140845]}},{"type":"Feature","properties":{"sprite":"tree-shrub","scale":0.98,"cover":"woodland","source":"generated","method":"jittered grid inside mapped woodland polygons","decorative":true,"surveyed":false,"confidence":"none","order":1426},"geometry":{"type":"Point","coordinates":[-77.0799573,38.7140835]}},{"type":"Feature","properties":{"sprite":"tree-pine","scale":0.85,"cover":"woodland","source":"generated","method":"jittered grid inside mapped woodland polygons","decorative":true,"surveyed":false,"confidence":"none","order":1427},"geometry":{"type":"Point","coordinates":[-77.0878428,38.7140596]}},{"type":"Feature","properties":{"sprite":"tree-shrub","scale":1.03,"cover":"woodland","source":"generated","method":"jittered grid inside mapped woodland polygons","decorative":true,"surveyed":false,"confidence":"none","order":1428},"geometry":{"type":"Point","coordinates":[-77.0961266,38.7140591]}},{"type":"Feature","properties":{"sprite":"tree-oak","scale":1.09,"cover":"woodland","source":"generated","method":"jittered grid inside mapped woodland polygons","decorative":true,"surveyed":false,"confidence":"none","order":1429},"geometry":{"type":"Point","coordinates":[-77.1091152,38.7140516]}},{"type":"Feature","properties":{"sprite":"tree-oak","scale":0.88,"cover":"woodland","source":"generated","method":"jittered grid inside mapped woodland polygons","decorative":true,"surveyed":false,"confidence":"none","order":1430},"geometry":{"type":"Point","coordinates":[-77.0717279,38.7140435]}},{"type":"Feature","properties":{"sprite":"tree-oak","scale":0.87,"cover":"woodland","source":"generated","method":"jittered grid inside mapped woodland polygons","decorative":true,"surveyed":false,"confidence":"none","order":1431},"geometry":{"type":"Point","coordinates":[-77.0890498,38.7140335]}},{"type":"Feature","properties":{"sprite":"tree-elm","scale":1.19,"cover":"woodland","source":"generated","method":"jittered grid inside mapped woodland polygons","decorative":true,"surveyed":false,"confidence":"none","order":1432},"geometry":{"type":"Point","coordinates":[-77.0785227,38.7140289]}},{"type":"Feature","properties":{"sprite":"tree-oak","scale":0.84,"cover":"woodland","source":"generated","method":"jittered grid inside mapped woodland polygons","decorative":true,"surveyed":false,"confidence":"none","order":1433},"geometry":{"type":"Point","coordinates":[-77.0746615,38.7140245]}},{"type":"Feature","properties":{"sprite":"tree-elm","scale":1.2,"cover":"woodland","source":"generated","method":"jittered grid inside mapped woodland polygons","decorative":true,"surveyed":false,"confidence":"none","order":1434},"geometry":{"type":"Point","coordinates":[-77.0815555,38.7140213]}},{"type":"Feature","properties":{"sprite":"tree-elm","scale":0.92,"cover":"woodland","source":"generated","method":"jittered grid inside mapped woodland polygons","decorative":true,"surveyed":false,"confidence":"none","order":1435},"geometry":{"type":"Point","coordinates":[-77.0819677,38.7140206]}},{"type":"Feature","properties":{"sprite":"tree-shrub","scale":0.82,"cover":"woodland","source":"generated","method":"jittered grid inside mapped woodland polygons","decorative":true,"surveyed":false,"confidence":"none","order":1436},"geometry":{"type":"Point","coordinates":[-77.0841425,38.7140205]}},{"type":"Feature","properties":{"sprite":"tree-oak","scale":0.78,"cover":"woodland","source":"generated","method":"jittered grid inside mapped woodland polygons","decorative":true,"surveyed":false,"confidence":"none","order":1437},"geometry":{"type":"Point","coordinates":[-77.0823935,38.7140204]}},{"type":"Feature","properties":{"sprite":"tree-pine","scale":0.85,"cover":"woodland","source":"generated","method":"jittered grid inside mapped woodland polygons","decorative":true,"surveyed":false,"confidence":"none","order":1438},"geometry":{"type":"Point","coordinates":[-77.084761,38.7140203]}},{"type":"Feature","properties":{"sprite":"tree-oak","scale":1.17,"cover":"woodland","source":"generated","method":"jittered grid inside mapped woodland polygons","decorative":true,"surveyed":false,"confidence":"none","order":1439},"geometry":{"type":"Point","coordinates":[-77.0756467,38.7140201]}},{"type":"Feature","properties":{"sprite":"tree-pine","scale":1.06,"cover":"woodland","source":"generated","method":"jittered grid inside mapped woodland polygons","decorative":true,"surveyed":false,"confidence":"none","order":1440},"geometry":{"type":"Point","coordinates":[-77.0939833,38.71402]}},{"type":"Feature","properties":{"sprite":"tree-pine","scale":0.96,"cover":"woodland","source":"generated","method":"jittered grid inside mapped woodland polygons","decorative":true,"surveyed":false,"confidence":"none","order":1441},"geometry":{"type":"Point","coordinates":[-77.1084999,38.7140182]}},{"type":"Feature","properties":{"sprite":"tree-oak","scale":0.86,"cover":"woodland","source":"generated","method":"jittered grid inside mapped woodland polygons","decorative":true,"surveyed":false,"confidence":"none","order":1442},"geometry":{"type":"Point","coordinates":[-77.0827591,38.7140131]}},{"type":"Feature","properties":{"sprite":"tree-oak","scale":0.88,"cover":"woodland","source":"generated","method":"jittered grid inside mapped woodland polygons","decorative":true,"surveyed":false,"confidence":"none","order":1443},"geometry":{"type":"Point","coordinates":[-77.0844303,38.7140096]}},{"type":"Feature","properties":{"sprite":"tree-shrub","scale":1.15,"cover":"woodland","source":"generated","method":"jittered grid inside mapped woodland polygons","decorative":true,"surveyed":false,"confidence":"none","order":1444},"geometry":{"type":"Point","coordinates":[-77.0765687,38.7140041]}},{"type":"Feature","properties":{"sprite":"tree-elm","scale":0.93,"cover":"woodland","source":"generated","method":"jittered grid inside mapped woodland polygons","decorative":true,"surveyed":false,"confidence":"none","order":1445},"geometry":{"type":"Point","coordinates":[-77.0724484,38.7140003]}},{"type":"Feature","properties":{"sprite":"tree-shrub","scale":1.14,"cover":"woodland","source":"generated","method":"jittered grid inside mapped woodland polygons","decorative":true,"surveyed":false,"confidence":"none","order":1446},"geometry":{"type":"Point","coordinates":[-77.0958039,38.7139933]}},{"type":"Feature","properties":{"sprite":"tree-shrub","scale":0.81,"cover":"woodland","source":"generated","method":"jittered grid inside mapped woodland polygons","decorative":true,"surveyed":false,"confidence":"none","order":1447},"geometry":{"type":"Point","coordinates":[-77.0832705,38.7139923]}},{"type":"Feature","properties":{"sprite":"tree-oak","scale":1.02,"cover":"woodland","source":"generated","method":"jittered grid inside mapped woodland polygons","decorative":true,"surveyed":false,"confidence":"none","order":1448},"geometry":{"type":"Point","coordinates":[-77.0898857,38.7139909]}},{"type":"Feature","properties":{"sprite":"tree-pine","scale":1.02,"cover":"woodland","source":"generated","method":"jittered grid inside mapped woodland polygons","decorative":true,"surveyed":false,"confidence":"none","order":1449},"geometry":{"type":"Point","coordinates":[-77.0893434,38.7139881]}},{"type":"Feature","properties":{"sprite":"tree-oak","scale":1.15,"cover":"woodland","source":"generated","method":"jittered grid inside mapped woodland polygons","decorative":true,"surveyed":false,"confidence":"none","order":1450},"geometry":{"type":"Point","coordinates":[-77.0784351,38.7139829]}},{"type":"Feature","properties":{"sprite":"tree-oak","scale":1.04,"cover":"woodland","source":"generated","method":"jittered grid inside mapped woodland polygons","decorative":true,"surveyed":false,"confidence":"none","order":1451},"geometry":{"type":"Point","coordinates":[-77.0747844,38.7139804]}},{"type":"Feature","properties":{"sprite":"tree-oak","scale":1.07,"cover":"woodland","source":"generated","method":"jittered grid inside mapped woodland polygons","decorative":true,"surveyed":false,"confidence":"none","order":1452},"geometry":{"type":"Point","coordinates":[-77.0776051,38.7139781]}},{"type":"Feature","properties":{"sprite":"tree-elm","scale":0.88,"cover":"woodland","source":"generated","method":"jittered grid inside mapped woodland polygons","decorative":true,"surveyed":false,"confidence":"none","order":1453},"geometry":{"type":"Point","coordinates":[-77.0838932,38.7139763]}},{"type":"Feature","properties":{"sprite":"tree-shrub","scale":0.93,"cover":"woodland","source":"generated","method":"jittered grid inside mapped woodland polygons","decorative":true,"surveyed":false,"confidence":"none","order":1454},"geometry":{"type":"Point","coordinates":[-77.0806542,38.7139729]}},{"type":"Feature","properties":{"sprite":"tree-pine","scale":1.2,"cover":"woodland","source":"generated","method":"jittered grid inside mapped woodland polygons","decorative":true,"surveyed":false,"confidence":"none","order":1455},"geometry":{"type":"Point","coordinates":[-77.0942307,38.7139705]}},{"type":"Feature","properties":{"sprite":"tree-pine","scale":1.17,"cover":"woodland","source":"generated","method":"jittered grid inside mapped woodland polygons","decorative":true,"surveyed":false,"confidence":"none","order":1456},"geometry":{"type":"Point","coordinates":[-77.0817801,38.71397]}},{"type":"Feature","properties":{"sprite":"tree-elm","scale":1.03,"cover":"woodland","source":"generated","method":"jittered grid inside mapped woodland polygons","decorative":true,"surveyed":false,"confidence":"none","order":1457},"geometry":{"type":"Point","coordinates":[-77.0790415,38.7139679]}},{"type":"Feature","properties":{"sprite":"tree-oak","scale":1.11,"cover":"woodland","source":"generated","method":"jittered grid inside mapped woodland polygons","decorative":true,"surveyed":false,"confidence":"none","order":1458},"geometry":{"type":"Point","coordinates":[-77.0804495,38.713967]}},{"type":"Feature","properties":{"sprite":"tree-pine","scale":1.07,"cover":"woodland","source":"generated","method":"jittered grid inside mapped woodland polygons","decorative":true,"surveyed":false,"confidence":"none","order":1459},"geometry":{"type":"Point","coordinates":[-77.1092963,38.7139651]}},{"type":"Feature","properties":{"sprite":"tree-elm","scale":0.84,"cover":"woodland","source":"generated","method":"jittered grid inside mapped woodland polygons","decorative":true,"surveyed":false,"confidence":"none","order":1460},"geometry":{"type":"Point","coordinates":[-77.0774027,38.7139637]}},{"type":"Feature","properties":{"sprite":"tree-oak","scale":0.81,"cover":"woodland","source":"generated","method":"jittered grid inside mapped woodland polygons","decorative":true,"surveyed":false,"confidence":"none","order":1461},"geometry":{"type":"Point","coordinates":[-77.0893982,38.7139615]}},{"type":"Feature","properties":{"sprite":"tree-oak","scale":1.21,"cover":"woodland","source":"generated","method":"jittered grid inside mapped woodland polygons","decorative":true,"surveyed":false,"confidence":"none","order":1462},"geometry":{"type":"Point","coordinates":[-77.0955958,38.7139598]}},{"type":"Feature","properties":{"sprite":"tree-elm","scale":0.87,"cover":"woodland","source":"generated","method":"jittered grid inside mapped woodland polygons","decorative":true,"surveyed":false,"confidence":"none","order":1463},"geometry":{"type":"Point","coordinates":[-77.0954034,38.7139582]}},{"type":"Feature","properties":{"sprite":"tree-oak","scale":1.21,"cover":"woodland","source":"generated","method":"jittered grid inside mapped woodland polygons","decorative":true,"surveyed":false,"confidence":"none","order":1464},"geometry":{"type":"Point","coordinates":[-77.0811303,38.7139577]}},{"type":"Feature","properties":{"sprite":"tree-pine","scale":1.17,"cover":"woodland","source":"generated","method":"jittered grid inside mapped woodland polygons","decorative":true,"surveyed":false,"confidence":"none","order":1465},"geometry":{"type":"Point","coordinates":[-77.0859052,38.7139576]}},{"type":"Feature","properties":{"sprite":"tree-oak","scale":1.09,"cover":"woodland","source":"generated","method":"jittered grid inside mapped woodland polygons","decorative":true,"surveyed":false,"confidence":"none","order":1466},"geometry":{"type":"Point","coordinates":[-77.0781056,38.7139567]}},{"type":"Feature","properties":{"sprite":"tree-shrub","scale":1.17,"cover":"woodland","source":"generated","method":"jittered grid inside mapped woodland polygons","decorative":true,"surveyed":false,"confidence":"none","order":1467},"geometry":{"type":"Point","coordinates":[-77.08368,38.713956]}},{"type":"Feature","properties":{"sprite":"tree-shrub","scale":1.14,"cover":"woodland","source":"generated","method":"jittered grid inside mapped woodland polygons","decorative":true,"surveyed":false,"confidence":"none","order":1468},"geometry":{"type":"Point","coordinates":[-77.0722447,38.7139511]}},{"type":"Feature","properties":{"sprite":"tree-elm","scale":1.02,"cover":"woodland","source":"generated","method":"jittered grid inside mapped woodland polygons","decorative":true,"surveyed":false,"confidence":"none","order":1469},"geometry":{"type":"Point","coordinates":[-77.0855747,38.7139502]}},{"type":"Feature","properties":{"sprite":"tree-elm","scale":0.81,"cover":"woodland","source":"generated","method":"jittered grid inside mapped woodland polygons","decorative":true,"surveyed":false,"confidence":"none","order":1470},"geometry":{"type":"Point","coordinates":[-77.0813781,38.7139498]}},{"type":"Feature","properties":{"sprite":"tree-elm","scale":1.11,"cover":"woodland","source":"generated","method":"jittered grid inside mapped woodland polygons","decorative":true,"surveyed":false,"confidence":"none","order":1471},"geometry":{"type":"Point","coordinates":[-77.0870764,38.7139478]}},{"type":"Feature","properties":{"sprite":"tree-shrub","scale":0.81,"cover":"woodland","source":"generated","method":"jittered grid inside mapped woodland polygons","decorative":true,"surveyed":false,"confidence":"none","order":1472},"geometry":{"type":"Point","coordinates":[-77.0962509,38.7139471]}},{"type":"Feature","properties":{"sprite":"tree-pine","scale":1.2,"cover":"woodland","source":"generated","method":"jittered grid inside mapped woodland polygons","decorative":true,"surveyed":false,"confidence":"none","order":1473},"geometry":{"type":"Point","coordinates":[-77.0717697,38.7139465]}},{"type":"Feature","properties":{"sprite":"tree-oak","scale":1.1,"cover":"woodland","source":"generated","method":"jittered grid inside mapped woodland polygons","decorative":true,"surveyed":false,"confidence":"none","order":1474},"geometry":{"type":"Point","coordinates":[-77.0826221,38.7139414]}},{"type":"Feature","properties":{"sprite":"tree-shrub","scale":0.86,"cover":"woodland","source":"generated","method":"jittered grid inside mapped woodland polygons","decorative":true,"surveyed":false,"confidence":"none","order":1475},"geometry":{"type":"Point","coordinates":[-77.1089367,38.7139347]}},{"type":"Feature","properties":{"sprite":"tree-shrub","scale":0.96,"cover":"woodland","source":"generated","method":"jittered grid inside mapped woodland polygons","decorative":true,"surveyed":false,"confidence":"none","order":1476},"geometry":{"type":"Point","coordinates":[-77.0904657,38.713934]}},{"type":"Feature","properties":{"sprite":"tree-oak","scale":0.94,"cover":"woodland","source":"generated","method":"jittered grid inside mapped woodland polygons","decorative":true,"surveyed":false,"confidence":"none","order":1477},"geometry":{"type":"Point","coordinates":[-77.075185,38.7139242]}},{"type":"Feature","properties":{"sprite":"tree-oak","scale":0.87,"cover":"woodland","source":"generated","method":"jittered grid inside mapped woodland polygons","decorative":true,"surveyed":false,"confidence":"none","order":1478},"geometry":{"type":"Point","coordinates":[-77.096613,38.7139217]}},{"type":"Feature","properties":{"sprite":"tree-elm","scale":1.09,"cover":"woodland","source":"generated","method":"jittered grid inside mapped woodland polygons","decorative":true,"surveyed":false,"confidence":"none","order":1479},"geometry":{"type":"Point","coordinates":[-77.0720453,38.7139216]}},{"type":"Feature","properties":{"sprite":"tree-elm","scale":1.16,"cover":"woodland","source":"generated","method":"jittered grid inside mapped woodland polygons","decorative":true,"surveyed":false,"confidence":"none","order":1480},"geometry":{"type":"Point","coordinates":[-77.0947811,38.7139181]}},{"type":"Feature","properties":{"sprite":"tree-oak","scale":1.04,"cover":"woodland","source":"generated","method":"jittered grid inside mapped woodland polygons","decorative":true,"surveyed":false,"confidence":"none","order":1481},"geometry":{"type":"Point","coordinates":[-77.0905338,38.713918]}},{"type":"Feature","properties":{"sprite":"tree-shrub","scale":1.19,"cover":"woodland","source":"generated","method":"jittered grid inside mapped woodland polygons","decorative":true,"surveyed":false,"confidence":"none","order":1482},"geometry":{"type":"Point","coordinates":[-77.0793447,38.7139179]}},{"type":"Feature","properties":{"sprite":"tree-oak","scale":1.15,"cover":"woodland","source":"generated","method":"jittered grid inside mapped woodland polygons","decorative":true,"surveyed":false,"confidence":"none","order":1483},"geometry":{"type":"Point","coordinates":[-77.0802985,38.7139165]}},{"type":"Feature","properties":{"sprite":"tree-oak","scale":0.94,"cover":"woodland","source":"generated","method":"jittered grid inside mapped woodland polygons","decorative":true,"surveyed":false,"confidence":"none","order":1484},"geometry":{"type":"Point","coordinates":[-77.075818,38.7139148]}},{"type":"Feature","properties":{"sprite":"tree-pine","scale":0.84,"cover":"woodland","source":"generated","method":"jittered grid inside mapped woodland polygons","decorative":true,"surveyed":false,"confidence":"none","order":1485},"geometry":{"type":"Point","coordinates":[-77.0788043,38.7139127]}},{"type":"Feature","properties":{"sprite":"tree-oak","scale":1.09,"cover":"woodland","source":"generated","method":"jittered grid inside mapped woodland polygons","decorative":true,"surveyed":false,"confidence":"none","order":1486},"geometry":{"type":"Point","coordinates":[-77.0869345,38.7139122]}},{"type":"Feature","properties":{"sprite":"tree-oak","scale":1.0,"cover":"woodland","source":"generated","method":"jittered grid inside mapped woodland polygons","decorative":true,"surveyed":false,"confidence":"none","order":1487},"geometry":{"type":"Point","coordinates":[-77.0752889,38.7139121]}},{"type":"Feature","properties":{"sprite":"tree-shrub","scale":1.16,"cover":"woodland","source":"generated","method":"jittered grid inside mapped woodland polygons","decorative":true,"surveyed":false,"confidence":"none","order":1488},"geometry":{"type":"Point","coordinates":[-77.0967475,38.7139095]}},{"type":"Feature","properties":{"sprite":"tree-oak","scale":0.88,"cover":"woodland","source":"generated","method":"jittered grid inside mapped woodland polygons","decorative":true,"surveyed":false,"confidence":"none","order":1489},"geometry":{"type":"Point","coordinates":[-77.0834022,38.7139094]}},{"type":"Feature","properties":{"sprite":"tree-elm","scale":0.92,"cover":"woodland","source":"generated","method":"jittered grid inside mapped woodland polygons","decorative":true,"surveyed":false,"confidence":"none","order":1490},"geometry":{"type":"Point","coordinates":[-77.0969259,38.7139073]}},{"type":"Feature","properties":{"sprite":"tree-elm","scale":0.98,"cover":"woodland","source":"generated","method":"jittered grid inside mapped woodland polygons","decorative":true,"surveyed":false,"confidence":"none","order":1491},"geometry":{"type":"Point","coordinates":[-77.0795935,38.7139054]}},{"type":"Feature","properties":{"sprite":"tree-shrub","scale":1.07,"cover":"woodland","source":"generated","method":"jittered grid inside mapped woodland polygons","decorative":true,"surveyed":false,"confidence":"none","order":1492},"geometry":{"type":"Point","coordinates":[-77.0846787,38.7138831]}},{"type":"Feature","properties":{"sprite":"tree-pine","scale":0.93,"cover":"woodland","source":"generated","method":"jittered grid inside mapped woodland polygons","decorative":true,"surveyed":false,"confidence":"none","order":1493},"geometry":{"type":"Point","coordinates":[-77.1086119,38.7138826]}},{"type":"Feature","properties":{"sprite":"tree-pine","scale":1.11,"cover":"woodland","source":"generated","method":"jittered grid inside mapped woodland polygons","decorative":true,"surveyed":false,"confidence":"none","order":1494},"geometry":{"type":"Point","coordinates":[-77.0943415,38.7138819]}},{"type":"Feature","properties":{"sprite":"tree-pine","scale":1.22,"cover":"woodland","source":"generated","method":"jittered grid inside mapped woodland polygons","decorative":true,"surveyed":false,"confidence":"none","order":1495},"geometry":{"type":"Point","coordinates":[-77.0824093,38.7138817]}},{"type":"Feature","properties":{"sprite":"tree-oak","scale":0.83,"cover":"woodland","source":"generated","method":"jittered grid inside mapped woodland polygons","decorative":true,"surveyed":false,"confidence":"none","order":1496},"geometry":{"type":"Point","coordinates":[-77.090437,38.7138791]}},{"type":"Feature","properties":{"sprite":"tree-shrub","scale":1.06,"cover":"woodland","source":"generated","method":"jittered grid inside mapped woodland polygons","decorative":true,"surveyed":false,"confidence":"none","order":1497},"geometry":{"type":"Point","coordinates":[-77.0828442,38.7138782]}},{"type":"Feature","properties":{"sprite":"tree-shrub","scale":0.85,"cover":"woodland","source":"generated","method":"jittered grid inside mapped woodland polygons","decorative":true,"surveyed":false,"confidence":"none","order":1498},"geometry":{"type":"Point","coordinates":[-77.0855237,38.7138774]}},{"type":"Feature","properties":{"sprite":"tree-oak","scale":1.13,"cover":"woodland","source":"generated","method":"jittered grid inside mapped woodland polygons","decorative":true,"surveyed":false,"confidence":"none","order":1499},"geometry":{"type":"Point","coordinates":[-77.077528,38.7138758]}},{"type":"Feature","properties":{"sprite":"tree-oak","scale":0.9,"cover":"woodland","source":"generated","method":"jittered grid inside mapped woodland polygons","decorative":true,"surveyed":false,"confidence":"none","order":1500},"geometry":{"type":"Point","coordinates":[-77.0834335,38.7138752]}},{"type":"Feature","properties":{"sprite":"tree-elm","scale":0.81,"cover":"woodland","source":"generated","method":"jittered grid inside mapped woodland polygons","decorative":true,"surveyed":false,"confidence":"none","order":1501},"geometry":{"type":"Point","coordinates":[-77.0761359,38.7138734]}},{"type":"Feature","properties":{"sprite":"tree-elm","scale":1.05,"cover":"woodland","source":"generated","method":"jittered grid inside mapped woodland polygons","decorative":true,"surveyed":false,"confidence":"none","order":1502},"geometry":{"type":"Point","coordinates":[-77.1103912,38.7138697]}},{"type":"Feature","properties":{"sprite":"tree-oak","scale":0.96,"cover":"woodland","source":"generated","method":"jittered grid inside mapped woodland polygons","decorative":true,"surveyed":false,"confidence":"none","order":1503},"geometry":{"type":"Point","coordinates":[-77.0860893,38.7138676]}},{"type":"Feature","properties":{"sprite":"tree-elm","scale":0.95,"cover":"woodland","source":"generated","method":"jittered grid inside mapped woodland polygons","decorative":true,"surveyed":false,"confidence":"none","order":1504},"geometry":{"type":"Point","coordinates":[-77.1096098,38.7138661]}},{"type":"Feature","properties":{"sprite":"tree-oak","scale":0.85,"cover":"woodland","source":"generated","method":"jittered grid inside mapped woodland polygons","decorative":true,"surveyed":false,"confidence":"none","order":1505},"geometry":{"type":"Point","coordinates":[-77.1087596,38.7138551]}},{"type":"Feature","properties":{"sprite":"tree-pine","scale":1.04,"cover":"woodland","source":"generated","method":"jittered grid inside mapped woodland polygons","decorative":true,"surveyed":false,"confidence":"none","order":1506},"geometry":{"type":"Point","coordinates":[-77.0831017,38.7138527]}},{"type":"Feature","properties":{"sprite":"tree-oak","scale":1.14,"cover":"woodland","source":"generated","method":"jittered grid inside mapped woodland polygons","decorative":true,"surveyed":false,"confidence":"none","order":1507},"geometry":{"type":"Point","coordinates":[-77.0898918,38.7138459]}},{"type":"Feature","properties":{"sprite":"tree-elm","scale":1.15,"cover":"woodland","source":"generated","method":"jittered grid inside mapped woodland polygons","decorative":true,"surveyed":false,"confidence":"none","order":1508},"geometry":{"type":"Point","coordinates":[-77.0776943,38.7138416]}},{"type":"Feature","properties":{"sprite":"tree-shrub","scale":1.11,"cover":"woodland","source":"generated","method":"jittered grid inside mapped woodland polygons","decorative":true,"surveyed":false,"confidence":"none","order":1509},"geometry":{"type":"Point","coordinates":[-77.0900697,38.7138414]}},{"type":"Feature","properties":{"sprite":"tree-shrub","scale":1.14,"cover":"woodland","source":"generated","method":"jittered grid inside mapped woodland polygons","decorative":true,"surveyed":false,"confidence":"none","order":1510},"geometry":{"type":"Point","coordinates":[-77.0875394,38.7138411]}},{"type":"Feature","properties":{"sprite":"tree-elm","scale":1.21,"cover":"woodland","source":"generated","method":"jittered grid inside mapped woodland polygons","decorative":true,"surveyed":false,"confidence":"none","order":1511},"geometry":{"type":"Point","coordinates":[-77.109403,38.7138403]}},{"type":"Feature","properties":{"sprite":"tree-oak","scale":0.83,"cover":"woodland","source":"generated","method":"jittered grid inside mapped woodland polygons","decorative":true,"surveyed":false,"confidence":"none","order":1512},"geometry":{"type":"Point","coordinates":[-77.0820105,38.7138389]}},{"type":"Feature","properties":{"sprite":"tree-oak","scale":0.82,"cover":"woodland","source":"generated","method":"jittered grid inside mapped woodland polygons","decorative":true,"surveyed":false,"confidence":"none","order":1513},"geometry":{"type":"Point","coordinates":[-77.0895131,38.7138377]}},{"type":"Feature","properties":{"sprite":"tree-pine","scale":0.88,"cover":"woodland","source":"generated","method":"jittered grid inside mapped woodland polygons","decorative":true,"surveyed":false,"confidence":"none","order":1514},"geometry":{"type":"Point","coordinates":[-77.0983147,38.7138374]}},{"type":"Feature","properties":{"sprite":"tree-elm","scale":0.84,"cover":"woodland","source":"generated","method":"jittered grid inside mapped woodland polygons","decorative":true,"surveyed":false,"confidence":"none","order":1515},"geometry":{"type":"Point","coordinates":[-77.1082946,38.7138329]}},{"type":"Feature","properties":{"sprite":"tree-pine","scale":0.99,"cover":"woodland","source":"generated","method":"jittered grid inside mapped woodland polygons","decorative":true,"surveyed":false,"confidence":"none","order":1516},"geometry":{"type":"Point","coordinates":[-77.0903417,38.713832]}},{"type":"Feature","properties":{"sprite":"tree-elm","scale":1.12,"cover":"woodland","source":"generated","method":"jittered grid inside mapped woodland polygons","decorative":true,"surveyed":false,"confidence":"none","order":1517},"geometry":{"type":"Point","coordinates":[-77.0744299,38.7138306]}},{"type":"Feature","properties":{"sprite":"tree-elm","scale":0.87,"cover":"woodland","source":"generated","method":"jittered grid inside mapped woodland polygons","decorative":true,"surveyed":false,"confidence":"none","order":1518},"geometry":{"type":"Point","coordinates":[-77.0981405,38.7138302]}},{"type":"Feature","properties":{"sprite":"tree-shrub","scale":1.09,"cover":"woodland","source":"generated","method":"jittered grid inside mapped woodland polygons","decorative":true,"surveyed":false,"confidence":"none","order":1519},"geometry":{"type":"Point","coordinates":[-77.0945039,38.7138263]}},{"type":"Feature","properties":{"sprite":"tree-oak","scale":1.13,"cover":"woodland","source":"generated","method":"jittered grid inside mapped woodland polygons","decorative":true,"surveyed":false,"confidence":"none","order":1520},"geometry":{"type":"Point","coordinates":[-77.0802697,38.7138242]}},{"type":"Feature","properties":{"sprite":"tree-elm","scale":0.92,"cover":"woodland","source":"generated","method":"jittered grid inside mapped woodland polygons","decorative":true,"surveyed":false,"confidence":"none","order":1521},"geometry":{"type":"Point","coordinates":[-77.0764715,38.7138227]}},{"type":"Feature","properties":{"sprite":"tree-oak","scale":1.18,"cover":"woodland","source":"generated","method":"jittered grid inside mapped woodland polygons","decorative":true,"surveyed":false,"confidence":"none","order":1522},"geometry":{"type":"Point","coordinates":[-77.0749054,38.7138193]}},{"type":"Feature","properties":{"sprite":"tree-pine","scale":1.05,"cover":"woodland","source":"generated","method":"jittered grid inside mapped woodland polygons","decorative":true,"surveyed":false,"confidence":"none","order":1523},"geometry":{"type":"Point","coordinates":[-77.097647,38.7138192]}},{"type":"Feature","properties":{"sprite":"tree-oak","scale":0.99,"cover":"woodland","source":"generated","method":"jittered grid inside mapped woodland polygons","decorative":true,"surveyed":false,"confidence":"none","order":1524},"geometry":{"type":"Point","coordinates":[-77.0972797,38.7138177]}},{"type":"Feature","properties":{"sprite":"tree-shrub","scale":0.94,"cover":"woodland","source":"generated","method":"jittered grid inside mapped woodland polygons","decorative":true,"surveyed":false,"confidence":"none","order":1525},"geometry":{"type":"Point","coordinates":[-77.0892839,38.7138166]}},{"type":"Feature","properties":{"sprite":"tree-shrub","scale":0.93,"cover":"woodland","source":"generated","method":"jittered grid inside mapped woodland polygons","decorative":true,"surveyed":false,"confidence":"none","order":1526},"geometry":{"type":"Point","coordinates":[-77.0957823,38.7138144]}},{"type":"Feature","properties":{"sprite":"tree-pine","scale":1.07,"cover":"woodland","source":"generated","method":"jittered grid inside mapped woodland polygons","decorative":true,"surveyed":false,"confidence":"none","order":1527},"geometry":{"type":"Point","coordinates":[-77.0748207,38.7138068]}},{"type":"Feature","properties":{"sprite":"tree-oak","scale":0.97,"cover":"woodland","source":"generated","method":"jittered grid inside mapped woodland polygons","decorative":true,"surveyed":false,"confidence":"none","order":1528},"geometry":{"type":"Point","coordinates":[-77.0768833,38.7138053]}},{"type":"Feature","properties":{"sprite":"tree-oak","scale":1.06,"cover":"woodland","source":"generated","method":"jittered grid inside mapped woodland polygons","decorative":true,"surveyed":false,"confidence":"none","order":1529},"geometry":{"type":"Point","coordinates":[-77.0817081,38.713802]}},{"type":"Feature","properties":{"sprite":"tree-oak","scale":0.83,"cover":"woodland","source":"generated","method":"jittered grid inside mapped woodland polygons","decorative":true,"surveyed":false,"confidence":"none","order":1530},"geometry":{"type":"Point","coordinates":[-77.0951443,38.713794]}},{"type":"Feature","properties":{"sprite":"tree-pine","scale":1.05,"cover":"woodland","source":"generated","method":"jittered grid inside mapped woodland polygons","decorative":true,"surveyed":false,"confidence":"none","order":1531},"geometry":{"type":"Point","coordinates":[-77.0808435,38.713794]}},{"type":"Feature","properties":{"sprite":"tree-elm","scale":1.15,"cover":"woodland","source":"generated","method":"jittered grid inside mapped woodland polygons","decorative":true,"surveyed":false,"confidence":"none","order":1532},"geometry":{"type":"Point","coordinates":[-77.0837898,38.7137919]}},{"type":"Feature","properties":{"sprite":"tree-pine","scale":1.04,"cover":"woodland","source":"generated","method":"jittered grid inside mapped woodland polygons","decorative":true,"surveyed":false,"confidence":"none","order":1533},"geometry":{"type":"Point","coordinates":[-77.1093002,38.7137902]}},{"type":"Feature","properties":{"sprite":"tree-oak","scale":1.13,"cover":"woodland","source":"generated","method":"jittered grid inside mapped woodland polygons","decorative":true,"surveyed":false,"confidence":"none","order":1534},"geometry":{"type":"Point","coordinates":[-77.0753151,38.7137884]}},{"type":"Feature","properties":{"sprite":"tree-elm","scale":0.89,"cover":"woodland","source":"generated","method":"jittered grid inside mapped woodland polygons","decorative":true,"surveyed":false,"confidence":"none","order":1535},"geometry":{"type":"Point","coordinates":[-77.1083541,38.7137876]}},{"type":"Feature","properties":{"sprite":"tree-pine","scale":0.94,"cover":"woodland","source":"generated","method":"jittered grid inside mapped woodland polygons","decorative":true,"surveyed":false,"confidence":"none","order":1536},"geometry":{"type":"Point","coordinates":[-77.0859047,38.7137875]}},{"type":"Feature","properties":{"sprite":"tree-shrub","scale":0.99,"cover":"woodland","source":"generated","method":"jittered grid inside mapped woodland polygons","decorative":true,"surveyed":false,"confidence":"none","order":1537},"geometry":{"type":"Point","coordinates":[-77.0954313,38.7137868]}},{"type":"Feature","properties":{"sprite":"tree-oak","scale":0.8,"cover":"woodland","source":"generated","method":"jittered grid inside mapped woodland polygons","decorative":true,"surveyed":false,"confidence":"none","order":1538},"geometry":{"type":"Point","coordinates":[-77.0826147,38.7137857]}},{"type":"Feature","properties":{"sprite":"tree-oak","scale":1.08,"cover":"woodland","source":"generated","method":"jittered grid inside mapped woodland polygons","decorative":true,"surveyed":false,"confidence":"none","order":1539},"geometry":{"type":"Point","coordinates":[-77.0787767,38.7137856]}},{"type":"Feature","properties":{"sprite":"tree-oak","scale":1.21,"cover":"woodland","source":"generated","method":"jittered grid inside mapped woodland polygons","decorative":true,"surveyed":false,"confidence":"none","order":1540},"geometry":{"type":"Point","coordinates":[-77.0841684,38.7137837]}},{"type":"Feature","properties":{"sprite":"tree-elm","scale":1.21,"cover":"woodland","source":"generated","method":"jittered grid inside mapped woodland polygons","decorative":true,"surveyed":false,"confidence":"none","order":1541},"geometry":{"type":"Point","coordinates":[-77.0959867,38.7137835]}},{"type":"Feature","properties":{"sprite":"tree-oak","scale":1.07,"cover":"woodland","source":"generated","method":"jittered grid inside mapped woodland polygons","decorative":true,"surveyed":false,"confidence":"none","order":1542},"geometry":{"type":"Point","coordinates":[-77.0940387,38.7137818]}},{"type":"Feature","properties":{"sprite":"tree-pine","scale":1.21,"cover":"woodland","source":"generated","method":"jittered grid inside mapped woodland polygons","decorative":true,"surveyed":false,"confidence":"none","order":1543},"geometry":{"type":"Point","coordinates":[-77.0811771,38.713781]}},{"type":"Feature","properties":{"sprite":"tree-elm","scale":0.79,"cover":"woodland","source":"generated","method":"jittered grid inside mapped woodland polygons","decorative":true,"surveyed":false,"confidence":"none","order":1544},"geometry":{"type":"Point","coordinates":[-77.0974251,38.7137806]}},{"type":"Feature","properties":{"sprite":"tree-shrub","scale":1.06,"cover":"woodland","source":"generated","method":"jittered grid inside mapped woodland polygons","decorative":true,"surveyed":false,"confidence":"none","order":1545},"geometry":{"type":"Point","coordinates":[-77.1098746,38.7137792]}},{"type":"Feature","properties":{"sprite":"tree-shrub","scale":1.19,"cover":"woodland","source":"generated","method":"jittered grid inside mapped woodland polygons","decorative":true,"surveyed":false,"confidence":"none","order":1546},"geometry":{"type":"Point","coordinates":[-77.0876564,38.7137729]}},{"type":"Feature","properties":{"sprite":"tree-elm","scale":1.11,"cover":"woodland","source":"generated","method":"jittered grid inside mapped woodland polygons","decorative":true,"surveyed":false,"confidence":"none","order":1547},"geometry":{"type":"Point","coordinates":[-77.077083,38.7137712]}},{"type":"Feature","properties":{"sprite":"tree-oak","scale":0.8,"cover":"woodland","source":"generated","method":"jittered grid inside mapped woodland polygons","decorative":true,"surveyed":false,"confidence":"none","order":1548},"geometry":{"type":"Point","coordinates":[-77.0870751,38.7137642]}},{"type":"Feature","properties":{"sprite":"tree-elm","scale":0.85,"cover":"woodland","source":"generated","method":"jittered grid inside mapped woodland polygons","decorative":true,"surveyed":false,"confidence":"none","order":1549},"geometry":{"type":"Point","coordinates":[-77.0739874,38.7137611]}},{"type":"Feature","properties":{"sprite":"tree-shrub","scale":0.98,"cover":"woodland","source":"generated","method":"jittered grid inside mapped woodland polygons","decorative":true,"surveyed":false,"confidence":"none","order":1550},"geometry":{"type":"Point","coordinates":[-77.1088992,38.7137582]}},{"type":"Feature","properties":{"sprite":"tree-oak","scale":1.22,"cover":"woodland","source":"generated","method":"jittered grid inside mapped woodland polygons","decorative":true,"surveyed":false,"confidence":"none","order":1551},"geometry":{"type":"Point","coordinates":[-77.0754998,38.7137581]}},{"type":"Feature","properties":{"sprite":"tree-shrub","scale":1.05,"cover":"woodland","source":"generated","method":"jittered grid inside mapped woodland polygons","decorative":true,"surveyed":false,"confidence":"none","order":1552},"geometry":{"type":"Point","coordinates":[-77.0742171,38.7137529]}},{"type":"Feature","properties":{"sprite":"tree-oak","scale":1.08,"cover":"woodland","source":"generated","method":"jittered grid inside mapped woodland polygons","decorative":true,"surveyed":false,"confidence":"none","order":1553},"geometry":{"type":"Point","coordinates":[-77.076544,38.7137523]}},{"type":"Feature","properties":{"sprite":"tree-oak","scale":0.81,"cover":"woodland","source":"generated","method":"jittered grid inside mapped woodland polygons","decorative":true,"surveyed":false,"confidence":"none","order":1554},"geometry":{"type":"Point","coordinates":[-77.0809772,38.7137507]}},{"type":"Feature","properties":{"sprite":"tree-oak","scale":1.02,"cover":"woodland","source":"generated","method":"jittered grid inside mapped woodland polygons","decorative":true,"surveyed":false,"confidence":"none","order":1555},"geometry":{"type":"Point","coordinates":[-77.084459,38.7137438]}},{"type":"Feature","properties":{"sprite":"tree-shrub","scale":1.07,"cover":"woodland","source":"generated","method":"jittered grid inside mapped woodland polygons","decorative":true,"surveyed":false,"confidence":"none","order":1556},"geometry":{"type":"Point","coordinates":[-77.080162,38.7137426]}},{"type":"Feature","properties":{"sprite":"tree-pine","scale":0.85,"cover":"woodland","source":"generated","method":"jittered grid inside mapped woodland polygons","decorative":true,"surveyed":false,"confidence":"none","order":1557},"geometry":{"type":"Point","coordinates":[-77.1101526,38.7137412]}},{"type":"Feature","properties":{"sprite":"tree-oak","scale":0.86,"cover":"woodland","source":"generated","method":"jittered grid inside mapped woodland polygons","decorative":true,"surveyed":false,"confidence":"none","order":1558},"geometry":{"type":"Point","coordinates":[-77.0947323,38.7137293]}},{"type":"Feature","properties":{"sprite":"tree-oak","scale":0.91,"cover":"woodland","source":"generated","method":"jittered grid inside mapped woodland polygons","decorative":true,"surveyed":false,"confidence":"none","order":1559},"geometry":{"type":"Point","coordinates":[-77.1082803,38.7137284]}},{"type":"Feature","properties":{"sprite":"tree-oak","scale":0.81,"cover":"woodland","source":"generated","method":"jittered grid inside mapped woodland polygons","decorative":true,"surveyed":false,"confidence":"none","order":1560},"geometry":{"type":"Point","coordinates":[-77.0871851,38.7137266]}},{"type":"Feature","properties":{"sprite":"tree-elm","scale":1.13,"cover":"woodland","source":"generated","method":"jittered grid inside mapped woodland polygons","decorative":true,"surveyed":false,"confidence":"none","order":1561},"geometry":{"type":"Point","coordinates":[-77.0782169,38.7137248]}},{"type":"Feature","properties":{"sprite":"tree-pine","scale":0.89,"cover":"woodland","source":"generated","method":"jittered grid inside mapped woodland polygons","decorative":true,"surveyed":false,"confidence":"none","order":1562},"geometry":{"type":"Point","coordinates":[-77.0984427,38.713724]}},{"type":"Feature","properties":{"sprite":"tree-oak","scale":1.03,"cover":"woodland","source":"generated","method":"jittered grid inside mapped woodland polygons","decorative":true,"surveyed":false,"confidence":"none","order":1563},"geometry":{"type":"Point","coordinates":[-77.0717581,38.7137228]}},{"type":"Feature","properties":{"sprite":"tree-oak","scale":0.82,"cover":"woodland","source":"generated","method":"jittered grid inside mapped woodland polygons","decorative":true,"surveyed":false,"confidence":"none","order":1564},"geometry":{"type":"Point","coordinates":[-77.0963018,38.7137227]}},{"type":"Feature","properties":{"sprite":"tree-shrub","scale":0.98,"cover":"woodland","source":"generated","method":"jittered grid inside mapped woodland polygons","decorative":true,"surveyed":false,"confidence":"none","order":1565},"geometry":{"type":"Point","coordinates":[-77.1092254,38.7137224]}},{"type":"Feature","properties":{"sprite":"tree-elm","scale":0.87,"cover":"woodland","source":"generated","method":"jittered grid inside mapped woodland polygons","decorative":true,"surveyed":false,"confidence":"none","order":1566},"geometry":{"type":"Point","coordinates":[-77.0950055,38.713721]}},{"type":"Feature","properties":{"sprite":"tree-oak","scale":1.18,"cover":"woodland","source":"generated","method":"jittered grid inside mapped woodland polygons","decorative":true,"surveyed":false,"confidence":"none","order":1567},"geometry":{"type":"Point","coordinates":[-77.0978343,38.7137202]}},{"type":"Feature","properties":{"sprite":"tree-shrub","scale":0.83,"cover":"woodland","source":"generated","method":"jittered grid inside mapped woodland polygons","decorative":true,"surveyed":false,"confidence":"none","order":1568},"geometry":{"type":"Point","coordinates":[-77.1095688,38.7137011]}},{"type":"Feature","properties":{"sprite":"tree-oak","scale":1.05,"cover":"woodland","source":"generated","method":"jittered grid inside mapped woodland polygons","decorative":true,"surveyed":false,"confidence":"none","order":1569},"geometry":{"type":"Point","coordinates":[-77.0811822,38.7136973]}},{"type":"Feature","properties":{"sprite":"tree-oak","scale":1.17,"cover":"woodland","source":"generated","method":"jittered grid inside mapped woodland polygons","decorative":true,"surveyed":false,"confidence":"none","order":1570},"geometry":{"type":"Point","coordinates":[-77.0747277,38.7136952]}},{"type":"Feature","properties":{"sprite":"tree-elm","scale":1.2,"cover":"woodland","source":"generated","method":"jittered grid inside mapped woodland polygons","decorative":true,"surveyed":false,"confidence":"none","order":1571},"geometry":{"type":"Point","coordinates":[-77.0725062,38.7136945]}},{"type":"Feature","properties":{"sprite":"tree-pine","scale":0.84,"cover":"woodland","source":"generated","method":"jittered grid inside mapped woodland polygons","decorative":true,"surveyed":false,"confidence":"none","order":1572},"geometry":{"type":"Point","coordinates":[-77.0844099,38.7136907]}},{"type":"Feature","properties":{"sprite":"tree-shrub","scale":1.15,"cover":"woodland","source":"generated","method":"jittered grid inside mapped woodland polygons","decorative":true,"surveyed":false,"confidence":"none","order":1573},"geometry":{"type":"Point","coordinates":[-77.0795578,38.7136899]}},{"type":"Feature","properties":{"sprite":"tree-elm","scale":0.95,"cover":"woodland","source":"generated","method":"jittered grid inside mapped woodland polygons","decorative":true,"surveyed":false,"confidence":"none","order":1574},"geometry":{"type":"Point","coordinates":[-77.0896369,38.7136892]}},{"type":"Feature","properties":{"sprite":"tree-oak","scale":1.17,"cover":"woodland","source":"generated","method":"jittered grid inside mapped woodland polygons","decorative":true,"surveyed":false,"confidence":"none","order":1575},"geometry":{"type":"Point","coordinates":[-77.0818055,38.7136872]}},{"type":"Feature","properties":{"sprite":"tree-oak","scale":1.14,"cover":"woodland","source":"generated","method":"jittered grid inside mapped woodland polygons","decorative":true,"surveyed":false,"confidence":"none","order":1576},"geometry":{"type":"Point","coordinates":[-77.0902242,38.7136815]}},{"type":"Feature","properties":{"sprite":"tree-elm","scale":1.02,"cover":"woodland","source":"generated","method":"jittered grid inside mapped woodland polygons","decorative":true,"surveyed":false,"confidence":"none","order":1577},"geometry":{"type":"Point","coordinates":[-77.0779394,38.71368]}},{"type":"Feature","properties":{"sprite":"tree-elm","scale":1.18,"cover":"woodland","source":"generated","method":"jittered grid inside mapped woodland polygons","decorative":true,"surveyed":false,"confidence":"none","order":1578},"geometry":{"type":"Point","coordinates":[-77.0850517,38.7136781]}},{"type":"Feature","properties":{"sprite":"tree-shrub","scale":1.05,"cover":"woodland","source":"generated","method":"jittered grid inside mapped woodland polygons","decorative":true,"surveyed":false,"confidence":"none","order":1579},"geometry":{"type":"Point","coordinates":[-77.0807163,38.7136657]}},{"type":"Feature","properties":{"sprite":"tree-oak","scale":0.95,"cover":"woodland","source":"generated","method":"jittered grid inside mapped woodland polygons","decorative":true,"surveyed":false,"confidence":"none","order":1580},"geometry":{"type":"Point","coordinates":[-77.0774121,38.7136647]}},{"type":"Feature","properties":{"sprite":"tree-oak","scale":1.21,"cover":"woodland","source":"generated","method":"jittered grid inside mapped woodland polygons","decorative":true,"surveyed":false,"confidence":"none","order":1581},"geometry":{"type":"Point","coordinates":[-77.0893418,38.7136636]}},{"type":"Feature","properties":{"sprite":"tree-shrub","scale":0.79,"cover":"woodland","source":"generated","method":"jittered grid inside mapped woodland polygons","decorative":true,"surveyed":false,"confidence":"none","order":1582},"geometry":{"type":"Point","coordinates":[-77.0983572,38.7136635]}},{"type":"Feature","properties":{"sprite":"tree-oak","scale":1.03,"cover":"woodland","source":"generated","method":"jittered grid inside mapped woodland polygons","decorative":true,"surveyed":false,"confidence":"none","order":1583},"geometry":{"type":"Point","coordinates":[-77.0809456,38.7136628]}},{"type":"Feature","properties":{"sprite":"tree-oak","scale":0.88,"cover":"woodland","source":"generated","method":"jittered grid inside mapped woodland polygons","decorative":true,"surveyed":false,"confidence":"none","order":1584},"geometry":{"type":"Point","coordinates":[-77.0769194,38.7136607]}},{"type":"Feature","properties":{"sprite":"tree-elm","scale":0.86,"cover":"woodland","source":"generated","method":"jittered grid inside mapped woodland polygons","decorative":true,"surveyed":false,"confidence":"none","order":1585},"geometry":{"type":"Point","coordinates":[-77.083184,38.7136595]}},{"type":"Feature","properties":{"sprite":"tree-pine","scale":1.05,"cover":"woodland","source":"generated","method":"jittered grid inside mapped woodland polygons","decorative":true,"surveyed":false,"confidence":"none","order":1586},"geometry":{"type":"Point","coordinates":[-77.0957102,38.7136579]}},{"type":"Feature","properties":{"sprite":"tree-shrub","scale":1.21,"cover":"woodland","source":"generated","method":"jittered grid inside mapped woodland polygons","decorative":true,"surveyed":false,"confidence":"none","order":1587},"geometry":{"type":"Point","coordinates":[-77.0950708,38.7136553]}},{"type":"Feature","properties":{"sprite":"tree-pine","scale":0.79,"cover":"woodland","source":"generated","method":"jittered grid inside mapped woodland polygons","decorative":true,"surveyed":false,"confidence":"none","order":1588},"geometry":{"type":"Point","coordinates":[-77.0740332,38.7136553]}},{"type":"Feature","properties":{"sprite":"tree-shrub","scale":0.96,"cover":"woodland","source":"generated","method":"jittered grid inside mapped woodland polygons","decorative":true,"surveyed":false,"confidence":"none","order":1589},"geometry":{"type":"Point","coordinates":[-77.0748458,38.7136522]}},{"type":"Feature","properties":{"sprite":"tree-pine","scale":0.93,"cover":"woodland","source":"generated","method":"jittered grid inside mapped woodland polygons","decorative":true,"surveyed":false,"confidence":"none","order":1590},"geometry":{"type":"Point","coordinates":[-77.0802637,38.7136494]}},{"type":"Feature","properties":{"sprite":"tree-pine","scale":0.83,"cover":"woodland","source":"generated","method":"jittered grid inside mapped woodland polygons","decorative":true,"surveyed":false,"confidence":"none","order":1591},"geometry":{"type":"Point","coordinates":[-77.0968412,38.7136404]}},{"type":"Feature","properties":{"sprite":"tree-shrub","scale":1.02,"cover":"woodland","source":"generated","method":"jittered grid inside mapped woodland polygons","decorative":true,"surveyed":false,"confidence":"none","order":1592},"geometry":{"type":"Point","coordinates":[-77.0781095,38.713633]}},{"type":"Feature","properties":{"sprite":"tree-pine","scale":1.09,"cover":"woodland","source":"generated","method":"jittered grid inside mapped woodland polygons","decorative":true,"surveyed":false,"confidence":"none","order":1593},"geometry":{"type":"Point","coordinates":[-77.0842099,38.7136319]}},{"type":"Feature","properties":{"sprite":"tree-elm","scale":0.82,"cover":"woodland","source":"generated","method":"jittered grid inside mapped woodland polygons","decorative":true,"surveyed":false,"confidence":"none","order":1594},"geometry":{"type":"Point","coordinates":[-77.080408,38.7136311]}},{"type":"Feature","properties":{"sprite":"tree-shrub","scale":1.01,"cover":"woodland","source":"generated","method":"jittered grid inside mapped woodland polygons","decorative":true,"surveyed":false,"confidence":"none","order":1595},"geometry":{"type":"Point","coordinates":[-77.0792682,38.713629]}},{"type":"Feature","properties":{"sprite":"tree-oak","scale":1.04,"cover":"woodland","source":"generated","method":"jittered grid inside mapped woodland polygons","decorative":true,"surveyed":false,"confidence":"none","order":1596},"geometry":{"type":"Point","coordinates":[-77.0852327,38.7136252]}},{"type":"Feature","properties":{"sprite":"tree-pine","scale":1.06,"cover":"woodland","source":"generated","method":"jittered grid inside mapped woodland polygons","decorative":true,"surveyed":false,"confidence":"none","order":1597},"geometry":{"type":"Point","coordinates":[-77.0723387,38.713622]}},{"type":"Feature","properties":{"sprite":"tree-shrub","scale":1.11,"cover":"woodland","source":"generated","method":"jittered grid inside mapped woodland polygons","decorative":true,"surveyed":false,"confidence":"none","order":1598},"geometry":{"type":"Point","coordinates":[-77.0813087,38.7136161]}},{"type":"Feature","properties":{"sprite":"tree-oak","scale":1.21,"cover":"woodland","source":"generated","method":"jittered grid inside mapped woodland polygons","decorative":true,"surveyed":false,"confidence":"none","order":1599},"geometry":{"type":"Point","coordinates":[-77.0835906,38.7136128]}},{"type":"Feature","properties":{"sprite":"tree-shrub","scale":1.03,"cover":"woodland","source":"generated","method":"jittered grid inside mapped woodland polygons","decorative":true,"surveyed":false,"confidence":"none","order":1600},"geometry":{"type":"Point","coordinates":[-77.0799831,38.7136127]}},{"type":"Feature","properties":{"sprite":"tree-pine","scale":1.17,"cover":"woodland","source":"generated","method":"jittered grid inside mapped woodland polygons","decorative":true,"surveyed":false,"confidence":"none","order":1601},"geometry":{"type":"Point","coordinates":[-77.0821548,38.7136077]}},{"type":"Feature","properties":{"sprite":"tree-pine","scale":0.84,"cover":"woodland","source":"generated","method":"jittered grid inside mapped woodland polygons","decorative":true,"surveyed":false,"confidence":"none","order":1602},"geometry":{"type":"Point","coordinates":[-77.0873129,38.7136047]}},{"type":"Feature","properties":{"sprite":"tree-oak","scale":1.21,"cover":"woodland","source":"generated","method":"jittered grid inside mapped woodland polygons","decorative":true,"surveyed":false,"confidence":"none","order":1603},"geometry":{"type":"Point","coordinates":[-77.0953718,38.7135962]}},{"type":"Feature","properties":{"sprite":"tree-oak","scale":0.91,"cover":"woodland","source":"generated","method":"jittered grid inside mapped woodland polygons","decorative":true,"surveyed":false,"confidence":"none","order":1604},"geometry":{"type":"Point","coordinates":[-77.0755118,38.7135953]}},{"type":"Feature","properties":{"sprite":"tree-oak","scale":1.04,"cover":"woodland","source":"generated","method":"jittered grid inside mapped woodland polygons","decorative":true,"surveyed":false,"confidence":"none","order":1605},"geometry":{"type":"Point","coordinates":[-77.0727402,38.713593]}},{"type":"Feature","properties":{"sprite":"tree-oak","scale":1.0,"cover":"woodland","source":"generated","method":"jittered grid inside mapped woodland polygons","decorative":true,"surveyed":false,"confidence":"none","order":1606},"geometry":{"type":"Point","coordinates":[-77.0765627,38.713591]}},{"type":"Feature","properties":{"sprite":"tree-shrub","scale":1.11,"cover":"woodland","source":"generated","method":"jittered grid inside mapped woodland polygons","decorative":true,"surveyed":false,"confidence":"none","order":1607},"geometry":{"type":"Point","coordinates":[-77.0845905,38.7135855]}},{"type":"Feature","properties":{"sprite":"tree-shrub","scale":1.05,"cover":"woodland","source":"generated","method":"jittered grid inside mapped woodland polygons","decorative":true,"surveyed":false,"confidence":"none","order":1608},"geometry":{"type":"Point","coordinates":[-77.0753617,38.7135758]}},{"type":"Feature","properties":{"sprite":"tree-shrub","scale":0.91,"cover":"woodland","source":"generated","method":"jittered grid inside mapped woodland polygons","decorative":true,"surveyed":false,"confidence":"none","order":1609},"geometry":{"type":"Point","coordinates":[-77.0871814,38.7135661]}},{"type":"Feature","properties":{"sprite":"tree-shrub","scale":0.83,"cover":"woodland","source":"generated","method":"jittered grid inside mapped woodland polygons","decorative":true,"surveyed":false,"confidence":"none","order":1610},"geometry":{"type":"Point","coordinates":[-77.0758261,38.7135617]}},{"type":"Feature","properties":{"sprite":"tree-oak","scale":0.96,"cover":"woodland","source":"generated","method":"jittered grid inside mapped woodland polygons","decorative":true,"surveyed":false,"confidence":"none","order":1611},"geometry":{"type":"Point","coordinates":[-77.083014,38.7135597]}},{"type":"Feature","properties":{"sprite":"tree-pine","scale":0.8,"cover":"woodland","source":"generated","method":"jittered grid inside mapped woodland polygons","decorative":true,"surveyed":false,"confidence":"none","order":1612},"geometry":{"type":"Point","coordinates":[-77.0876787,38.7135595]}},{"type":"Feature","properties":{"sprite":"tree-oak","scale":0.82,"cover":"woodland","source":"generated","method":"jittered grid inside mapped woodland polygons","decorative":true,"surveyed":false,"confidence":"none","order":1613},"geometry":{"type":"Point","coordinates":[-77.0797529,38.7135521]}},{"type":"Feature","properties":{"sprite":"tree-elm","scale":1.1,"cover":"woodland","source":"generated","method":"jittered grid inside mapped woodland polygons","decorative":true,"surveyed":false,"confidence":"none","order":1614},"geometry":{"type":"Point","coordinates":[-77.076198,38.713551]}},{"type":"Feature","properties":{"sprite":"tree-shrub","scale":0.8,"cover":"woodland","source":"generated","method":"jittered grid inside mapped woodland polygons","decorative":true,"surveyed":false,"confidence":"none","order":1615},"geometry":{"type":"Point","coordinates":[-77.089929,38.7135504]}},{"type":"Feature","properties":{"sprite":"tree-oak","scale":0.79,"cover":"woodland","source":"generated","method":"jittered grid inside mapped woodland polygons","decorative":true,"surveyed":false,"confidence":"none","order":1616},"geometry":{"type":"Point","coordinates":[-77.0949077,38.7135457]}},{"type":"Feature","properties":{"sprite":"tree-elm","scale":0.89,"cover":"woodland","source":"generated","method":"jittered grid inside mapped woodland polygons","decorative":true,"surveyed":false,"confidence":"none","order":1617},"geometry":{"type":"Point","coordinates":[-77.0767479,38.7135403]}},{"type":"Feature","properties":{"sprite":"tree-shrub","scale":1.09,"cover":"woodland","source":"generated","method":"jittered grid inside mapped woodland polygons","decorative":true,"surveyed":false,"confidence":"none","order":1618},"geometry":{"type":"Point","coordinates":[-77.1091619,38.7135398]}},{"type":"Feature","properties":{"sprite":"tree-pine","scale":0.84,"cover":"woodland","source":"generated","method":"jittered grid inside mapped woodland polygons","decorative":true,"surveyed":false,"confidence":"none","order":1619},"geometry":{"type":"Point","coordinates":[-77.0965568,38.7135337]}},{"type":"Feature","properties":{"sprite":"tree-pine","scale":1.03,"cover":"woodland","source":"generated","method":"jittered grid inside mapped woodland polygons","decorative":true,"surveyed":false,"confidence":"none","order":1620},"geometry":{"type":"Point","coordinates":[-77.110027,38.7135227]}},{"type":"Feature","properties":{"sprite":"tree-oak","scale":0.96,"cover":"woodland","source":"generated","method":"jittered grid inside mapped woodland polygons","decorative":true,"surveyed":false,"confidence":"none","order":1621},"geometry":{"type":"Point","coordinates":[-77.089277,38.7135144]}},{"type":"Feature","properties":{"sprite":"tree-oak","scale":0.96,"cover":"woodland","source":"generated","method":"jittered grid inside mapped woodland polygons","decorative":true,"surveyed":false,"confidence":"none","order":1622},"geometry":{"type":"Point","coordinates":[-77.0955342,38.7135143]}},{"type":"Feature","properties":{"sprite":"tree-shrub","scale":0.82,"cover":"woodland","source":"generated","method":"jittered grid inside mapped woodland polygons","decorative":true,"surveyed":false,"confidence":"none","order":1623},"geometry":{"type":"Point","coordinates":[-77.0838842,38.7135102]}},{"type":"Feature","properties":{"sprite":"tree-elm","scale":1.08,"cover":"woodland","source":"generated","method":"jittered grid inside mapped woodland polygons","decorative":true,"surveyed":false,"confidence":"none","order":1624},"geometry":{"type":"Point","coordinates":[-77.0813332,38.7135052]}},{"type":"Feature","properties":{"sprite":"tree-oak","scale":1.16,"cover":"woodland","source":"generated","method":"jittered grid inside mapped woodland polygons","decorative":true,"surveyed":false,"confidence":"none","order":1625},"geometry":{"type":"Point","coordinates":[-77.0826096,38.7135047]}},{"type":"Feature","properties":{"sprite":"tree-shrub","scale":1.14,"cover":"woodland","source":"generated","method":"jittered grid inside mapped woodland polygons","decorative":true,"surveyed":false,"confidence":"none","order":1626},"geometry":{"type":"Point","coordinates":[-77.0793631,38.7135039]}},{"type":"Feature","properties":{"sprite":"tree-elm","scale":0.95,"cover":"woodland","source":"generated","method":"jittered grid inside mapped woodland polygons","decorative":true,"surveyed":false,"confidence":"none","order":1627},"geometry":{"type":"Point","coordinates":[-77.0797689,38.7135034]}},{"type":"Feature","properties":{"sprite":"tree-oak","scale":1.1,"cover":"woodland","source":"generated","method":"jittered grid inside mapped woodland polygons","decorative":true,"surveyed":false,"confidence":"none","order":1628},"geometry":{"type":"Point","coordinates":[-77.0967868,38.7134961]}},{"type":"Feature","properties":{"sprite":"tree-oak","scale":0.79,"cover":"woodland","source":"generated","method":"jittered grid inside mapped woodland polygons","decorative":true,"surveyed":false,"confidence":"none","order":1629},"geometry":{"type":"Point","coordinates":[-77.0902276,38.7134954]}},{"type":"Feature","properties":{"sprite":"tree-elm","scale":0.95,"cover":"woodland","source":"generated","method":"jittered grid inside mapped woodland polygons","decorative":true,"surveyed":false,"confidence":"none","order":1630},"geometry":{"type":"Point","coordinates":[-77.0795838,38.7134943]}},{"type":"Feature","properties":{"sprite":"tree-shrub","scale":0.79,"cover":"woodland","source":"generated","method":"jittered grid inside mapped woodland polygons","decorative":true,"surveyed":false,"confidence":"none","order":1631},"geometry":{"type":"Point","coordinates":[-77.085567,38.7134939]}},{"type":"Feature","properties":{"sprite":"tree-oak","scale":1.15,"cover":"woodland","source":"generated","method":"jittered grid inside mapped woodland polygons","decorative":true,"surveyed":false,"confidence":"none","order":1632},"geometry":{"type":"Point","coordinates":[-77.0814861,38.7134923]}},{"type":"Feature","properties":{"sprite":"tree-pine","scale":1.04,"cover":"woodland","source":"generated","method":"jittered grid inside mapped woodland polygons","decorative":true,"surveyed":false,"confidence":"none","order":1633},"geometry":{"type":"Point","coordinates":[-77.0951022,38.7134856]}},{"type":"Feature","properties":{"sprite":"tree-pine","scale":0.85,"cover":"woodland","source":"generated","method":"jittered grid inside mapped woodland polygons","decorative":true,"surveyed":false,"confidence":"none","order":1634},"geometry":{"type":"Point","coordinates":[-77.0978146,38.7134842]}},{"type":"Feature","properties":{"sprite":"tree-oak","scale":1.11,"cover":"woodland","source":"generated","method":"jittered grid inside mapped woodland polygons","decorative":true,"surveyed":false,"confidence":"none","order":1635},"geometry":{"type":"Point","coordinates":[-77.0943334,38.7134798]}},{"type":"Feature","properties":{"sprite":"tree-oak","scale":1.08,"cover":"woodland","source":"generated","method":"jittered grid inside mapped woodland polygons","decorative":true,"surveyed":false,"confidence":"none","order":1636},"geometry":{"type":"Point","coordinates":[-77.0870928,38.7134763]}},{"type":"Feature","properties":{"sprite":"tree-oak","scale":0.91,"cover":"woodland","source":"generated","method":"jittered grid inside mapped woodland polygons","decorative":true,"surveyed":false,"confidence":"none","order":1637},"geometry":{"type":"Point","coordinates":[-77.0821897,38.7134705]}},{"type":"Feature","properties":{"sprite":"tree-pine","scale":0.79,"cover":"woodland","source":"generated","method":"jittered grid inside mapped woodland polygons","decorative":true,"surveyed":false,"confidence":"none","order":1638},"geometry":{"type":"Point","coordinates":[-77.1089529,38.7134636]}},{"type":"Feature","properties":{"sprite":"tree-oak","scale":1.06,"cover":"woodland","source":"generated","method":"jittered grid inside mapped woodland polygons","decorative":true,"surveyed":false,"confidence":"none","order":1639},"geometry":{"type":"Point","coordinates":[-77.0751824,38.713461]}},{"type":"Feature","properties":{"sprite":"tree-oak","scale":0.97,"cover":"woodland","source":"generated","method":"jittered grid inside mapped woodland polygons","decorative":true,"surveyed":false,"confidence":"none","order":1640},"geometry":{"type":"Point","coordinates":[-77.0834683,38.7134487]}},{"type":"Feature","properties":{"sprite":"tree-elm","scale":1.17,"cover":"woodland","source":"generated","method":"jittered grid inside mapped woodland polygons","decorative":true,"surveyed":false,"confidence":"none","order":1641},"geometry":{"type":"Point","coordinates":[-77.0832909,38.7134466]}},{"type":"Feature","properties":{"sprite":"tree-shrub","scale":0.81,"cover":"woodland","source":"generated","method":"jittered grid inside mapped woodland polygons","decorative":true,"surveyed":false,"confidence":"none","order":1642},"geometry":{"type":"Point","coordinates":[-77.096921,38.7134452]}},{"type":"Feature","properties":{"sprite":"tree-oak","scale":1.04,"cover":"woodland","source":"generated","method":"jittered grid inside mapped woodland polygons","decorative":true,"surveyed":false,"confidence":"none","order":1643},"geometry":{"type":"Point","coordinates":[-77.0804014,38.7134443]}},{"type":"Feature","properties":{"sprite":"tree-pine","scale":0.92,"cover":"woodland","source":"generated","method":"jittered grid inside mapped woodland polygons","decorative":true,"surveyed":false,"confidence":"none","order":1644},"geometry":{"type":"Point","coordinates":[-77.0750088,38.7134434]}},{"type":"Feature","properties":{"sprite":"tree-shrub","scale":1.12,"cover":"woodland","source":"generated","method":"jittered grid inside mapped woodland polygons","decorative":true,"surveyed":false,"confidence":"none","order":1645},"geometry":{"type":"Point","coordinates":[-77.0755901,38.71344]}},{"type":"Feature","properties":{"sprite":"tree-shrub","scale":1.12,"cover":"woodland","source":"generated","method":"jittered grid inside mapped woodland polygons","decorative":true,"surveyed":false,"confidence":"none","order":1646},"geometry":{"type":"Point","coordinates":[-77.0771015,38.7134391]}},{"type":"Feature","properties":{"sprite":"tree-oak","scale":0.85,"cover":"woodland","source":"generated","method":"jittered grid inside mapped woodland polygons","decorative":true,"surveyed":false,"confidence":"none","order":1647},"geometry":{"type":"Point","coordinates":[-77.09618,38.7134383]}},{"type":"Feature","properties":{"sprite":"tree-pine","scale":0.88,"cover":"woodland","source":"generated","method":"jittered grid inside mapped woodland polygons","decorative":true,"surveyed":false,"confidence":"none","order":1648},"geometry":{"type":"Point","coordinates":[-77.095733,38.7134378]}},{"type":"Feature","properties":{"sprite":"tree-elm","scale":0.91,"cover":"woodland","source":"generated","method":"jittered grid inside mapped woodland polygons","decorative":true,"surveyed":false,"confidence":"none","order":1649},"geometry":{"type":"Point","coordinates":[-77.0896098,38.7134369]}},{"type":"Feature","properties":{"sprite":"tree-oak","scale":0.84,"cover":"woodland","source":"generated","method":"jittered grid inside mapped woodland polygons","decorative":true,"surveyed":false,"confidence":"none","order":1650},"geometry":{"type":"Point","coordinates":[-77.0723933,38.7134352]}},{"type":"Feature","properties":{"sprite":"tree-oak","scale":0.86,"cover":"woodland","source":"generated","method":"jittered grid inside mapped woodland polygons","decorative":true,"surveyed":false,"confidence":"none","order":1651},"geometry":{"type":"Point","coordinates":[-77.0754793,38.7134262]}},{"type":"Feature","properties":{"sprite":"tree-oak","scale":0.91,"cover":"woodland","source":"generated","method":"jittered grid inside mapped woodland polygons","decorative":true,"surveyed":false,"confidence":"none","order":1652},"geometry":{"type":"Point","coordinates":[-77.0901099,38.7134256]}},{"type":"Feature","properties":{"sprite":"tree-pine","scale":1.09,"cover":"woodland","source":"generated","method":"jittered grid inside mapped woodland polygons","decorative":true,"surveyed":false,"confidence":"none","order":1653},"geometry":{"type":"Point","coordinates":[-77.0952158,38.7134186]}},{"type":"Feature","properties":{"sprite":"tree-pine","scale":1.15,"cover":"woodland","source":"generated","method":"jittered grid inside mapped woodland polygons","decorative":true,"surveyed":false,"confidence":"none","order":1654},"geometry":{"type":"Point","coordinates":[-77.0824231,38.7134169]}},{"type":"Feature","properties":{"sprite":"tree-oak","scale":0.99,"cover":"woodland","source":"generated","method":"jittered grid inside mapped woodland polygons","decorative":true,"surveyed":false,"confidence":"none","order":1655},"geometry":{"type":"Point","coordinates":[-77.0758312,38.7134069]}},{"type":"Feature","properties":{"sprite":"tree-oak","scale":1.09,"cover":"woodland","source":"generated","method":"jittered grid inside mapped woodland polygons","decorative":true,"surveyed":false,"confidence":"none","order":1656},"geometry":{"type":"Point","coordinates":[-77.0746147,38.7134057]}},{"type":"Feature","properties":{"sprite":"tree-oak","scale":1.13,"cover":"woodland","source":"generated","method":"jittered grid inside mapped woodland polygons","decorative":true,"surveyed":false,"confidence":"none","order":1657},"geometry":{"type":"Point","coordinates":[-77.081899,38.7133973]}},{"type":"Feature","properties":{"sprite":"tree-oak","scale":1.03,"cover":"woodland","source":"generated","method":"jittered grid inside mapped woodland polygons","decorative":true,"surveyed":false,"confidence":"none","order":1658},"geometry":{"type":"Point","coordinates":[-77.0829283,38.7133897]}},{"type":"Feature","properties":{"sprite":"tree-pine","scale":0.98,"cover":"woodland","source":"generated","method":"jittered grid inside mapped woodland polygons","decorative":true,"surveyed":false,"confidence":"none","order":1659},"geometry":{"type":"Point","coordinates":[-77.0974249,38.7133844]}},{"type":"Feature","properties":{"sprite":"tree-pine","scale":1.2,"cover":"woodland","source":"generated","method":"jittered grid inside mapped woodland polygons","decorative":true,"surveyed":false,"confidence":"none","order":1660},"geometry":{"type":"Point","coordinates":[-77.0843326,38.7133834]}},{"type":"Feature","properties":{"sprite":"tree-shrub","scale":1.14,"cover":"woodland","source":"generated","method":"jittered grid inside mapped woodland polygons","decorative":true,"surveyed":false,"confidence":"none","order":1661},"geometry":{"type":"Point","coordinates":[-77.0872354,38.713383]}},{"type":"Feature","properties":{"sprite":"tree-pine","scale":1.07,"cover":"woodland","source":"generated","method":"jittered grid inside mapped woodland polygons","decorative":true,"surveyed":false,"confidence":"none","order":1662},"geometry":{"type":"Point","coordinates":[-77.0970252,38.7133812]}},{"type":"Feature","properties":{"sprite":"tree-shrub","scale":0.89,"cover":"woodland","source":"generated","method":"jittered grid inside mapped woodland polygons","decorative":true,"surveyed":false,"confidence":"none","order":1663},"geometry":{"type":"Point","coordinates":[-77.0844689,38.7133803]}},{"type":"Feature","properties":{"sprite":"tree-pine","scale":1.05,"cover":"woodland","source":"generated","method":"jittered grid inside mapped woodland polygons","decorative":true,"surveyed":false,"confidence":"none","order":1664},"geometry":{"type":"Point","coordinates":[-77.0945517,38.7133735]}},{"type":"Feature","properties":{"sprite":"tree-shrub","scale":1.09,"cover":"woodland","source":"generated","method":"jittered grid inside mapped woodland polygons","decorative":true,"surveyed":false,"confidence":"none","order":1665},"geometry":{"type":"Point","coordinates":[-77.0743056,38.7133708]}},{"type":"Feature","properties":{"sprite":"tree-elm","scale":1.0,"cover":"woodland","source":"generated","method":"jittered grid inside mapped woodland polygons","decorative":true,"surveyed":false,"confidence":"none","order":1666},"geometry":{"type":"Point","coordinates":[-77.0740054,38.7133705]}},{"type":"Feature","properties":{"sprite":"tree-elm","scale":1.13,"cover":"woodland","source":"generated","method":"jittered grid inside mapped woodland polygons","decorative":true,"surveyed":false,"confidence":"none","order":1667},"geometry":{"type":"Point","coordinates":[-77.0953983,38.7133682]}},{"type":"Feature","properties":{"sprite":"tree-elm","scale":1.08,"cover":"woodland","source":"generated","method":"jittered grid inside mapped woodland polygons","decorative":true,"surveyed":false,"confidence":"none","order":1668},"geometry":{"type":"Point","coordinates":[-77.0817385,38.7133647]}},{"type":"Feature","properties":{"sprite":"tree-elm","scale":0.96,"cover":"woodland","source":"generated","method":"jittered grid inside mapped woodland polygons","decorative":true,"surveyed":false,"confidence":"none","order":1669},"geometry":{"type":"Point","coordinates":[-77.1094246,38.71334]}},{"type":"Feature","properties":{"sprite":"tree-pine","scale":1.01,"cover":"woodland","source":"generated","method":"jittered grid inside mapped woodland polygons","decorative":true,"surveyed":false,"confidence":"none","order":1670},"geometry":{"type":"Point","coordinates":[-77.1102959,38.7133379]}},{"type":"Feature","properties":{"sprite":"tree-shrub","scale":0.86,"cover":"woodland","source":"generated","method":"jittered grid inside mapped woodland polygons","decorative":true,"surveyed":false,"confidence":"none","order":1671},"geometry":{"type":"Point","coordinates":[-77.1091268,38.7133379]}},{"type":"Feature","properties":{"sprite":"tree-pine","scale":1.18,"cover":"woodland","source":"generated","method":"jittered grid inside mapped woodland polygons","decorative":true,"surveyed":false,"confidence":"none","order":1672},"geometry":{"type":"Point","coordinates":[-77.0828349,38.7133355]}},{"type":"Feature","properties":{"sprite":"tree-oak","scale":1.16,"cover":"woodland","source":"generated","method":"jittered grid inside mapped woodland polygons","decorative":true,"surveyed":false,"confidence":"none","order":1673},"geometry":{"type":"Point","coordinates":[-77.0825755,38.713335]}},{"type":"Feature","properties":{"sprite":"tree-shrub","scale":0.89,"cover":"woodland","source":"generated","method":"jittered grid inside mapped woodland polygons","decorative":true,"surveyed":false,"confidence":"none","order":1674},"geometry":{"type":"Point","coordinates":[-77.085464,38.7133348]}},{"type":"Feature","properties":{"sprite":"tree-shrub","scale":1.18,"cover":"woodland","source":"generated","method":"jittered grid inside mapped woodland polygons","decorative":true,"surveyed":false,"confidence":"none","order":1675},"geometry":{"type":"Point","coordinates":[-77.0746455,38.7133322]}},{"type":"Feature","properties":{"sprite":"tree-oak","scale":0.83,"cover":"woodland","source":"generated","method":"jittered grid inside mapped woodland polygons","decorative":true,"surveyed":false,"confidence":"none","order":1676},"geometry":{"type":"Point","coordinates":[-77.0955277,38.7133305]}},{"type":"Feature","properties":{"sprite":"tree-elm","scale":0.91,"cover":"woodland","source":"generated","method":"jittered grid inside mapped woodland polygons","decorative":true,"surveyed":false,"confidence":"none","order":1677},"geometry":{"type":"Point","coordinates":[-77.0727515,38.7133285]}},{"type":"Feature","properties":{"sprite":"tree-oak","scale":0.86,"cover":"woodland","source":"generated","method":"jittered grid inside mapped woodland polygons","decorative":true,"surveyed":false,"confidence":"none","order":1678},"geometry":{"type":"Point","coordinates":[-77.0847571,38.7133267]}},{"type":"Feature","properties":{"sprite":"tree-oak","scale":0.98,"cover":"woodland","source":"generated","method":"jittered grid inside mapped woodland polygons","decorative":true,"surveyed":false,"confidence":"none","order":1679},"geometry":{"type":"Point","coordinates":[-77.0759697,38.7133252]}},{"type":"Feature","properties":{"sprite":"tree-oak","scale":0.78,"cover":"woodland","source":"generated","method":"jittered grid inside mapped woodland polygons","decorative":true,"surveyed":false,"confidence":"none","order":1680},"geometry":{"type":"Point","coordinates":[-77.0718142,38.7133215]}},{"type":"Feature","properties":{"sprite":"tree-oak","scale":0.85,"cover":"woodland","source":"generated","method":"jittered grid inside mapped woodland polygons","decorative":true,"surveyed":false,"confidence":"none","order":1681},"geometry":{"type":"Point","coordinates":[-77.0720337,38.7133146]}},{"type":"Feature","properties":{"sprite":"tree-elm","scale":1.14,"cover":"woodland","source":"generated","method":"jittered grid inside mapped woodland polygons","decorative":true,"surveyed":false,"confidence":"none","order":1682},"geometry":{"type":"Point","coordinates":[-77.0749302,38.7132955]}},{"type":"Feature","properties":{"sprite":"tree-elm","scale":1.0,"cover":"woodland","source":"generated","method":"jittered grid inside mapped woodland polygons","decorative":true,"surveyed":false,"confidence":"none","order":1683},"geometry":{"type":"Point","coordinates":[-77.1096497,38.7132867]}},{"type":"Feature","properties":{"sprite":"tree-oak","scale":0.88,"cover":"woodland","source":"generated","method":"jittered grid inside mapped woodland polygons","decorative":true,"surveyed":false,"confidence":"none","order":1684},"geometry":{"type":"Point","coordinates":[-77.0946841,38.7132856]}},{"type":"Feature","properties":{"sprite":"tree-shrub","scale":0.91,"cover":"woodland","source":"generated","method":"jittered grid inside mapped woodland polygons","decorative":true,"surveyed":false,"confidence":"none","order":1685},"geometry":{"type":"Point","coordinates":[-77.1097744,38.7132825]}},{"type":"Feature","properties":{"sprite":"tree-oak","scale":0.92,"cover":"woodland","source":"generated","method":"jittered grid inside mapped woodland polygons","decorative":true,"surveyed":false,"confidence":"none","order":1686},"geometry":{"type":"Point","coordinates":[-77.0830673,38.7132815]}},{"type":"Feature","properties":{"sprite":"tree-oak","scale":1.04,"cover":"woodland","source":"generated","method":"jittered grid inside mapped woodland polygons","decorative":true,"surveyed":false,"confidence":"none","order":1687},"geometry":{"type":"Point","coordinates":[-77.0834696,38.7132801]}},{"type":"Feature","properties":{"sprite":"tree-oak","scale":1.1,"cover":"woodland","source":"generated","method":"jittered grid inside mapped woodland polygons","decorative":true,"surveyed":false,"confidence":"none","order":1688},"geometry":{"type":"Point","coordinates":[-77.0816706,38.7132752]}},{"type":"Feature","properties":{"sprite":"tree-oak","scale":1.21,"cover":"woodland","source":"generated","method":"jittered grid inside mapped woodland polygons","decorative":true,"surveyed":false,"confidence":"none","order":1689},"geometry":{"type":"Point","coordinates":[-77.0836912,38.7132733]}},{"type":"Feature","properties":{"sprite":"tree-oak","scale":1.07,"cover":"woodland","source":"generated","method":"jittered grid inside mapped woodland polygons","decorative":true,"surveyed":false,"confidence":"none","order":1690},"geometry":{"type":"Point","coordinates":[-77.0950202,38.7132688]}},{"type":"Feature","properties":{"sprite":"tree-elm","scale":0.94,"cover":"woodland","source":"generated","method":"jittered grid inside mapped woodland polygons","decorative":true,"surveyed":false,"confidence":"none","order":1691},"geometry":{"type":"Point","coordinates":[-77.0754374,38.7132555]}},{"type":"Feature","properties":{"sprite":"tree-elm","scale":1.19,"cover":"woodland","source":"generated","method":"jittered grid inside mapped woodland polygons","decorative":true,"surveyed":false,"confidence":"none","order":1692},"geometry":{"type":"Point","coordinates":[-77.0891994,38.7132444]}},{"type":"Feature","properties":{"sprite":"tree-pine","scale":1.12,"cover":"woodland","source":"generated","method":"jittered grid inside mapped woodland polygons","decorative":true,"surveyed":false,"confidence":"none","order":1693},"geometry":{"type":"Point","coordinates":[-77.0723277,38.7132444]}},{"type":"Feature","properties":{"sprite":"tree-pine","scale":0.82,"cover":"woodland","source":"generated","method":"jittered grid inside mapped woodland polygons","decorative":true,"surveyed":false,"confidence":"none","order":1694},"geometry":{"type":"Point","coordinates":[-77.0810917,38.7132428]}},{"type":"Feature","properties":{"sprite":"tree-oak","scale":0.85,"cover":"woodland","source":"generated","method":"jittered grid inside mapped woodland polygons","decorative":true,"surveyed":false,"confidence":"none","order":1695},"geometry":{"type":"Point","coordinates":[-77.0842993,38.7132401]}},{"type":"Feature","properties":{"sprite":"tree-oak","scale":0.82,"cover":"woodland","source":"generated","method":"jittered grid inside mapped woodland polygons","decorative":true,"surveyed":false,"confidence":"none","order":1696},"geometry":{"type":"Point","coordinates":[-77.0845738,38.7132387]}},{"type":"Feature","properties":{"sprite":"tree-pine","scale":1.08,"cover":"woodland","source":"generated","method":"jittered grid inside mapped woodland polygons","decorative":true,"surveyed":false,"confidence":"none","order":1697},"geometry":{"type":"Point","coordinates":[-77.109188,38.7132381]}},{"type":"Feature","properties":{"sprite":"tree-pine","scale":1.0,"cover":"woodland","source":"generated","method":"jittered grid inside mapped woodland polygons","decorative":true,"surveyed":false,"confidence":"none","order":1698},"geometry":{"type":"Point","coordinates":[-77.0898685,38.7132366]}},{"type":"Feature","properties":{"sprite":"tree-elm","scale":1.08,"cover":"woodland","source":"generated","method":"jittered grid inside mapped woodland polygons","decorative":true,"surveyed":false,"confidence":"none","order":1699},"geometry":{"type":"Point","coordinates":[-77.0982165,38.7132362]}},{"type":"Feature","properties":{"sprite":"tree-shrub","scale":1.2,"cover":"woodland","source":"generated","method":"jittered grid inside mapped woodland polygons","decorative":true,"surveyed":false,"confidence":"none","order":1700},"geometry":{"type":"Point","coordinates":[-77.0813307,38.713236]}},{"type":"Feature","properties":{"sprite":"tree-oak","scale":0.91,"cover":"woodland","source":"generated","method":"jittered grid inside mapped woodland polygons","decorative":true,"surveyed":false,"confidence":"none","order":1701},"geometry":{"type":"Point","coordinates":[-77.0969649,38.7132312]}},{"type":"Feature","properties":{"sprite":"tree-elm","scale":1.21,"cover":"woodland","source":"generated","method":"jittered grid inside mapped woodland polygons","decorative":true,"surveyed":false,"confidence":"none","order":1702},"geometry":{"type":"Point","coordinates":[-77.0896544,38.7132245]}},{"type":"Feature","properties":{"sprite":"tree-elm","scale":1.15,"cover":"woodland","source":"generated","method":"jittered grid inside mapped woodland polygons","decorative":true,"surveyed":false,"confidence":"none","order":1703},"geometry":{"type":"Point","coordinates":[-77.1102143,38.7132229]}},{"type":"Feature","properties":{"sprite":"tree-shrub","scale":1.02,"cover":"woodland","source":"generated","method":"jittered grid inside mapped woodland polygons","decorative":true,"surveyed":false,"confidence":"none","order":1704},"geometry":{"type":"Point","coordinates":[-77.0733433,38.7132226]}},{"type":"Feature","properties":{"sprite":"tree-oak","scale":1.1,"cover":"woodland","source":"generated","method":"jittered grid inside mapped woodland polygons","decorative":true,"surveyed":false,"confidence":"none","order":1705},"geometry":{"type":"Point","coordinates":[-77.0734906,38.7132181]}},{"type":"Feature","properties":{"sprite":"tree-oak","scale":0.83,"cover":"woodland","source":"generated","method":"jittered grid inside mapped woodland polygons","decorative":true,"surveyed":false,"confidence":"none","order":1706},"geometry":{"type":"Point","coordinates":[-77.0729397,38.7132171]}},{"type":"Feature","properties":{"sprite":"tree-oak","scale":1.19,"cover":"woodland","source":"generated","method":"jittered grid inside mapped woodland polygons","decorative":true,"surveyed":false,"confidence":"none","order":1707},"geometry":{"type":"Point","coordinates":[-77.0743227,38.7132087]}},{"type":"Feature","properties":{"sprite":"tree-oak","scale":1.12,"cover":"woodland","source":"generated","method":"jittered grid inside mapped woodland polygons","decorative":true,"surveyed":false,"confidence":"none","order":1708},"geometry":{"type":"Point","coordinates":[-77.0857892,38.7131983]}},{"type":"Feature","properties":{"sprite":"tree-elm","scale":1.05,"cover":"woodland","source":"generated","method":"jittered grid inside mapped woodland polygons","decorative":true,"surveyed":false,"confidence":"none","order":1709},"geometry":{"type":"Point","coordinates":[-77.0958123,38.7131969]}},{"type":"Feature","properties":{"sprite":"tree-shrub","scale":0.91,"cover":"woodland","source":"generated","method":"jittered grid inside mapped woodland polygons","decorative":true,"surveyed":false,"confidence":"none","order":1710},"geometry":{"type":"Point","coordinates":[-77.0822612,38.7131849]}},{"type":"Feature","properties":{"sprite":"tree-pine","scale":0.92,"cover":"woodland","source":"generated","method":"jittered grid inside mapped woodland polygons","decorative":true,"surveyed":false,"confidence":"none","order":1711},"geometry":{"type":"Point","coordinates":[-77.0895118,38.7131844]}},{"type":"Feature","properties":{"sprite":"tree-elm","scale":0.98,"cover":"woodland","source":"generated","method":"jittered grid inside mapped woodland polygons","decorative":true,"surveyed":false,"confidence":"none","order":1712},"geometry":{"type":"Point","coordinates":[-77.0722497,38.7131817]}},{"type":"Feature","properties":{"sprite":"tree-shrub","scale":0.91,"cover":"woodland","source":"generated","method":"jittered grid inside mapped woodland polygons","decorative":true,"surveyed":false,"confidence":"none","order":1713},"geometry":{"type":"Point","coordinates":[-77.0832552,38.7131789]}},{"type":"Feature","properties":{"sprite":"tree-elm","scale":1.17,"cover":"woodland","source":"generated","method":"jittered grid inside mapped woodland polygons","decorative":true,"surveyed":false,"confidence":"none","order":1714},"geometry":{"type":"Point","coordinates":[-77.1100121,38.7131766]}},{"type":"Feature","properties":{"sprite":"tree-shrub","scale":1.02,"cover":"woodland","source":"generated","method":"jittered grid inside mapped woodland polygons","decorative":true,"surveyed":false,"confidence":"none","order":1715},"geometry":{"type":"Point","coordinates":[-77.0839549,38.7131564]}},{"type":"Feature","properties":{"sprite":"tree-shrub","scale":1.15,"cover":"woodland","source":"generated","method":"jittered grid inside mapped woodland polygons","decorative":true,"surveyed":false,"confidence":"none","order":1716},"geometry":{"type":"Point","coordinates":[-77.0981521,38.7131552]}},{"type":"Feature","properties":{"sprite":"tree-shrub","scale":0.91,"cover":"woodland","source":"generated","method":"jittered grid inside mapped woodland polygons","decorative":true,"surveyed":false,"confidence":"none","order":1717},"geometry":{"type":"Point","coordinates":[-77.08959,38.7131537]}},{"type":"Feature","properties":{"sprite":"tree-shrub","scale":0.88,"cover":"woodland","source":"generated","method":"jittered grid inside mapped woodland polygons","decorative":true,"surveyed":false,"confidence":"none","order":1718},"geometry":{"type":"Point","coordinates":[-77.0730677,38.7131468]}},{"type":"Feature","properties":{"sprite":"tree-shrub","scale":0.8,"cover":"woodland","source":"generated","method":"jittered grid inside mapped woodland polygons","decorative":true,"surveyed":false,"confidence":"none","order":1719},"geometry":{"type":"Point","coordinates":[-77.0726141,38.7131347]}},{"type":"Feature","properties":{"sprite":"tree-pine","scale":1.08,"cover":"woodland","source":"generated","method":"jittered grid inside mapped woodland polygons","decorative":true,"surveyed":false,"confidence":"none","order":1720},"geometry":{"type":"Point","coordinates":[-77.0848239,38.713126]}},{"type":"Feature","properties":{"sprite":"tree-elm","scale":1.18,"cover":"woodland","source":"generated","method":"jittered grid inside mapped woodland polygons","decorative":true,"surveyed":false,"confidence":"none","order":1721},"geometry":{"type":"Point","coordinates":[-77.0952108,38.713122]}},{"type":"Feature","properties":{"sprite":"tree-elm","scale":0.93,"cover":"woodland","source":"generated","method":"jittered grid inside mapped woodland polygons","decorative":true,"surveyed":false,"confidence":"none","order":1722},"geometry":{"type":"Point","coordinates":[-77.0947748,38.7131172]}},{"type":"Feature","properties":{"sprite":"tree-oak","scale":0.99,"cover":"woodland","source":"generated","method":"jittered grid inside mapped woodland polygons","decorative":true,"surveyed":false,"confidence":"none","order":1723},"geometry":{"type":"Point","coordinates":[-77.0815464,38.7131156]}},{"type":"Feature","properties":{"sprite":"tree-elm","scale":0.91,"cover":"woodland","source":"generated","method":"jittered grid inside mapped woodland polygons","decorative":true,"surveyed":false,"confidence":"none","order":1724},"geometry":{"type":"Point","coordinates":[-77.0897221,38.713104]}},{"type":"Feature","properties":{"sprite":"tree-pine","scale":1.06,"cover":"woodland","source":"generated","method":"jittered grid inside mapped woodland polygons","decorative":true,"surveyed":false,"confidence":"none","order":1725},"geometry":{"type":"Point","coordinates":[-77.0894186,38.7130945]}},{"type":"Feature","properties":{"sprite":"tree-shrub","scale":0.95,"cover":"woodland","source":"generated","method":"jittered grid inside mapped woodland polygons","decorative":true,"surveyed":false,"confidence":"none","order":1726},"geometry":{"type":"Point","coordinates":[-77.0975302,38.7130899]}},{"type":"Feature","properties":{"sprite":"tree-pine","scale":1.13,"cover":"woodland","source":"generated","method":"jittered grid inside mapped woodland polygons","decorative":true,"surveyed":false,"confidence":"none","order":1727},"geometry":{"type":"Point","coordinates":[-77.0845312,38.7130816]}},{"type":"Feature","properties":{"sprite":"tree-pine","scale":0.79,"cover":"woodland","source":"generated","method":"jittered grid inside mapped woodland polygons","decorative":true,"surveyed":false,"confidence":"none","order":1728},"geometry":{"type":"Point","coordinates":[-77.0753547,38.7130688]}},{"type":"Feature","properties":{"sprite":"tree-oak","scale":0.82,"cover":"woodland","source":"generated","method":"jittered grid inside mapped woodland polygons","decorative":true,"surveyed":false,"confidence":"none","order":1729},"geometry":{"type":"Point","coordinates":[-77.0892095,38.7130664]}},{"type":"Feature","properties":{"sprite":"tree-elm","scale":0.95,"cover":"woodland","source":"generated","method":"jittered grid inside mapped woodland polygons","decorative":true,"surveyed":false,"confidence":"none","order":1730},"geometry":{"type":"Point","coordinates":[-77.0821547,38.7130637]}},{"type":"Feature","properties":{"sprite":"tree-elm","scale":0.8,"cover":"woodland","source":"generated","method":"jittered grid inside mapped woodland polygons","decorative":true,"surveyed":false,"confidence":"none","order":1731},"geometry":{"type":"Point","coordinates":[-77.0968207,38.7130529]}},{"type":"Feature","properties":{"sprite":"tree-elm","scale":0.82,"cover":"woodland","source":"generated","method":"jittered grid inside mapped woodland polygons","decorative":true,"surveyed":false,"confidence":"none","order":1732},"geometry":{"type":"Point","coordinates":[-77.0950399,38.7130518]}},{"type":"Feature","properties":{"sprite":"tree-shrub","scale":1.05,"cover":"woodland","source":"generated","method":"jittered grid inside mapped woodland polygons","decorative":true,"surveyed":false,"confidence":"none","order":1733},"geometry":{"type":"Point","coordinates":[-77.0977491,38.7130516]}},{"type":"Feature","properties":{"sprite":"tree-oak","scale":1.0,"cover":"woodland","source":"generated","method":"jittered grid inside mapped woodland polygons","decorative":true,"surveyed":false,"confidence":"none","order":1734},"geometry":{"type":"Point","coordinates":[-77.0825873,38.7130508]}},{"type":"Feature","properties":{"sprite":"tree-pine","scale":0.85,"cover":"woodland","source":"generated","method":"jittered grid inside mapped woodland polygons","decorative":true,"surveyed":false,"confidence":"none","order":1735},"geometry":{"type":"Point","coordinates":[-77.0872535,38.7130491]}},{"type":"Feature","properties":{"sprite":"tree-oak","scale":0.78,"cover":"woodland","source":"generated","method":"jittered grid inside mapped woodland polygons","decorative":true,"surveyed":false,"confidence":"none","order":1736},"geometry":{"type":"Point","coordinates":[-77.084196,38.7130475]}},{"type":"Feature","properties":{"sprite":"tree-shrub","scale":1.19,"cover":"woodland","source":"generated","method":"jittered grid inside mapped woodland polygons","decorative":true,"surveyed":false,"confidence":"none","order":1737},"geometry":{"type":"Point","coordinates":[-77.0732538,38.7130459]}},{"type":"Feature","properties":{"sprite":"tree-elm","scale":1.16,"cover":"woodland","source":"generated","method":"jittered grid inside mapped woodland polygons","decorative":true,"surveyed":false,"confidence":"none","order":1738},"geometry":{"type":"Point","coordinates":[-77.1093271,38.7130449]}},{"type":"Feature","properties":{"sprite":"tree-shrub","scale":1.21,"cover":"woodland","source":"generated","method":"jittered grid inside mapped woodland polygons","decorative":true,"surveyed":false,"confidence":"none","order":1739},"geometry":{"type":"Point","coordinates":[-77.0728537,38.7130316]}},{"type":"Feature","properties":{"sprite":"tree-pine","scale":1.18,"cover":"woodland","source":"generated","method":"jittered grid inside mapped woodland polygons","decorative":true,"surveyed":false,"confidence":"none","order":1740},"geometry":{"type":"Point","coordinates":[-77.0971077,38.7130209]}},{"type":"Feature","properties":{"sprite":"tree-pine","scale":1.02,"cover":"woodland","source":"generated","method":"jittered grid inside mapped woodland polygons","decorative":true,"surveyed":false,"confidence":"none","order":1741},"geometry":{"type":"Point","coordinates":[-77.0748506,38.7130153]}},{"type":"Feature","properties":{"sprite":"tree-pine","scale":0.9,"cover":"woodland","source":"generated","method":"jittered grid inside mapped woodland polygons","decorative":true,"surveyed":false,"confidence":"none","order":1742},"geometry":{"type":"Point","coordinates":[-77.083303,38.7130022]}},{"type":"Feature","properties":{"sprite":"tree-pine","scale":1.08,"cover":"woodland","source":"generated","method":"jittered grid inside mapped woodland polygons","decorative":true,"surveyed":false,"confidence":"none","order":1743},"geometry":{"type":"Point","coordinates":[-77.0838158,38.7130019]}},{"type":"Feature","properties":{"sprite":"tree-elm","scale":1.06,"cover":"woodland","source":"generated","method":"jittered grid inside mapped woodland polygons","decorative":true,"surveyed":false,"confidence":"none","order":1744},"geometry":{"type":"Point","coordinates":[-77.0854764,38.7130001]}},{"type":"Feature","properties":{"sprite":"tree-shrub","scale":0.96,"cover":"woodland","source":"generated","method":"jittered grid inside mapped woodland polygons","decorative":true,"surveyed":false,"confidence":"none","order":1745},"geometry":{"type":"Point","coordinates":[-77.088878,38.7129996]}},{"type":"Feature","properties":{"sprite":"tree-oak","scale":1.16,"cover":"woodland","source":"generated","method":"jittered grid inside mapped woodland polygons","decorative":true,"surveyed":false,"confidence":"none","order":1746},"geometry":{"type":"Point","coordinates":[-77.0752099,38.7129991]}},{"type":"Feature","properties":{"sprite":"tree-shrub","scale":0.89,"cover":"woodland","source":"generated","method":"jittered grid inside mapped woodland polygons","decorative":true,"surveyed":false,"confidence":"none","order":1747},"geometry":{"type":"Point","coordinates":[-77.09797,38.712994]}},{"type":"Feature","properties":{"sprite":"tree-shrub","scale":1.05,"cover":"woodland","source":"generated","method":"jittered grid inside mapped woodland polygons","decorative":true,"surveyed":false,"confidence":"none","order":1748},"geometry":{"type":"Point","coordinates":[-77.0977158,38.7129868]}},{"type":"Feature","properties":{"sprite":"tree-elm","scale":0.81,"cover":"woodland","source":"generated","method":"jittered grid inside mapped woodland polygons","decorative":true,"surveyed":false,"confidence":"none","order":1749},"geometry":{"type":"Point","coordinates":[-77.0951492,38.712982]}},{"type":"Feature","properties":{"sprite":"tree-oak","scale":1.08,"cover":"woodland","source":"generated","method":"jittered grid inside mapped woodland polygons","decorative":true,"surveyed":false,"confidence":"none","order":1750},"geometry":{"type":"Point","coordinates":[-77.0827125,38.7129743]}},{"type":"Feature","properties":{"sprite":"tree-pine","scale":1.05,"cover":"woodland","source":"generated","method":"jittered grid inside mapped woodland polygons","decorative":true,"surveyed":false,"confidence":"none","order":1751},"geometry":{"type":"Point","coordinates":[-77.0856057,38.7129703]}},{"type":"Feature","properties":{"sprite":"tree-elm","scale":0.82,"cover":"woodland","source":"generated","method":"jittered grid inside mapped woodland polygons","decorative":true,"surveyed":false,"confidence":"none","order":1752},"geometry":{"type":"Point","coordinates":[-77.0953877,38.7129627]}},{"type":"Feature","properties":{"sprite":"tree-elm","scale":1.17,"cover":"woodland","source":"generated","method":"jittered grid inside mapped woodland polygons","decorative":true,"surveyed":false,"confidence":"none","order":1753},"geometry":{"type":"Point","coordinates":[-77.1101586,38.7129625]}},{"type":"Feature","properties":{"sprite":"tree-shrub","scale":1.21,"cover":"woodland","source":"generated","method":"jittered grid inside mapped woodland polygons","decorative":true,"surveyed":false,"confidence":"none","order":1754},"geometry":{"type":"Point","coordinates":[-77.0890741,38.7129264]}},{"type":"Feature","properties":{"sprite":"tree-oak","scale":1.2,"cover":"woodland","source":"generated","method":"jittered grid inside mapped woodland polygons","decorative":true,"surveyed":false,"confidence":"none","order":1755},"geometry":{"type":"Point","coordinates":[-77.1102683,38.7129246]}},{"type":"Feature","properties":{"sprite":"tree-pine","scale":1.04,"cover":"woodland","source":"generated","method":"jittered grid inside mapped woodland polygons","decorative":true,"surveyed":false,"confidence":"none","order":1756},"geometry":{"type":"Point","coordinates":[-77.0969361,38.7129246]}},{"type":"Feature","properties":{"sprite":"tree-shrub","scale":1.2,"cover":"woodland","source":"generated","method":"jittered grid inside mapped woodland polygons","decorative":true,"surveyed":false,"confidence":"none","order":1757},"geometry":{"type":"Point","coordinates":[-77.0834798,38.7129167]}},{"type":"Feature","properties":{"sprite":"tree-oak","scale":0.93,"cover":"woodland","source":"generated","method":"jittered grid inside mapped woodland polygons","decorative":true,"surveyed":false,"confidence":"none","order":1758},"geometry":{"type":"Point","coordinates":[-77.0750966,38.7129153]}},{"type":"Feature","properties":{"sprite":"tree-elm","scale":0.96,"cover":"woodland","source":"generated","method":"jittered grid inside mapped woodland polygons","decorative":true,"surveyed":false,"confidence":"none","order":1759},"geometry":{"type":"Point","coordinates":[-77.0726469,38.7129098]}},{"type":"Feature","properties":{"sprite":"tree-shrub","scale":1.12,"cover":"woodland","source":"generated","method":"jittered grid inside mapped woodland polygons","decorative":true,"surveyed":false,"confidence":"none","order":1760},"geometry":{"type":"Point","coordinates":[-77.0813462,38.7129072]}},{"type":"Feature","properties":{"sprite":"tree-elm","scale":1.2,"cover":"woodland","source":"generated","method":"jittered grid inside mapped woodland polygons","decorative":true,"surveyed":false,"confidence":"none","order":1761},"geometry":{"type":"Point","coordinates":[-77.0972989,38.7129053]}},{"type":"Feature","properties":{"sprite":"tree-pine","scale":1.1,"cover":"woodland","source":"generated","method":"jittered grid inside mapped woodland polygons","decorative":true,"surveyed":false,"confidence":"none","order":1762},"geometry":{"type":"Point","coordinates":[-77.0825093,38.7129005]}},{"type":"Feature","properties":{"sprite":"tree-shrub","scale":1.08,"cover":"woodland","source":"generated","method":"jittered grid inside mapped woodland polygons","decorative":true,"surveyed":false,"confidence":"none","order":1763},"geometry":{"type":"Point","coordinates":[-77.0843067,38.7128974]}},{"type":"Feature","properties":{"sprite":"tree-shrub","scale":0.99,"cover":"woodland","source":"generated","method":"jittered grid inside mapped woodland polygons","decorative":true,"surveyed":false,"confidence":"none","order":1764},"geometry":{"type":"Point","coordinates":[-77.0845083,38.712894]}},{"type":"Feature","properties":{"sprite":"tree-shrub","scale":0.9,"cover":"woodland","source":"generated","method":"jittered grid inside mapped woodland polygons","decorative":true,"surveyed":false,"confidence":"none","order":1765},"geometry":{"type":"Point","coordinates":[-77.0955763,38.7128898]}},{"type":"Feature","properties":{"sprite":"tree-oak","scale":0.85,"cover":"woodland","source":"generated","method":"jittered grid inside mapped woodland polygons","decorative":true,"surveyed":false,"confidence":"none","order":1766},"geometry":{"type":"Point","coordinates":[-77.0858522,38.7128837]}},{"type":"Feature","properties":{"sprite":"tree-oak","scale":1.13,"cover":"woodland","source":"generated","method":"jittered grid inside mapped woodland polygons","decorative":true,"surveyed":false,"confidence":"none","order":1767},"geometry":{"type":"Point","coordinates":[-77.0891782,38.7128796]}},{"type":"Feature","properties":{"sprite":"tree-pine","scale":1.13,"cover":"woodland","source":"generated","method":"jittered grid inside mapped woodland polygons","decorative":true,"surveyed":false,"confidence":"none","order":1768},"geometry":{"type":"Point","coordinates":[-77.0942663,38.712866]}},{"type":"Feature","properties":{"sprite":"tree-elm","scale":1.02,"cover":"woodland","source":"generated","method":"jittered grid inside mapped woodland polygons","decorative":true,"surveyed":false,"confidence":"none","order":1769},"geometry":{"type":"Point","coordinates":[-77.0949059,38.7128626]}},{"type":"Feature","properties":{"sprite":"tree-shrub","scale":1.04,"cover":"woodland","source":"generated","method":"jittered grid inside mapped woodland polygons","decorative":true,"surveyed":false,"confidence":"none","order":1770},"geometry":{"type":"Point","coordinates":[-77.0823142,38.7128544]}},{"type":"Feature","properties":{"sprite":"tree-shrub","scale":0.84,"cover":"woodland","source":"generated","method":"jittered grid inside mapped woodland polygons","decorative":true,"surveyed":false,"confidence":"none","order":1771},"geometry":{"type":"Point","coordinates":[-77.0894543,38.7128504]}},{"type":"Feature","properties":{"sprite":"tree-pine","scale":1.17,"cover":"woodland","source":"generated","method":"jittered grid inside mapped woodland polygons","decorative":true,"surveyed":false,"confidence":"none","order":1772},"geometry":{"type":"Point","coordinates":[-77.0847561,38.7128406]}},{"type":"Feature","properties":{"sprite":"tree-oak","scale":0.93,"cover":"woodland","source":"generated","method":"jittered grid inside mapped woodland polygons","decorative":true,"surveyed":false,"confidence":"none","order":1773},"geometry":{"type":"Point","coordinates":[-77.0811274,38.7128347]}},{"type":"Feature","properties":{"sprite":"tree-oak","scale":1.22,"cover":"woodland","source":"generated","method":"jittered grid inside mapped woodland polygons","decorative":true,"surveyed":false,"confidence":"none","order":1774},"geometry":{"type":"Point","coordinates":[-77.0946724,38.712829]}},{"type":"Feature","properties":{"sprite":"tree-elm","scale":0.95,"cover":"woodland","source":"generated","method":"jittered grid inside mapped woodland polygons","decorative":true,"surveyed":false,"confidence":"none","order":1775},"geometry":{"type":"Point","coordinates":[-77.0955437,38.7128268]}},{"type":"Feature","properties":{"sprite":"tree-pine","scale":0.94,"cover":"woodland","source":"generated","method":"jittered grid inside mapped woodland polygons","decorative":true,"surveyed":false,"confidence":"none","order":1776},"geometry":{"type":"Point","coordinates":[-77.0728904,38.7128251]}},{"type":"Feature","properties":{"sprite":"tree-oak","scale":0.91,"cover":"woodland","source":"generated","method":"jittered grid inside mapped woodland polygons","decorative":true,"surveyed":false,"confidence":"none","order":1777},"geometry":{"type":"Point","coordinates":[-77.0815633,38.7128235]}},{"type":"Feature","properties":{"sprite":"tree-oak","scale":0.8,"cover":"woodland","source":"generated","method":"jittered grid inside mapped woodland polygons","decorative":true,"surveyed":false,"confidence":"none","order":1778},"geometry":{"type":"Point","coordinates":[-77.0872238,38.7128207]}},{"type":"Feature","properties":{"sprite":"tree-pine","scale":0.81,"cover":"woodland","source":"generated","method":"jittered grid inside mapped woodland polygons","decorative":true,"surveyed":false,"confidence":"none","order":1779},"geometry":{"type":"Point","coordinates":[-77.1101985,38.7127987]}},{"type":"Feature","properties":{"sprite":"tree-elm","scale":1.02,"cover":"woodland","source":"generated","method":"jittered grid inside mapped woodland polygons","decorative":true,"surveyed":false,"confidence":"none","order":1780},"geometry":{"type":"Point","coordinates":[-77.1095166,38.7127855]}},{"type":"Feature","properties":{"sprite":"tree-oak","scale":1.04,"cover":"woodland","source":"generated","method":"jittered grid inside mapped woodland polygons","decorative":true,"surveyed":false,"confidence":"none","order":1781},"geometry":{"type":"Point","coordinates":[-77.0947286,38.7127828]}},{"type":"Feature","properties":{"sprite":"tree-oak","scale":1.21,"cover":"woodland","source":"generated","method":"jittered grid inside mapped woodland polygons","decorative":true,"surveyed":false,"confidence":"none","order":1782},"geometry":{"type":"Point","coordinates":[-77.0943545,38.7127713]}},{"type":"Feature","properties":{"sprite":"tree-oak","scale":0.91,"cover":"woodland","source":"generated","method":"jittered grid inside mapped woodland polygons","decorative":true,"surveyed":false,"confidence":"none","order":1783},"geometry":{"type":"Point","coordinates":[-77.0819642,38.7127585]}},{"type":"Feature","properties":{"sprite":"tree-oak","scale":0.88,"cover":"woodland","source":"generated","method":"jittered grid inside mapped woodland polygons","decorative":true,"surveyed":false,"confidence":"none","order":1784},"geometry":{"type":"Point","coordinates":[-77.0890276,38.7127579]}},{"type":"Feature","properties":{"sprite":"tree-elm","scale":1.13,"cover":"woodland","source":"generated","method":"jittered grid inside mapped woodland polygons","decorative":true,"surveyed":false,"confidence":"none","order":1785},"geometry":{"type":"Point","coordinates":[-77.083043,38.7127573]}},{"type":"Feature","properties":{"sprite":"tree-shrub","scale":1.21,"cover":"woodland","source":"generated","method":"jittered grid inside mapped woodland polygons","decorative":true,"surveyed":false,"confidence":"none","order":1786},"geometry":{"type":"Point","coordinates":[-77.0950817,38.7127563]}},{"type":"Feature","properties":{"sprite":"tree-elm","scale":1.15,"cover":"woodland","source":"generated","method":"jittered grid inside mapped woodland polygons","decorative":true,"surveyed":false,"confidence":"none","order":1787},"geometry":{"type":"Point","coordinates":[-77.0857538,38.7127458]}},{"type":"Feature","properties":{"sprite":"tree-oak","scale":1.11,"cover":"woodland","source":"generated","method":"jittered grid inside mapped woodland polygons","decorative":true,"surveyed":false,"confidence":"none","order":1788},"geometry":{"type":"Point","coordinates":[-77.0806864,38.7127437]}},{"type":"Feature","properties":{"sprite":"tree-elm","scale":0.93,"cover":"woodland","source":"generated","method":"jittered grid inside mapped woodland polygons","decorative":true,"surveyed":false,"confidence":"none","order":1789},"geometry":{"type":"Point","coordinates":[-77.0805558,38.7127434]}},{"type":"Feature","properties":{"sprite":"tree-pine","scale":0.79,"cover":"woodland","source":"generated","method":"jittered grid inside mapped woodland polygons","decorative":true,"surveyed":false,"confidence":"none","order":1790},"geometry":{"type":"Point","coordinates":[-77.110037,38.7127429]}},{"type":"Feature","properties":{"sprite":"tree-elm","scale":1.15,"cover":"woodland","source":"generated","method":"jittered grid inside mapped woodland polygons","decorative":true,"surveyed":false,"confidence":"none","order":1791},"geometry":{"type":"Point","coordinates":[-77.0845623,38.7127285]}},{"type":"Feature","properties":{"sprite":"tree-pine","scale":0.98,"cover":"woodland","source":"generated","method":"jittered grid inside mapped woodland polygons","decorative":true,"surveyed":false,"confidence":"none","order":1792},"geometry":{"type":"Point","coordinates":[-77.0817402,38.7127268]}},{"type":"Feature","properties":{"sprite":"tree-oak","scale":1.06,"cover":"woodland","source":"generated","method":"jittered grid inside mapped woodland polygons","decorative":true,"surveyed":false,"confidence":"none","order":1793},"geometry":{"type":"Point","coordinates":[-77.0973248,38.712716]}},{"type":"Feature","properties":{"sprite":"tree-oak","scale":0.91,"cover":"woodland","source":"generated","method":"jittered grid inside mapped woodland polygons","decorative":true,"surveyed":false,"confidence":"none","order":1794},"geometry":{"type":"Point","coordinates":[-77.0976953,38.7127067]}},{"type":"Feature","properties":{"sprite":"tree-pine","scale":0.84,"cover":"woodland","source":"generated","method":"jittered grid inside mapped woodland polygons","decorative":true,"surveyed":false,"confidence":"none","order":1795},"geometry":{"type":"Point","coordinates":[-77.0869508,38.7127052]}},{"type":"Feature","properties":{"sprite":"tree-elm","scale":0.83,"cover":"woodland","source":"generated","method":"jittered grid inside mapped woodland polygons","decorative":true,"surveyed":false,"confidence":"none","order":1796},"geometry":{"type":"Point","coordinates":[-77.0834791,38.7126984]}},{"type":"Feature","properties":{"sprite":"tree-elm","scale":1.16,"cover":"woodland","source":"generated","method":"jittered grid inside mapped woodland polygons","decorative":true,"surveyed":false,"confidence":"none","order":1797},"geometry":{"type":"Point","coordinates":[-77.0828578,38.712696]}},{"type":"Feature","properties":{"sprite":"tree-pine","scale":1.03,"cover":"woodland","source":"generated","method":"jittered grid inside mapped woodland polygons","decorative":true,"surveyed":false,"confidence":"none","order":1798},"geometry":{"type":"Point","coordinates":[-77.0867348,38.7126933]}},{"type":"Feature","properties":{"sprite":"tree-oak","scale":1.13,"cover":"woodland","source":"generated","method":"jittered grid inside mapped woodland polygons","decorative":true,"surveyed":false,"confidence":"none","order":1799},"geometry":{"type":"Point","coordinates":[-77.0888713,38.7126898]}},{"type":"Feature","properties":{"sprite":"tree-oak","scale":1.08,"cover":"woodland","source":"generated","method":"jittered grid inside mapped woodland polygons","decorative":true,"surveyed":false,"confidence":"none","order":1800},"geometry":{"type":"Point","coordinates":[-77.0843598,38.7126744]}},{"type":"Feature","properties":{"sprite":"tree-pine","scale":1.01,"cover":"woodland","source":"generated","method":"jittered grid inside mapped woodland polygons","decorative":true,"surveyed":false,"confidence":"none","order":1801},"geometry":{"type":"Point","coordinates":[-77.08025,38.7126726]}},{"type":"Feature","properties":{"sprite":"tree-shrub","scale":0.99,"cover":"woodland","source":"generated","method":"jittered grid inside mapped woodland polygons","decorative":true,"surveyed":false,"confidence":"none","order":1802},"geometry":{"type":"Point","coordinates":[-77.0825533,38.7126717]}},{"type":"Feature","properties":{"sprite":"tree-oak","scale":1.11,"cover":"woodland","source":"generated","method":"jittered grid inside mapped woodland polygons","decorative":true,"surveyed":false,"confidence":"none","order":1803},"geometry":{"type":"Point","coordinates":[-77.0834323,38.712667]}},{"type":"Feature","properties":{"sprite":"tree-oak","scale":0.89,"cover":"woodland","source":"generated","method":"jittered grid inside mapped woodland polygons","decorative":true,"surveyed":false,"confidence":"none","order":1804},"geometry":{"type":"Point","coordinates":[-77.0971344,38.7126637]}},{"type":"Feature","properties":{"sprite":"tree-elm","scale":1.05,"cover":"woodland","source":"generated","method":"jittered grid inside mapped woodland polygons","decorative":true,"surveyed":false,"confidence":"none","order":1805},"geometry":{"type":"Point","coordinates":[-77.0801823,38.712656]}},{"type":"Feature","properties":{"sprite":"tree-pine","scale":0.98,"cover":"woodland","source":"generated","method":"jittered grid inside mapped woodland polygons","decorative":true,"surveyed":false,"confidence":"none","order":1806},"geometry":{"type":"Point","coordinates":[-77.0949527,38.712628]}},{"type":"Feature","properties":{"sprite":"tree-pine","scale":0.78,"cover":"woodland","source":"generated","method":"jittered grid inside mapped woodland polygons","decorative":true,"surveyed":false,"confidence":"none","order":1807},"geometry":{"type":"Point","coordinates":[-77.0727237,38.7126147]}},{"type":"Feature","properties":{"sprite":"tree-oak","scale":0.94,"cover":"woodland","source":"generated","method":"jittered grid inside mapped woodland polygons","decorative":true,"surveyed":false,"confidence":"none","order":1808},"geometry":{"type":"Point","coordinates":[-77.0866642,38.7126128]}},{"type":"Feature","properties":{"sprite":"tree-pine","scale":1.01,"cover":"woodland","source":"generated","method":"jittered grid inside mapped woodland polygons","decorative":true,"surveyed":false,"confidence":"none","order":1809},"geometry":{"type":"Point","coordinates":[-77.0808673,38.7126092]}},{"type":"Feature","properties":{"sprite":"tree-shrub","scale":0.93,"cover":"woodland","source":"generated","method":"jittered grid inside mapped woodland polygons","decorative":true,"surveyed":false,"confidence":"none","order":1810},"geometry":{"type":"Point","coordinates":[-77.0845722,38.7126058]}},{"type":"Feature","properties":{"sprite":"tree-shrub","scale":0.81,"cover":"woodland","source":"generated","method":"jittered grid inside mapped woodland polygons","decorative":true,"surveyed":false,"confidence":"none","order":1811},"geometry":{"type":"Point","coordinates":[-77.1096495,38.7125918]}},{"type":"Feature","properties":{"sprite":"tree-elm","scale":1.13,"cover":"woodland","source":"generated","method":"jittered grid inside mapped woodland polygons","decorative":true,"surveyed":false,"confidence":"none","order":1812},"geometry":{"type":"Point","coordinates":[-77.0861021,38.712575]}},{"type":"Feature","properties":{"sprite":"tree-shrub","scale":1.06,"cover":"woodland","source":"generated","method":"jittered grid inside mapped woodland polygons","decorative":true,"surveyed":false,"confidence":"none","order":1813},"geometry":{"type":"Point","coordinates":[-77.0946881,38.7125697]}},{"type":"Feature","properties":{"sprite":"tree-oak","scale":0.98,"cover":"park","source":"generated","method":"jittered grid inside mapped park polygons","decorative":true,"surveyed":false,"confidence":"none","order":1814},"geometry":{"type":"Point","coordinates":[-77.0737713,38.712565]}},{"type":"Feature","properties":{"sprite":"tree-pine","scale":1.1,"cover":"woodland","source":"generated","method":"jittered grid inside mapped woodland polygons","decorative":true,"surveyed":false,"confidence":"none","order":1815},"geometry":{"type":"Point","coordinates":[-77.082748,38.7125298]}},{"type":"Feature","properties":{"sprite":"tree-oak","scale":1.05,"cover":"woodland","source":"generated","method":"jittered grid inside mapped woodland polygons","decorative":true,"surveyed":false,"confidence":"none","order":1816},"geometry":{"type":"Point","coordinates":[-77.0821374,38.7125255]}},{"type":"Feature","properties":{"sprite":"tree-shrub","scale":1.15,"cover":"woodland","source":"generated","method":"jittered grid inside mapped woodland polygons","decorative":true,"surveyed":false,"confidence":"none","order":1817},"geometry":{"type":"Point","coordinates":[-77.0942541,38.7125194]}},{"type":"Feature","properties":{"sprite":"tree-shrub","scale":0.97,"cover":"woodland","source":"generated","method":"jittered grid inside mapped woodland polygons","decorative":true,"surveyed":false,"confidence":"none","order":1818},"geometry":{"type":"Point","coordinates":[-77.0832141,38.7125175]}},{"type":"Feature","properties":{"sprite":"tree-oak","scale":0.91,"cover":"woodland","source":"generated","method":"jittered grid inside mapped woodland polygons","decorative":true,"surveyed":false,"confidence":"none","order":1819},"geometry":{"type":"Point","coordinates":[-77.0839563,38.7125158]}},{"type":"Feature","properties":{"sprite":"tree-oak","scale":1.02,"cover":"woodland","source":"generated","method":"jittered grid inside mapped woodland polygons","decorative":true,"surveyed":false,"confidence":"none","order":1820},"geometry":{"type":"Point","coordinates":[-77.0885345,38.7125085]}},{"type":"Feature","properties":{"sprite":"tree-elm","scale":0.9,"cover":"woodland","source":"generated","method":"jittered grid inside mapped woodland polygons","decorative":true,"surveyed":false,"confidence":"none","order":1821},"geometry":{"type":"Point","coordinates":[-77.0716452,38.7125081]}},{"type":"Feature","properties":{"sprite":"tree-oak","scale":1.0,"cover":"woodland","source":"generated","method":"jittered grid inside mapped woodland polygons","decorative":true,"surveyed":false,"confidence":"none","order":1822},"geometry":{"type":"Point","coordinates":[-77.109959,38.7125052]}},{"type":"Feature","properties":{"sprite":"tree-shrub","scale":1.0,"cover":"woodland","source":"generated","method":"jittered grid inside mapped woodland polygons","decorative":true,"surveyed":false,"confidence":"none","order":1823},"geometry":{"type":"Point","coordinates":[-77.072329,38.712501]}},{"type":"Feature","properties":{"sprite":"tree-elm","scale":0.89,"cover":"woodland","source":"generated","method":"jittered grid inside mapped woodland polygons","decorative":true,"surveyed":false,"confidence":"none","order":1824},"geometry":{"type":"Point","coordinates":[-77.0940421,38.7124953]}},{"type":"Feature","properties":{"sprite":"tree-elm","scale":1.09,"cover":"woodland","source":"generated","method":"jittered grid inside mapped woodland polygons","decorative":true,"surveyed":false,"confidence":"none","order":1825},"geometry":{"type":"Point","coordinates":[-77.0720046,38.7124892]}},{"type":"Feature","properties":{"sprite":"tree-oak","scale":0.97,"cover":"woodland","source":"generated","method":"jittered grid inside mapped woodland polygons","decorative":true,"surveyed":false,"confidence":"none","order":1826},"geometry":{"type":"Point","coordinates":[-77.0805138,38.7124861]}},{"type":"Feature","properties":{"sprite":"tree-shrub","scale":0.9,"cover":"woodland","source":"generated","method":"jittered grid inside mapped woodland polygons","decorative":true,"surveyed":false,"confidence":"none","order":1827},"geometry":{"type":"Point","coordinates":[-77.0844528,38.7124788]}},{"type":"Feature","properties":{"sprite":"tree-oak","scale":0.81,"cover":"woodland","source":"generated","method":"jittered grid inside mapped woodland polygons","decorative":true,"surveyed":false,"confidence":"none","order":1828},"geometry":{"type":"Point","coordinates":[-77.0837229,38.7124761]}},{"type":"Feature","properties":{"sprite":"tree-elm","scale":1.18,"cover":"woodland","source":"generated","method":"jittered grid inside mapped woodland polygons","decorative":true,"surveyed":false,"confidence":"none","order":1829},"geometry":{"type":"Point","coordinates":[-77.0841616,38.7124733]}},{"type":"Feature","properties":{"sprite":"tree-pine","scale":1.12,"cover":"woodland","source":"generated","method":"jittered grid inside mapped woodland polygons","decorative":true,"surveyed":false,"confidence":"none","order":1830},"geometry":{"type":"Point","coordinates":[-77.110311,38.7124706]}},{"type":"Feature","properties":{"sprite":"tree-elm","scale":1.17,"cover":"woodland","source":"generated","method":"jittered grid inside mapped woodland polygons","decorative":true,"surveyed":false,"confidence":"none","order":1831},"geometry":{"type":"Point","coordinates":[-77.0720901,38.7124692]}},{"type":"Feature","properties":{"sprite":"tree-oak","scale":1.19,"cover":"woodland","source":"generated","method":"jittered grid inside mapped woodland polygons","decorative":true,"surveyed":false,"confidence":"none","order":1832},"geometry":{"type":"Point","coordinates":[-77.0868944,38.7124635]}},{"type":"Feature","properties":{"sprite":"tree-shrub","scale":1.2,"cover":"woodland","source":"generated","method":"jittered grid inside mapped woodland polygons","decorative":true,"surveyed":false,"confidence":"none","order":1833},"geometry":{"type":"Point","coordinates":[-77.096122,38.7124524]}},{"type":"Feature","properties":{"sprite":"tree-oak","scale":1.13,"cover":"woodland","source":"generated","method":"jittered grid inside mapped woodland polygons","decorative":true,"surveyed":false,"confidence":"none","order":1834},"geometry":{"type":"Point","coordinates":[-77.0831468,38.7124362]}},{"type":"Feature","properties":{"sprite":"tree-oak","scale":0.85,"cover":"woodland","source":"generated","method":"jittered grid inside mapped woodland polygons","decorative":true,"surveyed":false,"confidence":"none","order":1835},"geometry":{"type":"Point","coordinates":[-77.0860976,38.7124317]}},{"type":"Feature","properties":{"sprite":"tree-pine","scale":0.85,"cover":"woodland","source":"generated","method":"jittered grid inside mapped woodland polygons","decorative":true,"surveyed":false,"confidence":"none","order":1836},"geometry":{"type":"Point","coordinates":[-77.081791,38.7124233]}},{"type":"Feature","properties":{"sprite":"tree-shrub","scale":0.96,"cover":"woodland","source":"generated","method":"jittered grid inside mapped woodland polygons","decorative":true,"surveyed":false,"confidence":"none","order":1837},"geometry":{"type":"Point","coordinates":[-77.110143,38.7124165]}},{"type":"Feature","properties":{"sprite":"tree-shrub","scale":1.06,"cover":"woodland","source":"generated","method":"jittered grid inside mapped woodland polygons","decorative":true,"surveyed":false,"confidence":"none","order":1838},"geometry":{"type":"Point","coordinates":[-77.0969676,38.7124148]}},{"type":"Feature","properties":{"sprite":"tree-oak","scale":1.01,"cover":"woodland","source":"generated","method":"jittered grid inside mapped woodland polygons","decorative":true,"surveyed":false,"confidence":"none","order":1839},"geometry":{"type":"Point","coordinates":[-77.096565,38.7124143]}},{"type":"Feature","properties":{"sprite":"tree-shrub","scale":0.88,"cover":"woodland","source":"generated","method":"jittered grid inside mapped woodland polygons","decorative":true,"surveyed":false,"confidence":"none","order":1840},"geometry":{"type":"Point","coordinates":[-77.0942026,38.7124126]}},{"type":"Feature","properties":{"sprite":"tree-pine","scale":0.91,"cover":"woodland","source":"generated","method":"jittered grid inside mapped woodland polygons","decorative":true,"surveyed":false,"confidence":"none","order":1841},"geometry":{"type":"Point","coordinates":[-77.0840239,38.7123961]}},{"type":"Feature","properties":{"sprite":"tree-oak","scale":1.03,"cover":"woodland","source":"generated","method":"jittered grid inside mapped woodland polygons","decorative":true,"surveyed":false,"confidence":"none","order":1842},"geometry":{"type":"Point","coordinates":[-77.0827348,38.7123816]}},{"type":"Feature","properties":{"sprite":"tree-elm","scale":0.88,"cover":"woodland","source":"generated","method":"jittered grid inside mapped woodland polygons","decorative":true,"surveyed":false,"confidence":"none","order":1843},"geometry":{"type":"Point","coordinates":[-77.0805569,38.712381]}},{"type":"Feature","properties":{"sprite":"tree-oak","scale":1.15,"cover":"woodland","source":"generated","method":"jittered grid inside mapped woodland polygons","decorative":true,"surveyed":false,"confidence":"none","order":1844},"geometry":{"type":"Point","coordinates":[-77.0834165,38.7123798]}},{"type":"Feature","properties":{"sprite":"tree-oak","scale":0.96,"cover":"woodland","source":"generated","method":"jittered grid inside mapped woodland polygons","decorative":true,"surveyed":false,"confidence":"none","order":1845},"geometry":{"type":"Point","coordinates":[-77.0945793,38.7123658]}},{"type":"Feature","properties":{"sprite":"tree-pine","scale":1.11,"cover":"woodland","source":"generated","method":"jittered grid inside mapped woodland polygons","decorative":true,"surveyed":false,"confidence":"none","order":1846},"geometry":{"type":"Point","coordinates":[-77.093974,38.7123648]}},{"type":"Feature","properties":{"sprite":"tree-oak","scale":0.84,"cover":"woodland","source":"generated","method":"jittered grid inside mapped woodland polygons","decorative":true,"surveyed":false,"confidence":"none","order":1847},"geometry":{"type":"Point","coordinates":[-77.0814647,38.7123632]}},{"type":"Feature","properties":{"sprite":"tree-pine","scale":0.97,"cover":"woodland","source":"generated","method":"jittered grid inside mapped woodland polygons","decorative":true,"surveyed":false,"confidence":"none","order":1848},"geometry":{"type":"Point","coordinates":[-77.0720896,38.7123559]}},{"type":"Feature","properties":{"sprite":"tree-elm","scale":0.9,"cover":"woodland","source":"generated","method":"jittered grid inside mapped woodland polygons","decorative":true,"surveyed":false,"confidence":"none","order":1849},"geometry":{"type":"Point","coordinates":[-77.0844465,38.7123523]}},{"type":"Feature","properties":{"sprite":"tree-shrub","scale":1.06,"cover":"woodland","source":"generated","method":"jittered grid inside mapped woodland polygons","decorative":true,"surveyed":false,"confidence":"none","order":1850},"geometry":{"type":"Point","coordinates":[-77.0868658,38.7123509]}},{"type":"Feature","properties":{"sprite":"tree-oak","scale":0.82,"cover":"woodland","source":"generated","method":"jittered grid inside mapped woodland polygons","decorative":true,"surveyed":false,"confidence":"none","order":1851},"geometry":{"type":"Point","coordinates":[-77.0935937,38.7123503]}},{"type":"Feature","properties":{"sprite":"tree-oak","scale":1.2,"cover":"woodland","source":"generated","method":"jittered grid inside mapped woodland polygons","decorative":true,"surveyed":false,"confidence":"none","order":1852},"geometry":{"type":"Point","coordinates":[-77.0947542,38.7123388]}},{"type":"Feature","properties":{"sprite":"tree-oak","scale":0.93,"cover":"woodland","source":"generated","method":"jittered grid inside mapped woodland polygons","decorative":true,"surveyed":false,"confidence":"none","order":1853},"geometry":{"type":"Point","coordinates":[-77.0802491,38.7123307]}},{"type":"Feature","properties":{"sprite":"tree-elm","scale":1.14,"cover":"woodland","source":"generated","method":"jittered grid inside mapped woodland polygons","decorative":true,"surveyed":false,"confidence":"none","order":1854},"geometry":{"type":"Point","coordinates":[-77.0955371,38.7123278]}},{"type":"Feature","properties":{"sprite":"tree-elm","scale":1.17,"cover":"woodland","source":"generated","method":"jittered grid inside mapped woodland polygons","decorative":true,"surveyed":false,"confidence":"none","order":1855},"geometry":{"type":"Point","coordinates":[-77.0838369,38.7123276]}},{"type":"Feature","properties":{"sprite":"tree-shrub","scale":0.9,"cover":"woodland","source":"generated","method":"jittered grid inside mapped woodland polygons","decorative":true,"surveyed":false,"confidence":"none","order":1856},"geometry":{"type":"Point","coordinates":[-77.0942782,38.7123261]}},{"type":"Feature","properties":{"sprite":"tree-elm","scale":0.83,"cover":"woodland","source":"generated","method":"jittered grid inside mapped woodland polygons","decorative":true,"surveyed":false,"confidence":"none","order":1857},"geometry":{"type":"Point","coordinates":[-77.0811639,38.7123055]}},{"type":"Feature","properties":{"sprite":"tree-pine","scale":1.21,"cover":"woodland","source":"generated","method":"jittered grid inside mapped woodland polygons","decorative":true,"surveyed":false,"confidence":"none","order":1858},"geometry":{"type":"Point","coordinates":[-77.0820183,38.7122992]}},{"type":"Feature","properties":{"sprite":"tree-elm","scale":0.84,"cover":"woodland","source":"generated","method":"jittered grid inside mapped woodland polygons","decorative":true,"surveyed":false,"confidence":"none","order":1859},"geometry":{"type":"Point","coordinates":[-77.0824771,38.7122915]}},{"type":"Feature","properties":{"sprite":"tree-oak","scale":0.86,"cover":"woodland","source":"generated","method":"jittered grid inside mapped woodland polygons","decorative":true,"surveyed":false,"confidence":"none","order":1860},"geometry":{"type":"Point","coordinates":[-77.0807609,38.712287]}},{"type":"Feature","properties":{"sprite":"tree-oak","scale":1.0,"cover":"woodland","source":"generated","method":"jittered grid inside mapped woodland polygons","decorative":true,"surveyed":false,"confidence":"none","order":1861},"geometry":{"type":"Point","coordinates":[-77.0934389,38.7122796]}},{"type":"Feature","properties":{"sprite":"tree-oak","scale":0.93,"cover":"woodland","source":"generated","method":"jittered grid inside mapped woodland polygons","decorative":true,"surveyed":false,"confidence":"none","order":1862},"geometry":{"type":"Point","coordinates":[-77.0809288,38.7122788]}},{"type":"Feature","properties":{"sprite":"tree-oak","scale":0.95,"cover":"woodland","source":"generated","method":"jittered grid inside mapped woodland polygons","decorative":true,"surveyed":false,"confidence":"none","order":1863},"geometry":{"type":"Point","coordinates":[-77.0847085,38.7122776]}},{"type":"Feature","properties":{"sprite":"tree-elm","scale":0.95,"cover":"woodland","source":"generated","method":"jittered grid inside mapped woodland polygons","decorative":true,"surveyed":false,"confidence":"none","order":1864},"geometry":{"type":"Point","coordinates":[-77.0953065,38.7122763]}},{"type":"Feature","properties":{"sprite":"tree-elm","scale":1.01,"cover":"woodland","source":"generated","method":"jittered grid inside mapped woodland polygons","decorative":true,"surveyed":false,"confidence":"none","order":1865},"geometry":{"type":"Point","coordinates":[-77.080136,38.7122748]}},{"type":"Feature","properties":{"sprite":"tree-pine","scale":1.15,"cover":"woodland","source":"generated","method":"jittered grid inside mapped woodland polygons","decorative":true,"surveyed":false,"confidence":"none","order":1866},"geometry":{"type":"Point","coordinates":[-77.0942352,38.7122743]}},{"type":"Feature","properties":{"sprite":"tree-oak","scale":1.14,"cover":"woodland","source":"generated","method":"jittered grid inside mapped woodland polygons","decorative":true,"surveyed":false,"confidence":"none","order":1867},"geometry":{"type":"Point","coordinates":[-77.0944152,38.7122717]}},{"type":"Feature","properties":{"sprite":"tree-pine","scale":1.21,"cover":"woodland","source":"generated","method":"jittered grid inside mapped woodland polygons","decorative":true,"surveyed":false,"confidence":"none","order":1868},"geometry":{"type":"Point","coordinates":[-77.1100311,38.7122625]}},{"type":"Feature","properties":{"sprite":"tree-pine","scale":1.05,"cover":"woodland","source":"generated","method":"jittered grid inside mapped woodland polygons","decorative":true,"surveyed":false,"confidence":"none","order":1869},"geometry":{"type":"Point","coordinates":[-77.096885,38.7122579]}},{"type":"Feature","properties":{"sprite":"tree-oak","scale":1.05,"cover":"park","source":"generated","method":"jittered grid inside mapped park polygons","decorative":true,"surveyed":false,"confidence":"none","order":1870},"geometry":{"type":"Point","coordinates":[-77.0732865,38.7122516]}},{"type":"Feature","properties":{"sprite":"tree-shrub","scale":0.97,"cover":"woodland","source":"generated","method":"jittered grid inside mapped woodland polygons","decorative":true,"surveyed":false,"confidence":"none","order":1871},"geometry":{"type":"Point","coordinates":[-77.0827234,38.712251]}},{"type":"Feature","properties":{"sprite":"tree-oak","scale":0.94,"cover":"woodland","source":"generated","method":"jittered grid inside mapped woodland polygons","decorative":true,"surveyed":false,"confidence":"none","order":1872},"geometry":{"type":"Point","coordinates":[-77.0834827,38.7122442]}},{"type":"Feature","properties":{"sprite":"tree-oak","scale":1.18,"cover":"woodland","source":"generated","method":"jittered grid inside mapped woodland polygons","decorative":true,"surveyed":false,"confidence":"none","order":1873},"geometry":{"type":"Point","coordinates":[-77.0963673,38.712243]}},{"type":"Feature","properties":{"sprite":"tree-elm","scale":0.84,"cover":"woodland","source":"generated","method":"jittered grid inside mapped woodland polygons","decorative":true,"surveyed":false,"confidence":"none","order":1874},"geometry":{"type":"Point","coordinates":[-77.0956276,38.7122402]}},{"type":"Feature","properties":{"sprite":"tree-oak","scale":1.0,"cover":"woodland","source":"generated","method":"jittered grid inside mapped woodland polygons","decorative":true,"surveyed":false,"confidence":"none","order":1875},"geometry":{"type":"Point","coordinates":[-77.0822438,38.7122368]}},{"type":"Feature","properties":{"sprite":"tree-oak","scale":1.2,"cover":"woodland","source":"generated","method":"jittered grid inside mapped woodland polygons","decorative":true,"surveyed":false,"confidence":"none","order":1876},"geometry":{"type":"Point","coordinates":[-77.0861902,38.7122359]}},{"type":"Feature","properties":{"sprite":"tree-oak","scale":0.92,"cover":"woodland","source":"generated","method":"jittered grid inside mapped woodland polygons","decorative":true,"surveyed":false,"confidence":"none","order":1877},"geometry":{"type":"Point","coordinates":[-77.0903536,38.7122353]}},{"type":"Feature","properties":{"sprite":"tree-oak","scale":0.81,"cover":"woodland","source":"generated","method":"jittered grid inside mapped woodland polygons","decorative":true,"surveyed":false,"confidence":"none","order":1878},"geometry":{"type":"Point","coordinates":[-77.0719236,38.7122336]}},{"type":"Feature","properties":{"sprite":"tree-oak","scale":1.14,"cover":"woodland","source":"generated","method":"jittered grid inside mapped woodland polygons","decorative":true,"surveyed":false,"confidence":"none","order":1879},"geometry":{"type":"Point","coordinates":[-77.0811777,38.7122302]}},{"type":"Feature","properties":{"sprite":"tree-oak","scale":0.99,"cover":"woodland","source":"generated","method":"jittered grid inside mapped woodland polygons","decorative":true,"surveyed":false,"confidence":"none","order":1880},"geometry":{"type":"Point","coordinates":[-77.0940235,38.7122278]}},{"type":"Feature","properties":{"sprite":"tree-shrub","scale":0.99,"cover":"woodland","source":"generated","method":"jittered grid inside mapped woodland polygons","decorative":true,"surveyed":false,"confidence":"none","order":1881},"geometry":{"type":"Point","coordinates":[-77.0815138,38.7122173]}},{"type":"Feature","properties":{"sprite":"tree-pine","scale":0.79,"cover":"woodland","source":"generated","method":"jittered grid inside mapped woodland polygons","decorative":true,"surveyed":false,"confidence":"none","order":1882},"geometry":{"type":"Point","coordinates":[-77.0820941,38.7122104]}},{"type":"Feature","properties":{"sprite":"tree-pine","scale":1.15,"cover":"woodland","source":"generated","method":"jittered grid inside mapped woodland polygons","decorative":true,"surveyed":false,"confidence":"none","order":1883},"geometry":{"type":"Point","coordinates":[-77.0960051,38.7122034]}},{"type":"Feature","properties":{"sprite":"tree-oak","scale":0.82,"cover":"woodland","source":"generated","method":"jittered grid inside mapped woodland polygons","decorative":true,"surveyed":false,"confidence":"none","order":1884},"geometry":{"type":"Point","coordinates":[-77.0933202,38.7121891]}},{"type":"Feature","properties":{"sprite":"tree-pine","scale":0.99,"cover":"woodland","source":"generated","method":"jittered grid inside mapped woodland polygons","decorative":true,"surveyed":false,"confidence":"none","order":1885},"geometry":{"type":"Point","coordinates":[-77.0871881,38.7121886]}},{"type":"Feature","properties":{"sprite":"tree-elm","scale":1.06,"cover":"woodland","source":"generated","method":"jittered grid inside mapped woodland polygons","decorative":true,"surveyed":false,"confidence":"none","order":1886},"geometry":{"type":"Point","coordinates":[-77.0881638,38.7121837]}},{"type":"Feature","properties":{"sprite":"tree-pine","scale":0.99,"cover":"woodland","source":"generated","method":"jittered grid inside mapped woodland polygons","decorative":true,"surveyed":false,"confidence":"none","order":1887},"geometry":{"type":"Point","coordinates":[-77.0839407,38.7121834]}},{"type":"Feature","properties":{"sprite":"tree-pine","scale":0.86,"cover":"woodland","source":"generated","method":"jittered grid inside mapped woodland polygons","decorative":true,"surveyed":false,"confidence":"none","order":1888},"geometry":{"type":"Point","coordinates":[-77.0961687,38.7121822]}},{"type":"Feature","properties":{"sprite":"tree-pine","scale":1.02,"cover":"woodland","source":"generated","method":"jittered grid inside mapped woodland polygons","decorative":true,"surveyed":false,"confidence":"none","order":1889},"geometry":{"type":"Point","coordinates":[-77.0931505,38.7121808]}},{"type":"Feature","properties":{"sprite":"tree-oak","scale":1.02,"cover":"woodland","source":"generated","method":"jittered grid inside mapped woodland polygons","decorative":true,"surveyed":false,"confidence":"none","order":1890},"geometry":{"type":"Point","coordinates":[-77.093751,38.7121666]}},{"type":"Feature","properties":{"sprite":"tree-pine","scale":0.99,"cover":"woodland","source":"generated","method":"jittered grid inside mapped woodland polygons","decorative":true,"surveyed":false,"confidence":"none","order":1891},"geometry":{"type":"Point","coordinates":[-77.095062,38.7121654]}},{"type":"Feature","properties":{"sprite":"tree-oak","scale":1.18,"cover":"woodland","source":"generated","method":"jittered grid inside mapped woodland polygons","decorative":true,"surveyed":false,"confidence":"none","order":1892},"geometry":{"type":"Point","coordinates":[-77.0954558,38.7121643]}},{"type":"Feature","properties":{"sprite":"tree-pine","scale":1.16,"cover":"woodland","source":"generated","method":"jittered grid inside mapped woodland polygons","decorative":true,"surveyed":false,"confidence":"none","order":1893},"geometry":{"type":"Point","coordinates":[-77.1102707,38.7121471]}},{"type":"Feature","properties":{"sprite":"tree-pine","scale":0.87,"cover":"woodland","source":"generated","method":"jittered grid inside mapped woodland polygons","decorative":true,"surveyed":false,"confidence":"none","order":1894},"geometry":{"type":"Point","coordinates":[-77.1099917,38.7121446]}},{"type":"Feature","properties":{"sprite":"tree-oak","scale":0.99,"cover":"woodland","source":"generated","method":"jittered grid inside mapped woodland polygons","decorative":true,"surveyed":false,"confidence":"none","order":1895},"geometry":{"type":"Point","coordinates":[-77.0848007,38.7121389]}},{"type":"Feature","properties":{"sprite":"tree-oak","scale":1.22,"cover":"woodland","source":"generated","method":"jittered grid inside mapped woodland polygons","decorative":true,"surveyed":false,"confidence":"none","order":1896},"geometry":{"type":"Point","coordinates":[-77.0799524,38.7121282]}},{"type":"Feature","properties":{"sprite":"tree-oak","scale":0.85,"cover":"woodland","source":"generated","method":"jittered grid inside mapped woodland polygons","decorative":true,"surveyed":false,"confidence":"none","order":1897},"geometry":{"type":"Point","coordinates":[-77.0829276,38.7121169]}},{"type":"Feature","properties":{"sprite":"tree-elm","scale":1.08,"cover":"woodland","source":"generated","method":"jittered grid inside mapped woodland polygons","decorative":true,"surveyed":false,"confidence":"none","order":1898},"geometry":{"type":"Point","coordinates":[-77.0824643,38.7121112]}},{"type":"Feature","properties":{"sprite":"tree-elm","scale":0.94,"cover":"woodland","source":"generated","method":"jittered grid inside mapped woodland polygons","decorative":true,"surveyed":false,"confidence":"none","order":1899},"geometry":{"type":"Point","coordinates":[-77.0843552,38.7121103]}},{"type":"Feature","properties":{"sprite":"tree-elm","scale":0.8,"cover":"woodland","source":"generated","method":"jittered grid inside mapped woodland polygons","decorative":true,"surveyed":false,"confidence":"none","order":1900},"geometry":{"type":"Point","coordinates":[-77.0884216,38.7121101]}},{"type":"Feature","properties":{"sprite":"tree-elm","scale":0.91,"cover":"woodland","source":"generated","method":"jittered grid inside mapped woodland polygons","decorative":true,"surveyed":false,"confidence":"none","order":1901},"geometry":{"type":"Point","coordinates":[-77.0832024,38.7121076]}},{"type":"Feature","properties":{"sprite":"tree-oak","scale":1.12,"cover":"woodland","source":"generated","method":"jittered grid inside mapped woodland polygons","decorative":true,"surveyed":false,"confidence":"none","order":1902},"geometry":{"type":"Point","coordinates":[-77.0960173,38.7121048]}},{"type":"Feature","properties":{"sprite":"tree-oak","scale":0.96,"cover":"woodland","source":"generated","method":"jittered grid inside mapped woodland polygons","decorative":true,"surveyed":false,"confidence":"none","order":1903},"geometry":{"type":"Point","coordinates":[-77.0813719,38.7120992]}},{"type":"Feature","properties":{"sprite":"tree-oak","scale":1.07,"cover":"woodland","source":"generated","method":"jittered grid inside mapped woodland polygons","decorative":true,"surveyed":false,"confidence":"none","order":1904},"geometry":{"type":"Point","coordinates":[-77.0846282,38.7120954]}},{"type":"Feature","properties":{"sprite":"tree-elm","scale":0.83,"cover":"woodland","source":"generated","method":"jittered grid inside mapped woodland polygons","decorative":true,"surveyed":false,"confidence":"none","order":1905},"geometry":{"type":"Point","coordinates":[-77.087015,38.7120953]}},{"type":"Feature","properties":{"sprite":"tree-oak","scale":0.96,"cover":"woodland","source":"generated","method":"jittered grid inside mapped woodland polygons","decorative":true,"surveyed":false,"confidence":"none","order":1906},"geometry":{"type":"Point","coordinates":[-77.09621,38.712088]}},{"type":"Feature","properties":{"sprite":"tree-oak","scale":0.86,"cover":"woodland","source":"generated","method":"jittered grid inside mapped woodland polygons","decorative":true,"surveyed":false,"confidence":"none","order":1907},"geometry":{"type":"Point","coordinates":[-77.0842764,38.7120624]}},{"type":"Feature","properties":{"sprite":"tree-oak","scale":0.97,"cover":"woodland","source":"generated","method":"jittered grid inside mapped woodland polygons","decorative":true,"surveyed":false,"confidence":"none","order":1908},"geometry":{"type":"Point","coordinates":[-77.0845866,38.7120606]}},{"type":"Feature","properties":{"sprite":"tree-oak","scale":1.2,"cover":"woodland","source":"generated","method":"jittered grid inside mapped woodland polygons","decorative":true,"surveyed":false,"confidence":"none","order":1909},"geometry":{"type":"Point","coordinates":[-77.093851,38.7120596]}},{"type":"Feature","properties":{"sprite":"tree-elm","scale":1.06,"cover":"woodland","source":"generated","method":"jittered grid inside mapped woodland polygons","decorative":true,"surveyed":false,"confidence":"none","order":1910},"geometry":{"type":"Point","coordinates":[-77.0800784,38.7120556]}},{"type":"Feature","properties":{"sprite":"tree-shrub","scale":1.1,"cover":"woodland","source":"generated","method":"jittered grid inside mapped woodland polygons","decorative":true,"surveyed":false,"confidence":"none","order":1911},"geometry":{"type":"Point","coordinates":[-77.0836716,38.7120543]}},{"type":"Feature","properties":{"sprite":"tree-oak","scale":0.93,"cover":"woodland","source":"generated","method":"jittered grid inside mapped woodland polygons","decorative":true,"surveyed":false,"confidence":"none","order":1912},"geometry":{"type":"Point","coordinates":[-77.0825019,38.7120516]}},{"type":"Feature","properties":{"sprite":"tree-oak","scale":0.85,"cover":"woodland","source":"generated","method":"jittered grid inside mapped woodland polygons","decorative":true,"surveyed":false,"confidence":"none","order":1913},"geometry":{"type":"Point","coordinates":[-77.1097871,38.7120435]}},{"type":"Feature","properties":{"sprite":"tree-shrub","scale":1.0,"cover":"woodland","source":"generated","method":"jittered grid inside mapped woodland polygons","decorative":true,"surveyed":false,"confidence":"none","order":1914},"geometry":{"type":"Point","coordinates":[-77.0934758,38.7120407]}},{"type":"Feature","properties":{"sprite":"tree-pine","scale":1.15,"cover":"woodland","source":"generated","method":"jittered grid inside mapped woodland polygons","decorative":true,"surveyed":false,"confidence":"none","order":1915},"geometry":{"type":"Point","coordinates":[-77.0812504,38.7120388]}},{"type":"Feature","properties":{"sprite":"tree-elm","scale":0.9,"cover":"woodland","source":"generated","method":"jittered grid inside mapped woodland polygons","decorative":true,"surveyed":false,"confidence":"none","order":1916},"geometry":{"type":"Point","coordinates":[-77.0903525,38.7120352]}},{"type":"Feature","properties":{"sprite":"tree-shrub","scale":1.12,"cover":"woodland","source":"generated","method":"jittered grid inside mapped woodland polygons","decorative":true,"surveyed":false,"confidence":"none","order":1917},"geometry":{"type":"Point","coordinates":[-77.0956866,38.7120242]}},{"type":"Feature","properties":{"sprite":"tree-oak","scale":1.0,"cover":"woodland","source":"generated","method":"jittered grid inside mapped woodland polygons","decorative":true,"surveyed":false,"confidence":"none","order":1918},"geometry":{"type":"Point","coordinates":[-77.0936101,38.712019]}},{"type":"Feature","properties":{"sprite":"tree-elm","scale":0.99,"cover":"woodland","source":"generated","method":"jittered grid inside mapped woodland polygons","decorative":true,"surveyed":false,"confidence":"none","order":1919},"geometry":{"type":"Point","coordinates":[-77.0904739,38.7120131]}},{"type":"Feature","properties":{"sprite":"tree-shrub","scale":1.07,"cover":"woodland","source":"generated","method":"jittered grid inside mapped woodland polygons","decorative":true,"surveyed":false,"confidence":"none","order":1920},"geometry":{"type":"Point","coordinates":[-77.0839706,38.7120106]}},{"type":"Feature","properties":{"sprite":"tree-pine","scale":1.01,"cover":"woodland","source":"generated","method":"jittered grid inside mapped woodland polygons","decorative":true,"surveyed":false,"confidence":"none","order":1921},"geometry":{"type":"Point","coordinates":[-77.0804146,38.7120061]}},{"type":"Feature","properties":{"sprite":"tree-elm","scale":1.21,"cover":"woodland","source":"generated","method":"jittered grid inside mapped woodland polygons","decorative":true,"surveyed":false,"confidence":"none","order":1922},"geometry":{"type":"Point","coordinates":[-77.0810583,38.7120046]}},{"type":"Feature","properties":{"sprite":"tree-oak","scale":1.16,"cover":"woodland","source":"generated","method":"jittered grid inside mapped woodland polygons","decorative":true,"surveyed":false,"confidence":"none","order":1923},"geometry":{"type":"Point","coordinates":[-77.0815476,38.7120005]}},{"type":"Feature","properties":{"sprite":"tree-elm","scale":1.17,"cover":"woodland","source":"generated","method":"jittered grid inside mapped woodland polygons","decorative":true,"surveyed":false,"confidence":"none","order":1924},"geometry":{"type":"Point","coordinates":[-77.0952226,38.7119984]}},{"type":"Feature","properties":{"sprite":"tree-shrub","scale":0.84,"cover":"woodland","source":"generated","method":"jittered grid inside mapped woodland polygons","decorative":true,"surveyed":false,"confidence":"none","order":1925},"geometry":{"type":"Point","coordinates":[-77.0818992,38.7119936]}},{"type":"Feature","properties":{"sprite":"tree-oak","scale":1.13,"cover":"woodland","source":"generated","method":"jittered grid inside mapped woodland polygons","decorative":true,"surveyed":false,"confidence":"none","order":1926},"geometry":{"type":"Point","coordinates":[-77.083077,38.7119925]}},{"type":"Feature","properties":{"sprite":"tree-oak","scale":0.97,"cover":"woodland","source":"generated","method":"jittered grid inside mapped woodland polygons","decorative":true,"surveyed":false,"confidence":"none","order":1927},"geometry":{"type":"Point","coordinates":[-77.0880099,38.7119898]}},{"type":"Feature","properties":{"sprite":"tree-oak","scale":1.03,"cover":"woodland","source":"generated","method":"jittered grid inside mapped woodland polygons","decorative":true,"surveyed":false,"confidence":"none","order":1928},"geometry":{"type":"Point","coordinates":[-77.0949148,38.7119884]}},{"type":"Feature","properties":{"sprite":"tree-elm","scale":1.14,"cover":"woodland","source":"generated","method":"jittered grid inside mapped woodland polygons","decorative":true,"surveyed":false,"confidence":"none","order":1929},"geometry":{"type":"Point","coordinates":[-77.091208,38.7119823]}},{"type":"Feature","properties":{"sprite":"tree-oak","scale":1.03,"cover":"woodland","source":"generated","method":"jittered grid inside mapped woodland polygons","decorative":true,"surveyed":false,"confidence":"none","order":1930},"geometry":{"type":"Point","coordinates":[-77.0870343,38.7119764]}},{"type":"Feature","properties":{"sprite":"tree-elm","scale":1.21,"cover":"woodland","source":"generated","method":"jittered grid inside mapped woodland polygons","decorative":true,"surveyed":false,"confidence":"none","order":1931},"geometry":{"type":"Point","coordinates":[-77.0829616,38.7119676]}},{"type":"Feature","properties":{"sprite":"tree-pine","scale":0.96,"cover":"woodland","source":"generated","method":"jittered grid inside mapped woodland polygons","decorative":true,"surveyed":false,"confidence":"none","order":1932},"geometry":{"type":"Point","coordinates":[-77.0900932,38.7119672]}},{"type":"Feature","properties":{"sprite":"tree-oak","scale":1.18,"cover":"woodland","source":"generated","method":"jittered grid inside mapped woodland polygons","decorative":true,"surveyed":false,"confidence":"none","order":1933},"geometry":{"type":"Point","coordinates":[-77.0808587,38.7119629]}},{"type":"Feature","properties":{"sprite":"tree-pine","scale":1.18,"cover":"woodland","source":"generated","method":"jittered grid inside mapped woodland polygons","decorative":true,"surveyed":false,"confidence":"none","order":1934},"geometry":{"type":"Point","coordinates":[-77.0838621,38.7119569]}},{"type":"Feature","properties":{"sprite":"tree-shrub","scale":1.16,"cover":"woodland","source":"generated","method":"jittered grid inside mapped woodland polygons","decorative":true,"surveyed":false,"confidence":"none","order":1935},"geometry":{"type":"Point","coordinates":[-77.0817258,38.7119529]}},{"type":"Feature","properties":{"sprite":"tree-shrub","scale":1.16,"cover":"woodland","source":"generated","method":"jittered grid inside mapped woodland polygons","decorative":true,"surveyed":false,"confidence":"none","order":1936},"geometry":{"type":"Point","coordinates":[-77.0826078,38.7119504]}},{"type":"Feature","properties":{"sprite":"tree-elm","scale":1.04,"cover":"woodland","source":"generated","method":"jittered grid inside mapped woodland polygons","decorative":true,"surveyed":false,"confidence":"none","order":1937},"geometry":{"type":"Point","coordinates":[-77.0947234,38.7119412]}},{"type":"Feature","properties":{"sprite":"tree-oak","scale":1.12,"cover":"woodland","source":"generated","method":"jittered grid inside mapped woodland polygons","decorative":true,"surveyed":false,"confidence":"none","order":1938},"geometry":{"type":"Point","coordinates":[-77.0956481,38.7119304]}},{"type":"Feature","properties":{"sprite":"tree-shrub","scale":1.08,"cover":"woodland","source":"generated","method":"jittered grid inside mapped woodland polygons","decorative":true,"surveyed":false,"confidence":"none","order":1939},"geometry":{"type":"Point","coordinates":[-77.0906089,38.7119249]}},{"type":"Feature","properties":{"sprite":"tree-oak","scale":0.89,"cover":"woodland","source":"generated","method":"jittered grid inside mapped woodland polygons","decorative":true,"surveyed":false,"confidence":"none","order":1940},"geometry":{"type":"Point","coordinates":[-77.0936115,38.7119207]}},{"type":"Feature","properties":{"sprite":"tree-elm","scale":0.84,"cover":"woodland","source":"generated","method":"jittered grid inside mapped woodland polygons","decorative":true,"surveyed":false,"confidence":"none","order":1941},"geometry":{"type":"Point","coordinates":[-77.0902722,38.7119184]}},{"type":"Feature","properties":{"sprite":"tree-oak","scale":0.94,"cover":"woodland","source":"generated","method":"jittered grid inside mapped woodland polygons","decorative":true,"surveyed":false,"confidence":"none","order":1942},"geometry":{"type":"Point","coordinates":[-77.0910731,38.7118986]}},{"type":"Feature","properties":{"sprite":"tree-pine","scale":1.07,"cover":"woodland","source":"generated","method":"jittered grid inside mapped woodland polygons","decorative":true,"surveyed":false,"confidence":"none","order":1943},"geometry":{"type":"Point","coordinates":[-77.0937659,38.7118943]}},{"type":"Feature","properties":{"sprite":"tree-oak","scale":0.81,"cover":"woodland","source":"generated","method":"jittered grid inside mapped woodland polygons","decorative":true,"surveyed":false,"confidence":"none","order":1944},"geometry":{"type":"Point","coordinates":[-77.0959371,38.7118889]}},{"type":"Feature","properties":{"sprite":"tree-oak","scale":0.83,"cover":"woodland","source":"generated","method":"jittered grid inside mapped woodland polygons","decorative":true,"surveyed":false,"confidence":"none","order":1945},"geometry":{"type":"Point","coordinates":[-77.0840006,38.711882]}},{"type":"Feature","properties":{"sprite":"tree-oak","scale":1.18,"cover":"woodland","source":"generated","method":"jittered grid inside mapped woodland polygons","decorative":true,"surveyed":false,"confidence":"none","order":1946},"geometry":{"type":"Point","coordinates":[-77.0826025,38.7118769]}},{"type":"Feature","properties":{"sprite":"tree-pine","scale":1.04,"cover":"woodland","source":"generated","method":"jittered grid inside mapped woodland polygons","decorative":true,"surveyed":false,"confidence":"none","order":1947},"geometry":{"type":"Point","coordinates":[-77.0866034,38.7118751]}},{"type":"Feature","properties":{"sprite":"tree-elm","scale":0.91,"cover":"woodland","source":"generated","method":"jittered grid inside mapped woodland polygons","decorative":true,"surveyed":false,"confidence":"none","order":1948},"geometry":{"type":"Point","coordinates":[-77.0815465,38.711874]}},{"type":"Feature","properties":{"sprite":"tree-pine","scale":1.15,"cover":"woodland","source":"generated","method":"jittered grid inside mapped woodland polygons","decorative":true,"surveyed":false,"confidence":"none","order":1949},"geometry":{"type":"Point","coordinates":[-77.0925524,38.7118686]}},{"type":"Feature","properties":{"sprite":"tree-oak","scale":0.99,"cover":"woodland","source":"generated","method":"jittered grid inside mapped woodland polygons","decorative":true,"surveyed":false,"confidence":"none","order":1950},"geometry":{"type":"Point","coordinates":[-77.0908297,38.7118575]}},{"type":"Feature","properties":{"sprite":"tree-shrub","scale":1.14,"cover":"park","source":"generated","method":"jittered grid inside mapped park polygons","decorative":true,"surveyed":false,"confidence":"none","order":1951},"geometry":{"type":"Point","coordinates":[-77.0734601,38.7118442]}},{"type":"Feature","properties":{"sprite":"tree-pine","scale":0.99,"cover":"woodland","source":"generated","method":"jittered grid inside mapped woodland polygons","decorative":true,"surveyed":false,"confidence":"none","order":1952},"geometry":{"type":"Point","coordinates":[-77.0809188,38.7118364]}},{"type":"Feature","properties":{"sprite":"tree-elm","scale":0.9,"cover":"woodland","source":"generated","method":"jittered grid inside mapped woodland polygons","decorative":true,"surveyed":false,"confidence":"none","order":1953},"geometry":{"type":"Point","coordinates":[-77.0840685,38.7118269]}},{"type":"Feature","properties":{"sprite":"tree-shrub","scale":1.07,"cover":"woodland","source":"generated","method":"jittered grid inside mapped woodland polygons","decorative":true,"surveyed":false,"confidence":"none","order":1954},"geometry":{"type":"Point","coordinates":[-77.091409,38.7118235]}},{"type":"Feature","properties":{"sprite":"tree-oak","scale":1.02,"cover":"woodland","source":"generated","method":"jittered grid inside mapped woodland polygons","decorative":true,"surveyed":false,"confidence":"none","order":1955},"geometry":{"type":"Point","coordinates":[-77.0933573,38.7118222]}},{"type":"Feature","properties":{"sprite":"tree-shrub","scale":0.91,"cover":"woodland","source":"generated","method":"jittered grid inside mapped woodland polygons","decorative":true,"surveyed":false,"confidence":"none","order":1956},"geometry":{"type":"Point","coordinates":[-77.0812189,38.7118216]}},{"type":"Feature","properties":{"sprite":"tree-pine","scale":0.79,"cover":"woodland","source":"generated","method":"jittered grid inside mapped woodland polygons","decorative":true,"surveyed":false,"confidence":"none","order":1957},"geometry":{"type":"Point","coordinates":[-77.0953218,38.7118127]}},{"type":"Feature","properties":{"sprite":"tree-shrub","scale":1.15,"cover":"woodland","source":"generated","method":"jittered grid inside mapped woodland polygons","decorative":true,"surveyed":false,"confidence":"none","order":1958},"geometry":{"type":"Point","coordinates":[-77.0819717,38.7118104]}},{"type":"Feature","properties":{"sprite":"tree-elm","scale":0.94,"cover":"woodland","source":"generated","method":"jittered grid inside mapped woodland polygons","decorative":true,"surveyed":false,"confidence":"none","order":1959},"geometry":{"type":"Point","coordinates":[-77.0963383,38.7118075]}},{"type":"Feature","properties":{"sprite":"tree-pine","scale":1.01,"cover":"woodland","source":"generated","method":"jittered grid inside mapped woodland polygons","decorative":true,"surveyed":false,"confidence":"none","order":1960},"geometry":{"type":"Point","coordinates":[-77.0920621,38.7117962]}},{"type":"Feature","properties":{"sprite":"tree-pine","scale":1.21,"cover":"woodland","source":"generated","method":"jittered grid inside mapped woodland polygons","decorative":true,"surveyed":false,"confidence":"none","order":1961},"geometry":{"type":"Point","coordinates":[-77.0949453,38.7117919]}},{"type":"Feature","properties":{"sprite":"tree-elm","scale":0.96,"cover":"woodland","source":"generated","method":"jittered grid inside mapped woodland polygons","decorative":true,"surveyed":false,"confidence":"none","order":1962},"geometry":{"type":"Point","coordinates":[-77.0847934,38.7117734]}},{"type":"Feature","properties":{"sprite":"tree-oak","scale":1.21,"cover":"woodland","source":"generated","method":"jittered grid inside mapped woodland polygons","decorative":true,"surveyed":false,"confidence":"none","order":1963},"geometry":{"type":"Point","coordinates":[-77.0879532,38.7117724]}},{"type":"Feature","properties":{"sprite":"tree-elm","scale":0.84,"cover":"woodland","source":"generated","method":"jittered grid inside mapped woodland polygons","decorative":true,"surveyed":false,"confidence":"none","order":1964},"geometry":{"type":"Point","coordinates":[-77.0826617,38.711769]}},{"type":"Feature","properties":{"sprite":"tree-oak","scale":0.96,"cover":"woodland","source":"generated","method":"jittered grid inside mapped woodland polygons","decorative":true,"surveyed":false,"confidence":"none","order":1965},"geometry":{"type":"Point","coordinates":[-77.0952286,38.7117553]}},{"type":"Feature","properties":{"sprite":"tree-oak","scale":1.07,"cover":"woodland","source":"generated","method":"jittered grid inside mapped woodland polygons","decorative":true,"surveyed":false,"confidence":"none","order":1966},"geometry":{"type":"Point","coordinates":[-77.0912736,38.7117505]}},{"type":"Feature","properties":{"sprite":"tree-pine","scale":0.82,"cover":"woodland","source":"generated","method":"jittered grid inside mapped woodland polygons","decorative":true,"surveyed":false,"confidence":"none","order":1967},"geometry":{"type":"Point","coordinates":[-77.0823095,38.7117503]}},{"type":"Feature","properties":{"sprite":"tree-pine","scale":0.97,"cover":"woodland","source":"generated","method":"jittered grid inside mapped woodland polygons","decorative":true,"surveyed":false,"confidence":"none","order":1968},"geometry":{"type":"Point","coordinates":[-77.0818079,38.71175]}},{"type":"Feature","properties":{"sprite":"tree-oak","scale":1.01,"cover":"woodland","source":"generated","method":"jittered grid inside mapped woodland polygons","decorative":true,"surveyed":false,"confidence":"none","order":1969},"geometry":{"type":"Point","coordinates":[-77.0869004,38.7117494]}},{"type":"Feature","properties":{"sprite":"tree-shrub","scale":0.98,"cover":"woodland","source":"generated","method":"jittered grid inside mapped woodland polygons","decorative":true,"surveyed":false,"confidence":"none","order":1970},"geometry":{"type":"Point","coordinates":[-77.0806246,38.7117482]}},{"type":"Feature","properties":{"sprite":"tree-oak","scale":0.83,"cover":"woodland","source":"generated","method":"jittered grid inside mapped woodland polygons","decorative":true,"surveyed":false,"confidence":"none","order":1971},"geometry":{"type":"Point","coordinates":[-77.0915752,38.7117416]}},{"type":"Feature","properties":{"sprite":"tree-elm","scale":1.06,"cover":"woodland","source":"generated","method":"jittered grid inside mapped woodland polygons","decorative":true,"surveyed":false,"confidence":"none","order":1972},"geometry":{"type":"Point","coordinates":[-77.0833093,38.7117334]}},{"type":"Feature","properties":{"sprite":"tree-pine","scale":0.81,"cover":"woodland","source":"generated","method":"jittered grid inside mapped woodland polygons","decorative":true,"surveyed":false,"confidence":"none","order":1973},"geometry":{"type":"Point","coordinates":[-77.0961348,38.7117322]}},{"type":"Feature","properties":{"sprite":"tree-elm","scale":0.8,"cover":"park","source":"generated","method":"jittered grid inside mapped park polygons","decorative":true,"surveyed":false,"confidence":"none","order":1974},"geometry":{"type":"Point","coordinates":[-77.072603,38.7117315]}},{"type":"Feature","properties":{"sprite":"tree-elm","scale":0.96,"cover":"woodland","source":"generated","method":"jittered grid inside mapped woodland polygons","decorative":true,"surveyed":false,"confidence":"none","order":1975},"geometry":{"type":"Point","coordinates":[-77.0966135,38.7117305]}},{"type":"Feature","properties":{"sprite":"tree-oak","scale":1.19,"cover":"woodland","source":"generated","method":"jittered grid inside mapped woodland polygons","decorative":true,"surveyed":false,"confidence":"none","order":1976},"geometry":{"type":"Point","coordinates":[-77.0944127,38.7117263]}},{"type":"Feature","properties":{"sprite":"tree-pine","scale":0.85,"cover":"woodland","source":"generated","method":"jittered grid inside mapped woodland polygons","decorative":true,"surveyed":false,"confidence":"none","order":1977},"geometry":{"type":"Point","coordinates":[-77.0910312,38.7117165]}},{"type":"Feature","properties":{"sprite":"tree-shrub","scale":0.91,"cover":"woodland","source":"generated","method":"jittered grid inside mapped woodland polygons","decorative":true,"surveyed":false,"confidence":"none","order":1978},"geometry":{"type":"Point","coordinates":[-77.0942443,38.711714]}},{"type":"Feature","properties":{"sprite":"tree-oak","scale":1.22,"cover":"woodland","source":"generated","method":"jittered grid inside mapped woodland polygons","decorative":true,"surveyed":false,"confidence":"none","order":1979},"geometry":{"type":"Point","coordinates":[-77.0812619,38.7117094]}},{"type":"Feature","properties":{"sprite":"tree-oak","scale":0.93,"cover":"woodland","source":"generated","method":"jittered grid inside mapped woodland polygons","decorative":true,"surveyed":false,"confidence":"none","order":1980},"geometry":{"type":"Point","coordinates":[-77.0805713,38.7117014]}},{"type":"Feature","properties":{"sprite":"tree-oak","scale":0.95,"cover":"woodland","source":"generated","method":"jittered grid inside mapped woodland polygons","decorative":true,"surveyed":false,"confidence":"none","order":1981},"geometry":{"type":"Point","coordinates":[-77.084822,38.7116969]}},{"type":"Feature","properties":{"sprite":"tree-shrub","scale":1.1,"cover":"woodland","source":"generated","method":"jittered grid inside mapped woodland polygons","decorative":true,"surveyed":false,"confidence":"none","order":1982},"geometry":{"type":"Point","coordinates":[-77.0914068,38.7116883]}},{"type":"Feature","properties":{"sprite":"tree-elm","scale":0.79,"cover":"woodland","source":"generated","method":"jittered grid inside mapped woodland polygons","decorative":true,"surveyed":false,"confidence":"none","order":1983},"geometry":{"type":"Point","coordinates":[-77.0816113,38.7116834]}},{"type":"Feature","properties":{"sprite":"tree-oak","scale":0.92,"cover":"woodland","source":"generated","method":"jittered grid inside mapped woodland polygons","decorative":true,"surveyed":false,"confidence":"none","order":1984},"geometry":{"type":"Point","coordinates":[-77.0922349,38.7116831]}},{"type":"Feature","properties":{"sprite":"tree-oak","scale":0.78,"cover":"woodland","source":"generated","method":"jittered grid inside mapped woodland polygons","decorative":true,"surveyed":false,"confidence":"none","order":1985},"geometry":{"type":"Point","coordinates":[-77.0808126,38.7116713]}},{"type":"Feature","properties":{"sprite":"tree-elm","scale":1.04,"cover":"woodland","source":"generated","method":"jittered grid inside mapped woodland polygons","decorative":true,"surveyed":false,"confidence":"none","order":1986},"geometry":{"type":"Point","coordinates":[-77.0827257,38.7116652]}},{"type":"Feature","properties":{"sprite":"tree-oak","scale":1.21,"cover":"woodland","source":"generated","method":"jittered grid inside mapped woodland polygons","decorative":true,"surveyed":false,"confidence":"none","order":1987},"geometry":{"type":"Point","coordinates":[-77.0842262,38.7116609]}},{"type":"Feature","properties":{"sprite":"tree-oak","scale":0.79,"cover":"woodland","source":"generated","method":"jittered grid inside mapped woodland polygons","decorative":true,"surveyed":false,"confidence":"none","order":1988},"geometry":{"type":"Point","coordinates":[-77.0824494,38.7116548]}},{"type":"Feature","properties":{"sprite":"tree-elm","scale":0.99,"cover":"woodland","source":"generated","method":"jittered grid inside mapped woodland polygons","decorative":true,"surveyed":false,"confidence":"none","order":1989},"geometry":{"type":"Point","coordinates":[-77.0962302,38.7116534]}},{"type":"Feature","properties":{"sprite":"tree-oak","scale":0.8,"cover":"woodland","source":"generated","method":"jittered grid inside mapped woodland polygons","decorative":true,"surveyed":false,"confidence":"none","order":1990},"geometry":{"type":"Point","coordinates":[-77.0902178,38.7116501]}},{"type":"Feature","properties":{"sprite":"tree-shrub","scale":1.08,"cover":"woodland","source":"generated","method":"jittered grid inside mapped woodland polygons","decorative":true,"surveyed":false,"confidence":"none","order":1991},"geometry":{"type":"Point","coordinates":[-77.0939256,38.7116484]}},{"type":"Feature","properties":{"sprite":"tree-pine","scale":1.16,"cover":"woodland","source":"generated","method":"jittered grid inside mapped woodland polygons","decorative":true,"surveyed":false,"confidence":"none","order":1992},"geometry":{"type":"Point","coordinates":[-77.0820897,38.7116477]}},{"type":"Feature","properties":{"sprite":"tree-elm","scale":0.86,"cover":"woodland","source":"generated","method":"jittered grid inside mapped woodland polygons","decorative":true,"surveyed":false,"confidence":"none","order":1993},"geometry":{"type":"Point","coordinates":[-77.0905142,38.7116361]}},{"type":"Feature","properties":{"sprite":"tree-pine","scale":0.92,"cover":"woodland","source":"generated","method":"jittered grid inside mapped woodland polygons","decorative":true,"surveyed":false,"confidence":"none","order":1994},"geometry":{"type":"Point","coordinates":[-77.0838778,38.7116346]}},{"type":"Feature","properties":{"sprite":"tree-shrub","scale":1.03,"cover":"woodland","source":"generated","method":"jittered grid inside mapped woodland polygons","decorative":true,"surveyed":false,"confidence":"none","order":1995},"geometry":{"type":"Point","coordinates":[-77.0966841,38.7116285]}},{"type":"Feature","properties":{"sprite":"tree-oak","scale":0.81,"cover":"woodland","source":"generated","method":"jittered grid inside mapped woodland polygons","decorative":true,"surveyed":false,"confidence":"none","order":1996},"geometry":{"type":"Point","coordinates":[-77.0829328,38.7116151]}},{"type":"Feature","properties":{"sprite":"tree-pine","scale":1.07,"cover":"woodland","source":"generated","method":"jittered grid inside mapped woodland polygons","decorative":true,"surveyed":false,"confidence":"none","order":1997},"geometry":{"type":"Point","coordinates":[-77.0814201,38.711615]}},{"type":"Feature","properties":{"sprite":"tree-oak","scale":0.96,"cover":"woodland","source":"generated","method":"jittered grid inside mapped woodland polygons","decorative":true,"surveyed":false,"confidence":"none","order":1998},"geometry":{"type":"Point","coordinates":[-77.0869516,38.7115865]}},{"type":"Feature","properties":{"sprite":"tree-pine","scale":0.87,"cover":"woodland","source":"generated","method":"jittered grid inside mapped woodland polygons","decorative":true,"surveyed":false,"confidence":"none","order":1999},"geometry":{"type":"Point","coordinates":[-77.0951768,38.7115798]}},{"type":"Feature","properties":{"sprite":"tree-oak","scale":0.87,"cover":"woodland","source":"generated","method":"jittered grid inside mapped woodland polygons","decorative":true,"surveyed":false,"confidence":"none","order":2000},"geometry":{"type":"Point","coordinates":[-77.0835423,38.7115656]}},{"type":"Feature","properties":{"sprite":"tree-elm","scale":1.0,"cover":"woodland","source":"generated","method":"jittered grid inside mapped woodland polygons","decorative":true,"surveyed":false,"confidence":"none","order":2001},"geometry":{"type":"Point","coordinates":[-77.0844458,38.7115628]}},{"type":"Feature","properties":{"sprite":"tree-shrub","scale":1.08,"cover":"woodland","source":"generated","method":"jittered grid inside mapped woodland polygons","decorative":true,"surveyed":false,"confidence":"none","order":2002},"geometry":{"type":"Point","coordinates":[-77.0941556,38.7115499]}},{"type":"Feature","properties":{"sprite":"tree-oak","scale":0.9,"cover":"woodland","source":"generated","method":"jittered grid inside mapped woodland polygons","decorative":true,"surveyed":false,"confidence":"none","order":2003},"geometry":{"type":"Point","coordinates":[-77.095978,38.7115473]}},{"type":"Feature","properties":{"sprite":"tree-shrub","scale":1.01,"cover":"woodland","source":"generated","method":"jittered grid inside mapped woodland polygons","decorative":true,"surveyed":false,"confidence":"none","order":2004},"geometry":{"type":"Point","coordinates":[-77.094867,38.7115336]}},{"type":"Feature","properties":{"sprite":"tree-elm","scale":0.82,"cover":"woodland","source":"generated","method":"jittered grid inside mapped woodland polygons","decorative":true,"surveyed":false,"confidence":"none","order":2005},"geometry":{"type":"Point","coordinates":[-77.0942613,38.7115276]}},{"type":"Feature","properties":{"sprite":"tree-oak","scale":1.1,"cover":"woodland","source":"generated","method":"jittered grid inside mapped woodland polygons","decorative":true,"surveyed":false,"confidence":"none","order":2006},"geometry":{"type":"Point","coordinates":[-77.0837808,38.7115259]}},{"type":"Feature","properties":{"sprite":"tree-shrub","scale":0.83,"cover":"woodland","source":"generated","method":"jittered grid inside mapped woodland polygons","decorative":true,"surveyed":false,"confidence":"none","order":2007},"geometry":{"type":"Point","coordinates":[-77.0937444,38.7115251]}},{"type":"Feature","properties":{"sprite":"tree-elm","scale":0.82,"cover":"woodland","source":"generated","method":"jittered grid inside mapped woodland polygons","decorative":true,"surveyed":false,"confidence":"none","order":2008},"geometry":{"type":"Point","coordinates":[-77.0813374,38.7115192]}},{"type":"Feature","properties":{"sprite":"tree-oak","scale":1.0,"cover":"woodland","source":"generated","method":"jittered grid inside mapped woodland polygons","decorative":true,"surveyed":false,"confidence":"none","order":2009},"geometry":{"type":"Point","coordinates":[-77.0812025,38.7115184]}},{"type":"Feature","properties":{"sprite":"tree-shrub","scale":1.17,"cover":"woodland","source":"generated","method":"jittered grid inside mapped woodland polygons","decorative":true,"surveyed":false,"confidence":"none","order":2010},"geometry":{"type":"Point","coordinates":[-77.0929121,38.7115132]}},{"type":"Feature","properties":{"sprite":"tree-pine","scale":1.03,"cover":"woodland","source":"generated","method":"jittered grid inside mapped woodland polygons","decorative":true,"surveyed":false,"confidence":"none","order":2011},"geometry":{"type":"Point","coordinates":[-77.0912804,38.7115034]}},{"type":"Feature","properties":{"sprite":"tree-elm","scale":1.1,"cover":"woodland","source":"generated","method":"jittered grid inside mapped woodland polygons","decorative":true,"surveyed":false,"confidence":"none","order":2012},"geometry":{"type":"Point","coordinates":[-77.0923184,38.7115017]}},{"type":"Feature","properties":{"sprite":"tree-pine","scale":0.9,"cover":"woodland","source":"generated","method":"jittered grid inside mapped woodland polygons","decorative":true,"surveyed":false,"confidence":"none","order":2013},"geometry":{"type":"Point","coordinates":[-77.0938059,38.7114977]}},{"type":"Feature","properties":{"sprite":"tree-shrub","scale":0.83,"cover":"woodland","source":"generated","method":"jittered grid inside mapped woodland polygons","decorative":true,"surveyed":false,"confidence":"none","order":2014},"geometry":{"type":"Point","coordinates":[-77.083432,38.7114959]}},{"type":"Feature","properties":{"sprite":"tree-oak","scale":0.86,"cover":"woodland","source":"generated","method":"jittered grid inside mapped woodland polygons","decorative":true,"surveyed":false,"confidence":"none","order":2015},"geometry":{"type":"Point","coordinates":[-77.0906016,38.711494]}},{"type":"Feature","properties":{"sprite":"tree-shrub","scale":1.06,"cover":"woodland","source":"generated","method":"jittered grid inside mapped woodland polygons","decorative":true,"surveyed":false,"confidence":"none","order":2016},"geometry":{"type":"Point","coordinates":[-77.0824668,38.7114899]}},{"type":"Feature","properties":{"sprite":"tree-oak","scale":1.01,"cover":"woodland","source":"generated","method":"jittered grid inside mapped woodland polygons","decorative":true,"surveyed":false,"confidence":"none","order":2017},"geometry":{"type":"Point","coordinates":[-77.0920755,38.7114891]}},{"type":"Feature","properties":{"sprite":"tree-oak","scale":1.06,"cover":"woodland","source":"generated","method":"jittered grid inside mapped woodland polygons","decorative":true,"surveyed":false,"confidence":"none","order":2018},"geometry":{"type":"Point","coordinates":[-77.0927685,38.7114883]}},{"type":"Feature","properties":{"sprite":"tree-oak","scale":1.15,"cover":"woodland","source":"generated","method":"jittered grid inside mapped woodland polygons","decorative":true,"surveyed":false,"confidence":"none","order":2019},"geometry":{"type":"Point","coordinates":[-77.0840072,38.7114793]}},{"type":"Feature","properties":{"sprite":"tree-oak","scale":1.02,"cover":"woodland","source":"generated","method":"jittered grid inside mapped woodland polygons","decorative":true,"surveyed":false,"confidence":"none","order":2020},"geometry":{"type":"Point","coordinates":[-77.0809232,38.7114766]}},{"type":"Feature","properties":{"sprite":"tree-oak","scale":1.02,"cover":"woodland","source":"generated","method":"jittered grid inside mapped woodland polygons","decorative":true,"surveyed":false,"confidence":"none","order":2021},"geometry":{"type":"Point","coordinates":[-77.0954807,38.711473]}},{"type":"Feature","properties":{"sprite":"tree-pine","scale":0.94,"cover":"woodland","source":"generated","method":"jittered grid inside mapped woodland polygons","decorative":true,"surveyed":false,"confidence":"none","order":2022},"geometry":{"type":"Point","coordinates":[-77.0823434,38.7114726]}},{"type":"Feature","properties":{"sprite":"tree-elm","scale":0.85,"cover":"woodland","source":"generated","method":"jittered grid inside mapped woodland polygons","decorative":true,"surveyed":false,"confidence":"none","order":2023},"geometry":{"type":"Point","coordinates":[-77.0916321,38.7114444]}},{"type":"Feature","properties":{"sprite":"tree-pine","scale":1.16,"cover":"woodland","source":"generated","method":"jittered grid inside mapped woodland polygons","decorative":true,"surveyed":false,"confidence":"none","order":2024},"geometry":{"type":"Point","coordinates":[-77.0949442,38.7114333]}},{"type":"Feature","properties":{"sprite":"tree-shrub","scale":1.11,"cover":"woodland","source":"generated","method":"jittered grid inside mapped woodland polygons","decorative":true,"surveyed":false,"confidence":"none","order":2025},"geometry":{"type":"Point","coordinates":[-77.0828919,38.7114126]}},{"type":"Feature","properties":{"sprite":"tree-oak","scale":0.88,"cover":"woodland","source":"generated","method":"jittered grid inside mapped woodland polygons","decorative":true,"surveyed":false,"confidence":"none","order":2026},"geometry":{"type":"Point","coordinates":[-77.0827505,38.7114026]}},{"type":"Feature","properties":{"sprite":"tree-oak","scale":1.03,"cover":"woodland","source":"generated","method":"jittered grid inside mapped woodland polygons","decorative":true,"surveyed":false,"confidence":"none","order":2027},"geometry":{"type":"Point","coordinates":[-77.0846407,38.7114005]}},{"type":"Feature","properties":{"sprite":"tree-shrub","scale":1.13,"cover":"woodland","source":"generated","method":"jittered grid inside mapped woodland polygons","decorative":true,"surveyed":false,"confidence":"none","order":2028},"geometry":{"type":"Point","coordinates":[-77.0816189,38.7113946]}},{"type":"Feature","properties":{"sprite":"tree-elm","scale":0.81,"cover":"woodland","source":"generated","method":"jittered grid inside mapped woodland polygons","decorative":true,"surveyed":false,"confidence":"none","order":2029},"geometry":{"type":"Point","coordinates":[-77.0833025,38.7113882]}},{"type":"Feature","properties":{"sprite":"tree-oak","scale":1.13,"cover":"woodland","source":"generated","method":"jittered grid inside mapped woodland polygons","decorative":true,"surveyed":false,"confidence":"none","order":2030},"geometry":{"type":"Point","coordinates":[-77.0909039,38.711374]}},{"type":"Feature","properties":{"sprite":"tree-elm","scale":1.01,"cover":"woodland","source":"generated","method":"jittered grid inside mapped woodland polygons","decorative":true,"surveyed":false,"confidence":"none","order":2031},"geometry":{"type":"Point","coordinates":[-77.0916786,38.7113611]}},{"type":"Feature","properties":{"sprite":"tree-pine","scale":0.92,"cover":"woodland","source":"generated","method":"jittered grid inside mapped woodland polygons","decorative":true,"surveyed":false,"confidence":"none","order":2032},"geometry":{"type":"Point","coordinates":[-77.0953091,38.7113589]}},{"type":"Feature","properties":{"sprite":"tree-oak","scale":1.16,"cover":"woodland","source":"generated","method":"jittered grid inside mapped woodland polygons","decorative":true,"surveyed":false,"confidence":"none","order":2033},"geometry":{"type":"Point","coordinates":[-77.0949628,38.7113586]}},{"type":"Feature","properties":{"sprite":"tree-oak","scale":0.87,"cover":"woodland","source":"generated","method":"jittered grid inside mapped woodland polygons","decorative":true,"surveyed":false,"confidence":"none","order":2034},"geometry":{"type":"Point","coordinates":[-77.0964846,38.7113538]}},{"type":"Feature","properties":{"sprite":"tree-shrub","scale":0.96,"cover":"woodland","source":"generated","method":"jittered grid inside mapped woodland polygons","decorative":true,"surveyed":false,"confidence":"none","order":2035},"geometry":{"type":"Point","coordinates":[-77.0934856,38.7113495]}},{"type":"Feature","properties":{"sprite":"tree-shrub","scale":0.86,"cover":"woodland","source":"generated","method":"jittered grid inside mapped woodland polygons","decorative":true,"surveyed":false,"confidence":"none","order":2036},"geometry":{"type":"Point","coordinates":[-77.0920483,38.7113477]}},{"type":"Feature","properties":{"sprite":"tree-oak","scale":1.07,"cover":"woodland","source":"generated","method":"jittered grid inside mapped woodland polygons","decorative":true,"surveyed":false,"confidence":"none","order":2037},"geometry":{"type":"Point","coordinates":[-77.0846843,38.7113381]}},{"type":"Feature","properties":{"sprite":"tree-pine","scale":1.17,"cover":"woodland","source":"generated","method":"jittered grid inside mapped woodland polygons","decorative":true,"surveyed":false,"confidence":"none","order":2038},"geometry":{"type":"Point","coordinates":[-77.0834095,38.7113333]}},{"type":"Feature","properties":{"sprite":"tree-pine","scale":0.92,"cover":"woodland","source":"generated","method":"jittered grid inside mapped woodland polygons","decorative":true,"surveyed":false,"confidence":"none","order":2039},"geometry":{"type":"Point","coordinates":[-77.0811582,38.7113147]}},{"type":"Feature","properties":{"sprite":"tree-oak","scale":0.89,"cover":"woodland","source":"generated","method":"jittered grid inside mapped woodland polygons","decorative":true,"surveyed":false,"confidence":"none","order":2040},"geometry":{"type":"Point","coordinates":[-77.0963449,38.7113085]}},{"type":"Feature","properties":{"sprite":"tree-oak","scale":1.0,"cover":"woodland","source":"generated","method":"jittered grid inside mapped woodland polygons","decorative":true,"surveyed":false,"confidence":"none","order":2041},"geometry":{"type":"Point","coordinates":[-77.0810408,38.7113042]}},{"type":"Feature","properties":{"sprite":"tree-elm","scale":0.96,"cover":"woodland","source":"generated","method":"jittered grid inside mapped woodland polygons","decorative":true,"surveyed":false,"confidence":"none","order":2042},"geometry":{"type":"Point","coordinates":[-77.0915115,38.711289]}},{"type":"Feature","properties":{"sprite":"tree-pine","scale":1.07,"cover":"woodland","source":"generated","method":"jittered grid inside mapped woodland polygons","decorative":true,"surveyed":false,"confidence":"none","order":2043},"geometry":{"type":"Point","coordinates":[-77.0959853,38.7112801]}},{"type":"Feature","properties":{"sprite":"tree-shrub","scale":0.8,"cover":"woodland","source":"generated","method":"jittered grid inside mapped woodland polygons","decorative":true,"surveyed":false,"confidence":"none","order":2044},"geometry":{"type":"Point","coordinates":[-77.0908308,38.7112779]}},{"type":"Feature","properties":{"sprite":"tree-elm","scale":0.87,"cover":"woodland","source":"generated","method":"jittered grid inside mapped woodland polygons","decorative":true,"surveyed":false,"confidence":"none","order":2045},"geometry":{"type":"Point","coordinates":[-77.0933347,38.7112673]}},{"type":"Feature","properties":{"sprite":"tree-shrub","scale":0.89,"cover":"woodland","source":"generated","method":"jittered grid inside mapped woodland polygons","decorative":true,"surveyed":false,"confidence":"none","order":2046},"geometry":{"type":"Point","coordinates":[-77.0912187,38.7112627]}},{"type":"Feature","properties":{"sprite":"tree-oak","scale":1.06,"cover":"woodland","source":"generated","method":"jittered grid inside mapped woodland polygons","decorative":true,"surveyed":false,"confidence":"none","order":2047},"geometry":{"type":"Point","coordinates":[-77.0816123,38.7112516]}},{"type":"Feature","properties":{"sprite":"tree-oak","scale":0.88,"cover":"woodland","source":"generated","method":"jittered grid inside mapped woodland polygons","decorative":true,"surveyed":false,"confidence":"none","order":2048},"geometry":{"type":"Point","coordinates":[-77.0947573,38.7112502]}},{"type":"Feature","properties":{"sprite":"tree-pine","scale":0.99,"cover":"woodland","source":"generated","method":"jittered grid inside mapped woodland polygons","decorative":true,"surveyed":false,"confidence":"none","order":2049},"geometry":{"type":"Point","coordinates":[-77.0831403,38.7112475]}},{"type":"Feature","properties":{"sprite":"tree-pine","scale":1.14,"cover":"woodland","source":"generated","method":"jittered grid inside mapped woodland polygons","decorative":true,"surveyed":false,"confidence":"none","order":2050},"geometry":{"type":"Point","coordinates":[-77.0819652,38.7112306]}},{"type":"Feature","properties":{"sprite":"tree-oak","scale":0.85,"cover":"woodland","source":"generated","method":"jittered grid inside mapped woodland polygons","decorative":true,"surveyed":false,"confidence":"none","order":2051},"geometry":{"type":"Point","coordinates":[-77.0935536,38.7112223]}},{"type":"Feature","properties":{"sprite":"tree-oak","scale":1.15,"cover":"woodland","source":"generated","method":"jittered grid inside mapped woodland polygons","decorative":true,"surveyed":false,"confidence":"none","order":2052},"geometry":{"type":"Point","coordinates":[-77.0922443,38.7112221]}},{"type":"Feature","properties":{"sprite":"tree-oak","scale":1.02,"cover":"woodland","source":"generated","method":"jittered grid inside mapped woodland polygons","decorative":true,"surveyed":false,"confidence":"none","order":2053},"geometry":{"type":"Point","coordinates":[-77.0911008,38.7112191]}},{"type":"Feature","properties":{"sprite":"tree-oak","scale":0.85,"cover":"woodland","source":"generated","method":"jittered grid inside mapped woodland polygons","decorative":true,"surveyed":false,"confidence":"none","order":2054},"geometry":{"type":"Point","coordinates":[-77.0822015,38.711208]}},{"type":"Feature","properties":{"sprite":"tree-pine","scale":1.03,"cover":"woodland","source":"generated","method":"jittered grid inside mapped woodland polygons","decorative":true,"surveyed":false,"confidence":"none","order":2055},"geometry":{"type":"Point","coordinates":[-77.0912935,38.7112032]}},{"type":"Feature","properties":{"sprite":"tree-oak","scale":0.9,"cover":"woodland","source":"generated","method":"jittered grid inside mapped woodland polygons","decorative":true,"surveyed":false,"confidence":"none","order":2056},"geometry":{"type":"Point","coordinates":[-77.0823146,38.7112016]}},{"type":"Feature","properties":{"sprite":"tree-oak","scale":0.82,"cover":"woodland","source":"generated","method":"jittered grid inside mapped woodland polygons","decorative":true,"surveyed":false,"confidence":"none","order":2057},"geometry":{"type":"Point","coordinates":[-77.0932265,38.7111999]}},{"type":"Feature","properties":{"sprite":"tree-shrub","scale":1.05,"cover":"woodland","source":"generated","method":"jittered grid inside mapped woodland polygons","decorative":true,"surveyed":false,"confidence":"none","order":2058},"geometry":{"type":"Point","coordinates":[-77.0808789,38.7111969]}},{"type":"Feature","properties":{"sprite":"tree-elm","scale":0.87,"cover":"woodland","source":"generated","method":"jittered grid inside mapped woodland polygons","decorative":true,"surveyed":false,"confidence":"none","order":2059},"geometry":{"type":"Point","coordinates":[-77.0962963,38.711195]}},{"type":"Feature","properties":{"sprite":"tree-pine","scale":0.81,"cover":"woodland","source":"generated","method":"jittered grid inside mapped woodland polygons","decorative":true,"surveyed":false,"confidence":"none","order":2060},"geometry":{"type":"Point","coordinates":[-77.0959095,38.7111938]}},{"type":"Feature","properties":{"sprite":"tree-oak","scale":1.03,"cover":"woodland","source":"generated","method":"jittered grid inside mapped woodland polygons","decorative":true,"surveyed":false,"confidence":"none","order":2061},"geometry":{"type":"Point","coordinates":[-77.0934233,38.7111927]}},{"type":"Feature","properties":{"sprite":"tree-elm","scale":0.83,"cover":"park","source":"generated","method":"jittered grid inside mapped park polygons","decorative":true,"surveyed":false,"confidence":"none","order":2062},"geometry":{"type":"Point","coordinates":[-77.0726606,38.7111914]}},{"type":"Feature","properties":{"sprite":"tree-shrub","scale":0.86,"cover":"woodland","source":"generated","method":"jittered grid inside mapped woodland polygons","decorative":true,"surveyed":false,"confidence":"none","order":2063},"geometry":{"type":"Point","coordinates":[-77.0920745,38.7111852]}},{"type":"Feature","properties":{"sprite":"tree-shrub","scale":1.16,"cover":"woodland","source":"generated","method":"jittered grid inside mapped woodland polygons","decorative":true,"surveyed":false,"confidence":"none","order":2064},"geometry":{"type":"Point","coordinates":[-77.0906112,38.711158]}},{"type":"Feature","properties":{"sprite":"tree-oak","scale":0.97,"cover":"woodland","source":"generated","method":"jittered grid inside mapped woodland polygons","decorative":true,"surveyed":false,"confidence":"none","order":2065},"geometry":{"type":"Point","coordinates":[-77.0929037,38.7111404]}},{"type":"Feature","properties":{"sprite":"tree-pine","scale":0.85,"cover":"woodland","source":"generated","method":"jittered grid inside mapped woodland polygons","decorative":true,"surveyed":false,"confidence":"none","order":2066},"geometry":{"type":"Point","coordinates":[-77.0915736,38.711112]}},{"type":"Feature","properties":{"sprite":"tree-oak","scale":0.79,"cover":"woodland","source":"generated","method":"jittered grid inside mapped woodland polygons","decorative":true,"surveyed":false,"confidence":"none","order":2067},"geometry":{"type":"Point","coordinates":[-77.0956828,38.7111049]}},{"type":"Feature","properties":{"sprite":"tree-pine","scale":1.11,"cover":"woodland","source":"generated","method":"jittered grid inside mapped woodland polygons","decorative":true,"surveyed":false,"confidence":"none","order":2068},"geometry":{"type":"Point","coordinates":[-77.0808746,38.7110969]}},{"type":"Feature","properties":{"sprite":"tree-elm","scale":1.18,"cover":"woodland","source":"generated","method":"jittered grid inside mapped woodland polygons","decorative":true,"surveyed":false,"confidence":"none","order":2069},"geometry":{"type":"Point","coordinates":[-77.082376,38.7110946]}},{"type":"Feature","properties":{"sprite":"tree-oak","scale":1.12,"cover":"woodland","source":"generated","method":"jittered grid inside mapped woodland polygons","decorative":true,"surveyed":false,"confidence":"none","order":2070},"geometry":{"type":"Point","coordinates":[-77.083186,38.7110811]}},{"type":"Feature","properties":{"sprite":"tree-shrub","scale":0.94,"cover":"woodland","source":"generated","method":"jittered grid inside mapped woodland polygons","decorative":true,"surveyed":false,"confidence":"none","order":2071},"geometry":{"type":"Point","coordinates":[-77.0818631,38.7110801]}},{"type":"Feature","properties":{"sprite":"tree-oak","scale":0.82,"cover":"woodland","source":"generated","method":"jittered grid inside mapped woodland polygons","decorative":true,"surveyed":false,"confidence":"none","order":2072},"geometry":{"type":"Point","coordinates":[-77.0952211,38.7110731]}},{"type":"Feature","properties":{"sprite":"tree-pine","scale":0.89,"cover":"woodland","source":"generated","method":"jittered grid inside mapped woodland polygons","decorative":true,"surveyed":false,"confidence":"none","order":2073},"geometry":{"type":"Point","coordinates":[-77.0946179,38.7110681]}},{"type":"Feature","properties":{"sprite":"tree-pine","scale":0.85,"cover":"woodland","source":"generated","method":"jittered grid inside mapped woodland polygons","decorative":true,"surveyed":false,"confidence":"none","order":2074},"geometry":{"type":"Point","coordinates":[-77.096505,38.7110677]}},{"type":"Feature","properties":{"sprite":"tree-oak","scale":0.91,"cover":"woodland","source":"generated","method":"jittered grid inside mapped woodland polygons","decorative":true,"surveyed":false,"confidence":"none","order":2075},"geometry":{"type":"Point","coordinates":[-77.081619,38.7110518]}},{"type":"Feature","properties":{"sprite":"tree-oak","scale":1.19,"cover":"woodland","source":"generated","method":"jittered grid inside mapped woodland polygons","decorative":true,"surveyed":false,"confidence":"none","order":2076},"geometry":{"type":"Point","coordinates":[-77.0913057,38.7110393]}},{"type":"Feature","properties":{"sprite":"tree-oak","scale":0.92,"cover":"woodland","source":"generated","method":"jittered grid inside mapped woodland polygons","decorative":true,"surveyed":false,"confidence":"none","order":2077},"geometry":{"type":"Point","coordinates":[-77.0820568,38.711032]}},{"type":"Feature","properties":{"sprite":"tree-elm","scale":1.16,"cover":"woodland","source":"generated","method":"jittered grid inside mapped woodland polygons","decorative":true,"surveyed":false,"confidence":"none","order":2078},"geometry":{"type":"Point","coordinates":[-77.0826731,38.7110083]}},{"type":"Feature","properties":{"sprite":"tree-elm","scale":0.86,"cover":"woodland","source":"generated","method":"jittered grid inside mapped woodland polygons","decorative":true,"surveyed":false,"confidence":"none","order":2079},"geometry":{"type":"Point","coordinates":[-77.0905759,38.7110052]}},{"type":"Feature","properties":{"sprite":"tree-oak","scale":1.2,"cover":"woodland","source":"generated","method":"jittered grid inside mapped woodland polygons","decorative":true,"surveyed":false,"confidence":"none","order":2080},"geometry":{"type":"Point","coordinates":[-77.093594,38.7109987]}},{"type":"Feature","properties":{"sprite":"tree-pine","scale":0.85,"cover":"woodland","source":"generated","method":"jittered grid inside mapped woodland polygons","decorative":true,"surveyed":false,"confidence":"none","order":2081},"geometry":{"type":"Point","coordinates":[-77.0960182,38.7109896]}},{"type":"Feature","properties":{"sprite":"tree-pine","scale":1.19,"cover":"woodland","source":"generated","method":"jittered grid inside mapped woodland polygons","decorative":true,"surveyed":false,"confidence":"none","order":2082},"geometry":{"type":"Point","coordinates":[-77.0933701,38.710989]}},{"type":"Feature","properties":{"sprite":"tree-pine","scale":1.08,"cover":"woodland","source":"generated","method":"jittered grid inside mapped woodland polygons","decorative":true,"surveyed":false,"confidence":"none","order":2083},"geometry":{"type":"Point","coordinates":[-77.09662,38.7109826]}},{"type":"Feature","properties":{"sprite":"tree-oak","scale":1.1,"cover":"woodland","source":"generated","method":"jittered grid inside mapped woodland polygons","decorative":true,"surveyed":false,"confidence":"none","order":2084},"geometry":{"type":"Point","coordinates":[-77.0943637,38.7109825]}},{"type":"Feature","properties":{"sprite":"tree-oak","scale":0.93,"cover":"woodland","source":"generated","method":"jittered grid inside mapped woodland polygons","decorative":true,"surveyed":false,"confidence":"none","order":2085},"geometry":{"type":"Point","coordinates":[-77.0814026,38.7109817]}},{"type":"Feature","properties":{"sprite":"tree-oak","scale":1.0,"cover":"woodland","source":"generated","method":"jittered grid inside mapped woodland polygons","decorative":true,"surveyed":false,"confidence":"none","order":2086},"geometry":{"type":"Point","coordinates":[-77.0940821,38.7109815]}},{"type":"Feature","properties":{"sprite":"tree-pine","scale":1.15,"cover":"woodland","source":"generated","method":"jittered grid inside mapped woodland polygons","decorative":true,"surveyed":false,"confidence":"none","order":2087},"geometry":{"type":"Point","coordinates":[-77.0956915,38.7109814]}},{"type":"Feature","properties":{"sprite":"tree-oak","scale":1.14,"cover":"woodland","source":"generated","method":"jittered grid inside mapped woodland polygons","decorative":true,"surveyed":false,"confidence":"none","order":2088},"geometry":{"type":"Point","coordinates":[-77.0930021,38.7109778]}},{"type":"Feature","properties":{"sprite":"tree-shrub","scale":1.11,"cover":"woodland","source":"generated","method":"jittered grid inside mapped woodland polygons","decorative":true,"surveyed":false,"confidence":"none","order":2089},"geometry":{"type":"Point","coordinates":[-77.0958712,38.7109711]}},{"type":"Feature","properties":{"sprite":"tree-pine","scale":1.0,"cover":"woodland","source":"generated","method":"jittered grid inside mapped woodland polygons","decorative":true,"surveyed":false,"confidence":"none","order":2090},"geometry":{"type":"Point","coordinates":[-77.0917108,38.710962]}},{"type":"Feature","properties":{"sprite":"tree-elm","scale":1.17,"cover":"woodland","source":"generated","method":"jittered grid inside mapped woodland polygons","decorative":true,"surveyed":false,"confidence":"none","order":2091},"geometry":{"type":"Point","coordinates":[-77.0811711,38.7109607]}},{"type":"Feature","properties":{"sprite":"tree-oak","scale":0.79,"cover":"woodland","source":"generated","method":"jittered grid inside mapped woodland polygons","decorative":true,"surveyed":false,"confidence":"none","order":2092},"geometry":{"type":"Point","coordinates":[-77.094736,38.710956]}},{"type":"Feature","properties":{"sprite":"tree-pine","scale":0.9,"cover":"woodland","source":"generated","method":"jittered grid inside mapped woodland polygons","decorative":true,"surveyed":false,"confidence":"none","order":2093},"geometry":{"type":"Point","coordinates":[-77.0914206,38.7109511]}},{"type":"Feature","properties":{"sprite":"tree-shrub","scale":0.89,"cover":"woodland","source":"generated","method":"jittered grid inside mapped woodland polygons","decorative":true,"surveyed":false,"confidence":"none","order":2094},"geometry":{"type":"Point","coordinates":[-77.0894027,38.7109489]}},{"type":"Feature","properties":{"sprite":"tree-oak","scale":1.1,"cover":"woodland","source":"generated","method":"jittered grid inside mapped woodland polygons","decorative":true,"surveyed":false,"confidence":"none","order":2095},"geometry":{"type":"Point","coordinates":[-77.0809232,38.7109311]}},{"type":"Feature","properties":{"sprite":"tree-oak","scale":0.99,"cover":"woodland","source":"generated","method":"jittered grid inside mapped woodland polygons","decorative":true,"surveyed":false,"confidence":"none","order":2096},"geometry":{"type":"Point","coordinates":[-77.0902941,38.7109291]}},{"type":"Feature","properties":{"sprite":"tree-elm","scale":1.21,"cover":"woodland","source":"generated","method":"jittered grid inside mapped woodland polygons","decorative":true,"surveyed":false,"confidence":"none","order":2097},"geometry":{"type":"Point","coordinates":[-77.0896635,38.7109279]}},{"type":"Feature","properties":{"sprite":"tree-pine","scale":1.01,"cover":"woodland","source":"generated","method":"jittered grid inside mapped woodland polygons","decorative":true,"surveyed":false,"confidence":"none","order":2098},"geometry":{"type":"Point","coordinates":[-77.090775,38.7109217]}},{"type":"Feature","properties":{"sprite":"tree-shrub","scale":1.08,"cover":"woodland","source":"generated","method":"jittered grid inside mapped woodland polygons","decorative":true,"surveyed":false,"confidence":"none","order":2099},"geometry":{"type":"Point","coordinates":[-77.0832937,38.7109121]}},{"type":"Feature","properties":{"sprite":"tree-oak","scale":1.02,"cover":"park","source":"generated","method":"jittered grid inside mapped park polygons","decorative":true,"surveyed":false,"confidence":"none","order":2100},"geometry":{"type":"Point","coordinates":[-77.0717956,38.7109099]}},{"type":"Feature","properties":{"sprite":"tree-elm","scale":0.92,"cover":"park","source":"generated","method":"jittered grid inside mapped park polygons","decorative":true,"surveyed":false,"confidence":"none","order":2101},"geometry":{"type":"Point","coordinates":[-77.0723822,38.7109079]}},{"type":"Feature","properties":{"sprite":"tree-oak","scale":1.11,"cover":"woodland","source":"generated","method":"jittered grid inside mapped woodland polygons","decorative":true,"surveyed":false,"confidence":"none","order":2102},"geometry":{"type":"Point","coordinates":[-77.081805,38.7109076]}},{"type":"Feature","properties":{"sprite":"tree-oak","scale":1.15,"cover":"park","source":"generated","method":"jittered grid inside mapped park polygons","decorative":true,"surveyed":false,"confidence":"none","order":2103},"geometry":{"type":"Point","coordinates":[-77.0730399,38.710902]}},{"type":"Feature","properties":{"sprite":"tree-elm","scale":0.99,"cover":"woodland","source":"generated","method":"jittered grid inside mapped woodland polygons","decorative":true,"surveyed":false,"confidence":"none","order":2104},"geometry":{"type":"Point","coordinates":[-77.0923359,38.7108971]}},{"type":"Feature","properties":{"sprite":"tree-oak","scale":0.8,"cover":"woodland","source":"generated","method":"jittered grid inside mapped woodland polygons","decorative":true,"surveyed":false,"confidence":"none","order":2105},"geometry":{"type":"Point","coordinates":[-77.0962386,38.710892]}},{"type":"Feature","properties":{"sprite":"tree-oak","scale":0.81,"cover":"woodland","source":"generated","method":"jittered grid inside mapped woodland polygons","decorative":true,"surveyed":false,"confidence":"none","order":2106},"geometry":{"type":"Point","coordinates":[-77.0831061,38.710886]}},{"type":"Feature","properties":{"sprite":"tree-shrub","scale":1.12,"cover":"woodland","source":"generated","method":"jittered grid inside mapped woodland polygons","decorative":true,"surveyed":false,"confidence":"none","order":2107},"geometry":{"type":"Point","coordinates":[-77.0910708,38.7108817]}},{"type":"Feature","properties":{"sprite":"tree-shrub","scale":0.92,"cover":"woodland","source":"generated","method":"jittered grid inside mapped woodland polygons","decorative":true,"surveyed":false,"confidence":"none","order":2108},"geometry":{"type":"Point","coordinates":[-77.0948176,38.7108811]}},{"type":"Feature","properties":{"sprite":"tree-oak","scale":1.04,"cover":"park","source":"generated","method":"jittered grid inside mapped park polygons","decorative":true,"surveyed":false,"confidence":"none","order":2109},"geometry":{"type":"Point","coordinates":[-77.0707824,38.7108785]}},{"type":"Feature","properties":{"sprite":"tree-shrub","scale":0.96,"cover":"woodland","source":"generated","method":"jittered grid inside mapped woodland polygons","decorative":true,"surveyed":false,"confidence":"none","order":2110},"geometry":{"type":"Point","coordinates":[-77.0962207,38.7108592]}},{"type":"Feature","properties":{"sprite":"tree-pine","scale":0.97,"cover":"woodland","source":"generated","method":"jittered grid inside mapped woodland polygons","decorative":true,"surveyed":false,"confidence":"none","order":2111},"geometry":{"type":"Point","coordinates":[-77.093798,38.7108585]}},{"type":"Feature","properties":{"sprite":"tree-oak","scale":1.11,"cover":"woodland","source":"generated","method":"jittered grid inside mapped woodland polygons","decorative":true,"surveyed":false,"confidence":"none","order":2112},"geometry":{"type":"Point","coordinates":[-77.0960649,38.7108576]}},{"type":"Feature","properties":{"sprite":"tree-oak","scale":1.05,"cover":"woodland","source":"generated","method":"jittered grid inside mapped woodland polygons","decorative":true,"surveyed":false,"confidence":"none","order":2113},"geometry":{"type":"Point","coordinates":[-77.0819824,38.7108563]}},{"type":"Feature","properties":{"sprite":"tree-elm","scale":1.03,"cover":"woodland","source":"generated","method":"jittered grid inside mapped woodland polygons","decorative":true,"surveyed":false,"confidence":"none","order":2114},"geometry":{"type":"Point","coordinates":[-77.0889603,38.7108461]}},{"type":"Feature","properties":{"sprite":"tree-shrub","scale":1.13,"cover":"woodland","source":"generated","method":"jittered grid inside mapped woodland polygons","decorative":true,"surveyed":false,"confidence":"none","order":2115},"geometry":{"type":"Point","coordinates":[-77.09511,38.7108401]}},{"type":"Feature","properties":{"sprite":"tree-shrub","scale":0.84,"cover":"woodland","source":"generated","method":"jittered grid inside mapped woodland polygons","decorative":true,"surveyed":false,"confidence":"none","order":2116},"geometry":{"type":"Point","coordinates":[-77.0822377,38.7108313]}},{"type":"Feature","properties":{"sprite":"tree-oak","scale":0.83,"cover":"woodland","source":"generated","method":"jittered grid inside mapped woodland polygons","decorative":true,"surveyed":false,"confidence":"none","order":2117},"geometry":{"type":"Point","coordinates":[-77.0947726,38.710818]}},{"type":"Feature","properties":{"sprite":"tree-elm","scale":1.14,"cover":"park","source":"generated","method":"jittered grid inside mapped park polygons","decorative":true,"surveyed":false,"confidence":"none","order":2118},"geometry":{"type":"Point","coordinates":[-77.0710376,38.7108146]}},{"type":"Feature","properties":{"sprite":"tree-elm","scale":0.92,"cover":"woodland","source":"generated","method":"jittered grid inside mapped woodland polygons","decorative":true,"surveyed":false,"confidence":"none","order":2119},"geometry":{"type":"Point","coordinates":[-77.0897401,38.7108108]}},{"type":"Feature","properties":{"sprite":"tree-shrub","scale":1.2,"cover":"woodland","source":"generated","method":"jittered grid inside mapped woodland polygons","decorative":true,"surveyed":false,"confidence":"none","order":2120},"geometry":{"type":"Point","coordinates":[-77.0963666,38.7108043]}},{"type":"Feature","properties":{"sprite":"tree-shrub","scale":0.89,"cover":"woodland","source":"generated","method":"jittered grid inside mapped woodland polygons","decorative":true,"surveyed":false,"confidence":"none","order":2121},"geometry":{"type":"Point","coordinates":[-77.0952352,38.7107977]}},{"type":"Feature","properties":{"sprite":"tree-oak","scale":0.9,"cover":"woodland","source":"generated","method":"jittered grid inside mapped woodland polygons","decorative":true,"surveyed":false,"confidence":"none","order":2122},"geometry":{"type":"Point","coordinates":[-77.0905402,38.7107955]}},{"type":"Feature","properties":{"sprite":"tree-shrub","scale":0.89,"cover":"woodland","source":"generated","method":"jittered grid inside mapped woodland polygons","decorative":true,"surveyed":false,"confidence":"none","order":2123},"geometry":{"type":"Point","coordinates":[-77.089317,38.7107933]}},{"type":"Feature","properties":{"sprite":"tree-shrub","scale":1.09,"cover":"woodland","source":"generated","method":"jittered grid inside mapped woodland polygons","decorative":true,"surveyed":false,"confidence":"none","order":2124},"geometry":{"type":"Point","coordinates":[-77.0924583,38.7107931]}},{"type":"Feature","properties":{"sprite":"tree-oak","scale":1.2,"cover":"woodland","source":"generated","method":"jittered grid inside mapped woodland polygons","decorative":true,"surveyed":false,"confidence":"none","order":2125},"geometry":{"type":"Point","coordinates":[-77.0937212,38.7107879]}},{"type":"Feature","properties":{"sprite":"tree-pine","scale":0.93,"cover":"woodland","source":"generated","method":"jittered grid inside mapped woodland polygons","decorative":true,"surveyed":false,"confidence":"none","order":2126},"geometry":{"type":"Point","coordinates":[-77.0957925,38.710778]}},{"type":"Feature","properties":{"sprite":"tree-shrub","scale":1.06,"cover":"woodland","source":"generated","method":"jittered grid inside mapped woodland polygons","decorative":true,"surveyed":false,"confidence":"none","order":2127},"geometry":{"type":"Point","coordinates":[-77.0881528,38.7107765]}},{"type":"Feature","properties":{"sprite":"tree-elm","scale":1.05,"cover":"woodland","source":"generated","method":"jittered grid inside mapped woodland polygons","decorative":true,"surveyed":false,"confidence":"none","order":2128},"geometry":{"type":"Point","coordinates":[-77.0898458,38.7107622]}},{"type":"Feature","properties":{"sprite":"tree-elm","scale":1.13,"cover":"woodland","source":"generated","method":"jittered grid inside mapped woodland polygons","decorative":true,"surveyed":false,"confidence":"none","order":2129},"geometry":{"type":"Point","coordinates":[-77.0943679,38.7107594]}},{"type":"Feature","properties":{"sprite":"tree-oak","scale":0.96,"cover":"woodland","source":"generated","method":"jittered grid inside mapped woodland polygons","decorative":true,"surveyed":false,"confidence":"none","order":2130},"geometry":{"type":"Point","coordinates":[-77.0901673,38.7107572]}},{"type":"Feature","properties":{"sprite":"tree-oak","scale":1.14,"cover":"woodland","source":"generated","method":"jittered grid inside mapped woodland polygons","decorative":true,"surveyed":false,"confidence":"none","order":2131},"geometry":{"type":"Point","coordinates":[-77.0940824,38.7107557]}},{"type":"Feature","properties":{"sprite":"tree-oak","scale":1.16,"cover":"woodland","source":"generated","method":"jittered grid inside mapped woodland polygons","decorative":true,"surveyed":false,"confidence":"none","order":2132},"geometry":{"type":"Point","coordinates":[-77.0954615,38.7107483]}},{"type":"Feature","properties":{"sprite":"tree-elm","scale":0.82,"cover":"woodland","source":"generated","method":"jittered grid inside mapped woodland polygons","decorative":true,"surveyed":false,"confidence":"none","order":2133},"geometry":{"type":"Point","coordinates":[-77.0825551,38.7107467]}},{"type":"Feature","properties":{"sprite":"tree-shrub","scale":1.08,"cover":"woodland","source":"generated","method":"jittered grid inside mapped woodland polygons","decorative":true,"surveyed":false,"confidence":"none","order":2134},"geometry":{"type":"Point","coordinates":[-77.0903545,38.7107355]}},{"type":"Feature","properties":{"sprite":"tree-oak","scale":1.19,"cover":"woodland","source":"generated","method":"jittered grid inside mapped woodland polygons","decorative":true,"surveyed":false,"confidence":"none","order":2135},"geometry":{"type":"Point","coordinates":[-77.0945731,38.710733]}},{"type":"Feature","properties":{"sprite":"tree-oak","scale":0.96,"cover":"woodland","source":"generated","method":"jittered grid inside mapped woodland polygons","decorative":true,"surveyed":false,"confidence":"none","order":2136},"geometry":{"type":"Point","coordinates":[-77.096607,38.7107281]}},{"type":"Feature","properties":{"sprite":"tree-oak","scale":0.8,"cover":"woodland","source":"generated","method":"jittered grid inside mapped woodland polygons","decorative":true,"surveyed":false,"confidence":"none","order":2137},"geometry":{"type":"Point","coordinates":[-77.093351,38.7107259]}},{"type":"Feature","properties":{"sprite":"tree-elm","scale":1.0,"cover":"woodland","source":"generated","method":"jittered grid inside mapped woodland polygons","decorative":true,"surveyed":false,"confidence":"none","order":2138},"geometry":{"type":"Point","coordinates":[-77.0812095,38.7107146]}},{"type":"Feature","properties":{"sprite":"tree-pine","scale":1.13,"cover":"woodland","source":"generated","method":"jittered grid inside mapped woodland polygons","decorative":true,"surveyed":false,"confidence":"none","order":2139},"geometry":{"type":"Point","coordinates":[-77.0826979,38.7107111]}},{"type":"Feature","properties":{"sprite":"tree-elm","scale":0.84,"cover":"woodland","source":"generated","method":"jittered grid inside mapped woodland polygons","decorative":true,"surveyed":false,"confidence":"none","order":2140},"geometry":{"type":"Point","coordinates":[-77.0921517,38.7107046]}},{"type":"Feature","properties":{"sprite":"tree-shrub","scale":1.14,"cover":"woodland","source":"generated","method":"jittered grid inside mapped woodland polygons","decorative":true,"surveyed":false,"confidence":"none","order":2141},"geometry":{"type":"Point","coordinates":[-77.0890548,38.7106803]}},{"type":"Feature","properties":{"sprite":"tree-pine","scale":0.82,"cover":"woodland","source":"generated","method":"jittered grid inside mapped woodland polygons","decorative":true,"surveyed":false,"confidence":"none","order":2142},"geometry":{"type":"Point","coordinates":[-77.0813178,38.7106781]}},{"type":"Feature","properties":{"sprite":"tree-shrub","scale":0.86,"cover":"woodland","source":"generated","method":"jittered grid inside mapped woodland polygons","decorative":true,"surveyed":false,"confidence":"none","order":2143},"geometry":{"type":"Point","coordinates":[-77.0898999,38.7106764]}},{"type":"Feature","properties":{"sprite":"tree-elm","scale":1.19,"cover":"woodland","source":"generated","method":"jittered grid inside mapped woodland polygons","decorative":true,"surveyed":false,"confidence":"none","order":2144},"geometry":{"type":"Point","coordinates":[-77.0829809,38.7106749]}},{"type":"Feature","properties":{"sprite":"tree-pine","scale":0.81,"cover":"woodland","source":"generated","method":"jittered grid inside mapped woodland polygons","decorative":true,"surveyed":false,"confidence":"none","order":2145},"geometry":{"type":"Point","coordinates":[-77.0821211,38.7106736]}},{"type":"Feature","properties":{"sprite":"tree-pine","scale":1.15,"cover":"woodland","source":"generated","method":"jittered grid inside mapped woodland polygons","decorative":true,"surveyed":false,"confidence":"none","order":2146},"geometry":{"type":"Point","coordinates":[-77.0899847,38.7106556]}},{"type":"Feature","properties":{"sprite":"tree-oak","scale":1.05,"cover":"woodland","source":"generated","method":"jittered grid inside mapped woodland polygons","decorative":true,"surveyed":false,"confidence":"none","order":2147},"geometry":{"type":"Point","coordinates":[-77.0961186,38.7106527]}},{"type":"Feature","properties":{"sprite":"tree-shrub","scale":1.17,"cover":"woodland","source":"generated","method":"jittered grid inside mapped woodland polygons","decorative":true,"surveyed":false,"confidence":"none","order":2148},"geometry":{"type":"Point","coordinates":[-77.0889046,38.7106503]}},{"type":"Feature","properties":{"sprite":"tree-pine","scale":1.08,"cover":"woodland","source":"generated","method":"jittered grid inside mapped woodland polygons","decorative":true,"surveyed":false,"confidence":"none","order":2149},"geometry":{"type":"Point","coordinates":[-77.0962299,38.7106475]}},{"type":"Feature","properties":{"sprite":"tree-shrub","scale":1.03,"cover":"woodland","source":"generated","method":"jittered grid inside mapped woodland polygons","decorative":true,"surveyed":false,"confidence":"none","order":2150},"geometry":{"type":"Point","coordinates":[-77.0935172,38.7106444]}},{"type":"Feature","properties":{"sprite":"tree-shrub","scale":1.2,"cover":"woodland","source":"generated","method":"jittered grid inside mapped woodland polygons","decorative":true,"surveyed":false,"confidence":"none","order":2151},"geometry":{"type":"Point","coordinates":[-77.0903305,38.7106425]}},{"type":"Feature","properties":{"sprite":"tree-pine","scale":1.04,"cover":"woodland","source":"generated","method":"jittered grid inside mapped woodland polygons","decorative":true,"surveyed":false,"confidence":"none","order":2152},"geometry":{"type":"Point","coordinates":[-77.0929317,38.7106318]}},{"type":"Feature","properties":{"sprite":"tree-pine","scale":1.13,"cover":"woodland","source":"generated","method":"jittered grid inside mapped woodland polygons","decorative":true,"surveyed":false,"confidence":"none","order":2153},"geometry":{"type":"Point","coordinates":[-77.091803,38.710627]}},{"type":"Feature","properties":{"sprite":"tree-oak","scale":1.13,"cover":"woodland","source":"generated","method":"jittered grid inside mapped woodland polygons","decorative":true,"surveyed":false,"confidence":"none","order":2154},"geometry":{"type":"Point","coordinates":[-77.0904264,38.7106233]}},{"type":"Feature","properties":{"sprite":"tree-shrub","scale":1.09,"cover":"woodland","source":"generated","method":"jittered grid inside mapped woodland polygons","decorative":true,"surveyed":false,"confidence":"none","order":2155},"geometry":{"type":"Point","coordinates":[-77.094056,38.7106198]}},{"type":"Feature","properties":{"sprite":"tree-elm","scale":1.19,"cover":"woodland","source":"generated","method":"jittered grid inside mapped woodland polygons","decorative":true,"surveyed":false,"confidence":"none","order":2156},"geometry":{"type":"Point","coordinates":[-77.0958051,38.7106146]}},{"type":"Feature","properties":{"sprite":"tree-shrub","scale":1.0,"cover":"woodland","source":"generated","method":"jittered grid inside mapped woodland polygons","decorative":true,"surveyed":false,"confidence":"none","order":2157},"geometry":{"type":"Point","coordinates":[-77.0949767,38.7106127]}},{"type":"Feature","properties":{"sprite":"tree-oak","scale":1.07,"cover":"woodland","source":"generated","method":"jittered grid inside mapped woodland polygons","decorative":true,"surveyed":false,"confidence":"none","order":2158},"geometry":{"type":"Point","coordinates":[-77.0944736,38.7106089]}},{"type":"Feature","properties":{"sprite":"tree-pine","scale":1.02,"cover":"woodland","source":"generated","method":"jittered grid inside mapped woodland polygons","decorative":true,"surveyed":false,"confidence":"none","order":2159},"geometry":{"type":"Point","coordinates":[-77.0813047,38.7106043]}},{"type":"Feature","properties":{"sprite":"tree-shrub","scale":0.97,"cover":"woodland","source":"generated","method":"jittered grid inside mapped woodland polygons","decorative":true,"surveyed":false,"confidence":"none","order":2160},"geometry":{"type":"Point","coordinates":[-77.0908125,38.7106023]}},{"type":"Feature","properties":{"sprite":"tree-oak","scale":0.95,"cover":"woodland","source":"generated","method":"jittered grid inside mapped woodland polygons","decorative":true,"surveyed":false,"confidence":"none","order":2161},"geometry":{"type":"Point","coordinates":[-77.0810967,38.710595]}},{"type":"Feature","properties":{"sprite":"tree-oak","scale":0.89,"cover":"woodland","source":"generated","method":"jittered grid inside mapped woodland polygons","decorative":true,"surveyed":false,"confidence":"none","order":2162},"geometry":{"type":"Point","coordinates":[-77.0943117,38.7105931]}},{"type":"Feature","properties":{"sprite":"tree-oak","scale":1.1,"cover":"woodland","source":"generated","method":"jittered grid inside mapped woodland polygons","decorative":true,"surveyed":false,"confidence":"none","order":2163},"geometry":{"type":"Point","coordinates":[-77.0895212,38.710581]}},{"type":"Feature","properties":{"sprite":"tree-pine","scale":0.92,"cover":"woodland","source":"generated","method":"jittered grid inside mapped woodland polygons","decorative":true,"surveyed":false,"confidence":"none","order":2164},"geometry":{"type":"Point","coordinates":[-77.0826774,38.7105714]}},{"type":"Feature","properties":{"sprite":"tree-pine","scale":1.17,"cover":"woodland","source":"generated","method":"jittered grid inside mapped woodland polygons","decorative":true,"surveyed":false,"confidence":"none","order":2165},"geometry":{"type":"Point","coordinates":[-77.0966291,38.71057]}},{"type":"Feature","properties":{"sprite":"tree-pine","scale":0.95,"cover":"woodland","source":"generated","method":"jittered grid inside mapped woodland polygons","decorative":true,"surveyed":false,"confidence":"none","order":2166},"geometry":{"type":"Point","coordinates":[-77.0955125,38.7105637]}},{"type":"Feature","properties":{"sprite":"tree-oak","scale":1.05,"cover":"woodland","source":"generated","method":"jittered grid inside mapped woodland polygons","decorative":true,"surveyed":false,"confidence":"none","order":2167},"geometry":{"type":"Point","coordinates":[-77.0816298,38.7105586]}},{"type":"Feature","properties":{"sprite":"tree-oak","scale":0.9,"cover":"woodland","source":"generated","method":"jittered grid inside mapped woodland polygons","decorative":true,"surveyed":false,"confidence":"none","order":2168},"geometry":{"type":"Point","coordinates":[-77.0932886,38.7105579]}},{"type":"Feature","properties":{"sprite":"tree-oak","scale":0.82,"cover":"woodland","source":"generated","method":"jittered grid inside mapped woodland polygons","decorative":true,"surveyed":false,"confidence":"none","order":2169},"geometry":{"type":"Point","coordinates":[-77.0821465,38.7105577]}},{"type":"Feature","properties":{"sprite":"tree-oak","scale":0.79,"cover":"woodland","source":"generated","method":"jittered grid inside mapped woodland polygons","decorative":true,"surveyed":false,"confidence":"none","order":2170},"geometry":{"type":"Point","coordinates":[-77.0881853,38.7105495]}},{"type":"Feature","properties":{"sprite":"tree-pine","scale":0.8,"cover":"woodland","source":"generated","method":"jittered grid inside mapped woodland polygons","decorative":true,"surveyed":false,"confidence":"none","order":2171},"geometry":{"type":"Point","coordinates":[-77.0937772,38.7105485]}},{"type":"Feature","properties":{"sprite":"tree-elm","scale":1.09,"cover":"woodland","source":"generated","method":"jittered grid inside mapped woodland polygons","decorative":true,"surveyed":false,"confidence":"none","order":2172},"geometry":{"type":"Point","coordinates":[-77.0967037,38.7105471]}},{"type":"Feature","properties":{"sprite":"tree-pine","scale":1.1,"cover":"woodland","source":"generated","method":"jittered grid inside mapped woodland polygons","decorative":true,"surveyed":false,"confidence":"none","order":2173},"geometry":{"type":"Point","coordinates":[-77.0953191,38.7105459]}},{"type":"Feature","properties":{"sprite":"tree-elm","scale":0.85,"cover":"woodland","source":"generated","method":"jittered grid inside mapped woodland polygons","decorative":true,"surveyed":false,"confidence":"none","order":2174},"geometry":{"type":"Point","coordinates":[-77.092668,38.7105345]}},{"type":"Feature","properties":{"sprite":"tree-pine","scale":1.21,"cover":"woodland","source":"generated","method":"jittered grid inside mapped woodland polygons","decorative":true,"surveyed":false,"confidence":"none","order":2175},"geometry":{"type":"Point","coordinates":[-77.092371,38.7105324]}},{"type":"Feature","properties":{"sprite":"tree-pine","scale":0.96,"cover":"woodland","source":"generated","method":"jittered grid inside mapped woodland polygons","decorative":true,"surveyed":false,"confidence":"none","order":2176},"geometry":{"type":"Point","coordinates":[-77.0885334,38.7105222]}},{"type":"Feature","properties":{"sprite":"tree-shrub","scale":0.93,"cover":"woodland","source":"generated","method":"jittered grid inside mapped woodland polygons","decorative":true,"surveyed":false,"confidence":"none","order":2177},"geometry":{"type":"Point","coordinates":[-77.0834183,38.7105112]}},{"type":"Feature","properties":{"sprite":"tree-elm","scale":0.9,"cover":"park","source":"generated","method":"jittered grid inside mapped park polygons","decorative":true,"surveyed":false,"confidence":"none","order":2178},"geometry":{"type":"Point","coordinates":[-77.0706892,38.7105049]}},{"type":"Feature","properties":{"sprite":"tree-shrub","scale":1.11,"cover":"woodland","source":"generated","method":"jittered grid inside mapped woodland polygons","decorative":true,"surveyed":false,"confidence":"none","order":2179},"geometry":{"type":"Point","coordinates":[-77.0823263,38.7105039]}},{"type":"Feature","properties":{"sprite":"tree-pine","scale":0.79,"cover":"woodland","source":"generated","method":"jittered grid inside mapped woodland polygons","decorative":true,"surveyed":false,"confidence":"none","order":2180},"geometry":{"type":"Point","coordinates":[-77.0931672,38.7104998]}},{"type":"Feature","properties":{"sprite":"tree-elm","scale":0.85,"cover":"woodland","source":"generated","method":"jittered grid inside mapped woodland polygons","decorative":true,"surveyed":false,"confidence":"none","order":2181},"geometry":{"type":"Point","coordinates":[-77.0897629,38.7104933]}},{"type":"Feature","properties":{"sprite":"tree-pine","scale":0.94,"cover":"woodland","source":"generated","method":"jittered grid inside mapped woodland polygons","decorative":true,"surveyed":false,"confidence":"none","order":2182},"geometry":{"type":"Point","coordinates":[-77.0922818,38.7104822]}},{"type":"Feature","properties":{"sprite":"tree-pine","scale":0.91,"cover":"woodland","source":"generated","method":"jittered grid inside mapped woodland polygons","decorative":true,"surveyed":false,"confidence":"none","order":2183},"geometry":{"type":"Point","coordinates":[-77.0934171,38.7104797]}},{"type":"Feature","properties":{"sprite":"tree-oak","scale":0.83,"cover":"woodland","source":"generated","method":"jittered grid inside mapped woodland polygons","decorative":true,"surveyed":false,"confidence":"none","order":2184},"geometry":{"type":"Point","coordinates":[-77.0948376,38.7104787]}},{"type":"Feature","properties":{"sprite":"tree-shrub","scale":1.0,"cover":"woodland","source":"generated","method":"jittered grid inside mapped woodland polygons","decorative":true,"surveyed":false,"confidence":"none","order":2185},"geometry":{"type":"Point","coordinates":[-77.0925642,38.7104763]}},{"type":"Feature","properties":{"sprite":"tree-oak","scale":1.21,"cover":"park","source":"generated","method":"jittered grid inside mapped park polygons","decorative":true,"surveyed":false,"confidence":"none","order":2186},"geometry":{"type":"Point","coordinates":[-77.0719682,38.7104743]}},{"type":"Feature","properties":{"sprite":"tree-shrub","scale":0.89,"cover":"woodland","source":"generated","method":"jittered grid inside mapped woodland polygons","decorative":true,"surveyed":false,"confidence":"none","order":2187},"geometry":{"type":"Point","coordinates":[-77.0959213,38.7104653]}},{"type":"Feature","properties":{"sprite":"tree-oak","scale":0.98,"cover":"woodland","source":"generated","method":"jittered grid inside mapped woodland polygons","decorative":true,"surveyed":false,"confidence":"none","order":2188},"geometry":{"type":"Point","coordinates":[-77.0915335,38.7104646]}},{"type":"Feature","properties":{"sprite":"tree-oak","scale":0.96,"cover":"woodland","source":"generated","method":"jittered grid inside mapped woodland polygons","decorative":true,"surveyed":false,"confidence":"none","order":2189},"geometry":{"type":"Point","coordinates":[-77.0944738,38.710456]}},{"type":"Feature","properties":{"sprite":"tree-shrub","scale":1.12,"cover":"woodland","source":"generated","method":"jittered grid inside mapped woodland polygons","decorative":true,"surveyed":false,"confidence":"none","order":2190},"geometry":{"type":"Point","coordinates":[-77.0898744,38.7104337]}},{"type":"Feature","properties":{"sprite":"tree-oak","scale":0.97,"cover":"woodland","source":"generated","method":"jittered grid inside mapped woodland polygons","decorative":true,"surveyed":false,"confidence":"none","order":2191},"geometry":{"type":"Point","coordinates":[-77.0966957,38.7104279]}},{"type":"Feature","properties":{"sprite":"tree-oak","scale":0.89,"cover":"woodland","source":"generated","method":"jittered grid inside mapped woodland polygons","decorative":true,"surveyed":false,"confidence":"none","order":2192},"geometry":{"type":"Point","coordinates":[-77.0820466,38.7104267]}},{"type":"Feature","properties":{"sprite":"tree-oak","scale":1.21,"cover":"woodland","source":"generated","method":"jittered grid inside mapped woodland polygons","decorative":true,"surveyed":false,"confidence":"none","order":2193},"geometry":{"type":"Point","coordinates":[-77.0823731,38.7104237]}},{"type":"Feature","properties":{"sprite":"tree-oak","scale":0.98,"cover":"woodland","source":"generated","method":"jittered grid inside mapped woodland polygons","decorative":true,"surveyed":false,"confidence":"none","order":2194},"geometry":{"type":"Point","coordinates":[-77.0949753,38.7104139]}},{"type":"Feature","properties":{"sprite":"tree-pine","scale":0.92,"cover":"woodland","source":"generated","method":"jittered grid inside mapped woodland polygons","decorative":true,"surveyed":false,"confidence":"none","order":2195},"geometry":{"type":"Point","coordinates":[-77.0968509,38.710413]}},{"type":"Feature","properties":{"sprite":"tree-oak","scale":0.83,"cover":"woodland","source":"generated","method":"jittered grid inside mapped woodland polygons","decorative":true,"surveyed":false,"confidence":"none","order":2196},"geometry":{"type":"Point","coordinates":[-77.0824486,38.71041]}},{"type":"Feature","properties":{"sprite":"tree-oak","scale":0.96,"cover":"woodland","source":"generated","method":"jittered grid inside mapped woodland polygons","decorative":true,"surveyed":false,"confidence":"none","order":2197},"geometry":{"type":"Point","coordinates":[-77.0895273,38.7104047]}},{"type":"Feature","properties":{"sprite":"tree-elm","scale":1.0,"cover":"woodland","source":"generated","method":"jittered grid inside mapped woodland polygons","decorative":true,"surveyed":false,"confidence":"none","order":2198},"geometry":{"type":"Point","coordinates":[-77.091369,38.710398]}},{"type":"Feature","properties":{"sprite":"tree-pine","scale":0.84,"cover":"woodland","source":"generated","method":"jittered grid inside mapped woodland polygons","decorative":true,"surveyed":false,"confidence":"none","order":2199},"geometry":{"type":"Point","coordinates":[-77.0956019,38.7103968]}},{"type":"Feature","properties":{"sprite":"tree-elm","scale":1.08,"cover":"woodland","source":"generated","method":"jittered grid inside mapped woodland polygons","decorative":true,"surveyed":false,"confidence":"none","order":2200},"geometry":{"type":"Point","coordinates":[-77.0892467,38.7103892]}},{"type":"Feature","properties":{"sprite":"tree-shrub","scale":1.06,"cover":"woodland","source":"generated","method":"jittered grid inside mapped woodland polygons","decorative":true,"surveyed":false,"confidence":"none","order":2201},"geometry":{"type":"Point","coordinates":[-77.0885279,38.7103886]}},{"type":"Feature","properties":{"sprite":"tree-pine","scale":1.16,"cover":"woodland","source":"generated","method":"jittered grid inside mapped woodland polygons","decorative":true,"surveyed":false,"confidence":"none","order":2202},"geometry":{"type":"Point","coordinates":[-77.0951906,38.7103859]}},{"type":"Feature","properties":{"sprite":"tree-elm","scale":0.81,"cover":"woodland","source":"generated","method":"jittered grid inside mapped woodland polygons","decorative":true,"surveyed":false,"confidence":"none","order":2203},"geometry":{"type":"Point","coordinates":[-77.0815952,38.7103786]}},{"type":"Feature","properties":{"sprite":"tree-oak","scale":0.89,"cover":"woodland","source":"generated","method":"jittered grid inside mapped woodland polygons","decorative":true,"surveyed":false,"confidence":"none","order":2204},"geometry":{"type":"Point","coordinates":[-77.0917098,38.7103786]}},{"type":"Feature","properties":{"sprite":"tree-shrub","scale":1.1,"cover":"woodland","source":"generated","method":"jittered grid inside mapped woodland polygons","decorative":true,"surveyed":false,"confidence":"none","order":2205},"geometry":{"type":"Point","coordinates":[-77.0814391,38.710367]}},{"type":"Feature","properties":{"sprite":"tree-pine","scale":0.86,"cover":"woodland","source":"generated","method":"jittered grid inside mapped woodland polygons","decorative":true,"surveyed":false,"confidence":"none","order":2206},"geometry":{"type":"Point","coordinates":[-77.0818228,38.7103659]}},{"type":"Feature","properties":{"sprite":"tree-oak","scale":1.2,"cover":"woodland","source":"generated","method":"jittered grid inside mapped woodland polygons","decorative":true,"surveyed":false,"confidence":"none","order":2207},"geometry":{"type":"Point","coordinates":[-77.0903885,38.7103655]}},{"type":"Feature","properties":{"sprite":"tree-shrub","scale":0.8,"cover":"park","source":"generated","method":"jittered grid inside mapped park polygons","decorative":true,"surveyed":false,"confidence":"none","order":2208},"geometry":{"type":"Point","coordinates":[-77.0698914,38.7103257]}},{"type":"Feature","properties":{"sprite":"tree-oak","scale":1.11,"cover":"woodland","source":"generated","method":"jittered grid inside mapped woodland polygons","decorative":true,"surveyed":false,"confidence":"none","order":2209},"geometry":{"type":"Point","coordinates":[-77.0944721,38.7103181]}},{"type":"Feature","properties":{"sprite":"tree-shrub","scale":0.99,"cover":"park","source":"generated","method":"jittered grid inside mapped park polygons","decorative":true,"surveyed":false,"confidence":"none","order":2210},"geometry":{"type":"Point","coordinates":[-77.0676358,38.7103053]}},{"type":"Feature","properties":{"sprite":"tree-elm","scale":1.07,"cover":"woodland","source":"generated","method":"jittered grid inside mapped woodland polygons","decorative":true,"surveyed":false,"confidence":"none","order":2211},"geometry":{"type":"Point","coordinates":[-77.0828076,38.7102981]}},{"type":"Feature","properties":{"sprite":"tree-oak","scale":0.84,"cover":"woodland","source":"generated","method":"jittered grid inside mapped woodland polygons","decorative":true,"surveyed":false,"confidence":"none","order":2212},"geometry":{"type":"Point","coordinates":[-77.0903848,38.7102971]}},{"type":"Feature","properties":{"sprite":"tree-oak","scale":0.87,"cover":"woodland","source":"generated","method":"jittered grid inside mapped woodland polygons","decorative":true,"surveyed":false,"confidence":"none","order":2213},"geometry":{"type":"Point","coordinates":[-77.0958476,38.7102919]}},{"type":"Feature","properties":{"sprite":"tree-pine","scale":0.93,"cover":"woodland","source":"generated","method":"jittered grid inside mapped woodland polygons","decorative":true,"surveyed":false,"confidence":"none","order":2214},"geometry":{"type":"Point","coordinates":[-77.0907966,38.7102913]}},{"type":"Feature","properties":{"sprite":"tree-oak","scale":0.82,"cover":"woodland","source":"generated","method":"jittered grid inside mapped woodland polygons","decorative":true,"surveyed":false,"confidence":"none","order":2215},"geometry":{"type":"Point","coordinates":[-77.0966982,38.7102896]}},{"type":"Feature","properties":{"sprite":"tree-elm","scale":1.15,"cover":"woodland","source":"generated","method":"jittered grid inside mapped woodland polygons","decorative":true,"surveyed":false,"confidence":"none","order":2216},"geometry":{"type":"Point","coordinates":[-77.0925734,38.7102884]}},{"type":"Feature","properties":{"sprite":"tree-shrub","scale":1.11,"cover":"woodland","source":"generated","method":"jittered grid inside mapped woodland polygons","decorative":true,"surveyed":false,"confidence":"none","order":2217},"geometry":{"type":"Point","coordinates":[-77.0954555,38.7102864]}},{"type":"Feature","properties":{"sprite":"tree-pine","scale":1.18,"cover":"woodland","source":"generated","method":"jittered grid inside mapped woodland polygons","decorative":true,"surveyed":false,"confidence":"none","order":2218},"geometry":{"type":"Point","coordinates":[-77.0811581,38.7102863]}},{"type":"Feature","properties":{"sprite":"tree-pine","scale":0.83,"cover":"woodland","source":"generated","method":"jittered grid inside mapped woodland polygons","decorative":true,"surveyed":false,"confidence":"none","order":2219},"geometry":{"type":"Point","coordinates":[-77.0900925,38.7102847]}},{"type":"Feature","properties":{"sprite":"tree-elm","scale":1.12,"cover":"woodland","source":"generated","method":"jittered grid inside mapped woodland polygons","decorative":true,"surveyed":false,"confidence":"none","order":2220},"geometry":{"type":"Point","coordinates":[-77.0916152,38.7102787]}},{"type":"Feature","properties":{"sprite":"tree-elm","scale":0.96,"cover":"park","source":"generated","method":"jittered grid inside mapped park polygons","decorative":true,"surveyed":false,"confidence":"none","order":2221},"geometry":{"type":"Point","coordinates":[-77.0688213,38.7102719]}},{"type":"Feature","properties":{"sprite":"tree-pine","scale":0.97,"cover":"woodland","source":"generated","method":"jittered grid inside mapped woodland polygons","decorative":true,"surveyed":false,"confidence":"none","order":2222},"geometry":{"type":"Point","coordinates":[-77.0923475,38.7102687]}},{"type":"Feature","properties":{"sprite":"tree-oak","scale":0.83,"cover":"woodland","source":"generated","method":"jittered grid inside mapped woodland polygons","decorative":true,"surveyed":false,"confidence":"none","order":2223},"geometry":{"type":"Point","coordinates":[-77.0931671,38.7102644]}},{"type":"Feature","properties":{"sprite":"tree-shrub","scale":0.98,"cover":"woodland","source":"generated","method":"jittered grid inside mapped woodland polygons","decorative":true,"surveyed":false,"confidence":"none","order":2224},"geometry":{"type":"Point","coordinates":[-77.0897271,38.7102643]}},{"type":"Feature","properties":{"sprite":"tree-pine","scale":0.78,"cover":"woodland","source":"generated","method":"jittered grid inside mapped woodland polygons","decorative":true,"surveyed":false,"confidence":"none","order":2225},"geometry":{"type":"Point","coordinates":[-77.0826714,38.7102639]}},{"type":"Feature","properties":{"sprite":"tree-pine","scale":0.99,"cover":"woodland","source":"generated","method":"jittered grid inside mapped woodland polygons","decorative":true,"surveyed":false,"confidence":"none","order":2226},"geometry":{"type":"Point","coordinates":[-77.0928806,38.7102633]}},{"type":"Feature","properties":{"sprite":"tree-pine","scale":1.1,"cover":"woodland","source":"generated","method":"jittered grid inside mapped woodland polygons","decorative":true,"surveyed":false,"confidence":"none","order":2227},"geometry":{"type":"Point","coordinates":[-77.0823842,38.7102581]}},{"type":"Feature","properties":{"sprite":"tree-pine","scale":0.84,"cover":"woodland","source":"generated","method":"jittered grid inside mapped woodland polygons","decorative":true,"surveyed":false,"confidence":"none","order":2228},"geometry":{"type":"Point","coordinates":[-77.0912793,38.7102473]}},{"type":"Feature","properties":{"sprite":"tree-oak","scale":0.93,"cover":"woodland","source":"generated","method":"jittered grid inside mapped woodland polygons","decorative":true,"surveyed":false,"confidence":"none","order":2229},"geometry":{"type":"Point","coordinates":[-77.0810652,38.7102384]}},{"type":"Feature","properties":{"sprite":"tree-oak","scale":1.11,"cover":"woodland","source":"generated","method":"jittered grid inside mapped woodland polygons","decorative":true,"surveyed":false,"confidence":"none","order":2230},"geometry":{"type":"Point","coordinates":[-77.0884407,38.7102375]}},{"type":"Feature","properties":{"sprite":"tree-elm","scale":1.07,"cover":"woodland","source":"generated","method":"jittered grid inside mapped woodland polygons","decorative":true,"surveyed":false,"confidence":"none","order":2231},"geometry":{"type":"Point","coordinates":[-77.0964013,38.7102263]}},{"type":"Feature","properties":{"sprite":"tree-pine","scale":1.0,"cover":"woodland","source":"generated","method":"jittered grid inside mapped woodland polygons","decorative":true,"surveyed":false,"confidence":"none","order":2232},"geometry":{"type":"Point","coordinates":[-77.091896,38.7102202]}},{"type":"Feature","properties":{"sprite":"tree-oak","scale":1.03,"cover":"woodland","source":"generated","method":"jittered grid inside mapped woodland polygons","decorative":true,"surveyed":false,"confidence":"none","order":2233},"geometry":{"type":"Point","coordinates":[-77.0935509,38.7102198]}},{"type":"Feature","properties":{"sprite":"tree-shrub","scale":1.18,"cover":"park","source":"generated","method":"jittered grid inside mapped park polygons","decorative":true,"surveyed":false,"confidence":"none","order":2234},"geometry":{"type":"Point","coordinates":[-77.0668579,38.7102185]}},{"type":"Feature","properties":{"sprite":"tree-oak","scale":1.11,"cover":"woodland","source":"generated","method":"jittered grid inside mapped woodland polygons","decorative":true,"surveyed":false,"confidence":"none","order":2235},"geometry":{"type":"Point","coordinates":[-77.0894929,38.7102172]}},{"type":"Feature","properties":{"sprite":"tree-shrub","scale":1.2,"cover":"woodland","source":"generated","method":"jittered grid inside mapped woodland polygons","decorative":true,"surveyed":false,"confidence":"none","order":2236},"geometry":{"type":"Point","coordinates":[-77.0828148,38.7102143]}},{"type":"Feature","properties":{"sprite":"tree-pine","scale":0.94,"cover":"woodland","source":"generated","method":"jittered grid inside mapped woodland polygons","decorative":true,"surveyed":false,"confidence":"none","order":2237},"geometry":{"type":"Point","coordinates":[-77.0937575,38.7102124]}},{"type":"Feature","properties":{"sprite":"tree-pine","scale":0.96,"cover":"woodland","source":"generated","method":"jittered grid inside mapped woodland polygons","decorative":true,"surveyed":false,"confidence":"none","order":2238},"geometry":{"type":"Point","coordinates":[-77.0940582,38.7101978]}},{"type":"Feature","properties":{"sprite":"tree-pine","scale":1.19,"cover":"woodland","source":"generated","method":"jittered grid inside mapped woodland polygons","decorative":true,"surveyed":false,"confidence":"none","order":2239},"geometry":{"type":"Point","coordinates":[-77.0951042,38.7101972]}},{"type":"Feature","properties":{"sprite":"tree-elm","scale":1.05,"cover":"woodland","source":"generated","method":"jittered grid inside mapped woodland polygons","decorative":true,"surveyed":false,"confidence":"none","order":2240},"geometry":{"type":"Point","coordinates":[-77.0947457,38.7101921]}},{"type":"Feature","properties":{"sprite":"tree-pine","scale":1.08,"cover":"woodland","source":"generated","method":"jittered grid inside mapped woodland polygons","decorative":true,"surveyed":false,"confidence":"none","order":2241},"geometry":{"type":"Point","coordinates":[-77.0949397,38.7101864]}},{"type":"Feature","properties":{"sprite":"tree-oak","scale":0.92,"cover":"woodland","source":"generated","method":"jittered grid inside mapped woodland polygons","decorative":true,"surveyed":false,"confidence":"none","order":2242},"geometry":{"type":"Point","coordinates":[-77.096539,38.7101855]}},{"type":"Feature","properties":{"sprite":"tree-oak","scale":1.16,"cover":"woodland","source":"generated","method":"jittered grid inside mapped woodland polygons","decorative":true,"surveyed":false,"confidence":"none","order":2243},"geometry":{"type":"Point","coordinates":[-77.0831111,38.7101827]}},{"type":"Feature","properties":{"sprite":"tree-oak","scale":0.99,"cover":"woodland","source":"generated","method":"jittered grid inside mapped woodland polygons","decorative":true,"surveyed":false,"confidence":"none","order":2244},"geometry":{"type":"Point","coordinates":[-77.0932659,38.710174]}},{"type":"Feature","properties":{"sprite":"tree-shrub","scale":0.79,"cover":"woodland","source":"generated","method":"jittered grid inside mapped woodland polygons","decorative":true,"surveyed":false,"confidence":"none","order":2245},"geometry":{"type":"Point","coordinates":[-77.0955971,38.7101712]}},{"type":"Feature","properties":{"sprite":"tree-oak","scale":1.19,"cover":"woodland","source":"generated","method":"jittered grid inside mapped woodland polygons","decorative":true,"surveyed":false,"confidence":"none","order":2246},"geometry":{"type":"Point","coordinates":[-77.0922238,38.7101703]}},{"type":"Feature","properties":{"sprite":"tree-oak","scale":0.88,"cover":"woodland","source":"generated","method":"jittered grid inside mapped woodland polygons","decorative":true,"surveyed":false,"confidence":"none","order":2247},"geometry":{"type":"Point","coordinates":[-77.0905682,38.7101653]}},{"type":"Feature","properties":{"sprite":"tree-oak","scale":1.13,"cover":"woodland","source":"generated","method":"jittered grid inside mapped woodland polygons","decorative":true,"surveyed":false,"confidence":"none","order":2248},"geometry":{"type":"Point","coordinates":[-77.0822803,38.7101642]}},{"type":"Feature","properties":{"sprite":"tree-oak","scale":1.04,"cover":"woodland","source":"generated","method":"jittered grid inside mapped woodland polygons","decorative":true,"surveyed":false,"confidence":"none","order":2249},"geometry":{"type":"Point","coordinates":[-77.0901255,38.7101389]}},{"type":"Feature","properties":{"sprite":"tree-elm","scale":1.17,"cover":"woodland","source":"generated","method":"jittered grid inside mapped woodland polygons","decorative":true,"surveyed":false,"confidence":"none","order":2250},"geometry":{"type":"Point","coordinates":[-77.096681,38.7101369]}},{"type":"Feature","properties":{"sprite":"tree-elm","scale":1.04,"cover":"woodland","source":"generated","method":"jittered grid inside mapped woodland polygons","decorative":true,"surveyed":false,"confidence":"none","order":2251},"geometry":{"type":"Point","coordinates":[-77.0929667,38.7101365]}},{"type":"Feature","properties":{"sprite":"tree-oak","scale":0.8,"cover":"woodland","source":"generated","method":"jittered grid inside mapped woodland polygons","decorative":true,"surveyed":false,"confidence":"none","order":2252},"geometry":{"type":"Point","coordinates":[-77.095655,38.7101356]}},{"type":"Feature","properties":{"sprite":"tree-oak","scale":1.16,"cover":"woodland","source":"generated","method":"jittered grid inside mapped woodland polygons","decorative":true,"surveyed":false,"confidence":"none","order":2253},"geometry":{"type":"Point","coordinates":[-77.0912912,38.7101351]}},{"type":"Feature","properties":{"sprite":"tree-pine","scale":1.1,"cover":"woodland","source":"generated","method":"jittered grid inside mapped woodland polygons","decorative":true,"surveyed":false,"confidence":"none","order":2254},"geometry":{"type":"Point","coordinates":[-77.0814081,38.7101305]}},{"type":"Feature","properties":{"sprite":"tree-pine","scale":1.05,"cover":"woodland","source":"generated","method":"jittered grid inside mapped woodland polygons","decorative":true,"surveyed":false,"confidence":"none","order":2255},"geometry":{"type":"Point","coordinates":[-77.0943688,38.7101199]}},{"type":"Feature","properties":{"sprite":"tree-shrub","scale":0.93,"cover":"woodland","source":"generated","method":"jittered grid inside mapped woodland polygons","decorative":true,"surveyed":false,"confidence":"none","order":2256},"geometry":{"type":"Point","coordinates":[-77.0940466,38.7101111]}},{"type":"Feature","properties":{"sprite":"tree-oak","scale":0.91,"cover":"woodland","source":"generated","method":"jittered grid inside mapped woodland polygons","decorative":true,"surveyed":false,"confidence":"none","order":2257},"geometry":{"type":"Point","coordinates":[-77.0906487,38.7101106]}},{"type":"Feature","properties":{"sprite":"tree-shrub","scale":1.09,"cover":"woodland","source":"generated","method":"jittered grid inside mapped woodland polygons","decorative":true,"surveyed":false,"confidence":"none","order":2258},"geometry":{"type":"Point","coordinates":[-77.0935628,38.710108]}},{"type":"Feature","properties":{"sprite":"tree-shrub","scale":0.85,"cover":"woodland","source":"generated","method":"jittered grid inside mapped woodland polygons","decorative":true,"surveyed":false,"confidence":"none","order":2259},"geometry":{"type":"Point","coordinates":[-77.0925697,38.7101004]}},{"type":"Feature","properties":{"sprite":"tree-oak","scale":0.93,"cover":"woodland","source":"generated","method":"jittered grid inside mapped woodland polygons","decorative":true,"surveyed":false,"confidence":"none","order":2260},"geometry":{"type":"Point","coordinates":[-77.095076,38.7100962]}},{"type":"Feature","properties":{"sprite":"tree-oak","scale":0.96,"cover":"woodland","source":"generated","method":"jittered grid inside mapped woodland polygons","decorative":true,"surveyed":false,"confidence":"none","order":2261},"geometry":{"type":"Point","coordinates":[-77.0934805,38.7100917]}},{"type":"Feature","properties":{"sprite":"tree-oak","scale":0.9,"cover":"woodland","source":"generated","method":"jittered grid inside mapped woodland polygons","decorative":true,"surveyed":false,"confidence":"none","order":2262},"geometry":{"type":"Point","coordinates":[-77.0947746,38.7100902]}},{"type":"Feature","properties":{"sprite":"tree-shrub","scale":0.84,"cover":"park","source":"generated","method":"jittered grid inside mapped park polygons","decorative":true,"surveyed":false,"confidence":"none","order":2263},"geometry":{"type":"Point","coordinates":[-77.0669325,38.7100793]}},{"type":"Feature","properties":{"sprite":"tree-pine","scale":0.98,"cover":"woodland","source":"generated","method":"jittered grid inside mapped woodland polygons","decorative":true,"surveyed":false,"confidence":"none","order":2264},"geometry":{"type":"Point","coordinates":[-77.0922452,38.7100571]}},{"type":"Feature","properties":{"sprite":"tree-pine","scale":1.14,"cover":"woodland","source":"generated","method":"jittered grid inside mapped woodland polygons","decorative":true,"surveyed":false,"confidence":"none","order":2265},"geometry":{"type":"Point","coordinates":[-77.09113,38.710046]}},{"type":"Feature","properties":{"sprite":"tree-oak","scale":0.8,"cover":"woodland","source":"generated","method":"jittered grid inside mapped woodland polygons","decorative":true,"surveyed":false,"confidence":"none","order":2266},"geometry":{"type":"Point","coordinates":[-77.0926689,38.7100378]}},{"type":"Feature","properties":{"sprite":"tree-pine","scale":1.01,"cover":"woodland","source":"generated","method":"jittered grid inside mapped woodland polygons","decorative":true,"surveyed":false,"confidence":"none","order":2267},"geometry":{"type":"Point","coordinates":[-77.0815943,38.7100299]}},{"type":"Feature","properties":{"sprite":"tree-pine","scale":0.96,"cover":"woodland","source":"generated","method":"jittered grid inside mapped woodland polygons","decorative":true,"surveyed":false,"confidence":"none","order":2268},"geometry":{"type":"Point","coordinates":[-77.0945248,38.7100298]}},{"type":"Feature","properties":{"sprite":"tree-shrub","scale":0.93,"cover":"park","source":"generated","method":"jittered grid inside mapped park polygons","decorative":true,"surveyed":false,"confidence":"none","order":2269},"geometry":{"type":"Point","coordinates":[-77.0702239,38.7100211]}},{"type":"Feature","properties":{"sprite":"tree-elm","scale":1.12,"cover":"woodland","source":"generated","method":"jittered grid inside mapped woodland polygons","decorative":true,"surveyed":false,"confidence":"none","order":2270},"geometry":{"type":"Point","coordinates":[-77.0964735,38.7100206]}},{"type":"Feature","properties":{"sprite":"tree-pine","scale":0.96,"cover":"woodland","source":"generated","method":"jittered grid inside mapped woodland polygons","decorative":true,"surveyed":false,"confidence":"none","order":2271},"geometry":{"type":"Point","coordinates":[-77.0830803,38.710015]}},{"type":"Feature","properties":{"sprite":"tree-elm","scale":0.82,"cover":"woodland","source":"generated","method":"jittered grid inside mapped woodland polygons","decorative":true,"surveyed":false,"confidence":"none","order":2272},"geometry":{"type":"Point","coordinates":[-77.0938504,38.7100085]}},{"type":"Feature","properties":{"sprite":"tree-pine","scale":1.12,"cover":"woodland","source":"generated","method":"jittered grid inside mapped woodland polygons","decorative":true,"surveyed":false,"confidence":"none","order":2273},"geometry":{"type":"Point","coordinates":[-77.0952816,38.7100078]}},{"type":"Feature","properties":{"sprite":"tree-elm","scale":0.83,"cover":"woodland","source":"generated","method":"jittered grid inside mapped woodland polygons","decorative":true,"surveyed":false,"confidence":"none","order":2274},"geometry":{"type":"Point","coordinates":[-77.0818034,38.7100008]}},{"type":"Feature","properties":{"sprite":"tree-pine","scale":1.1,"cover":"woodland","source":"generated","method":"jittered grid inside mapped woodland polygons","decorative":true,"surveyed":false,"confidence":"none","order":2275},"geometry":{"type":"Point","coordinates":[-77.0883612,38.7099994]}},{"type":"Feature","properties":{"sprite":"tree-oak","scale":1.07,"cover":"woodland","source":"generated","method":"jittered grid inside mapped woodland polygons","decorative":true,"surveyed":false,"confidence":"none","order":2276},"geometry":{"type":"Point","coordinates":[-77.091751,38.709999]}},{"type":"Feature","properties":{"sprite":"tree-oak","scale":0.97,"cover":"woodland","source":"generated","method":"jittered grid inside mapped woodland polygons","decorative":true,"surveyed":false,"confidence":"none","order":2277},"geometry":{"type":"Point","coordinates":[-77.0885701,38.709992]}},{"type":"Feature","properties":{"sprite":"tree-elm","scale":0.85,"cover":"woodland","source":"generated","method":"jittered grid inside mapped woodland polygons","decorative":true,"surveyed":false,"confidence":"none","order":2278},"geometry":{"type":"Point","coordinates":[-77.080925,38.7099863]}},{"type":"Feature","properties":{"sprite":"tree-elm","scale":1.09,"cover":"woodland","source":"generated","method":"jittered grid inside mapped woodland polygons","decorative":true,"surveyed":false,"confidence":"none","order":2279},"geometry":{"type":"Point","coordinates":[-77.09551,38.7099807]}},{"type":"Feature","properties":{"sprite":"tree-oak","scale":1.1,"cover":"woodland","source":"generated","method":"jittered grid inside mapped woodland polygons","decorative":true,"surveyed":false,"confidence":"none","order":2280},"geometry":{"type":"Point","coordinates":[-77.0967992,38.7099803]}},{"type":"Feature","properties":{"sprite":"tree-oak","scale":1.13,"cover":"woodland","source":"generated","method":"jittered grid inside mapped woodland polygons","decorative":true,"surveyed":false,"confidence":"none","order":2281},"geometry":{"type":"Point","coordinates":[-77.0826549,38.709976]}},{"type":"Feature","properties":{"sprite":"tree-shrub","scale":0.79,"cover":"woodland","source":"generated","method":"jittered grid inside mapped woodland polygons","decorative":true,"surveyed":false,"confidence":"none","order":2282},"geometry":{"type":"Point","coordinates":[-77.0884105,38.7099575]}},{"type":"Feature","properties":{"sprite":"tree-shrub","scale":0.89,"cover":"woodland","source":"generated","method":"jittered grid inside mapped woodland polygons","decorative":true,"surveyed":false,"confidence":"none","order":2283},"geometry":{"type":"Point","coordinates":[-77.0962337,38.7099555]}},{"type":"Feature","properties":{"sprite":"tree-elm","scale":0.96,"cover":"woodland","source":"generated","method":"jittered grid inside mapped woodland polygons","decorative":true,"surveyed":false,"confidence":"none","order":2284},"geometry":{"type":"Point","coordinates":[-77.0967125,38.7099503]}},{"type":"Feature","properties":{"sprite":"tree-elm","scale":1.13,"cover":"woodland","source":"generated","method":"jittered grid inside mapped woodland polygons","decorative":true,"surveyed":false,"confidence":"none","order":2285},"geometry":{"type":"Point","coordinates":[-77.0908167,38.7099431]}},{"type":"Feature","properties":{"sprite":"tree-elm","scale":1.11,"cover":"woodland","source":"generated","method":"jittered grid inside mapped woodland polygons","decorative":true,"surveyed":false,"confidence":"none","order":2286},"geometry":{"type":"Point","coordinates":[-77.0917483,38.7099417]}},{"type":"Feature","properties":{"sprite":"tree-pine","scale":1.17,"cover":"woodland","source":"generated","method":"jittered grid inside mapped woodland polygons","decorative":true,"surveyed":false,"confidence":"none","order":2287},"geometry":{"type":"Point","coordinates":[-77.0952508,38.709938]}},{"type":"Feature","properties":{"sprite":"tree-elm","scale":0.88,"cover":"woodland","source":"generated","method":"jittered grid inside mapped woodland polygons","decorative":true,"surveyed":false,"confidence":"none","order":2288},"geometry":{"type":"Point","coordinates":[-77.0918856,38.7099373]}},{"type":"Feature","properties":{"sprite":"tree-shrub","scale":0.91,"cover":"woodland","source":"generated","method":"jittered grid inside mapped woodland polygons","decorative":true,"surveyed":false,"confidence":"none","order":2289},"geometry":{"type":"Point","coordinates":[-77.0820038,38.7099314]}},{"type":"Feature","properties":{"sprite":"tree-pine","scale":1.1,"cover":"woodland","source":"generated","method":"jittered grid inside mapped woodland polygons","decorative":true,"surveyed":false,"confidence":"none","order":2290},"geometry":{"type":"Point","coordinates":[-77.0925614,38.7099105]}},{"type":"Feature","properties":{"sprite":"tree-oak","scale":1.04,"cover":"woodland","source":"generated","method":"jittered grid inside mapped woodland polygons","decorative":true,"surveyed":false,"confidence":"none","order":2291},"geometry":{"type":"Point","coordinates":[-77.0956754,38.7099084]}},{"type":"Feature","properties":{"sprite":"tree-oak","scale":1.21,"cover":"woodland","source":"generated","method":"jittered grid inside mapped woodland polygons","decorative":true,"surveyed":false,"confidence":"none","order":2292},"geometry":{"type":"Point","coordinates":[-77.0886728,38.7099078]}},{"type":"Feature","properties":{"sprite":"tree-shrub","scale":0.95,"cover":"woodland","source":"generated","method":"jittered grid inside mapped woodland polygons","decorative":true,"surveyed":false,"confidence":"none","order":2293},"geometry":{"type":"Point","coordinates":[-77.0933524,38.7099012]}},{"type":"Feature","properties":{"sprite":"tree-oak","scale":0.93,"cover":"woodland","source":"generated","method":"jittered grid inside mapped woodland polygons","decorative":true,"surveyed":false,"confidence":"none","order":2294},"geometry":{"type":"Point","coordinates":[-77.093896,38.7098862]}},{"type":"Feature","properties":{"sprite":"tree-oak","scale":1.21,"cover":"woodland","source":"generated","method":"jittered grid inside mapped woodland polygons","decorative":true,"surveyed":false,"confidence":"none","order":2295},"geometry":{"type":"Point","coordinates":[-77.0904383,38.7098748]}},{"type":"Feature","properties":{"sprite":"tree-oak","scale":1.13,"cover":"woodland","source":"generated","method":"jittered grid inside mapped woodland polygons","decorative":true,"surveyed":false,"confidence":"none","order":2296},"geometry":{"type":"Point","coordinates":[-77.0923967,38.7098721]}},{"type":"Feature","properties":{"sprite":"tree-oak","scale":0.78,"cover":"woodland","source":"generated","method":"jittered grid inside mapped woodland polygons","decorative":true,"surveyed":false,"confidence":"none","order":2297},"geometry":{"type":"Point","coordinates":[-77.0957736,38.7098692]}},{"type":"Feature","properties":{"sprite":"tree-oak","scale":1.06,"cover":"woodland","source":"generated","method":"jittered grid inside mapped woodland polygons","decorative":true,"surveyed":false,"confidence":"none","order":2298},"geometry":{"type":"Point","coordinates":[-77.0942975,38.7098615]}},{"type":"Feature","properties":{"sprite":"tree-shrub","scale":0.79,"cover":"woodland","source":"generated","method":"jittered grid inside mapped woodland polygons","decorative":true,"surveyed":false,"confidence":"none","order":2299},"geometry":{"type":"Point","coordinates":[-77.091309,38.7098554]}},{"type":"Feature","properties":{"sprite":"tree-oak","scale":1.14,"cover":"woodland","source":"generated","method":"jittered grid inside mapped woodland polygons","decorative":true,"surveyed":false,"confidence":"none","order":2300},"geometry":{"type":"Point","coordinates":[-77.0946868,38.7098529]}},{"type":"Feature","properties":{"sprite":"tree-pine","scale":0.93,"cover":"woodland","source":"generated","method":"jittered grid inside mapped woodland polygons","decorative":true,"surveyed":false,"confidence":"none","order":2301},"geometry":{"type":"Point","coordinates":[-77.0944816,38.7098498]}},{"type":"Feature","properties":{"sprite":"tree-pine","scale":0.93,"cover":"woodland","source":"generated","method":"jittered grid inside mapped woodland polygons","decorative":true,"surveyed":false,"confidence":"none","order":2302},"geometry":{"type":"Point","coordinates":[-77.0822514,38.7098493]}},{"type":"Feature","properties":{"sprite":"tree-oak","scale":1.14,"cover":"woodland","source":"generated","method":"jittered grid inside mapped woodland polygons","decorative":true,"surveyed":false,"confidence":"none","order":2303},"geometry":{"type":"Point","coordinates":[-77.0823695,38.7098467]}},{"type":"Feature","properties":{"sprite":"tree-elm","scale":0.78,"cover":"woodland","source":"generated","method":"jittered grid inside mapped woodland polygons","decorative":true,"surveyed":false,"confidence":"none","order":2304},"geometry":{"type":"Point","coordinates":[-77.0828959,38.7098467]}},{"type":"Feature","properties":{"sprite":"tree-oak","scale":1.02,"cover":"woodland","source":"generated","method":"jittered grid inside mapped woodland polygons","decorative":true,"surveyed":false,"confidence":"none","order":2305},"geometry":{"type":"Point","coordinates":[-77.0921026,38.7098444]}},{"type":"Feature","properties":{"sprite":"tree-elm","scale":1.17,"cover":"woodland","source":"generated","method":"jittered grid inside mapped woodland polygons","decorative":true,"surveyed":false,"confidence":"none","order":2306},"geometry":{"type":"Point","coordinates":[-77.0810351,38.7098288]}},{"type":"Feature","properties":{"sprite":"tree-elm","scale":0.96,"cover":"woodland","source":"generated","method":"jittered grid inside mapped woodland polygons","decorative":true,"surveyed":false,"confidence":"none","order":2307},"geometry":{"type":"Point","coordinates":[-77.0830147,38.7098163]}},{"type":"Feature","properties":{"sprite":"tree-oak","scale":1.21,"cover":"woodland","source":"generated","method":"jittered grid inside mapped woodland polygons","decorative":true,"surveyed":false,"confidence":"none","order":2308},"geometry":{"type":"Point","coordinates":[-77.0827229,38.7098068]}},{"type":"Feature","properties":{"sprite":"tree-oak","scale":1.1,"cover":"woodland","source":"generated","method":"jittered grid inside mapped woodland polygons","decorative":true,"surveyed":false,"confidence":"none","order":2309},"geometry":{"type":"Point","coordinates":[-77.0960307,38.7097959]}},{"type":"Feature","properties":{"sprite":"tree-oak","scale":1.09,"cover":"woodland","source":"generated","method":"jittered grid inside mapped woodland polygons","decorative":true,"surveyed":false,"confidence":"none","order":2310},"geometry":{"type":"Point","coordinates":[-77.0813053,38.70979]}},{"type":"Feature","properties":{"sprite":"tree-pine","scale":1.19,"cover":"woodland","source":"generated","method":"jittered grid inside mapped woodland polygons","decorative":true,"surveyed":false,"confidence":"none","order":2311},"geometry":{"type":"Point","coordinates":[-77.0948589,38.7097754]}},{"type":"Feature","properties":{"sprite":"tree-elm","scale":0.99,"cover":"woodland","source":"generated","method":"jittered grid inside mapped woodland polygons","decorative":true,"surveyed":false,"confidence":"none","order":2312},"geometry":{"type":"Point","coordinates":[-77.0915794,38.7097633]}},{"type":"Feature","properties":{"sprite":"tree-elm","scale":1.03,"cover":"woodland","source":"generated","method":"jittered grid inside mapped woodland polygons","decorative":true,"surveyed":false,"confidence":"none","order":2313},"geometry":{"type":"Point","coordinates":[-77.0965098,38.7097603]}},{"type":"Feature","properties":{"sprite":"tree-oak","scale":1.02,"cover":"woodland","source":"generated","method":"jittered grid inside mapped woodland polygons","decorative":true,"surveyed":false,"confidence":"none","order":2314},"geometry":{"type":"Point","coordinates":[-77.0819732,38.7097587]}},{"type":"Feature","properties":{"sprite":"tree-oak","scale":0.89,"cover":"woodland","source":"generated","method":"jittered grid inside mapped woodland polygons","decorative":true,"surveyed":false,"confidence":"none","order":2315},"geometry":{"type":"Point","coordinates":[-77.0970633,38.7097543]}},{"type":"Feature","properties":{"sprite":"tree-oak","scale":1.14,"cover":"woodland","source":"generated","method":"jittered grid inside mapped woodland polygons","decorative":true,"surveyed":false,"confidence":"none","order":2316},"geometry":{"type":"Point","coordinates":[-77.0949412,38.7097459]}},{"type":"Feature","properties":{"sprite":"tree-oak","scale":0.81,"cover":"woodland","source":"generated","method":"jittered grid inside mapped woodland polygons","decorative":true,"surveyed":false,"confidence":"none","order":2317},"geometry":{"type":"Point","coordinates":[-77.0913935,38.7097424]}},{"type":"Feature","properties":{"sprite":"tree-shrub","scale":0.89,"cover":"woodland","source":"generated","method":"jittered grid inside mapped woodland polygons","decorative":true,"surveyed":false,"confidence":"none","order":2318},"geometry":{"type":"Point","coordinates":[-77.0957693,38.7097161]}},{"type":"Feature","properties":{"sprite":"tree-shrub","scale":0.81,"cover":"woodland","source":"generated","method":"jittered grid inside mapped woodland polygons","decorative":true,"surveyed":false,"confidence":"none","order":2319},"geometry":{"type":"Point","coordinates":[-77.0911595,38.7097159]}},{"type":"Feature","properties":{"sprite":"tree-oak","scale":0.9,"cover":"woodland","source":"generated","method":"jittered grid inside mapped woodland polygons","decorative":true,"surveyed":false,"confidence":"none","order":2320},"geometry":{"type":"Point","coordinates":[-77.0809531,38.709711]}},{"type":"Feature","properties":{"sprite":"tree-shrub","scale":1.0,"cover":"woodland","source":"generated","method":"jittered grid inside mapped woodland polygons","decorative":true,"surveyed":false,"confidence":"none","order":2321},"geometry":{"type":"Point","coordinates":[-77.0821934,38.7097032]}},{"type":"Feature","properties":{"sprite":"tree-shrub","scale":1.15,"cover":"woodland","source":"generated","method":"jittered grid inside mapped woodland polygons","decorative":true,"surveyed":false,"confidence":"none","order":2322},"geometry":{"type":"Point","coordinates":[-77.0908401,38.7096986]}},{"type":"Feature","properties":{"sprite":"tree-shrub","scale":1.11,"cover":"woodland","source":"generated","method":"jittered grid inside mapped woodland polygons","decorative":true,"surveyed":false,"confidence":"none","order":2323},"geometry":{"type":"Point","coordinates":[-77.0819982,38.7096837]}},{"type":"Feature","properties":{"sprite":"tree-oak","scale":0.85,"cover":"woodland","source":"generated","method":"jittered grid inside mapped woodland polygons","decorative":true,"surveyed":false,"confidence":"none","order":2324},"geometry":{"type":"Point","coordinates":[-77.093215,38.7096832]}},{"type":"Feature","properties":{"sprite":"tree-oak","scale":1.05,"cover":"woodland","source":"generated","method":"jittered grid inside mapped woodland polygons","decorative":true,"surveyed":false,"confidence":"none","order":2325},"geometry":{"type":"Point","coordinates":[-77.0831353,38.7096776]}},{"type":"Feature","properties":{"sprite":"tree-oak","scale":0.82,"cover":"woodland","source":"generated","method":"jittered grid inside mapped woodland polygons","decorative":true,"surveyed":false,"confidence":"none","order":2326},"geometry":{"type":"Point","coordinates":[-77.0966169,38.7096716]}},{"type":"Feature","properties":{"sprite":"tree-oak","scale":0.97,"cover":"woodland","source":"generated","method":"jittered grid inside mapped woodland polygons","decorative":true,"surveyed":false,"confidence":"none","order":2327},"geometry":{"type":"Point","coordinates":[-77.0937831,38.7096686]}},{"type":"Feature","properties":{"sprite":"tree-oak","scale":1.19,"cover":"woodland","source":"generated","method":"jittered grid inside mapped woodland polygons","decorative":true,"surveyed":false,"confidence":"none","order":2328},"geometry":{"type":"Point","coordinates":[-77.0917173,38.7096659]}},{"type":"Feature","properties":{"sprite":"tree-shrub","scale":0.94,"cover":"woodland","source":"generated","method":"jittered grid inside mapped woodland polygons","decorative":true,"surveyed":false,"confidence":"none","order":2329},"geometry":{"type":"Point","coordinates":[-77.0819198,38.7096515]}},{"type":"Feature","properties":{"sprite":"tree-shrub","scale":0.84,"cover":"woodland","source":"generated","method":"jittered grid inside mapped woodland polygons","decorative":true,"surveyed":false,"confidence":"none","order":2330},"geometry":{"type":"Point","coordinates":[-77.0968465,38.7096467]}},{"type":"Feature","properties":{"sprite":"tree-pine","scale":0.79,"cover":"woodland","source":"generated","method":"jittered grid inside mapped woodland polygons","decorative":true,"surveyed":false,"confidence":"none","order":2331},"geometry":{"type":"Point","coordinates":[-77.0953998,38.7096435]}},{"type":"Feature","properties":{"sprite":"tree-shrub","scale":1.04,"cover":"woodland","source":"generated","method":"jittered grid inside mapped woodland polygons","decorative":true,"surveyed":false,"confidence":"none","order":2332},"geometry":{"type":"Point","coordinates":[-77.0941102,38.7096268]}},{"type":"Feature","properties":{"sprite":"tree-oak","scale":0.93,"cover":"woodland","source":"generated","method":"jittered grid inside mapped woodland polygons","decorative":true,"surveyed":false,"confidence":"none","order":2333},"geometry":{"type":"Point","coordinates":[-77.09528,38.709621]}},{"type":"Feature","properties":{"sprite":"tree-shrub","scale":0.91,"cover":"woodland","source":"generated","method":"jittered grid inside mapped woodland polygons","decorative":true,"surveyed":false,"confidence":"none","order":2334},"geometry":{"type":"Point","coordinates":[-77.0834587,38.7096172]}},{"type":"Feature","properties":{"sprite":"tree-oak","scale":1.02,"cover":"woodland","source":"generated","method":"jittered grid inside mapped woodland polygons","decorative":true,"surveyed":false,"confidence":"none","order":2335},"geometry":{"type":"Point","coordinates":[-77.0824345,38.7096001]}},{"type":"Feature","properties":{"sprite":"tree-shrub","scale":0.93,"cover":"woodland","source":"generated","method":"jittered grid inside mapped woodland polygons","decorative":true,"surveyed":false,"confidence":"none","order":2336},"geometry":{"type":"Point","coordinates":[-77.0937091,38.7095851]}},{"type":"Feature","properties":{"sprite":"tree-elm","scale":0.9,"cover":"woodland","source":"generated","method":"jittered grid inside mapped woodland polygons","decorative":true,"surveyed":false,"confidence":"none","order":2337},"geometry":{"type":"Point","coordinates":[-77.0958451,38.7095774]}},{"type":"Feature","properties":{"sprite":"tree-pine","scale":0.9,"cover":"woodland","source":"generated","method":"jittered grid inside mapped woodland polygons","decorative":true,"surveyed":false,"confidence":"none","order":2338},"geometry":{"type":"Point","coordinates":[-77.0810308,38.7095706]}},{"type":"Feature","properties":{"sprite":"tree-oak","scale":1.05,"cover":"woodland","source":"generated","method":"jittered grid inside mapped woodland polygons","decorative":true,"surveyed":false,"confidence":"none","order":2339},"geometry":{"type":"Point","coordinates":[-77.0956209,38.7095634]}},{"type":"Feature","properties":{"sprite":"tree-oak","scale":0.8,"cover":"woodland","source":"generated","method":"jittered grid inside mapped woodland polygons","decorative":true,"surveyed":false,"confidence":"none","order":2340},"geometry":{"type":"Point","coordinates":[-77.0911799,38.7095582]}},{"type":"Feature","properties":{"sprite":"tree-oak","scale":0.87,"cover":"woodland","source":"generated","method":"jittered grid inside mapped woodland polygons","decorative":true,"surveyed":false,"confidence":"none","order":2341},"geometry":{"type":"Point","coordinates":[-77.0969259,38.709552]}},{"type":"Feature","properties":{"sprite":"tree-elm","scale":0.8,"cover":"woodland","source":"generated","method":"jittered grid inside mapped woodland polygons","decorative":true,"surveyed":false,"confidence":"none","order":2342},"geometry":{"type":"Point","coordinates":[-77.0963598,38.7095387]}},{"type":"Feature","properties":{"sprite":"tree-oak","scale":1.08,"cover":"woodland","source":"generated","method":"jittered grid inside mapped woodland polygons","decorative":true,"surveyed":false,"confidence":"none","order":2343},"geometry":{"type":"Point","coordinates":[-77.0925639,38.7095371]}},{"type":"Feature","properties":{"sprite":"tree-oak","scale":1.03,"cover":"woodland","source":"generated","method":"jittered grid inside mapped woodland polygons","decorative":true,"surveyed":false,"confidence":"none","order":2344},"geometry":{"type":"Point","coordinates":[-77.0950191,38.7095317]}},{"type":"Feature","properties":{"sprite":"tree-elm","scale":0.81,"cover":"woodland","source":"generated","method":"jittered grid inside mapped woodland polygons","decorative":true,"surveyed":false,"confidence":"none","order":2345},"geometry":{"type":"Point","coordinates":[-77.0951174,38.7095309]}},{"type":"Feature","properties":{"sprite":"tree-elm","scale":0.92,"cover":"woodland","source":"generated","method":"jittered grid inside mapped woodland polygons","decorative":true,"surveyed":false,"confidence":"none","order":2346},"geometry":{"type":"Point","coordinates":[-77.0824525,38.7095162]}},{"type":"Feature","properties":{"sprite":"tree-oak","scale":1.01,"cover":"woodland","source":"generated","method":"jittered grid inside mapped woodland polygons","decorative":true,"surveyed":false,"confidence":"none","order":2347},"geometry":{"type":"Point","coordinates":[-77.0961308,38.7095154]}},{"type":"Feature","properties":{"sprite":"tree-oak","scale":0.86,"cover":"woodland","source":"generated","method":"jittered grid inside mapped woodland polygons","decorative":true,"surveyed":false,"confidence":"none","order":2348},"geometry":{"type":"Point","coordinates":[-77.0932986,38.7095033]}},{"type":"Feature","properties":{"sprite":"tree-pine","scale":1.19,"cover":"woodland","source":"generated","method":"jittered grid inside mapped woodland polygons","decorative":true,"surveyed":false,"confidence":"none","order":2349},"geometry":{"type":"Point","coordinates":[-77.0813535,38.7094866]}},{"type":"Feature","properties":{"sprite":"tree-shrub","scale":1.13,"cover":"woodland","source":"generated","method":"jittered grid inside mapped woodland polygons","decorative":true,"surveyed":false,"confidence":"none","order":2350},"geometry":{"type":"Point","coordinates":[-77.0919303,38.70948]}},{"type":"Feature","properties":{"sprite":"tree-pine","scale":1.02,"cover":"woodland","source":"generated","method":"jittered grid inside mapped woodland polygons","decorative":true,"surveyed":false,"confidence":"none","order":2351},"geometry":{"type":"Point","coordinates":[-77.0954373,38.7094788]}},{"type":"Feature","properties":{"sprite":"tree-shrub","scale":1.05,"cover":"woodland","source":"generated","method":"jittered grid inside mapped woodland polygons","decorative":true,"surveyed":false,"confidence":"none","order":2352},"geometry":{"type":"Point","coordinates":[-77.0913641,38.7094773]}},{"type":"Feature","properties":{"sprite":"tree-pine","scale":0.95,"cover":"woodland","source":"generated","method":"jittered grid inside mapped woodland polygons","decorative":true,"surveyed":false,"confidence":"none","order":2353},"geometry":{"type":"Point","coordinates":[-77.0968402,38.7094747]}},{"type":"Feature","properties":{"sprite":"tree-oak","scale":1.13,"cover":"woodland","source":"generated","method":"jittered grid inside mapped woodland polygons","decorative":true,"surveyed":false,"confidence":"none","order":2354},"geometry":{"type":"Point","coordinates":[-77.0827939,38.7094731]}},{"type":"Feature","properties":{"sprite":"tree-oak","scale":0.96,"cover":"woodland","source":"generated","method":"jittered grid inside mapped woodland polygons","decorative":true,"surveyed":false,"confidence":"none","order":2355},"geometry":{"type":"Point","coordinates":[-77.0825695,38.7094676]}},{"type":"Feature","properties":{"sprite":"tree-oak","scale":1.2,"cover":"woodland","source":"generated","method":"jittered grid inside mapped woodland polygons","decorative":true,"surveyed":false,"confidence":"none","order":2356},"geometry":{"type":"Point","coordinates":[-77.0934583,38.7094643]}},{"type":"Feature","properties":{"sprite":"tree-elm","scale":1.1,"cover":"woodland","source":"generated","method":"jittered grid inside mapped woodland polygons","decorative":true,"surveyed":false,"confidence":"none","order":2357},"geometry":{"type":"Point","coordinates":[-77.0943599,38.70946]}},{"type":"Feature","properties":{"sprite":"tree-shrub","scale":1.18,"cover":"woodland","source":"generated","method":"jittered grid inside mapped woodland polygons","decorative":true,"surveyed":false,"confidence":"none","order":2358},"geometry":{"type":"Point","coordinates":[-77.0818881,38.7094565]}},{"type":"Feature","properties":{"sprite":"tree-shrub","scale":0.78,"cover":"woodland","source":"generated","method":"jittered grid inside mapped woodland polygons","decorative":true,"surveyed":false,"confidence":"none","order":2359},"geometry":{"type":"Point","coordinates":[-77.0931067,38.7094536]}},{"type":"Feature","properties":{"sprite":"tree-pine","scale":0.82,"cover":"woodland","source":"generated","method":"jittered grid inside mapped woodland polygons","decorative":true,"surveyed":false,"confidence":"none","order":2360},"geometry":{"type":"Point","coordinates":[-77.0928436,38.7094524]}},{"type":"Feature","properties":{"sprite":"tree-oak","scale":1.11,"cover":"woodland","source":"generated","method":"jittered grid inside mapped woodland polygons","decorative":true,"surveyed":false,"confidence":"none","order":2361},"geometry":{"type":"Point","coordinates":[-77.0815188,38.7094501]}},{"type":"Feature","properties":{"sprite":"tree-pine","scale":1.08,"cover":"woodland","source":"generated","method":"jittered grid inside mapped woodland polygons","decorative":true,"surveyed":false,"confidence":"none","order":2362},"geometry":{"type":"Point","coordinates":[-77.0916026,38.7094466]}},{"type":"Feature","properties":{"sprite":"tree-pine","scale":1.2,"cover":"woodland","source":"generated","method":"jittered grid inside mapped woodland polygons","decorative":true,"surveyed":false,"confidence":"none","order":2363},"geometry":{"type":"Point","coordinates":[-77.0807244,38.7094428]}},{"type":"Feature","properties":{"sprite":"tree-oak","scale":0.99,"cover":"woodland","source":"generated","method":"jittered grid inside mapped woodland polygons","decorative":true,"surveyed":false,"confidence":"none","order":2364},"geometry":{"type":"Point","coordinates":[-77.092276,38.7094372]}},{"type":"Feature","properties":{"sprite":"tree-pine","scale":1.15,"cover":"woodland","source":"generated","method":"jittered grid inside mapped woodland polygons","decorative":true,"surveyed":false,"confidence":"none","order":2365},"geometry":{"type":"Point","coordinates":[-77.0835191,38.7094129]}},{"type":"Feature","properties":{"sprite":"tree-pine","scale":0.9,"cover":"woodland","source":"generated","method":"jittered grid inside mapped woodland polygons","decorative":true,"surveyed":false,"confidence":"none","order":2366},"geometry":{"type":"Point","coordinates":[-77.0924451,38.7094113]}},{"type":"Feature","properties":{"sprite":"tree-oak","scale":1.02,"cover":"woodland","source":"generated","method":"jittered grid inside mapped woodland polygons","decorative":true,"surveyed":false,"confidence":"none","order":2367},"geometry":{"type":"Point","coordinates":[-77.0923357,38.7094098]}},{"type":"Feature","properties":{"sprite":"tree-pine","scale":1.19,"cover":"woodland","source":"generated","method":"jittered grid inside mapped woodland polygons","decorative":true,"surveyed":false,"confidence":"none","order":2368},"geometry":{"type":"Point","coordinates":[-77.0961868,38.7094036]}},{"type":"Feature","properties":{"sprite":"tree-oak","scale":0.95,"cover":"woodland","source":"generated","method":"jittered grid inside mapped woodland polygons","decorative":true,"surveyed":false,"confidence":"none","order":2369},"geometry":{"type":"Point","coordinates":[-77.0930456,38.7093964]}},{"type":"Feature","properties":{"sprite":"tree-oak","scale":0.85,"cover":"woodland","source":"generated","method":"jittered grid inside mapped woodland polygons","decorative":true,"surveyed":false,"confidence":"none","order":2370},"geometry":{"type":"Point","coordinates":[-77.0911937,38.7093933]}},{"type":"Feature","properties":{"sprite":"tree-elm","scale":1.09,"cover":"woodland","source":"generated","method":"jittered grid inside mapped woodland polygons","decorative":true,"surveyed":false,"confidence":"none","order":2371},"geometry":{"type":"Point","coordinates":[-77.0830427,38.7093841]}},{"type":"Feature","properties":{"sprite":"tree-elm","scale":1.22,"cover":"woodland","source":"generated","method":"jittered grid inside mapped woodland polygons","decorative":true,"surveyed":false,"confidence":"none","order":2372},"geometry":{"type":"Point","coordinates":[-77.0945281,38.7093838]}},{"type":"Feature","properties":{"sprite":"tree-pine","scale":1.02,"cover":"woodland","source":"generated","method":"jittered grid inside mapped woodland polygons","decorative":true,"surveyed":false,"confidence":"none","order":2373},"geometry":{"type":"Point","coordinates":[-77.0914315,38.7093678]}},{"type":"Feature","properties":{"sprite":"tree-oak","scale":0.91,"cover":"woodland","source":"generated","method":"jittered grid inside mapped woodland polygons","decorative":true,"surveyed":false,"confidence":"none","order":2374},"geometry":{"type":"Point","coordinates":[-77.0916242,38.7093575]}},{"type":"Feature","properties":{"sprite":"tree-elm","scale":1.15,"cover":"woodland","source":"generated","method":"jittered grid inside mapped woodland polygons","decorative":true,"surveyed":false,"confidence":"none","order":2375},"geometry":{"type":"Point","coordinates":[-77.0964962,38.7093447]}},{"type":"Feature","properties":{"sprite":"tree-pine","scale":1.17,"cover":"woodland","source":"generated","method":"jittered grid inside mapped woodland polygons","decorative":true,"surveyed":false,"confidence":"none","order":2376},"geometry":{"type":"Point","coordinates":[-77.0965602,38.7093356]}},{"type":"Feature","properties":{"sprite":"tree-elm","scale":0.94,"cover":"woodland","source":"generated","method":"jittered grid inside mapped woodland polygons","decorative":true,"surveyed":false,"confidence":"none","order":2377},"geometry":{"type":"Point","coordinates":[-77.0917694,38.7093289]}},{"type":"Feature","properties":{"sprite":"tree-oak","scale":1.03,"cover":"woodland","source":"generated","method":"jittered grid inside mapped woodland polygons","decorative":true,"surveyed":false,"confidence":"none","order":2378},"geometry":{"type":"Point","coordinates":[-77.0927476,38.7093262]}},{"type":"Feature","properties":{"sprite":"tree-oak","scale":0.86,"cover":"woodland","source":"generated","method":"jittered grid inside mapped woodland polygons","decorative":true,"surveyed":false,"confidence":"none","order":2379},"geometry":{"type":"Point","coordinates":[-77.083199,38.7093215]}},{"type":"Feature","properties":{"sprite":"tree-oak","scale":1.13,"cover":"woodland","source":"generated","method":"jittered grid inside mapped woodland polygons","decorative":true,"surveyed":false,"confidence":"none","order":2380},"geometry":{"type":"Point","coordinates":[-77.0808113,38.7093102]}},{"type":"Feature","properties":{"sprite":"tree-oak","scale":1.01,"cover":"woodland","source":"generated","method":"jittered grid inside mapped woodland polygons","decorative":true,"surveyed":false,"confidence":"none","order":2381},"geometry":{"type":"Point","coordinates":[-77.0948361,38.7092959]}},{"type":"Feature","properties":{"sprite":"tree-elm","scale":0.8,"cover":"woodland","source":"generated","method":"jittered grid inside mapped woodland polygons","decorative":true,"surveyed":false,"confidence":"none","order":2382},"geometry":{"type":"Point","coordinates":[-77.0955749,38.709288]}},{"type":"Feature","properties":{"sprite":"tree-oak","scale":1.02,"cover":"woodland","source":"generated","method":"jittered grid inside mapped woodland polygons","decorative":true,"surveyed":false,"confidence":"none","order":2383},"geometry":{"type":"Point","coordinates":[-77.0949405,38.7092843]}},{"type":"Feature","properties":{"sprite":"tree-elm","scale":1.06,"cover":"woodland","source":"generated","method":"jittered grid inside mapped woodland polygons","decorative":true,"surveyed":false,"confidence":"none","order":2384},"geometry":{"type":"Point","coordinates":[-77.0822387,38.7092798]}},{"type":"Feature","properties":{"sprite":"tree-elm","scale":1.03,"cover":"woodland","source":"generated","method":"jittered grid inside mapped woodland polygons","decorative":true,"surveyed":false,"confidence":"none","order":2385},"geometry":{"type":"Point","coordinates":[-77.0816829,38.7092786]}},{"type":"Feature","properties":{"sprite":"tree-elm","scale":0.97,"cover":"woodland","source":"generated","method":"jittered grid inside mapped woodland polygons","decorative":true,"surveyed":false,"confidence":"none","order":2386},"geometry":{"type":"Point","coordinates":[-77.0921245,38.7092786]}},{"type":"Feature","properties":{"sprite":"tree-pine","scale":1.0,"cover":"woodland","source":"generated","method":"jittered grid inside mapped woodland polygons","decorative":true,"surveyed":false,"confidence":"none","order":2387},"geometry":{"type":"Point","coordinates":[-77.0942823,38.7092774]}},{"type":"Feature","properties":{"sprite":"tree-pine","scale":1.07,"cover":"woodland","source":"generated","method":"jittered grid inside mapped woodland polygons","decorative":true,"surveyed":false,"confidence":"none","order":2388},"geometry":{"type":"Point","coordinates":[-77.0968913,38.7092688]}},{"type":"Feature","properties":{"sprite":"tree-oak","scale":0.93,"cover":"woodland","source":"generated","method":"jittered grid inside mapped woodland polygons","decorative":true,"surveyed":false,"confidence":"none","order":2389},"geometry":{"type":"Point","coordinates":[-77.0942066,38.7092681]}},{"type":"Feature","properties":{"sprite":"tree-pine","scale":1.19,"cover":"woodland","source":"generated","method":"jittered grid inside mapped woodland polygons","decorative":true,"surveyed":false,"confidence":"none","order":2390},"geometry":{"type":"Point","coordinates":[-77.0936185,38.7092668]}},{"type":"Feature","properties":{"sprite":"tree-oak","scale":1.08,"cover":"woodland","source":"generated","method":"jittered grid inside mapped woodland polygons","decorative":true,"surveyed":false,"confidence":"none","order":2391},"geometry":{"type":"Point","coordinates":[-77.0971856,38.7092606]}},{"type":"Feature","properties":{"sprite":"tree-pine","scale":1.1,"cover":"woodland","source":"generated","method":"jittered grid inside mapped woodland polygons","decorative":true,"surveyed":false,"confidence":"none","order":2392},"geometry":{"type":"Point","coordinates":[-77.0959531,38.7092571]}},{"type":"Feature","properties":{"sprite":"tree-elm","scale":1.18,"cover":"woodland","source":"generated","method":"jittered grid inside mapped woodland polygons","decorative":true,"surveyed":false,"confidence":"none","order":2393},"geometry":{"type":"Point","coordinates":[-77.0818121,38.7092438]}},{"type":"Feature","properties":{"sprite":"tree-pine","scale":0.8,"cover":"woodland","source":"generated","method":"jittered grid inside mapped woodland polygons","decorative":true,"surveyed":false,"confidence":"none","order":2394},"geometry":{"type":"Point","coordinates":[-77.0806536,38.7092411]}},{"type":"Feature","properties":{"sprite":"tree-shrub","scale":1.06,"cover":"woodland","source":"generated","method":"jittered grid inside mapped woodland polygons","decorative":true,"surveyed":false,"confidence":"none","order":2395},"geometry":{"type":"Point","coordinates":[-77.0924609,38.7092321]}},{"type":"Feature","properties":{"sprite":"tree-pine","scale":0.8,"cover":"woodland","source":"generated","method":"jittered grid inside mapped woodland polygons","decorative":true,"surveyed":false,"confidence":"none","order":2396},"geometry":{"type":"Point","coordinates":[-77.0820272,38.7092305]}},{"type":"Feature","properties":{"sprite":"tree-shrub","scale":1.16,"cover":"woodland","source":"generated","method":"jittered grid inside mapped woodland polygons","decorative":true,"surveyed":false,"confidence":"none","order":2397},"geometry":{"type":"Point","coordinates":[-77.0948892,38.7092301]}},{"type":"Feature","properties":{"sprite":"tree-oak","scale":0.92,"cover":"woodland","source":"generated","method":"jittered grid inside mapped woodland polygons","decorative":true,"surveyed":false,"confidence":"none","order":2398},"geometry":{"type":"Point","coordinates":[-77.0802209,38.7092282]}},{"type":"Feature","properties":{"sprite":"tree-oak","scale":0.96,"cover":"woodland","source":"generated","method":"jittered grid inside mapped woodland polygons","decorative":true,"surveyed":false,"confidence":"none","order":2399},"geometry":{"type":"Point","coordinates":[-77.0950564,38.7092249]}},{"type":"Feature","properties":{"sprite":"tree-pine","scale":0.84,"cover":"woodland","source":"generated","method":"jittered grid inside mapped woodland polygons","decorative":true,"surveyed":false,"confidence":"none","order":2400},"geometry":{"type":"Point","coordinates":[-77.0930375,38.7092239]}},{"type":"Feature","properties":{"sprite":"tree-shrub","scale":0.83,"cover":"woodland","source":"generated","method":"jittered grid inside mapped woodland polygons","decorative":true,"surveyed":false,"confidence":"none","order":2401},"geometry":{"type":"Point","coordinates":[-77.0920512,38.7092135]}},{"type":"Feature","properties":{"sprite":"tree-shrub","scale":1.16,"cover":"woodland","source":"generated","method":"jittered grid inside mapped woodland polygons","decorative":true,"surveyed":false,"confidence":"none","order":2402},"geometry":{"type":"Point","coordinates":[-77.092607,38.7092088]}},{"type":"Feature","properties":{"sprite":"tree-oak","scale":0.87,"cover":"woodland","source":"generated","method":"jittered grid inside mapped woodland polygons","decorative":true,"surveyed":false,"confidence":"none","order":2403},"geometry":{"type":"Point","coordinates":[-77.0814379,38.7092006]}},{"type":"Feature","properties":{"sprite":"tree-shrub","scale":1.2,"cover":"woodland","source":"generated","method":"jittered grid inside mapped woodland polygons","decorative":true,"surveyed":false,"confidence":"none","order":2404},"geometry":{"type":"Point","coordinates":[-77.0954435,38.7091956]}},{"type":"Feature","properties":{"sprite":"tree-pine","scale":0.81,"cover":"woodland","source":"generated","method":"jittered grid inside mapped woodland polygons","decorative":true,"surveyed":false,"confidence":"none","order":2405},"geometry":{"type":"Point","coordinates":[-77.0972319,38.7091952]}},{"type":"Feature","properties":{"sprite":"tree-oak","scale":0.81,"cover":"woodland","source":"generated","method":"jittered grid inside mapped woodland polygons","decorative":true,"surveyed":false,"confidence":"none","order":2406},"geometry":{"type":"Point","coordinates":[-77.0945214,38.7091855]}},{"type":"Feature","properties":{"sprite":"tree-elm","scale":0.88,"cover":"woodland","source":"generated","method":"jittered grid inside mapped woodland polygons","decorative":true,"surveyed":false,"confidence":"none","order":2407},"geometry":{"type":"Point","coordinates":[-77.0931945,38.7091855]}},{"type":"Feature","properties":{"sprite":"tree-oak","scale":1.21,"cover":"woodland","source":"generated","method":"jittered grid inside mapped woodland polygons","decorative":true,"surveyed":false,"confidence":"none","order":2408},"geometry":{"type":"Point","coordinates":[-77.0938233,38.7091783]}},{"type":"Feature","properties":{"sprite":"tree-shrub","scale":1.05,"cover":"woodland","source":"generated","method":"jittered grid inside mapped woodland polygons","decorative":true,"surveyed":false,"confidence":"none","order":2409},"geometry":{"type":"Point","coordinates":[-77.0946827,38.7091716]}},{"type":"Feature","properties":{"sprite":"tree-shrub","scale":0.83,"cover":"woodland","source":"generated","method":"jittered grid inside mapped woodland polygons","decorative":true,"surveyed":false,"confidence":"none","order":2410},"geometry":{"type":"Point","coordinates":[-77.095838,38.7091695]}},{"type":"Feature","properties":{"sprite":"tree-oak","scale":1.08,"cover":"woodland","source":"generated","method":"jittered grid inside mapped woodland polygons","decorative":true,"surveyed":false,"confidence":"none","order":2411},"geometry":{"type":"Point","coordinates":[-77.0831641,38.7091505]}},{"type":"Feature","properties":{"sprite":"tree-oak","scale":0.95,"cover":"woodland","source":"generated","method":"jittered grid inside mapped woodland polygons","decorative":true,"surveyed":false,"confidence":"none","order":2412},"geometry":{"type":"Point","coordinates":[-77.0835391,38.7091478]}},{"type":"Feature","properties":{"sprite":"tree-oak","scale":1.19,"cover":"woodland","source":"generated","method":"jittered grid inside mapped woodland polygons","decorative":true,"surveyed":false,"confidence":"none","order":2413},"geometry":{"type":"Point","coordinates":[-77.0935141,38.7091396]}},{"type":"Feature","properties":{"sprite":"tree-oak","scale":0.98,"cover":"woodland","source":"generated","method":"jittered grid inside mapped woodland polygons","decorative":true,"surveyed":false,"confidence":"none","order":2414},"geometry":{"type":"Point","coordinates":[-77.095654,38.709136]}},{"type":"Feature","properties":{"sprite":"tree-oak","scale":1.17,"cover":"woodland","source":"generated","method":"jittered grid inside mapped woodland polygons","decorative":true,"surveyed":false,"confidence":"none","order":2415},"geometry":{"type":"Point","coordinates":[-77.0919332,38.7091341]}},{"type":"Feature","properties":{"sprite":"tree-pine","scale":1.13,"cover":"woodland","source":"generated","method":"jittered grid inside mapped woodland polygons","decorative":true,"surveyed":false,"confidence":"none","order":2416},"geometry":{"type":"Point","coordinates":[-77.0814502,38.7091276]}},{"type":"Feature","properties":{"sprite":"tree-elm","scale":0.81,"cover":"woodland","source":"generated","method":"jittered grid inside mapped woodland polygons","decorative":true,"surveyed":false,"confidence":"none","order":2417},"geometry":{"type":"Point","coordinates":[-77.0829346,38.7091222]}},{"type":"Feature","properties":{"sprite":"tree-oak","scale":1.21,"cover":"woodland","source":"generated","method":"jittered grid inside mapped woodland polygons","decorative":true,"surveyed":false,"confidence":"none","order":2418},"geometry":{"type":"Point","coordinates":[-77.0941952,38.7091196]}},{"type":"Feature","properties":{"sprite":"tree-elm","scale":0.79,"cover":"woodland","source":"generated","method":"jittered grid inside mapped woodland polygons","decorative":true,"surveyed":false,"confidence":"none","order":2419},"geometry":{"type":"Point","coordinates":[-77.0802949,38.7091155]}},{"type":"Feature","properties":{"sprite":"tree-oak","scale":0.94,"cover":"woodland","source":"generated","method":"jittered grid inside mapped woodland polygons","decorative":true,"surveyed":false,"confidence":"none","order":2420},"geometry":{"type":"Point","coordinates":[-77.0819977,38.7091154]}},{"type":"Feature","properties":{"sprite":"tree-oak","scale":1.09,"cover":"woodland","source":"generated","method":"jittered grid inside mapped woodland polygons","decorative":true,"surveyed":false,"confidence":"none","order":2421},"geometry":{"type":"Point","coordinates":[-77.0961656,38.7091022]}},{"type":"Feature","properties":{"sprite":"tree-pine","scale":0.79,"cover":"woodland","source":"generated","method":"jittered grid inside mapped woodland polygons","decorative":true,"surveyed":false,"confidence":"none","order":2422},"geometry":{"type":"Point","coordinates":[-77.0968758,38.7090875]}},{"type":"Feature","properties":{"sprite":"tree-pine","scale":1.18,"cover":"woodland","source":"generated","method":"jittered grid inside mapped woodland polygons","decorative":true,"surveyed":false,"confidence":"none","order":2423},"geometry":{"type":"Point","coordinates":[-77.0836954,38.7090757]}},{"type":"Feature","properties":{"sprite":"tree-shrub","scale":0.83,"cover":"woodland","source":"generated","method":"jittered grid inside mapped woodland polygons","decorative":true,"surveyed":false,"confidence":"none","order":2424},"geometry":{"type":"Point","coordinates":[-77.0969841,38.7090739]}},{"type":"Feature","properties":{"sprite":"tree-elm","scale":1.14,"cover":"woodland","source":"generated","method":"jittered grid inside mapped woodland polygons","decorative":true,"surveyed":false,"confidence":"none","order":2425},"geometry":{"type":"Point","coordinates":[-77.0823771,38.7090642]}},{"type":"Feature","properties":{"sprite":"tree-pine","scale":1.16,"cover":"woodland","source":"generated","method":"jittered grid inside mapped woodland polygons","decorative":true,"surveyed":false,"confidence":"none","order":2426},"geometry":{"type":"Point","coordinates":[-77.0808767,38.7090629]}},{"type":"Feature","properties":{"sprite":"tree-oak","scale":1.0,"cover":"woodland","source":"generated","method":"jittered grid inside mapped woodland polygons","decorative":true,"surveyed":false,"confidence":"none","order":2427},"geometry":{"type":"Point","coordinates":[-77.0963295,38.7090525]}},{"type":"Feature","properties":{"sprite":"tree-pine","scale":0.78,"cover":"woodland","source":"generated","method":"jittered grid inside mapped woodland polygons","decorative":true,"surveyed":false,"confidence":"none","order":2428},"geometry":{"type":"Point","coordinates":[-77.092031,38.7090467]}},{"type":"Feature","properties":{"sprite":"tree-oak","scale":1.06,"cover":"woodland","source":"generated","method":"jittered grid inside mapped woodland polygons","decorative":true,"surveyed":false,"confidence":"none","order":2429},"geometry":{"type":"Point","coordinates":[-77.0821929,38.7090351]}},{"type":"Feature","properties":{"sprite":"tree-oak","scale":0.83,"cover":"woodland","source":"generated","method":"jittered grid inside mapped woodland polygons","decorative":true,"surveyed":false,"confidence":"none","order":2430},"geometry":{"type":"Point","coordinates":[-77.0816633,38.7090229]}},{"type":"Feature","properties":{"sprite":"tree-shrub","scale":1.03,"cover":"woodland","source":"generated","method":"jittered grid inside mapped woodland polygons","decorative":true,"surveyed":false,"confidence":"none","order":2431},"geometry":{"type":"Point","coordinates":[-77.0943034,38.7090047]}},{"type":"Feature","properties":{"sprite":"tree-elm","scale":1.1,"cover":"woodland","source":"generated","method":"jittered grid inside mapped woodland polygons","decorative":true,"surveyed":false,"confidence":"none","order":2432},"geometry":{"type":"Point","coordinates":[-77.0924065,38.7090032]}},{"type":"Feature","properties":{"sprite":"tree-shrub","scale":0.99,"cover":"woodland","source":"generated","method":"jittered grid inside mapped woodland polygons","decorative":true,"surveyed":false,"confidence":"none","order":2433},"geometry":{"type":"Point","coordinates":[-77.0907147,38.7090029]}},{"type":"Feature","properties":{"sprite":"tree-oak","scale":1.14,"cover":"woodland","source":"generated","method":"jittered grid inside mapped woodland polygons","decorative":true,"surveyed":false,"confidence":"none","order":2434},"geometry":{"type":"Point","coordinates":[-77.0914635,38.7090001]}},{"type":"Feature","properties":{"sprite":"tree-pine","scale":0.93,"cover":"woodland","source":"generated","method":"jittered grid inside mapped woodland polygons","decorative":true,"surveyed":false,"confidence":"none","order":2435},"geometry":{"type":"Point","coordinates":[-77.0827749,38.7089969]}},{"type":"Feature","properties":{"sprite":"tree-elm","scale":0.86,"cover":"woodland","source":"generated","method":"jittered grid inside mapped woodland polygons","decorative":true,"surveyed":false,"confidence":"none","order":2436},"geometry":{"type":"Point","coordinates":[-77.0954156,38.708995]}},{"type":"Feature","properties":{"sprite":"tree-oak","scale":1.0,"cover":"woodland","source":"generated","method":"jittered grid inside mapped woodland polygons","decorative":true,"surveyed":false,"confidence":"none","order":2437},"geometry":{"type":"Point","coordinates":[-77.0945661,38.7089939]}},{"type":"Feature","properties":{"sprite":"tree-shrub","scale":1.12,"cover":"woodland","source":"generated","method":"jittered grid inside mapped woodland polygons","decorative":true,"surveyed":false,"confidence":"none","order":2438},"geometry":{"type":"Point","coordinates":[-77.0802309,38.7089918]}},{"type":"Feature","properties":{"sprite":"tree-elm","scale":0.83,"cover":"woodland","source":"generated","method":"jittered grid inside mapped woodland polygons","decorative":true,"surveyed":false,"confidence":"none","order":2439},"geometry":{"type":"Point","coordinates":[-77.0824275,38.7089845]}},{"type":"Feature","properties":{"sprite":"tree-pine","scale":0.8,"cover":"woodland","source":"generated","method":"jittered grid inside mapped woodland polygons","decorative":true,"surveyed":false,"confidence":"none","order":2440},"geometry":{"type":"Point","coordinates":[-77.0822241,38.7089793]}},{"type":"Feature","properties":{"sprite":"tree-elm","scale":1.2,"cover":"woodland","source":"generated","method":"jittered grid inside mapped woodland polygons","decorative":true,"surveyed":false,"confidence":"none","order":2441},"geometry":{"type":"Point","coordinates":[-77.0929318,38.7089787]}},{"type":"Feature","properties":{"sprite":"tree-pine","scale":1.14,"cover":"woodland","source":"generated","method":"jittered grid inside mapped woodland polygons","decorative":true,"surveyed":false,"confidence":"none","order":2442},"geometry":{"type":"Point","coordinates":[-77.0953047,38.708968]}},{"type":"Feature","properties":{"sprite":"tree-oak","scale":0.95,"cover":"woodland","source":"generated","method":"jittered grid inside mapped woodland polygons","decorative":true,"surveyed":false,"confidence":"none","order":2443},"geometry":{"type":"Point","coordinates":[-77.0934242,38.7089616]}},{"type":"Feature","properties":{"sprite":"tree-oak","scale":0.78,"cover":"woodland","source":"generated","method":"jittered grid inside mapped woodland polygons","decorative":true,"surveyed":false,"confidence":"none","order":2444},"geometry":{"type":"Point","coordinates":[-77.0937758,38.7089508]}},{"type":"Feature","properties":{"sprite":"tree-shrub","scale":0.8,"cover":"woodland","source":"generated","method":"jittered grid inside mapped woodland polygons","decorative":true,"surveyed":false,"confidence":"none","order":2445},"geometry":{"type":"Point","coordinates":[-77.0960537,38.7089484]}},{"type":"Feature","properties":{"sprite":"tree-elm","scale":0.92,"cover":"woodland","source":"generated","method":"jittered grid inside mapped woodland polygons","decorative":true,"surveyed":false,"confidence":"none","order":2446},"geometry":{"type":"Point","coordinates":[-77.0917951,38.7089469]}},{"type":"Feature","properties":{"sprite":"tree-oak","scale":1.17,"cover":"woodland","source":"generated","method":"jittered grid inside mapped woodland polygons","decorative":true,"surveyed":false,"confidence":"none","order":2447},"geometry":{"type":"Point","coordinates":[-77.0909063,38.7089457]}},{"type":"Feature","properties":{"sprite":"tree-oak","scale":1.09,"cover":"woodland","source":"generated","method":"jittered grid inside mapped woodland polygons","decorative":true,"surveyed":false,"confidence":"none","order":2448},"geometry":{"type":"Point","coordinates":[-77.0806337,38.7089401]}},{"type":"Feature","properties":{"sprite":"tree-pine","scale":0.79,"cover":"woodland","source":"generated","method":"jittered grid inside mapped woodland polygons","decorative":true,"surveyed":false,"confidence":"none","order":2449},"geometry":{"type":"Point","coordinates":[-77.0820297,38.708927]}},{"type":"Feature","properties":{"sprite":"tree-elm","scale":0.86,"cover":"woodland","source":"generated","method":"jittered grid inside mapped woodland polygons","decorative":true,"surveyed":false,"confidence":"none","order":2450},"geometry":{"type":"Point","coordinates":[-77.0923401,38.7089258]}},{"type":"Feature","properties":{"sprite":"tree-pine","scale":0.88,"cover":"woodland","source":"generated","method":"jittered grid inside mapped woodland polygons","decorative":true,"surveyed":false,"confidence":"none","order":2451},"geometry":{"type":"Point","coordinates":[-77.0971749,38.7089213]}},{"type":"Feature","properties":{"sprite":"tree-pine","scale":1.19,"cover":"woodland","source":"generated","method":"jittered grid inside mapped woodland polygons","decorative":true,"surveyed":false,"confidence":"none","order":2452},"geometry":{"type":"Point","coordinates":[-77.0949022,38.7089162]}},{"type":"Feature","properties":{"sprite":"tree-shrub","scale":1.15,"cover":"woodland","source":"generated","method":"jittered grid inside mapped woodland polygons","decorative":true,"surveyed":false,"confidence":"none","order":2453},"geometry":{"type":"Point","coordinates":[-77.0968782,38.7089121]}},{"type":"Feature","properties":{"sprite":"tree-oak","scale":1.11,"cover":"woodland","source":"generated","method":"jittered grid inside mapped woodland polygons","decorative":true,"surveyed":false,"confidence":"none","order":2454},"geometry":{"type":"Point","coordinates":[-77.0931162,38.7089095]}},{"type":"Feature","properties":{"sprite":"tree-pine","scale":1.03,"cover":"woodland","source":"generated","method":"jittered grid inside mapped woodland polygons","decorative":true,"surveyed":false,"confidence":"none","order":2455},"geometry":{"type":"Point","coordinates":[-77.0950273,38.7088976]}},{"type":"Feature","properties":{"sprite":"tree-oak","scale":0.88,"cover":"woodland","source":"generated","method":"jittered grid inside mapped woodland polygons","decorative":true,"surveyed":false,"confidence":"none","order":2456},"geometry":{"type":"Point","coordinates":[-77.0808623,38.7088931]}},{"type":"Feature","properties":{"sprite":"tree-shrub","scale":1.03,"cover":"woodland","source":"generated","method":"jittered grid inside mapped woodland polygons","decorative":true,"surveyed":false,"confidence":"none","order":2457},"geometry":{"type":"Point","coordinates":[-77.0815438,38.7088894]}},{"type":"Feature","properties":{"sprite":"tree-shrub","scale":1.06,"cover":"woodland","source":"generated","method":"jittered grid inside mapped woodland polygons","decorative":true,"surveyed":false,"confidence":"none","order":2458},"geometry":{"type":"Point","coordinates":[-77.0831343,38.7088714]}},{"type":"Feature","properties":{"sprite":"tree-shrub","scale":0.82,"cover":"woodland","source":"generated","method":"jittered grid inside mapped woodland polygons","decorative":true,"surveyed":false,"confidence":"none","order":2459},"geometry":{"type":"Point","coordinates":[-77.0818153,38.7088683]}},{"type":"Feature","properties":{"sprite":"tree-oak","scale":0.93,"cover":"woodland","source":"generated","method":"jittered grid inside mapped woodland polygons","decorative":true,"surveyed":false,"confidence":"none","order":2460},"geometry":{"type":"Point","coordinates":[-77.0969097,38.7088555]}},{"type":"Feature","properties":{"sprite":"tree-pine","scale":1.21,"cover":"woodland","source":"generated","method":"jittered grid inside mapped woodland polygons","decorative":true,"surveyed":false,"confidence":"none","order":2461},"geometry":{"type":"Point","coordinates":[-77.0956123,38.7088533]}},{"type":"Feature","properties":{"sprite":"tree-pine","scale":0.92,"cover":"woodland","source":"generated","method":"jittered grid inside mapped woodland polygons","decorative":true,"surveyed":false,"confidence":"none","order":2462},"geometry":{"type":"Point","coordinates":[-77.0952176,38.7088436]}},{"type":"Feature","properties":{"sprite":"tree-elm","scale":1.1,"cover":"woodland","source":"generated","method":"jittered grid inside mapped woodland polygons","decorative":true,"surveyed":false,"confidence":"none","order":2463},"geometry":{"type":"Point","coordinates":[-77.096366,38.7088414]}},{"type":"Feature","properties":{"sprite":"tree-oak","scale":0.84,"cover":"woodland","source":"generated","method":"jittered grid inside mapped woodland polygons","decorative":true,"surveyed":false,"confidence":"none","order":2464},"geometry":{"type":"Point","coordinates":[-77.092186,38.7088409]}},{"type":"Feature","properties":{"sprite":"tree-oak","scale":1.22,"cover":"woodland","source":"generated","method":"jittered grid inside mapped woodland polygons","decorative":true,"surveyed":false,"confidence":"none","order":2465},"geometry":{"type":"Point","coordinates":[-77.0966468,38.7088405]}},{"type":"Feature","properties":{"sprite":"tree-oak","scale":0.87,"cover":"woodland","source":"generated","method":"jittered grid inside mapped woodland polygons","decorative":true,"surveyed":false,"confidence":"none","order":2466},"geometry":{"type":"Point","coordinates":[-77.091379,38.7088353]}},{"type":"Feature","properties":{"sprite":"tree-elm","scale":1.18,"cover":"woodland","source":"generated","method":"jittered grid inside mapped woodland polygons","decorative":true,"surveyed":false,"confidence":"none","order":2467},"geometry":{"type":"Point","coordinates":[-77.0905946,38.7088262]}},{"type":"Feature","properties":{"sprite":"tree-shrub","scale":0.78,"cover":"woodland","source":"generated","method":"jittered grid inside mapped woodland polygons","decorative":true,"surveyed":false,"confidence":"none","order":2468},"geometry":{"type":"Point","coordinates":[-77.0960696,38.7088212]}},{"type":"Feature","properties":{"sprite":"tree-oak","scale":0.84,"cover":"woodland","source":"generated","method":"jittered grid inside mapped woodland polygons","decorative":true,"surveyed":false,"confidence":"none","order":2469},"geometry":{"type":"Point","coordinates":[-77.0958201,38.7088199]}},{"type":"Feature","properties":{"sprite":"tree-elm","scale":0.87,"cover":"woodland","source":"generated","method":"jittered grid inside mapped woodland polygons","decorative":true,"surveyed":false,"confidence":"none","order":2470},"geometry":{"type":"Point","coordinates":[-77.0949764,38.7088179]}},{"type":"Feature","properties":{"sprite":"tree-oak","scale":0.85,"cover":"woodland","source":"generated","method":"jittered grid inside mapped woodland polygons","decorative":true,"surveyed":false,"confidence":"none","order":2471},"geometry":{"type":"Point","coordinates":[-77.0968565,38.7088162]}},{"type":"Feature","properties":{"sprite":"tree-pine","scale":0.87,"cover":"woodland","source":"generated","method":"jittered grid inside mapped woodland polygons","decorative":true,"surveyed":false,"confidence":"none","order":2472},"geometry":{"type":"Point","coordinates":[-77.0973303,38.7088076]}},{"type":"Feature","properties":{"sprite":"tree-oak","scale":0.84,"cover":"woodland","source":"generated","method":"jittered grid inside mapped woodland polygons","decorative":true,"surveyed":false,"confidence":"none","order":2473},"geometry":{"type":"Point","coordinates":[-77.0840063,38.7088002]}},{"type":"Feature","properties":{"sprite":"tree-oak","scale":0.87,"cover":"woodland","source":"generated","method":"jittered grid inside mapped woodland polygons","decorative":true,"surveyed":false,"confidence":"none","order":2474},"geometry":{"type":"Point","coordinates":[-77.0842526,38.7087929]}},{"type":"Feature","properties":{"sprite":"tree-oak","scale":0.93,"cover":"woodland","source":"generated","method":"jittered grid inside mapped woodland polygons","decorative":true,"surveyed":false,"confidence":"none","order":2475},"geometry":{"type":"Point","coordinates":[-77.0918979,38.7087868]}},{"type":"Feature","properties":{"sprite":"tree-pine","scale":1.12,"cover":"woodland","source":"generated","method":"jittered grid inside mapped woodland polygons","decorative":true,"surveyed":false,"confidence":"none","order":2476},"geometry":{"type":"Point","coordinates":[-77.0927981,38.7087765]}},{"type":"Feature","properties":{"sprite":"tree-oak","scale":1.16,"cover":"woodland","source":"generated","method":"jittered grid inside mapped woodland polygons","decorative":true,"surveyed":false,"confidence":"none","order":2477},"geometry":{"type":"Point","coordinates":[-77.0916493,38.7087636]}},{"type":"Feature","properties":{"sprite":"tree-elm","scale":1.14,"cover":"woodland","source":"generated","method":"jittered grid inside mapped woodland polygons","decorative":true,"surveyed":false,"confidence":"none","order":2478},"geometry":{"type":"Point","coordinates":[-77.0820761,38.7087571]}},{"type":"Feature","properties":{"sprite":"tree-shrub","scale":1.04,"cover":"woodland","source":"generated","method":"jittered grid inside mapped woodland polygons","decorative":true,"surveyed":false,"confidence":"none","order":2479},"geometry":{"type":"Point","coordinates":[-77.0810395,38.7087517]}},{"type":"Feature","properties":{"sprite":"tree-pine","scale":1.1,"cover":"woodland","source":"generated","method":"jittered grid inside mapped woodland polygons","decorative":true,"surveyed":false,"confidence":"none","order":2480},"geometry":{"type":"Point","coordinates":[-77.0903738,38.7087287]}},{"type":"Feature","properties":{"sprite":"tree-oak","scale":1.08,"cover":"woodland","source":"generated","method":"jittered grid inside mapped woodland polygons","decorative":true,"surveyed":false,"confidence":"none","order":2481},"geometry":{"type":"Point","coordinates":[-77.0926138,38.7087236]}},{"type":"Feature","properties":{"sprite":"tree-pine","scale":1.06,"cover":"woodland","source":"generated","method":"jittered grid inside mapped woodland polygons","decorative":true,"surveyed":false,"confidence":"none","order":2482},"geometry":{"type":"Point","coordinates":[-77.0907646,38.7087189]}},{"type":"Feature","properties":{"sprite":"tree-oak","scale":1.04,"cover":"woodland","source":"generated","method":"jittered grid inside mapped woodland polygons","decorative":true,"surveyed":false,"confidence":"none","order":2483},"geometry":{"type":"Point","coordinates":[-77.0946162,38.7087136]}},{"type":"Feature","properties":{"sprite":"tree-oak","scale":0.97,"cover":"woodland","source":"generated","method":"jittered grid inside mapped woodland polygons","decorative":true,"surveyed":false,"confidence":"none","order":2484},"geometry":{"type":"Point","coordinates":[-77.0829541,38.708698]}},{"type":"Feature","properties":{"sprite":"tree-shrub","scale":1.02,"cover":"woodland","source":"generated","method":"jittered grid inside mapped woodland polygons","decorative":true,"surveyed":false,"confidence":"none","order":2485},"geometry":{"type":"Point","coordinates":[-77.0834172,38.708693]}},{"type":"Feature","properties":{"sprite":"tree-shrub","scale":1.21,"cover":"woodland","source":"generated","method":"jittered grid inside mapped woodland polygons","decorative":true,"surveyed":false,"confidence":"none","order":2486},"geometry":{"type":"Point","coordinates":[-77.0921176,38.7086896]}},{"type":"Feature","properties":{"sprite":"tree-pine","scale":0.85,"cover":"woodland","source":"generated","method":"jittered grid inside mapped woodland polygons","decorative":true,"surveyed":false,"confidence":"none","order":2487},"geometry":{"type":"Point","coordinates":[-77.0812309,38.7086777]}},{"type":"Feature","properties":{"sprite":"tree-shrub","scale":1.16,"cover":"woodland","source":"generated","method":"jittered grid inside mapped woodland polygons","decorative":true,"surveyed":false,"confidence":"none","order":2488},"geometry":{"type":"Point","coordinates":[-77.0968841,38.7086762]}},{"type":"Feature","properties":{"sprite":"tree-elm","scale":1.05,"cover":"woodland","source":"generated","method":"jittered grid inside mapped woodland polygons","decorative":true,"surveyed":false,"confidence":"none","order":2489},"geometry":{"type":"Point","coordinates":[-77.0931976,38.708675]}},{"type":"Feature","properties":{"sprite":"tree-elm","scale":0.93,"cover":"woodland","source":"generated","method":"jittered grid inside mapped woodland polygons","decorative":true,"surveyed":false,"confidence":"none","order":2490},"geometry":{"type":"Point","coordinates":[-77.0817462,38.7086742]}},{"type":"Feature","properties":{"sprite":"tree-shrub","scale":0.99,"cover":"woodland","source":"generated","method":"jittered grid inside mapped woodland polygons","decorative":true,"surveyed":false,"confidence":"none","order":2491},"geometry":{"type":"Point","coordinates":[-77.0928824,38.7086723]}},{"type":"Feature","properties":{"sprite":"tree-pine","scale":1.04,"cover":"woodland","source":"generated","method":"jittered grid inside mapped woodland polygons","decorative":true,"surveyed":false,"confidence":"none","order":2492},"geometry":{"type":"Point","coordinates":[-77.0923962,38.7086658]}},{"type":"Feature","properties":{"sprite":"tree-shrub","scale":1.2,"cover":"woodland","source":"generated","method":"jittered grid inside mapped woodland polygons","decorative":true,"surveyed":false,"confidence":"none","order":2493},"geometry":{"type":"Point","coordinates":[-77.0958742,38.7086645]}},{"type":"Feature","properties":{"sprite":"tree-pine","scale":0.86,"cover":"woodland","source":"generated","method":"jittered grid inside mapped woodland polygons","decorative":true,"surveyed":false,"confidence":"none","order":2494},"geometry":{"type":"Point","coordinates":[-77.0964137,38.708663]}},{"type":"Feature","properties":{"sprite":"tree-shrub","scale":1.14,"cover":"woodland","source":"generated","method":"jittered grid inside mapped woodland polygons","decorative":true,"surveyed":false,"confidence":"none","order":2495},"geometry":{"type":"Point","coordinates":[-77.0947835,38.7086566]}},{"type":"Feature","properties":{"sprite":"tree-oak","scale":0.82,"cover":"woodland","source":"generated","method":"jittered grid inside mapped woodland polygons","decorative":true,"surveyed":false,"confidence":"none","order":2496},"geometry":{"type":"Point","coordinates":[-77.0940553,38.7086533]}},{"type":"Feature","properties":{"sprite":"tree-elm","scale":1.17,"cover":"woodland","source":"generated","method":"jittered grid inside mapped woodland polygons","decorative":true,"surveyed":false,"confidence":"none","order":2497},"geometry":{"type":"Point","coordinates":[-77.0972568,38.7086293]}},{"type":"Feature","properties":{"sprite":"tree-pine","scale":0.93,"cover":"woodland","source":"generated","method":"jittered grid inside mapped woodland polygons","decorative":true,"surveyed":false,"confidence":"none","order":2498},"geometry":{"type":"Point","coordinates":[-77.0907608,38.7086135]}},{"type":"Feature","properties":{"sprite":"tree-oak","scale":1.08,"cover":"woodland","source":"generated","method":"jittered grid inside mapped woodland polygons","decorative":true,"surveyed":false,"confidence":"none","order":2499},"geometry":{"type":"Point","coordinates":[-77.0933687,38.7086078]}},{"type":"Feature","properties":{"sprite":"tree-shrub","scale":0.93,"cover":"woodland","source":"generated","method":"jittered grid inside mapped woodland polygons","decorative":true,"surveyed":false,"confidence":"none","order":2500},"geometry":{"type":"Point","coordinates":[-77.0950299,38.7086015]}},{"type":"Feature","properties":{"sprite":"tree-oak","scale":0.93,"cover":"woodland","source":"generated","method":"jittered grid inside mapped woodland polygons","decorative":true,"surveyed":false,"confidence":"none","order":2501},"geometry":{"type":"Point","coordinates":[-77.0914186,38.7085995]}},{"type":"Feature","properties":{"sprite":"tree-shrub","scale":1.01,"cover":"woodland","source":"generated","method":"jittered grid inside mapped woodland polygons","decorative":true,"surveyed":false,"confidence":"none","order":2502},"geometry":{"type":"Point","coordinates":[-77.083552,38.7085906]}},{"type":"Feature","properties":{"sprite":"tree-elm","scale":0.9,"cover":"woodland","source":"generated","method":"jittered grid inside mapped woodland polygons","decorative":true,"surveyed":false,"confidence":"none","order":2503},"geometry":{"type":"Point","coordinates":[-77.0905709,38.7085866]}},{"type":"Feature","properties":{"sprite":"tree-shrub","scale":1.04,"cover":"woodland","source":"generated","method":"jittered grid inside mapped woodland polygons","decorative":true,"surveyed":false,"confidence":"none","order":2504},"geometry":{"type":"Point","coordinates":[-77.0970599,38.7085775]}},{"type":"Feature","properties":{"sprite":"tree-shrub","scale":1.1,"cover":"woodland","source":"generated","method":"jittered grid inside mapped woodland polygons","decorative":true,"surveyed":false,"confidence":"none","order":2505},"geometry":{"type":"Point","coordinates":[-77.0926271,38.7085769]}},{"type":"Feature","properties":{"sprite":"tree-shrub","scale":0.85,"cover":"woodland","source":"generated","method":"jittered grid inside mapped woodland polygons","decorative":true,"surveyed":false,"confidence":"none","order":2506},"geometry":{"type":"Point","coordinates":[-77.0820544,38.7085606]}},{"type":"Feature","properties":{"sprite":"tree-oak","scale":1.19,"cover":"woodland","source":"generated","method":"jittered grid inside mapped woodland polygons","decorative":true,"surveyed":false,"confidence":"none","order":2507},"geometry":{"type":"Point","coordinates":[-77.0937259,38.7085523]}},{"type":"Feature","properties":{"sprite":"tree-pine","scale":1.07,"cover":"woodland","source":"generated","method":"jittered grid inside mapped woodland polygons","decorative":true,"surveyed":false,"confidence":"none","order":2508},"geometry":{"type":"Point","coordinates":[-77.0904588,38.708552]}},{"type":"Feature","properties":{"sprite":"tree-shrub","scale":0.92,"cover":"woodland","source":"generated","method":"jittered grid inside mapped woodland polygons","decorative":true,"surveyed":false,"confidence":"none","order":2509},"geometry":{"type":"Point","coordinates":[-77.0943946,38.7085471]}},{"type":"Feature","properties":{"sprite":"tree-pine","scale":1.04,"cover":"woodland","source":"generated","method":"jittered grid inside mapped woodland polygons","decorative":true,"surveyed":false,"confidence":"none","order":2510},"geometry":{"type":"Point","coordinates":[-77.0911204,38.7085466]}},{"type":"Feature","properties":{"sprite":"tree-oak","scale":0.98,"cover":"woodland","source":"generated","method":"jittered grid inside mapped woodland polygons","decorative":true,"surveyed":false,"confidence":"none","order":2511},"geometry":{"type":"Point","coordinates":[-77.0952239,38.7085421]}},{"type":"Feature","properties":{"sprite":"tree-shrub","scale":1.07,"cover":"woodland","source":"generated","method":"jittered grid inside mapped woodland polygons","decorative":true,"surveyed":false,"confidence":"none","order":2512},"geometry":{"type":"Point","coordinates":[-77.0916161,38.7085409]}},{"type":"Feature","properties":{"sprite":"tree-elm","scale":0.93,"cover":"woodland","source":"generated","method":"jittered grid inside mapped woodland polygons","decorative":true,"surveyed":false,"confidence":"none","order":2513},"geometry":{"type":"Point","coordinates":[-77.0841771,38.7085368]}},{"type":"Feature","properties":{"sprite":"tree-shrub","scale":0.85,"cover":"woodland","source":"generated","method":"jittered grid inside mapped woodland polygons","decorative":true,"surveyed":false,"confidence":"none","order":2514},"geometry":{"type":"Point","coordinates":[-77.0828873,38.7085347]}},{"type":"Feature","properties":{"sprite":"tree-shrub","scale":1.01,"cover":"woodland","source":"generated","method":"jittered grid inside mapped woodland polygons","decorative":true,"surveyed":false,"confidence":"none","order":2515},"geometry":{"type":"Point","coordinates":[-77.0944159,38.7085077]}},{"type":"Feature","properties":{"sprite":"tree-oak","scale":0.83,"cover":"woodland","source":"generated","method":"jittered grid inside mapped woodland polygons","decorative":true,"surveyed":false,"confidence":"none","order":2516},"geometry":{"type":"Point","coordinates":[-77.0902935,38.7085067]}},{"type":"Feature","properties":{"sprite":"tree-oak","scale":1.01,"cover":"woodland","source":"generated","method":"jittered grid inside mapped woodland polygons","decorative":true,"surveyed":false,"confidence":"none","order":2517},"geometry":{"type":"Point","coordinates":[-77.0901273,38.7085047]}},{"type":"Feature","properties":{"sprite":"tree-pine","scale":1.08,"cover":"woodland","source":"generated","method":"jittered grid inside mapped woodland polygons","decorative":true,"surveyed":false,"confidence":"none","order":2518},"geometry":{"type":"Point","coordinates":[-77.0824309,38.7084975]}},{"type":"Feature","properties":{"sprite":"tree-oak","scale":0.86,"cover":"woodland","source":"generated","method":"jittered grid inside mapped woodland polygons","decorative":true,"surveyed":false,"confidence":"none","order":2519},"geometry":{"type":"Point","coordinates":[-77.0930276,38.7084958]}},{"type":"Feature","properties":{"sprite":"tree-pine","scale":1.19,"cover":"woodland","source":"generated","method":"jittered grid inside mapped woodland polygons","decorative":true,"surveyed":false,"confidence":"none","order":2520},"geometry":{"type":"Point","coordinates":[-77.0947515,38.7084918]}},{"type":"Feature","properties":{"sprite":"tree-elm","scale":1.02,"cover":"woodland","source":"generated","method":"jittered grid inside mapped woodland polygons","decorative":true,"surveyed":false,"confidence":"none","order":2521},"geometry":{"type":"Point","coordinates":[-77.090521,38.7084896]}},{"type":"Feature","properties":{"sprite":"tree-shrub","scale":1.0,"cover":"woodland","source":"generated","method":"jittered grid inside mapped woodland polygons","decorative":true,"surveyed":false,"confidence":"none","order":2522},"geometry":{"type":"Point","coordinates":[-77.082202,38.7084888]}},{"type":"Feature","properties":{"sprite":"tree-oak","scale":1.11,"cover":"woodland","source":"generated","method":"jittered grid inside mapped woodland polygons","decorative":true,"surveyed":false,"confidence":"none","order":2523},"geometry":{"type":"Point","coordinates":[-77.0948898,38.7084851]}},{"type":"Feature","properties":{"sprite":"tree-oak","scale":0.8,"cover":"woodland","source":"generated","method":"jittered grid inside mapped woodland polygons","decorative":true,"surveyed":false,"confidence":"none","order":2524},"geometry":{"type":"Point","coordinates":[-77.0927567,38.7084626]}},{"type":"Feature","properties":{"sprite":"tree-elm","scale":0.78,"cover":"woodland","source":"generated","method":"jittered grid inside mapped woodland polygons","decorative":true,"surveyed":false,"confidence":"none","order":2525},"geometry":{"type":"Point","coordinates":[-77.0916811,38.7084506]}},{"type":"Feature","properties":{"sprite":"tree-elm","scale":0.97,"cover":"woodland","source":"generated","method":"jittered grid inside mapped woodland polygons","decorative":true,"surveyed":false,"confidence":"none","order":2526},"geometry":{"type":"Point","coordinates":[-77.0921212,38.7084489]}},{"type":"Feature","properties":{"sprite":"tree-elm","scale":1.08,"cover":"woodland","source":"generated","method":"jittered grid inside mapped woodland polygons","decorative":true,"surveyed":false,"confidence":"none","order":2527},"geometry":{"type":"Point","coordinates":[-77.0817432,38.708439]}},{"type":"Feature","properties":{"sprite":"tree-oak","scale":0.88,"cover":"woodland","source":"generated","method":"jittered grid inside mapped woodland polygons","decorative":true,"surveyed":false,"confidence":"none","order":2528},"geometry":{"type":"Point","coordinates":[-77.0843128,38.708438]}},{"type":"Feature","properties":{"sprite":"tree-oak","scale":0.86,"cover":"woodland","source":"generated","method":"jittered grid inside mapped woodland polygons","decorative":true,"surveyed":false,"confidence":"none","order":2529},"geometry":{"type":"Point","coordinates":[-77.0918552,38.7084376]}},{"type":"Feature","properties":{"sprite":"tree-pine","scale":1.14,"cover":"woodland","source":"generated","method":"jittered grid inside mapped woodland polygons","decorative":true,"surveyed":false,"confidence":"none","order":2530},"geometry":{"type":"Point","coordinates":[-77.0965069,38.7084365]}},{"type":"Feature","properties":{"sprite":"tree-shrub","scale":0.97,"cover":"woodland","source":"generated","method":"jittered grid inside mapped woodland polygons","decorative":true,"surveyed":false,"confidence":"none","order":2531},"geometry":{"type":"Point","coordinates":[-77.0937922,38.7084346]}},{"type":"Feature","properties":{"sprite":"tree-oak","scale":1.12,"cover":"woodland","source":"generated","method":"jittered grid inside mapped woodland polygons","decorative":true,"surveyed":false,"confidence":"none","order":2532},"geometry":{"type":"Point","coordinates":[-77.0951998,38.7084138]}},{"type":"Feature","properties":{"sprite":"tree-oak","scale":0.94,"cover":"woodland","source":"generated","method":"jittered grid inside mapped woodland polygons","decorative":true,"surveyed":false,"confidence":"none","order":2533},"geometry":{"type":"Point","coordinates":[-77.096938,38.708409]}},{"type":"Feature","properties":{"sprite":"tree-oak","scale":0.9,"cover":"woodland","source":"generated","method":"jittered grid inside mapped woodland polygons","decorative":true,"surveyed":false,"confidence":"none","order":2534},"geometry":{"type":"Point","coordinates":[-77.0833803,38.7084053]}},{"type":"Feature","properties":{"sprite":"tree-pine","scale":1.17,"cover":"woodland","source":"generated","method":"jittered grid inside mapped woodland polygons","decorative":true,"surveyed":false,"confidence":"none","order":2535},"geometry":{"type":"Point","coordinates":[-77.0914791,38.7083972]}},{"type":"Feature","properties":{"sprite":"tree-elm","scale":0.79,"cover":"woodland","source":"generated","method":"jittered grid inside mapped woodland polygons","decorative":true,"surveyed":false,"confidence":"none","order":2536},"geometry":{"type":"Point","coordinates":[-77.0827243,38.7083955]}},{"type":"Feature","properties":{"sprite":"tree-pine","scale":0.81,"cover":"woodland","source":"generated","method":"jittered grid inside mapped woodland polygons","decorative":true,"surveyed":false,"confidence":"none","order":2537},"geometry":{"type":"Point","coordinates":[-77.0960482,38.708388]}},{"type":"Feature","properties":{"sprite":"tree-elm","scale":0.92,"cover":"woodland","source":"generated","method":"jittered grid inside mapped woodland polygons","decorative":true,"surveyed":false,"confidence":"none","order":2538},"geometry":{"type":"Point","coordinates":[-77.0823859,38.7083878]}},{"type":"Feature","properties":{"sprite":"tree-oak","scale":1.06,"cover":"woodland","source":"generated","method":"jittered grid inside mapped woodland polygons","decorative":true,"surveyed":false,"confidence":"none","order":2539},"geometry":{"type":"Point","coordinates":[-77.0828563,38.708383]}},{"type":"Feature","properties":{"sprite":"tree-oak","scale":0.99,"cover":"woodland","source":"generated","method":"jittered grid inside mapped woodland polygons","decorative":true,"surveyed":false,"confidence":"none","order":2540},"geometry":{"type":"Point","coordinates":[-77.081196,38.7083782]}},{"type":"Feature","properties":{"sprite":"tree-elm","scale":0.94,"cover":"woodland","source":"generated","method":"jittered grid inside mapped woodland polygons","decorative":true,"surveyed":false,"confidence":"none","order":2541},"geometry":{"type":"Point","coordinates":[-77.0975667,38.7083761]}},{"type":"Feature","properties":{"sprite":"tree-elm","scale":0.83,"cover":"woodland","source":"generated","method":"jittered grid inside mapped woodland polygons","decorative":true,"surveyed":false,"confidence":"none","order":2542},"geometry":{"type":"Point","coordinates":[-77.0926986,38.7083738]}},{"type":"Feature","properties":{"sprite":"tree-pine","scale":0.97,"cover":"woodland","source":"generated","method":"jittered grid inside mapped woodland polygons","decorative":true,"surveyed":false,"confidence":"none","order":2543},"geometry":{"type":"Point","coordinates":[-77.0907542,38.7083599]}},{"type":"Feature","properties":{"sprite":"tree-oak","scale":1.08,"cover":"woodland","source":"generated","method":"jittered grid inside mapped woodland polygons","decorative":true,"surveyed":false,"confidence":"none","order":2544},"geometry":{"type":"Point","coordinates":[-77.0912646,38.708353]}},{"type":"Feature","properties":{"sprite":"tree-pine","scale":1.21,"cover":"woodland","source":"generated","method":"jittered grid inside mapped woodland polygons","decorative":true,"surveyed":false,"confidence":"none","order":2545},"geometry":{"type":"Point","coordinates":[-77.0908897,38.7083515]}},{"type":"Feature","properties":{"sprite":"tree-oak","scale":1.12,"cover":"woodland","source":"generated","method":"jittered grid inside mapped woodland polygons","decorative":true,"surveyed":false,"confidence":"none","order":2546},"geometry":{"type":"Point","coordinates":[-77.0956977,38.7083507]}},{"type":"Feature","properties":{"sprite":"tree-shrub","scale":1.07,"cover":"woodland","source":"generated","method":"jittered grid inside mapped woodland polygons","decorative":true,"surveyed":false,"confidence":"none","order":2547},"geometry":{"type":"Point","coordinates":[-77.0935391,38.7083503]}},{"type":"Feature","properties":{"sprite":"tree-shrub","scale":1.14,"cover":"woodland","source":"generated","method":"jittered grid inside mapped woodland polygons","decorative":true,"surveyed":false,"confidence":"none","order":2548},"geometry":{"type":"Point","coordinates":[-77.0847638,38.7083315]}},{"type":"Feature","properties":{"sprite":"tree-shrub","scale":0.86,"cover":"woodland","source":"generated","method":"jittered grid inside mapped woodland polygons","decorative":true,"surveyed":false,"confidence":"none","order":2549},"geometry":{"type":"Point","coordinates":[-77.089859,38.7083246]}},{"type":"Feature","properties":{"sprite":"tree-shrub","scale":0.84,"cover":"woodland","source":"generated","method":"jittered grid inside mapped woodland polygons","decorative":true,"surveyed":false,"confidence":"none","order":2550},"geometry":{"type":"Point","coordinates":[-77.095403,38.7083229]}},{"type":"Feature","properties":{"sprite":"tree-oak","scale":1.06,"cover":"woodland","source":"generated","method":"jittered grid inside mapped woodland polygons","decorative":true,"surveyed":false,"confidence":"none","order":2551},"geometry":{"type":"Point","coordinates":[-77.0915903,38.7083223]}},{"type":"Feature","properties":{"sprite":"tree-oak","scale":0.99,"cover":"woodland","source":"generated","method":"jittered grid inside mapped woodland polygons","decorative":true,"surveyed":false,"confidence":"none","order":2552},"geometry":{"type":"Point","coordinates":[-77.0926368,38.7083216]}},{"type":"Feature","properties":{"sprite":"tree-oak","scale":1.11,"cover":"woodland","source":"generated","method":"jittered grid inside mapped woodland polygons","decorative":true,"surveyed":false,"confidence":"none","order":2553},"geometry":{"type":"Point","coordinates":[-77.0962506,38.7083192]}},{"type":"Feature","properties":{"sprite":"tree-pine","scale":0.98,"cover":"woodland","source":"generated","method":"jittered grid inside mapped woodland polygons","decorative":true,"surveyed":false,"confidence":"none","order":2554},"geometry":{"type":"Point","coordinates":[-77.0956899,38.7083191]}},{"type":"Feature","properties":{"sprite":"tree-shrub","scale":0.94,"cover":"woodland","source":"generated","method":"jittered grid inside mapped woodland polygons","decorative":true,"surveyed":false,"confidence":"none","order":2555},"geometry":{"type":"Point","coordinates":[-77.0930371,38.708319]}},{"type":"Feature","properties":{"sprite":"tree-elm","scale":0.85,"cover":"woodland","source":"generated","method":"jittered grid inside mapped woodland polygons","decorative":true,"surveyed":false,"confidence":"none","order":2556},"geometry":{"type":"Point","coordinates":[-77.0966589,38.7083139]}},{"type":"Feature","properties":{"sprite":"tree-pine","scale":1.1,"cover":"woodland","source":"generated","method":"jittered grid inside mapped woodland polygons","decorative":true,"surveyed":false,"confidence":"none","order":2557},"geometry":{"type":"Point","coordinates":[-77.0837523,38.7083135]}},{"type":"Feature","properties":{"sprite":"tree-pine","scale":1.01,"cover":"woodland","source":"generated","method":"jittered grid inside mapped woodland polygons","decorative":true,"surveyed":false,"confidence":"none","order":2558},"geometry":{"type":"Point","coordinates":[-77.0834652,38.708313]}},{"type":"Feature","properties":{"sprite":"tree-oak","scale":1.07,"cover":"woodland","source":"generated","method":"jittered grid inside mapped woodland polygons","decorative":true,"surveyed":false,"confidence":"none","order":2559},"geometry":{"type":"Point","coordinates":[-77.0923574,38.7083007]}},{"type":"Feature","properties":{"sprite":"tree-elm","scale":1.16,"cover":"woodland","source":"generated","method":"jittered grid inside mapped woodland polygons","decorative":true,"surveyed":false,"confidence":"none","order":2560},"geometry":{"type":"Point","coordinates":[-77.0911786,38.708298]}},{"type":"Feature","properties":{"sprite":"tree-elm","scale":1.18,"cover":"woodland","source":"generated","method":"jittered grid inside mapped woodland polygons","decorative":true,"surveyed":false,"confidence":"none","order":2561},"geometry":{"type":"Point","coordinates":[-77.0920631,38.7082932]}},{"type":"Feature","properties":{"sprite":"tree-oak","scale":0.9,"cover":"woodland","source":"generated","method":"jittered grid inside mapped woodland polygons","decorative":true,"surveyed":false,"confidence":"none","order":2562},"geometry":{"type":"Point","coordinates":[-77.0939032,38.7082844]}},{"type":"Feature","properties":{"sprite":"tree-elm","scale":0.94,"cover":"woodland","source":"generated","method":"jittered grid inside mapped woodland polygons","decorative":true,"surveyed":false,"confidence":"none","order":2563},"geometry":{"type":"Point","coordinates":[-77.0947777,38.7082772]}},{"type":"Feature","properties":{"sprite":"tree-shrub","scale":0.86,"cover":"woodland","source":"generated","method":"jittered grid inside mapped woodland polygons","decorative":true,"surveyed":false,"confidence":"none","order":2564},"geometry":{"type":"Point","coordinates":[-77.0918601,38.7082755]}},{"type":"Feature","properties":{"sprite":"tree-oak","scale":1.17,"cover":"woodland","source":"generated","method":"jittered grid inside mapped woodland polygons","decorative":true,"surveyed":false,"confidence":"none","order":2565},"geometry":{"type":"Point","coordinates":[-77.0845184,38.7082711]}},{"type":"Feature","properties":{"sprite":"tree-shrub","scale":1.08,"cover":"woodland","source":"generated","method":"jittered grid inside mapped woodland polygons","decorative":true,"surveyed":false,"confidence":"none","order":2566},"geometry":{"type":"Point","coordinates":[-77.0827897,38.7082688]}},{"type":"Feature","properties":{"sprite":"tree-oak","scale":0.82,"cover":"woodland","source":"generated","method":"jittered grid inside mapped woodland polygons","decorative":true,"surveyed":false,"confidence":"none","order":2567},"geometry":{"type":"Point","coordinates":[-77.0952636,38.7082682]}},{"type":"Feature","properties":{"sprite":"tree-pine","scale":1.21,"cover":"woodland","source":"generated","method":"jittered grid inside mapped woodland polygons","decorative":true,"surveyed":false,"confidence":"none","order":2568},"geometry":{"type":"Point","coordinates":[-77.0844161,38.7082573]}},{"type":"Feature","properties":{"sprite":"tree-pine","scale":0.86,"cover":"woodland","source":"generated","method":"jittered grid inside mapped woodland polygons","decorative":true,"surveyed":false,"confidence":"none","order":2569},"geometry":{"type":"Point","coordinates":[-77.0935568,38.7082572]}},{"type":"Feature","properties":{"sprite":"tree-elm","scale":1.08,"cover":"woodland","source":"generated","method":"jittered grid inside mapped woodland polygons","decorative":true,"surveyed":false,"confidence":"none","order":2570},"geometry":{"type":"Point","coordinates":[-77.0839763,38.7082548]}},{"type":"Feature","properties":{"sprite":"tree-pine","scale":1.01,"cover":"woodland","source":"generated","method":"jittered grid inside mapped woodland polygons","decorative":true,"surveyed":false,"confidence":"none","order":2571},"geometry":{"type":"Point","coordinates":[-77.0964312,38.7082529]}},{"type":"Feature","properties":{"sprite":"tree-oak","scale":0.8,"cover":"woodland","source":"generated","method":"jittered grid inside mapped woodland polygons","decorative":true,"surveyed":false,"confidence":"none","order":2572},"geometry":{"type":"Point","coordinates":[-77.090652,38.7082498]}},{"type":"Feature","properties":{"sprite":"tree-oak","scale":1.13,"cover":"woodland","source":"generated","method":"jittered grid inside mapped woodland polygons","decorative":true,"surveyed":false,"confidence":"none","order":2573},"geometry":{"type":"Point","coordinates":[-77.0973204,38.7082489]}},{"type":"Feature","properties":{"sprite":"tree-pine","scale":1.01,"cover":"woodland","source":"generated","method":"jittered grid inside mapped woodland polygons","decorative":true,"surveyed":false,"confidence":"none","order":2574},"geometry":{"type":"Point","coordinates":[-77.0900765,38.7082458]}},{"type":"Feature","properties":{"sprite":"tree-shrub","scale":0.86,"cover":"woodland","source":"generated","method":"jittered grid inside mapped woodland polygons","decorative":true,"surveyed":false,"confidence":"none","order":2575},"geometry":{"type":"Point","coordinates":[-77.0904739,38.7082428]}},{"type":"Feature","properties":{"sprite":"tree-oak","scale":0.91,"cover":"woodland","source":"generated","method":"jittered grid inside mapped woodland polygons","decorative":true,"surveyed":false,"confidence":"none","order":2576},"geometry":{"type":"Point","coordinates":[-77.081887,38.7082164]}},{"type":"Feature","properties":{"sprite":"tree-oak","scale":1.17,"cover":"woodland","source":"generated","method":"jittered grid inside mapped woodland polygons","decorative":true,"surveyed":false,"confidence":"none","order":2577},"geometry":{"type":"Point","coordinates":[-77.0975901,38.7082164]}},{"type":"Feature","properties":{"sprite":"tree-pine","scale":0.99,"cover":"woodland","source":"generated","method":"jittered grid inside mapped woodland polygons","decorative":true,"surveyed":false,"confidence":"none","order":2578},"geometry":{"type":"Point","coordinates":[-77.0909061,38.7082075]}},{"type":"Feature","properties":{"sprite":"tree-elm","scale":0.95,"cover":"woodland","source":"generated","method":"jittered grid inside mapped woodland polygons","decorative":true,"surveyed":false,"confidence":"none","order":2579},"geometry":{"type":"Point","coordinates":[-77.0932797,38.708204]}},{"type":"Feature","properties":{"sprite":"tree-pine","scale":1.2,"cover":"woodland","source":"generated","method":"jittered grid inside mapped woodland polygons","decorative":true,"surveyed":false,"confidence":"none","order":2580},"geometry":{"type":"Point","coordinates":[-77.0942131,38.7081992]}},{"type":"Feature","properties":{"sprite":"tree-oak","scale":0.96,"cover":"woodland","source":"generated","method":"jittered grid inside mapped woodland polygons","decorative":true,"surveyed":false,"confidence":"none","order":2581},"geometry":{"type":"Point","coordinates":[-77.0841451,38.7081948]}},{"type":"Feature","properties":{"sprite":"tree-oak","scale":1.21,"cover":"woodland","source":"generated","method":"jittered grid inside mapped woodland polygons","decorative":true,"surveyed":false,"confidence":"none","order":2582},"geometry":{"type":"Point","coordinates":[-77.0836179,38.7081933]}},{"type":"Feature","properties":{"sprite":"tree-oak","scale":0.93,"cover":"woodland","source":"generated","method":"jittered grid inside mapped woodland polygons","decorative":true,"surveyed":false,"confidence":"none","order":2583},"geometry":{"type":"Point","coordinates":[-77.0943969,38.70819]}},{"type":"Feature","properties":{"sprite":"tree-oak","scale":1.14,"cover":"woodland","source":"generated","method":"jittered grid inside mapped woodland polygons","decorative":true,"surveyed":false,"confidence":"none","order":2584},"geometry":{"type":"Point","coordinates":[-77.0968371,38.7081894]}},{"type":"Feature","properties":{"sprite":"tree-elm","scale":0.78,"cover":"woodland","source":"generated","method":"jittered grid inside mapped woodland polygons","decorative":true,"surveyed":false,"confidence":"none","order":2585},"geometry":{"type":"Point","coordinates":[-77.0925378,38.7081795]}},{"type":"Feature","properties":{"sprite":"tree-shrub","scale":0.82,"cover":"woodland","source":"generated","method":"jittered grid inside mapped woodland polygons","decorative":true,"surveyed":false,"confidence":"none","order":2586},"geometry":{"type":"Point","coordinates":[-77.0825037,38.7081742]}},{"type":"Feature","properties":{"sprite":"tree-oak","scale":1.11,"cover":"woodland","source":"generated","method":"jittered grid inside mapped woodland polygons","decorative":true,"surveyed":false,"confidence":"none","order":2587},"geometry":{"type":"Point","coordinates":[-77.0834775,38.708171]}},{"type":"Feature","properties":{"sprite":"tree-shrub","scale":0.95,"cover":"woodland","source":"generated","method":"jittered grid inside mapped woodland polygons","decorative":true,"surveyed":false,"confidence":"none","order":2588},"geometry":{"type":"Point","coordinates":[-77.0949948,38.7081697]}},{"type":"Feature","properties":{"sprite":"tree-elm","scale":1.16,"cover":"woodland","source":"generated","method":"jittered grid inside mapped woodland polygons","decorative":true,"surveyed":false,"confidence":"none","order":2589},"geometry":{"type":"Point","coordinates":[-77.0977972,38.7081694]}},{"type":"Feature","properties":{"sprite":"tree-oak","scale":1.14,"cover":"woodland","source":"generated","method":"jittered grid inside mapped woodland polygons","decorative":true,"surveyed":false,"confidence":"none","order":2590},"geometry":{"type":"Point","coordinates":[-77.0913811,38.7081688]}},{"type":"Feature","properties":{"sprite":"tree-pine","scale":0.92,"cover":"woodland","source":"generated","method":"jittered grid inside mapped woodland polygons","decorative":true,"surveyed":false,"confidence":"none","order":2591},"geometry":{"type":"Point","coordinates":[-77.0823499,38.7081613]}},{"type":"Feature","properties":{"sprite":"tree-elm","scale":1.03,"cover":"woodland","source":"generated","method":"jittered grid inside mapped woodland polygons","decorative":true,"surveyed":false,"confidence":"none","order":2592},"geometry":{"type":"Point","coordinates":[-77.0946908,38.7081487]}},{"type":"Feature","properties":{"sprite":"tree-shrub","scale":1.21,"cover":"woodland","source":"generated","method":"jittered grid inside mapped woodland polygons","decorative":true,"surveyed":false,"confidence":"none","order":2593},"geometry":{"type":"Point","coordinates":[-77.081692,38.7081477]}},{"type":"Feature","properties":{"sprite":"tree-oak","scale":1.0,"cover":"woodland","source":"generated","method":"jittered grid inside mapped woodland polygons","decorative":true,"surveyed":false,"confidence":"none","order":2594},"geometry":{"type":"Point","coordinates":[-77.0848175,38.7081469]}},{"type":"Feature","properties":{"sprite":"tree-elm","scale":0.85,"cover":"woodland","source":"generated","method":"jittered grid inside mapped woodland polygons","decorative":true,"surveyed":false,"confidence":"none","order":2595},"geometry":{"type":"Point","coordinates":[-77.0961491,38.7081431]}},{"type":"Feature","properties":{"sprite":"tree-oak","scale":0.82,"cover":"woodland","source":"generated","method":"jittered grid inside mapped woodland polygons","decorative":true,"surveyed":false,"confidence":"none","order":2596},"geometry":{"type":"Point","coordinates":[-77.0902781,38.708122]}},{"type":"Feature","properties":{"sprite":"tree-shrub","scale":0.95,"cover":"woodland","source":"generated","method":"jittered grid inside mapped woodland polygons","decorative":true,"surveyed":false,"confidence":"none","order":2597},"geometry":{"type":"Point","coordinates":[-77.0820736,38.7081208]}},{"type":"Feature","properties":{"sprite":"tree-shrub","scale":0.78,"cover":"woodland","source":"generated","method":"jittered grid inside mapped woodland polygons","decorative":true,"surveyed":false,"confidence":"none","order":2598},"geometry":{"type":"Point","coordinates":[-77.0831366,38.7081208]}},{"type":"Feature","properties":{"sprite":"tree-pine","scale":1.17,"cover":"woodland","source":"generated","method":"jittered grid inside mapped woodland polygons","decorative":true,"surveyed":false,"confidence":"none","order":2599},"geometry":{"type":"Point","coordinates":[-77.0912748,38.7081203]}},{"type":"Feature","properties":{"sprite":"tree-elm","scale":0.89,"cover":"woodland","source":"generated","method":"jittered grid inside mapped woodland polygons","decorative":true,"surveyed":false,"confidence":"none","order":2600},"geometry":{"type":"Point","coordinates":[-77.0963445,38.7081057]}},{"type":"Feature","properties":{"sprite":"tree-shrub","scale":0.94,"cover":"woodland","source":"generated","method":"jittered grid inside mapped woodland polygons","decorative":true,"surveyed":false,"confidence":"none","order":2601},"geometry":{"type":"Point","coordinates":[-77.0944416,38.7080982]}},{"type":"Feature","properties":{"sprite":"tree-oak","scale":0.87,"cover":"woodland","source":"generated","method":"jittered grid inside mapped woodland polygons","decorative":true,"surveyed":false,"confidence":"none","order":2602},"geometry":{"type":"Point","coordinates":[-77.0910137,38.7080785]}},{"type":"Feature","properties":{"sprite":"tree-shrub","scale":1.13,"cover":"woodland","source":"generated","method":"jittered grid inside mapped woodland polygons","decorative":true,"surveyed":false,"confidence":"none","order":2603},"geometry":{"type":"Point","coordinates":[-77.0815595,38.7080748]}},{"type":"Feature","properties":{"sprite":"tree-shrub","scale":0.91,"cover":"woodland","source":"generated","method":"jittered grid inside mapped woodland polygons","decorative":true,"surveyed":false,"confidence":"none","order":2604},"geometry":{"type":"Point","coordinates":[-77.0927994,38.7080722]}},{"type":"Feature","properties":{"sprite":"tree-oak","scale":1.11,"cover":"woodland","source":"generated","method":"jittered grid inside mapped woodland polygons","decorative":true,"surveyed":false,"confidence":"none","order":2605},"geometry":{"type":"Point","coordinates":[-77.0971046,38.708065]}},{"type":"Feature","properties":{"sprite":"tree-elm","scale":1.19,"cover":"woodland","source":"generated","method":"jittered grid inside mapped woodland polygons","decorative":true,"surveyed":false,"confidence":"none","order":2606},"geometry":{"type":"Point","coordinates":[-77.0828391,38.7080568]}},{"type":"Feature","properties":{"sprite":"tree-pine","scale":0.94,"cover":"woodland","source":"generated","method":"jittered grid inside mapped woodland polygons","decorative":true,"surveyed":false,"confidence":"none","order":2607},"geometry":{"type":"Point","coordinates":[-77.0826277,38.7080498]}},{"type":"Feature","properties":{"sprite":"tree-oak","scale":1.02,"cover":"woodland","source":"generated","method":"jittered grid inside mapped woodland polygons","decorative":true,"surveyed":false,"confidence":"none","order":2608},"geometry":{"type":"Point","coordinates":[-77.0823251,38.7080474]}},{"type":"Feature","properties":{"sprite":"tree-pine","scale":0.88,"cover":"woodland","source":"generated","method":"jittered grid inside mapped woodland polygons","decorative":true,"surveyed":false,"confidence":"none","order":2609},"geometry":{"type":"Point","coordinates":[-77.090094,38.7080459]}},{"type":"Feature","properties":{"sprite":"tree-oak","scale":1.12,"cover":"woodland","source":"generated","method":"jittered grid inside mapped woodland polygons","decorative":true,"surveyed":false,"confidence":"none","order":2610},"geometry":{"type":"Point","coordinates":[-77.0906855,38.7080367]}},{"type":"Feature","properties":{"sprite":"tree-elm","scale":1.21,"cover":"woodland","source":"generated","method":"jittered grid inside mapped woodland polygons","decorative":true,"surveyed":false,"confidence":"none","order":2611},"geometry":{"type":"Point","coordinates":[-77.0904231,38.7080347]}},{"type":"Feature","properties":{"sprite":"tree-oak","scale":0.78,"cover":"woodland","source":"generated","method":"jittered grid inside mapped woodland polygons","decorative":true,"surveyed":false,"confidence":"none","order":2612},"geometry":{"type":"Point","coordinates":[-77.0846674,38.708034]}},{"type":"Feature","properties":{"sprite":"tree-oak","scale":1.09,"cover":"woodland","source":"generated","method":"jittered grid inside mapped woodland polygons","decorative":true,"surveyed":false,"confidence":"none","order":2613},"geometry":{"type":"Point","coordinates":[-77.0977569,38.7080337]}},{"type":"Feature","properties":{"sprite":"tree-oak","scale":0.9,"cover":"woodland","source":"generated","method":"jittered grid inside mapped woodland polygons","decorative":true,"surveyed":false,"confidence":"none","order":2614},"geometry":{"type":"Point","coordinates":[-77.0831223,38.7080304]}},{"type":"Feature","properties":{"sprite":"tree-oak","scale":0.85,"cover":"woodland","source":"generated","method":"jittered grid inside mapped woodland polygons","decorative":true,"surveyed":false,"confidence":"none","order":2615},"geometry":{"type":"Point","coordinates":[-77.0821103,38.7080266]}},{"type":"Feature","properties":{"sprite":"tree-shrub","scale":0.9,"cover":"woodland","source":"generated","method":"jittered grid inside mapped woodland polygons","decorative":true,"surveyed":false,"confidence":"none","order":2616},"geometry":{"type":"Point","coordinates":[-77.0979728,38.7080261]}},{"type":"Feature","properties":{"sprite":"tree-shrub","scale":1.05,"cover":"woodland","source":"generated","method":"jittered grid inside mapped woodland polygons","decorative":true,"surveyed":false,"confidence":"none","order":2617},"geometry":{"type":"Point","coordinates":[-77.0832969,38.7080245]}},{"type":"Feature","properties":{"sprite":"tree-pine","scale":0.78,"cover":"woodland","source":"generated","method":"jittered grid inside mapped woodland polygons","decorative":true,"surveyed":false,"confidence":"none","order":2618},"geometry":{"type":"Point","coordinates":[-77.0817055,38.7080155]}},{"type":"Feature","properties":{"sprite":"tree-oak","scale":0.91,"cover":"woodland","source":"generated","method":"jittered grid inside mapped woodland polygons","decorative":true,"surveyed":false,"confidence":"none","order":2619},"geometry":{"type":"Point","coordinates":[-77.094296,38.7080151]}},{"type":"Feature","properties":{"sprite":"tree-oak","scale":0.84,"cover":"woodland","source":"generated","method":"jittered grid inside mapped woodland polygons","decorative":true,"surveyed":false,"confidence":"none","order":2620},"geometry":{"type":"Point","coordinates":[-77.0926523,38.7080071]}},{"type":"Feature","properties":{"sprite":"tree-elm","scale":0.93,"cover":"woodland","source":"generated","method":"jittered grid inside mapped woodland polygons","decorative":true,"surveyed":false,"confidence":"none","order":2621},"geometry":{"type":"Point","coordinates":[-77.0939639,38.7080065]}},{"type":"Feature","properties":{"sprite":"tree-oak","scale":0.97,"cover":"woodland","source":"generated","method":"jittered grid inside mapped woodland polygons","decorative":true,"surveyed":false,"confidence":"none","order":2622},"geometry":{"type":"Point","coordinates":[-77.0966769,38.708004]}},{"type":"Feature","properties":{"sprite":"tree-shrub","scale":0.84,"cover":"woodland","source":"generated","method":"jittered grid inside mapped woodland polygons","decorative":true,"surveyed":false,"confidence":"none","order":2623},"geometry":{"type":"Point","coordinates":[-77.095071,38.708004]}},{"type":"Feature","properties":{"sprite":"tree-elm","scale":0.94,"cover":"woodland","source":"generated","method":"jittered grid inside mapped woodland polygons","decorative":true,"surveyed":false,"confidence":"none","order":2624},"geometry":{"type":"Point","coordinates":[-77.0914225,38.708003]}},{"type":"Feature","properties":{"sprite":"tree-shrub","scale":1.13,"cover":"woodland","source":"generated","method":"jittered grid inside mapped woodland polygons","decorative":true,"surveyed":false,"confidence":"none","order":2625},"geometry":{"type":"Point","coordinates":[-77.0936869,38.7080016]}},{"type":"Feature","properties":{"sprite":"tree-oak","scale":1.0,"cover":"woodland","source":"generated","method":"jittered grid inside mapped woodland polygons","decorative":true,"surveyed":false,"confidence":"none","order":2626},"geometry":{"type":"Point","coordinates":[-77.0923574,38.7079907]}},{"type":"Feature","properties":{"sprite":"tree-shrub","scale":1.18,"cover":"woodland","source":"generated","method":"jittered grid inside mapped woodland polygons","decorative":true,"surveyed":false,"confidence":"none","order":2627},"geometry":{"type":"Point","coordinates":[-77.0958993,38.7079901]}},{"type":"Feature","properties":{"sprite":"tree-pine","scale":1.02,"cover":"woodland","source":"generated","method":"jittered grid inside mapped woodland polygons","decorative":true,"surveyed":false,"confidence":"none","order":2628},"geometry":{"type":"Point","coordinates":[-77.0919284,38.7079884]}},{"type":"Feature","properties":{"sprite":"tree-shrub","scale":1.05,"cover":"woodland","source":"generated","method":"jittered grid inside mapped woodland polygons","decorative":true,"surveyed":false,"confidence":"none","order":2629},"geometry":{"type":"Point","coordinates":[-77.0842782,38.7079858]}},{"type":"Feature","properties":{"sprite":"tree-oak","scale":1.03,"cover":"woodland","source":"generated","method":"jittered grid inside mapped woodland polygons","decorative":true,"surveyed":false,"confidence":"none","order":2630},"geometry":{"type":"Point","coordinates":[-77.096873,38.7079665]}},{"type":"Feature","properties":{"sprite":"tree-shrub","scale":0.85,"cover":"woodland","source":"generated","method":"jittered grid inside mapped woodland polygons","decorative":true,"surveyed":false,"confidence":"none","order":2631},"geometry":{"type":"Point","coordinates":[-77.0937279,38.7079616]}},{"type":"Feature","properties":{"sprite":"tree-elm","scale":1.03,"cover":"woodland","source":"generated","method":"jittered grid inside mapped woodland polygons","decorative":true,"surveyed":false,"confidence":"none","order":2632},"geometry":{"type":"Point","coordinates":[-77.0971613,38.707961]}},{"type":"Feature","properties":{"sprite":"tree-pine","scale":1.12,"cover":"woodland","source":"generated","method":"jittered grid inside mapped woodland polygons","decorative":true,"surveyed":false,"confidence":"none","order":2633},"geometry":{"type":"Point","coordinates":[-77.0837497,38.7079607]}},{"type":"Feature","properties":{"sprite":"tree-oak","scale":0.91,"cover":"woodland","source":"generated","method":"jittered grid inside mapped woodland polygons","decorative":true,"surveyed":false,"confidence":"none","order":2634},"geometry":{"type":"Point","coordinates":[-77.0947081,38.7079549]}},{"type":"Feature","properties":{"sprite":"tree-oak","scale":1.1,"cover":"woodland","source":"generated","method":"jittered grid inside mapped woodland polygons","decorative":true,"surveyed":false,"confidence":"none","order":2635},"geometry":{"type":"Point","coordinates":[-77.0946041,38.7079523]}},{"type":"Feature","properties":{"sprite":"tree-oak","scale":1.06,"cover":"woodland","source":"generated","method":"jittered grid inside mapped woodland polygons","decorative":true,"surveyed":false,"confidence":"none","order":2636},"geometry":{"type":"Point","coordinates":[-77.0953703,38.7079479]}},{"type":"Feature","properties":{"sprite":"tree-shrub","scale":0.84,"cover":"woodland","source":"generated","method":"jittered grid inside mapped woodland polygons","decorative":true,"surveyed":false,"confidence":"none","order":2637},"geometry":{"type":"Point","coordinates":[-77.0925324,38.7079428]}},{"type":"Feature","properties":{"sprite":"tree-oak","scale":1.17,"cover":"woodland","source":"generated","method":"jittered grid inside mapped woodland polygons","decorative":true,"surveyed":false,"confidence":"none","order":2638},"geometry":{"type":"Point","coordinates":[-77.0931199,38.7079399]}},{"type":"Feature","properties":{"sprite":"tree-elm","scale":0.82,"cover":"woodland","source":"generated","method":"jittered grid inside mapped woodland polygons","decorative":true,"surveyed":false,"confidence":"none","order":2639},"geometry":{"type":"Point","coordinates":[-77.0819742,38.7079399]}},{"type":"Feature","properties":{"sprite":"tree-pine","scale":0.96,"cover":"woodland","source":"generated","method":"jittered grid inside mapped woodland polygons","decorative":true,"surveyed":false,"confidence":"none","order":2640},"geometry":{"type":"Point","coordinates":[-77.0950526,38.7079324]}},{"type":"Feature","properties":{"sprite":"tree-shrub","scale":0.93,"cover":"woodland","source":"generated","method":"jittered grid inside mapped woodland polygons","decorative":true,"surveyed":false,"confidence":"none","order":2641},"geometry":{"type":"Point","coordinates":[-77.0966718,38.7079305]}},{"type":"Feature","properties":{"sprite":"tree-oak","scale":1.07,"cover":"woodland","source":"generated","method":"jittered grid inside mapped woodland polygons","decorative":true,"surveyed":false,"confidence":"none","order":2642},"geometry":{"type":"Point","coordinates":[-77.0919369,38.7079296]}},{"type":"Feature","properties":{"sprite":"tree-oak","scale":0.91,"cover":"woodland","source":"generated","method":"jittered grid inside mapped woodland polygons","decorative":true,"surveyed":false,"confidence":"none","order":2643},"geometry":{"type":"Point","coordinates":[-77.0955618,38.7079246]}},{"type":"Feature","properties":{"sprite":"tree-oak","scale":1.2,"cover":"woodland","source":"generated","method":"jittered grid inside mapped woodland polygons","decorative":true,"surveyed":false,"confidence":"none","order":2644},"geometry":{"type":"Point","coordinates":[-77.0913076,38.7079195]}},{"type":"Feature","properties":{"sprite":"tree-oak","scale":0.84,"cover":"woodland","source":"generated","method":"jittered grid inside mapped woodland polygons","decorative":true,"surveyed":false,"confidence":"none","order":2645},"geometry":{"type":"Point","coordinates":[-77.094159,38.7079129]}},{"type":"Feature","properties":{"sprite":"tree-elm","scale":1.18,"cover":"woodland","source":"generated","method":"jittered grid inside mapped woodland polygons","decorative":true,"surveyed":false,"confidence":"none","order":2646},"geometry":{"type":"Point","coordinates":[-77.0960569,38.7078975]}},{"type":"Feature","properties":{"sprite":"tree-oak","scale":1.13,"cover":"woodland","source":"generated","method":"jittered grid inside mapped woodland polygons","decorative":true,"surveyed":false,"confidence":"none","order":2647},"geometry":{"type":"Point","coordinates":[-77.0944134,38.7078931]}},{"type":"Feature","properties":{"sprite":"tree-oak","scale":0.97,"cover":"woodland","source":"generated","method":"jittered grid inside mapped woodland polygons","decorative":true,"surveyed":false,"confidence":"none","order":2648},"geometry":{"type":"Point","coordinates":[-77.0819224,38.7078921]}},{"type":"Feature","properties":{"sprite":"tree-shrub","scale":1.1,"cover":"woodland","source":"generated","method":"jittered grid inside mapped woodland polygons","decorative":true,"surveyed":false,"confidence":"none","order":2649},"geometry":{"type":"Point","coordinates":[-77.0905941,38.7078837]}},{"type":"Feature","properties":{"sprite":"tree-oak","scale":0.89,"cover":"woodland","source":"generated","method":"jittered grid inside mapped woodland polygons","decorative":true,"surveyed":false,"confidence":"none","order":2650},"geometry":{"type":"Point","coordinates":[-77.0928687,38.7078721]}},{"type":"Feature","properties":{"sprite":"tree-oak","scale":1.19,"cover":"woodland","source":"generated","method":"jittered grid inside mapped woodland polygons","decorative":true,"surveyed":false,"confidence":"none","order":2651},"geometry":{"type":"Point","coordinates":[-77.0830053,38.7078613]}},{"type":"Feature","properties":{"sprite":"tree-shrub","scale":1.12,"cover":"woodland","source":"generated","method":"jittered grid inside mapped woodland polygons","decorative":true,"surveyed":false,"confidence":"none","order":2652},"geometry":{"type":"Point","coordinates":[-77.0824671,38.7078566]}},{"type":"Feature","properties":{"sprite":"tree-shrub","scale":0.78,"cover":"woodland","source":"generated","method":"jittered grid inside mapped woodland polygons","decorative":true,"surveyed":false,"confidence":"none","order":2653},"geometry":{"type":"Point","coordinates":[-77.0914889,38.7078527]}},{"type":"Feature","properties":{"sprite":"tree-shrub","scale":0.89,"cover":"woodland","source":"generated","method":"jittered grid inside mapped woodland polygons","decorative":true,"surveyed":false,"confidence":"none","order":2654},"geometry":{"type":"Point","coordinates":[-77.082119,38.7078468]}},{"type":"Feature","properties":{"sprite":"tree-oak","scale":1.17,"cover":"woodland","source":"generated","method":"jittered grid inside mapped woodland polygons","decorative":true,"surveyed":false,"confidence":"none","order":2655},"geometry":{"type":"Point","coordinates":[-77.0910371,38.7078459]}},{"type":"Feature","properties":{"sprite":"tree-oak","scale":0.88,"cover":"woodland","source":"generated","method":"jittered grid inside mapped woodland polygons","decorative":true,"surveyed":false,"confidence":"none","order":2656},"geometry":{"type":"Point","coordinates":[-77.0962949,38.707834]}},{"type":"Feature","properties":{"sprite":"tree-elm","scale":1.1,"cover":"woodland","source":"generated","method":"jittered grid inside mapped woodland polygons","decorative":true,"surveyed":false,"confidence":"none","order":2657},"geometry":{"type":"Point","coordinates":[-77.0826636,38.7078339]}},{"type":"Feature","properties":{"sprite":"tree-shrub","scale":1.17,"cover":"woodland","source":"generated","method":"jittered grid inside mapped woodland polygons","decorative":true,"surveyed":false,"confidence":"none","order":2658},"geometry":{"type":"Point","coordinates":[-77.0901676,38.7078242]}},{"type":"Feature","properties":{"sprite":"tree-shrub","scale":1.12,"cover":"woodland","source":"generated","method":"jittered grid inside mapped woodland polygons","decorative":true,"surveyed":false,"confidence":"none","order":2659},"geometry":{"type":"Point","coordinates":[-77.0956622,38.7078231]}},{"type":"Feature","properties":{"sprite":"tree-pine","scale":1.19,"cover":"woodland","source":"generated","method":"jittered grid inside mapped woodland polygons","decorative":true,"surveyed":false,"confidence":"none","order":2660},"geometry":{"type":"Point","coordinates":[-77.0964013,38.7078184]}},{"type":"Feature","properties":{"sprite":"tree-oak","scale":1.21,"cover":"woodland","source":"generated","method":"jittered grid inside mapped woodland polygons","decorative":true,"surveyed":false,"confidence":"none","order":2661},"geometry":{"type":"Point","coordinates":[-77.0903119,38.7078062]}},{"type":"Feature","properties":{"sprite":"tree-elm","scale":0.81,"cover":"woodland","source":"generated","method":"jittered grid inside mapped woodland polygons","decorative":true,"surveyed":false,"confidence":"none","order":2662},"geometry":{"type":"Point","coordinates":[-77.0831941,38.7078053]}},{"type":"Feature","properties":{"sprite":"tree-shrub","scale":0.82,"cover":"woodland","source":"generated","method":"jittered grid inside mapped woodland polygons","decorative":true,"surveyed":false,"confidence":"none","order":2663},"geometry":{"type":"Point","coordinates":[-77.0844445,38.7078016]}},{"type":"Feature","properties":{"sprite":"tree-oak","scale":0.95,"cover":"woodland","source":"generated","method":"jittered grid inside mapped woodland polygons","decorative":true,"surveyed":false,"confidence":"none","order":2664},"geometry":{"type":"Point","coordinates":[-77.0822812,38.707798]}},{"type":"Feature","properties":{"sprite":"tree-pine","scale":0.85,"cover":"woodland","source":"generated","method":"jittered grid inside mapped woodland polygons","decorative":true,"surveyed":false,"confidence":"none","order":2665},"geometry":{"type":"Point","coordinates":[-77.0913107,38.7077853]}},{"type":"Feature","properties":{"sprite":"tree-pine","scale":0.86,"cover":"woodland","source":"generated","method":"jittered grid inside mapped woodland polygons","decorative":true,"surveyed":false,"confidence":"none","order":2666},"geometry":{"type":"Point","coordinates":[-77.0902873,38.7077839]}},{"type":"Feature","properties":{"sprite":"tree-oak","scale":1.01,"cover":"woodland","source":"generated","method":"jittered grid inside mapped woodland polygons","decorative":true,"surveyed":false,"confidence":"none","order":2667},"geometry":{"type":"Point","coordinates":[-77.0950745,38.7077817]}},{"type":"Feature","properties":{"sprite":"tree-pine","scale":0.89,"cover":"woodland","source":"generated","method":"jittered grid inside mapped woodland polygons","decorative":true,"surveyed":false,"confidence":"none","order":2668},"geometry":{"type":"Point","coordinates":[-77.0939657,38.7077691]}},{"type":"Feature","properties":{"sprite":"tree-oak","scale":1.11,"cover":"woodland","source":"generated","method":"jittered grid inside mapped woodland polygons","decorative":true,"surveyed":false,"confidence":"none","order":2669},"geometry":{"type":"Point","coordinates":[-77.0900633,38.7077577]}},{"type":"Feature","properties":{"sprite":"tree-oak","scale":0.83,"cover":"woodland","source":"generated","method":"jittered grid inside mapped woodland polygons","decorative":true,"surveyed":false,"confidence":"none","order":2670},"geometry":{"type":"Point","coordinates":[-77.0931411,38.7077467]}},{"type":"Feature","properties":{"sprite":"tree-elm","scale":0.96,"cover":"woodland","source":"generated","method":"jittered grid inside mapped woodland polygons","decorative":true,"surveyed":false,"confidence":"none","order":2671},"geometry":{"type":"Point","coordinates":[-77.094986,38.7077413]}},{"type":"Feature","properties":{"sprite":"tree-elm","scale":0.9,"cover":"woodland","source":"generated","method":"jittered grid inside mapped woodland polygons","decorative":true,"surveyed":false,"confidence":"none","order":2672},"geometry":{"type":"Point","coordinates":[-77.0827236,38.7077331]}},{"type":"Feature","properties":{"sprite":"tree-oak","scale":1.21,"cover":"woodland","source":"generated","method":"jittered grid inside mapped woodland polygons","decorative":true,"surveyed":false,"confidence":"none","order":2673},"geometry":{"type":"Point","coordinates":[-77.084226,38.707731]}},{"type":"Feature","properties":{"sprite":"tree-shrub","scale":0.83,"cover":"woodland","source":"generated","method":"jittered grid inside mapped woodland polygons","decorative":true,"surveyed":false,"confidence":"none","order":2674},"geometry":{"type":"Point","coordinates":[-77.0960291,38.7077267]}},{"type":"Feature","properties":{"sprite":"tree-oak","scale":1.0,"cover":"woodland","source":"generated","method":"jittered grid inside mapped woodland polygons","decorative":true,"surveyed":false,"confidence":"none","order":2675},"geometry":{"type":"Point","coordinates":[-77.0958389,38.7077193]}},{"type":"Feature","properties":{"sprite":"tree-shrub","scale":1.14,"cover":"woodland","source":"generated","method":"jittered grid inside mapped woodland polygons","decorative":true,"surveyed":false,"confidence":"none","order":2676},"geometry":{"type":"Point","coordinates":[-77.0964573,38.7077045]}},{"type":"Feature","properties":{"sprite":"tree-pine","scale":1.18,"cover":"woodland","source":"generated","method":"jittered grid inside mapped woodland polygons","decorative":true,"surveyed":false,"confidence":"none","order":2677},"geometry":{"type":"Point","coordinates":[-77.0913972,38.7076997]}},{"type":"Feature","properties":{"sprite":"tree-pine","scale":0.88,"cover":"woodland","source":"generated","method":"jittered grid inside mapped woodland polygons","decorative":true,"surveyed":false,"confidence":"none","order":2678},"geometry":{"type":"Point","coordinates":[-77.0835805,38.7076957]}},{"type":"Feature","properties":{"sprite":"tree-elm","scale":1.11,"cover":"woodland","source":"generated","method":"jittered grid inside mapped woodland polygons","decorative":true,"surveyed":false,"confidence":"none","order":2679},"geometry":{"type":"Point","coordinates":[-77.0904941,38.7076869]}},{"type":"Feature","properties":{"sprite":"tree-oak","scale":0.87,"cover":"woodland","source":"generated","method":"jittered grid inside mapped woodland polygons","decorative":true,"surveyed":false,"confidence":"none","order":2680},"geometry":{"type":"Point","coordinates":[-77.0942342,38.707684]}},{"type":"Feature","properties":{"sprite":"tree-oak","scale":1.06,"cover":"woodland","source":"generated","method":"jittered grid inside mapped woodland polygons","decorative":true,"surveyed":false,"confidence":"none","order":2681},"geometry":{"type":"Point","coordinates":[-77.0920781,38.7076814]}},{"type":"Feature","properties":{"sprite":"tree-elm","scale":1.11,"cover":"woodland","source":"generated","method":"jittered grid inside mapped woodland polygons","decorative":true,"surveyed":false,"confidence":"none","order":2682},"geometry":{"type":"Point","coordinates":[-77.0954648,38.7076789]}},{"type":"Feature","properties":{"sprite":"tree-oak","scale":0.93,"cover":"woodland","source":"generated","method":"jittered grid inside mapped woodland polygons","decorative":true,"surveyed":false,"confidence":"none","order":2683},"geometry":{"type":"Point","coordinates":[-77.092515,38.707671]}},{"type":"Feature","properties":{"sprite":"tree-elm","scale":1.0,"cover":"woodland","source":"generated","method":"jittered grid inside mapped woodland polygons","decorative":true,"surveyed":false,"confidence":"none","order":2684},"geometry":{"type":"Point","coordinates":[-77.0916093,38.7076688]}},{"type":"Feature","properties":{"sprite":"tree-shrub","scale":1.03,"cover":"woodland","source":"generated","method":"jittered grid inside mapped woodland polygons","decorative":true,"surveyed":false,"confidence":"none","order":2685},"geometry":{"type":"Point","coordinates":[-77.0963242,38.7076521]}},{"type":"Feature","properties":{"sprite":"tree-shrub","scale":1.02,"cover":"woodland","source":"generated","method":"jittered grid inside mapped woodland polygons","decorative":true,"surveyed":false,"confidence":"none","order":2686},"geometry":{"type":"Point","coordinates":[-77.0947195,38.7076498]}},{"type":"Feature","properties":{"sprite":"tree-oak","scale":0.85,"cover":"woodland","source":"generated","method":"jittered grid inside mapped woodland polygons","decorative":true,"surveyed":false,"confidence":"none","order":2687},"geometry":{"type":"Point","coordinates":[-77.0923175,38.7076455]}},{"type":"Feature","properties":{"sprite":"tree-shrub","scale":0.92,"cover":"woodland","source":"generated","method":"jittered grid inside mapped woodland polygons","decorative":true,"surveyed":false,"confidence":"none","order":2688},"geometry":{"type":"Point","coordinates":[-77.0824782,38.707641]}},{"type":"Feature","properties":{"sprite":"tree-pine","scale":1.07,"cover":"woodland","source":"generated","method":"jittered grid inside mapped woodland polygons","decorative":true,"surveyed":false,"confidence":"none","order":2689},"geometry":{"type":"Point","coordinates":[-77.093506,38.7076396]}},{"type":"Feature","properties":{"sprite":"tree-oak","scale":0.83,"cover":"woodland","source":"generated","method":"jittered grid inside mapped woodland polygons","decorative":true,"surveyed":false,"confidence":"none","order":2690},"geometry":{"type":"Point","coordinates":[-77.0943771,38.7076394]}},{"type":"Feature","properties":{"sprite":"tree-elm","scale":0.89,"cover":"woodland","source":"generated","method":"jittered grid inside mapped woodland polygons","decorative":true,"surveyed":false,"confidence":"none","order":2691},"geometry":{"type":"Point","coordinates":[-77.0927597,38.7076394]}},{"type":"Feature","properties":{"sprite":"tree-shrub","scale":0.81,"cover":"woodland","source":"generated","method":"jittered grid inside mapped woodland polygons","decorative":true,"surveyed":false,"confidence":"none","order":2692},"geometry":{"type":"Point","coordinates":[-77.0898637,38.7076387]}},{"type":"Feature","properties":{"sprite":"tree-oak","scale":1.18,"cover":"woodland","source":"generated","method":"jittered grid inside mapped woodland polygons","decorative":true,"surveyed":false,"confidence":"none","order":2693},"geometry":{"type":"Point","coordinates":[-77.0955892,38.7076299]}},{"type":"Feature","properties":{"sprite":"tree-oak","scale":1.11,"cover":"woodland","source":"generated","method":"jittered grid inside mapped woodland polygons","decorative":true,"surveyed":false,"confidence":"none","order":2694},"geometry":{"type":"Point","coordinates":[-77.083105,38.7076151]}},{"type":"Feature","properties":{"sprite":"tree-oak","scale":0.91,"cover":"woodland","source":"generated","method":"jittered grid inside mapped woodland polygons","decorative":true,"surveyed":false,"confidence":"none","order":2695},"geometry":{"type":"Point","coordinates":[-77.0964622,38.7076035]}},{"type":"Feature","properties":{"sprite":"tree-elm","scale":1.03,"cover":"woodland","source":"generated","method":"jittered grid inside mapped woodland polygons","decorative":true,"surveyed":false,"confidence":"none","order":2696},"geometry":{"type":"Point","coordinates":[-77.0915127,38.707593]}},{"type":"Feature","properties":{"sprite":"tree-elm","scale":1.0,"cover":"woodland","source":"generated","method":"jittered grid inside mapped woodland polygons","decorative":true,"surveyed":false,"confidence":"none","order":2697},"geometry":{"type":"Point","coordinates":[-77.0937041,38.7075882]}},{"type":"Feature","properties":{"sprite":"tree-elm","scale":1.21,"cover":"woodland","source":"generated","method":"jittered grid inside mapped woodland polygons","decorative":true,"surveyed":false,"confidence":"none","order":2698},"geometry":{"type":"Point","coordinates":[-77.0904757,38.707577]}},{"type":"Feature","properties":{"sprite":"tree-oak","scale":1.01,"cover":"woodland","source":"generated","method":"jittered grid inside mapped woodland polygons","decorative":true,"surveyed":false,"confidence":"none","order":2699},"geometry":{"type":"Point","coordinates":[-77.0925254,38.7075762]}},{"type":"Feature","properties":{"sprite":"tree-shrub","scale":1.14,"cover":"woodland","source":"generated","method":"jittered grid inside mapped woodland polygons","decorative":true,"surveyed":false,"confidence":"none","order":2700},"geometry":{"type":"Point","coordinates":[-77.0905356,38.7075738]}},{"type":"Feature","properties":{"sprite":"tree-elm","scale":1.11,"cover":"woodland","source":"generated","method":"jittered grid inside mapped woodland polygons","decorative":true,"surveyed":false,"confidence":"none","order":2701},"geometry":{"type":"Point","coordinates":[-77.0933337,38.7075679]}},{"type":"Feature","properties":{"sprite":"tree-shrub","scale":1.11,"cover":"woodland","source":"generated","method":"jittered grid inside mapped woodland polygons","decorative":true,"surveyed":false,"confidence":"none","order":2702},"geometry":{"type":"Point","coordinates":[-77.0929432,38.7075599]}},{"type":"Feature","properties":{"sprite":"tree-shrub","scale":0.85,"cover":"woodland","source":"generated","method":"jittered grid inside mapped woodland polygons","decorative":true,"surveyed":false,"confidence":"none","order":2703},"geometry":{"type":"Point","coordinates":[-77.0918928,38.7075528]}},{"type":"Feature","properties":{"sprite":"tree-shrub","scale":0.83,"cover":"woodland","source":"generated","method":"jittered grid inside mapped woodland polygons","decorative":true,"surveyed":false,"confidence":"none","order":2704},"geometry":{"type":"Point","coordinates":[-77.083486,38.7075512]}},{"type":"Feature","properties":{"sprite":"tree-pine","scale":1.22,"cover":"woodland","source":"generated","method":"jittered grid inside mapped woodland polygons","decorative":true,"surveyed":false,"confidence":"none","order":2705},"geometry":{"type":"Point","coordinates":[-77.0923283,38.7075483]}},{"type":"Feature","properties":{"sprite":"tree-pine","scale":0.98,"cover":"woodland","source":"generated","method":"jittered grid inside mapped woodland polygons","decorative":true,"surveyed":false,"confidence":"none","order":2706},"geometry":{"type":"Point","coordinates":[-77.0901704,38.7075458]}},{"type":"Feature","properties":{"sprite":"tree-elm","scale":0.83,"cover":"woodland","source":"generated","method":"jittered grid inside mapped woodland polygons","decorative":true,"surveyed":false,"confidence":"none","order":2707},"geometry":{"type":"Point","coordinates":[-77.0828091,38.7075445]}},{"type":"Feature","properties":{"sprite":"tree-oak","scale":0.86,"cover":"woodland","source":"generated","method":"jittered grid inside mapped woodland polygons","decorative":true,"surveyed":false,"confidence":"none","order":2708},"geometry":{"type":"Point","coordinates":[-77.093902,38.7075443]}},{"type":"Feature","properties":{"sprite":"tree-oak","scale":0.83,"cover":"woodland","source":"generated","method":"jittered grid inside mapped woodland polygons","decorative":true,"surveyed":false,"confidence":"none","order":2709},"geometry":{"type":"Point","coordinates":[-77.0951132,38.7075404]}},{"type":"Feature","properties":{"sprite":"tree-pine","scale":0.87,"cover":"woodland","source":"generated","method":"jittered grid inside mapped woodland polygons","decorative":true,"surveyed":false,"confidence":"none","order":2710},"geometry":{"type":"Point","coordinates":[-77.0943441,38.7075402]}},{"type":"Feature","properties":{"sprite":"tree-shrub","scale":0.9,"cover":"woodland","source":"generated","method":"jittered grid inside mapped woodland polygons","decorative":true,"surveyed":false,"confidence":"none","order":2711},"geometry":{"type":"Point","coordinates":[-77.093249,38.7075317]}},{"type":"Feature","properties":{"sprite":"tree-elm","scale":1.11,"cover":"woodland","source":"generated","method":"jittered grid inside mapped woodland polygons","decorative":true,"surveyed":false,"confidence":"none","order":2712},"geometry":{"type":"Point","coordinates":[-77.0913469,38.7075292]}},{"type":"Feature","properties":{"sprite":"tree-oak","scale":0.91,"cover":"woodland","source":"generated","method":"jittered grid inside mapped woodland polygons","decorative":true,"surveyed":false,"confidence":"none","order":2713},"geometry":{"type":"Point","coordinates":[-77.0962423,38.7075264]}},{"type":"Feature","properties":{"sprite":"tree-oak","scale":1.21,"cover":"woodland","source":"generated","method":"jittered grid inside mapped woodland polygons","decorative":true,"surveyed":false,"confidence":"none","order":2714},"geometry":{"type":"Point","coordinates":[-77.0845226,38.7075263]}},{"type":"Feature","properties":{"sprite":"tree-pine","scale":0.93,"cover":"woodland","source":"generated","method":"jittered grid inside mapped woodland polygons","decorative":true,"surveyed":false,"confidence":"none","order":2715},"geometry":{"type":"Point","coordinates":[-77.090767,38.7075228]}},{"type":"Feature","properties":{"sprite":"tree-shrub","scale":0.86,"cover":"woodland","source":"generated","method":"jittered grid inside mapped woodland polygons","decorative":true,"surveyed":false,"confidence":"none","order":2716},"geometry":{"type":"Point","coordinates":[-77.0911554,38.7075038]}},{"type":"Feature","properties":{"sprite":"tree-elm","scale":0.97,"cover":"woodland","source":"generated","method":"jittered grid inside mapped woodland polygons","decorative":true,"surveyed":false,"confidence":"none","order":2717},"geometry":{"type":"Point","coordinates":[-77.094667,38.7075013]}},{"type":"Feature","properties":{"sprite":"tree-pine","scale":1.16,"cover":"woodland","source":"generated","method":"jittered grid inside mapped woodland polygons","decorative":true,"surveyed":false,"confidence":"none","order":2718},"geometry":{"type":"Point","coordinates":[-77.0954525,38.7074965]}},{"type":"Feature","properties":{"sprite":"tree-shrub","scale":1.09,"cover":"woodland","source":"generated","method":"jittered grid inside mapped woodland polygons","decorative":true,"surveyed":false,"confidence":"none","order":2719},"geometry":{"type":"Point","coordinates":[-77.0941053,38.7074944]}},{"type":"Feature","properties":{"sprite":"tree-oak","scale":0.92,"cover":"woodland","source":"generated","method":"jittered grid inside mapped woodland polygons","decorative":true,"surveyed":false,"confidence":"none","order":2720},"geometry":{"type":"Point","coordinates":[-77.0926833,38.7074942]}},{"type":"Feature","properties":{"sprite":"tree-shrub","scale":1.04,"cover":"woodland","source":"generated","method":"jittered grid inside mapped woodland polygons","decorative":true,"surveyed":false,"confidence":"none","order":2721},"geometry":{"type":"Point","coordinates":[-77.0948342,38.7074924]}},{"type":"Feature","properties":{"sprite":"tree-oak","scale":1.03,"cover":"woodland","source":"generated","method":"jittered grid inside mapped woodland polygons","decorative":true,"surveyed":false,"confidence":"none","order":2722},"geometry":{"type":"Point","coordinates":[-77.0844376,38.7074804]}},{"type":"Feature","properties":{"sprite":"tree-shrub","scale":0.87,"cover":"woodland","source":"generated","method":"jittered grid inside mapped woodland polygons","decorative":true,"surveyed":false,"confidence":"none","order":2723},"geometry":{"type":"Point","coordinates":[-77.0841556,38.7074721]}},{"type":"Feature","properties":{"sprite":"tree-pine","scale":1.12,"cover":"woodland","source":"generated","method":"jittered grid inside mapped woodland polygons","decorative":true,"surveyed":false,"confidence":"none","order":2724},"geometry":{"type":"Point","coordinates":[-77.0899954,38.7074675]}},{"type":"Feature","properties":{"sprite":"tree-shrub","scale":1.03,"cover":"woodland","source":"generated","method":"jittered grid inside mapped woodland polygons","decorative":true,"surveyed":false,"confidence":"none","order":2725},"geometry":{"type":"Point","coordinates":[-77.0953269,38.7074494]}},{"type":"Feature","properties":{"sprite":"tree-pine","scale":0.99,"cover":"woodland","source":"generated","method":"jittered grid inside mapped woodland polygons","decorative":true,"surveyed":false,"confidence":"none","order":2726},"geometry":{"type":"Point","coordinates":[-77.0830741,38.7074244]}},{"type":"Feature","properties":{"sprite":"tree-oak","scale":0.86,"cover":"woodland","source":"generated","method":"jittered grid inside mapped woodland polygons","decorative":true,"surveyed":false,"confidence":"none","order":2727},"geometry":{"type":"Point","coordinates":[-77.0899565,38.7074176]}},{"type":"Feature","properties":{"sprite":"tree-oak","scale":1.0,"cover":"woodland","source":"generated","method":"jittered grid inside mapped woodland polygons","decorative":true,"surveyed":false,"confidence":"none","order":2728},"geometry":{"type":"Point","coordinates":[-77.0950515,38.7074147]}},{"type":"Feature","properties":{"sprite":"tree-elm","scale":0.9,"cover":"woodland","source":"generated","method":"jittered grid inside mapped woodland polygons","decorative":true,"surveyed":false,"confidence":"none","order":2729},"geometry":{"type":"Point","coordinates":[-77.0949303,38.7074009]}},{"type":"Feature","properties":{"sprite":"tree-elm","scale":1.09,"cover":"woodland","source":"generated","method":"jittered grid inside mapped woodland polygons","decorative":true,"surveyed":false,"confidence":"none","order":2730},"geometry":{"type":"Point","coordinates":[-77.092512,38.7073905]}},{"type":"Feature","properties":{"sprite":"tree-elm","scale":1.16,"cover":"woodland","source":"generated","method":"jittered grid inside mapped woodland polygons","decorative":true,"surveyed":false,"confidence":"none","order":2731},"geometry":{"type":"Point","coordinates":[-77.0912461,38.70738]}},{"type":"Feature","properties":{"sprite":"tree-oak","scale":1.19,"cover":"woodland","source":"generated","method":"jittered grid inside mapped woodland polygons","decorative":true,"surveyed":false,"confidence":"none","order":2732},"geometry":{"type":"Point","coordinates":[-77.09177,38.7073654]}},{"type":"Feature","properties":{"sprite":"tree-oak","scale":1.09,"cover":"woodland","source":"generated","method":"jittered grid inside mapped woodland polygons","decorative":true,"surveyed":false,"confidence":"none","order":2733},"geometry":{"type":"Point","coordinates":[-77.0919522,38.7073625]}},{"type":"Feature","properties":{"sprite":"tree-shrub","scale":1.16,"cover":"woodland","source":"generated","method":"jittered grid inside mapped woodland polygons","decorative":true,"surveyed":false,"confidence":"none","order":2734},"geometry":{"type":"Point","coordinates":[-77.0930561,38.7073522]}},{"type":"Feature","properties":{"sprite":"tree-shrub","scale":1.21,"cover":"woodland","source":"generated","method":"jittered grid inside mapped woodland polygons","decorative":true,"surveyed":false,"confidence":"none","order":2735},"geometry":{"type":"Point","coordinates":[-77.083845,38.7073479]}},{"type":"Feature","properties":{"sprite":"tree-elm","scale":1.01,"cover":"woodland","source":"generated","method":"jittered grid inside mapped woodland polygons","decorative":true,"surveyed":false,"confidence":"none","order":2736},"geometry":{"type":"Point","coordinates":[-77.092936,38.7073418]}},{"type":"Feature","properties":{"sprite":"tree-pine","scale":1.1,"cover":"woodland","source":"generated","method":"jittered grid inside mapped woodland polygons","decorative":true,"surveyed":false,"confidence":"none","order":2737},"geometry":{"type":"Point","coordinates":[-77.0840408,38.7073381]}},{"type":"Feature","properties":{"sprite":"tree-oak","scale":0.85,"cover":"woodland","source":"generated","method":"jittered grid inside mapped woodland polygons","decorative":true,"surveyed":false,"confidence":"none","order":2738},"geometry":{"type":"Point","coordinates":[-77.093574,38.7073107]}},{"type":"Feature","properties":{"sprite":"tree-pine","scale":0.99,"cover":"woodland","source":"generated","method":"jittered grid inside mapped woodland polygons","decorative":true,"surveyed":false,"confidence":"none","order":2739},"geometry":{"type":"Point","coordinates":[-77.0940972,38.7073005]}},{"type":"Feature","properties":{"sprite":"tree-shrub","scale":1.1,"cover":"woodland","source":"generated","method":"jittered grid inside mapped woodland polygons","decorative":true,"surveyed":false,"confidence":"none","order":2740},"geometry":{"type":"Point","coordinates":[-77.0913783,38.7072901]}},{"type":"Feature","properties":{"sprite":"tree-oak","scale":1.01,"cover":"woodland","source":"generated","method":"jittered grid inside mapped woodland polygons","decorative":true,"surveyed":false,"confidence":"none","order":2741},"geometry":{"type":"Point","coordinates":[-77.0944288,38.7072872]}},{"type":"Feature","properties":{"sprite":"tree-oak","scale":1.01,"cover":"woodland","source":"generated","method":"jittered grid inside mapped woodland polygons","decorative":true,"surveyed":false,"confidence":"none","order":2742},"geometry":{"type":"Point","coordinates":[-77.0933075,38.7072846]}},{"type":"Feature","properties":{"sprite":"tree-pine","scale":0.84,"cover":"woodland","source":"generated","method":"jittered grid inside mapped woodland polygons","decorative":true,"surveyed":false,"confidence":"none","order":2743},"geometry":{"type":"Point","coordinates":[-77.0904358,38.7072825]}},{"type":"Feature","properties":{"sprite":"tree-pine","scale":0.97,"cover":"woodland","source":"generated","method":"jittered grid inside mapped woodland polygons","decorative":true,"surveyed":false,"confidence":"none","order":2744},"geometry":{"type":"Point","coordinates":[-77.0902853,38.7072711]}},{"type":"Feature","properties":{"sprite":"tree-oak","scale":0.95,"cover":"woodland","source":"generated","method":"jittered grid inside mapped woodland polygons","decorative":true,"surveyed":false,"confidence":"none","order":2745},"geometry":{"type":"Point","coordinates":[-77.0909877,38.7072637]}},{"type":"Feature","properties":{"sprite":"tree-elm","scale":1.04,"cover":"woodland","source":"generated","method":"jittered grid inside mapped woodland polygons","decorative":true,"surveyed":false,"confidence":"none","order":2746},"geometry":{"type":"Point","coordinates":[-77.0907668,38.7072447]}},{"type":"Feature","properties":{"sprite":"tree-oak","scale":0.94,"cover":"woodland","source":"generated","method":"jittered grid inside mapped woodland polygons","decorative":true,"surveyed":false,"confidence":"none","order":2747},"geometry":{"type":"Point","coordinates":[-77.09061,38.7072361]}},{"type":"Feature","properties":{"sprite":"tree-shrub","scale":1.09,"cover":"woodland","source":"generated","method":"jittered grid inside mapped woodland polygons","decorative":true,"surveyed":false,"confidence":"none","order":2748},"geometry":{"type":"Point","coordinates":[-77.0920319,38.7072356]}},{"type":"Feature","properties":{"sprite":"tree-shrub","scale":0.81,"cover":"woodland","source":"generated","method":"jittered grid inside mapped woodland polygons","decorative":true,"surveyed":false,"confidence":"none","order":2749},"geometry":{"type":"Point","coordinates":[-77.0903801,38.7072326]}},{"type":"Feature","properties":{"sprite":"tree-elm","scale":1.06,"cover":"woodland","source":"generated","method":"jittered grid inside mapped woodland polygons","decorative":true,"surveyed":false,"confidence":"none","order":2750},"geometry":{"type":"Point","coordinates":[-77.0939605,38.7072258]}},{"type":"Feature","properties":{"sprite":"tree-oak","scale":1.14,"cover":"woodland","source":"generated","method":"jittered grid inside mapped woodland polygons","decorative":true,"surveyed":false,"confidence":"none","order":2751},"geometry":{"type":"Point","coordinates":[-77.0954281,38.7072105]}},{"type":"Feature","properties":{"sprite":"tree-oak","scale":0.9,"cover":"woodland","source":"generated","method":"jittered grid inside mapped woodland polygons","decorative":true,"surveyed":false,"confidence":"none","order":2752},"geometry":{"type":"Point","coordinates":[-77.0899899,38.7071923]}},{"type":"Feature","properties":{"sprite":"tree-pine","scale":0.78,"cover":"woodland","source":"generated","method":"jittered grid inside mapped woodland polygons","decorative":true,"surveyed":false,"confidence":"none","order":2753},"geometry":{"type":"Point","coordinates":[-77.0931168,38.7071875]}},{"type":"Feature","properties":{"sprite":"tree-shrub","scale":0.89,"cover":"woodland","source":"generated","method":"jittered grid inside mapped woodland polygons","decorative":true,"surveyed":false,"confidence":"none","order":2754},"geometry":{"type":"Point","coordinates":[-77.0944428,38.7071748]}},{"type":"Feature","properties":{"sprite":"tree-elm","scale":0.79,"cover":"woodland","source":"generated","method":"jittered grid inside mapped woodland polygons","decorative":true,"surveyed":false,"confidence":"none","order":2755},"geometry":{"type":"Point","coordinates":[-77.0918626,38.7071701]}},{"type":"Feature","properties":{"sprite":"tree-oak","scale":0.79,"cover":"woodland","source":"generated","method":"jittered grid inside mapped woodland polygons","decorative":true,"surveyed":false,"confidence":"none","order":2756},"geometry":{"type":"Point","coordinates":[-77.094981,38.7071683]}},{"type":"Feature","properties":{"sprite":"tree-elm","scale":0.83,"cover":"woodland","source":"generated","method":"jittered grid inside mapped woodland polygons","decorative":true,"surveyed":false,"confidence":"none","order":2757},"geometry":{"type":"Point","coordinates":[-77.0941555,38.707156]}},{"type":"Feature","properties":{"sprite":"tree-oak","scale":0.9,"cover":"woodland","source":"generated","method":"jittered grid inside mapped woodland polygons","decorative":true,"surveyed":false,"confidence":"none","order":2758},"geometry":{"type":"Point","coordinates":[-77.0926379,38.7071537]}},{"type":"Feature","properties":{"sprite":"tree-shrub","scale":1.17,"cover":"woodland","source":"generated","method":"jittered grid inside mapped woodland polygons","decorative":true,"surveyed":false,"confidence":"none","order":2759},"geometry":{"type":"Point","coordinates":[-77.0922941,38.7071521]}},{"type":"Feature","properties":{"sprite":"tree-oak","scale":1.19,"cover":"woodland","source":"generated","method":"jittered grid inside mapped woodland polygons","decorative":true,"surveyed":false,"confidence":"none","order":2760},"geometry":{"type":"Point","coordinates":[-77.0901747,38.7071514]}},{"type":"Feature","properties":{"sprite":"tree-pine","scale":0.83,"cover":"woodland","source":"generated","method":"jittered grid inside mapped woodland polygons","decorative":true,"surveyed":false,"confidence":"none","order":2761},"geometry":{"type":"Point","coordinates":[-77.0925493,38.7071367]}},{"type":"Feature","properties":{"sprite":"tree-elm","scale":1.17,"cover":"woodland","source":"generated","method":"jittered grid inside mapped woodland polygons","decorative":true,"surveyed":false,"confidence":"none","order":2762},"geometry":{"type":"Point","coordinates":[-77.0897067,38.7071082]}},{"type":"Feature","properties":{"sprite":"tree-oak","scale":1.05,"cover":"woodland","source":"generated","method":"jittered grid inside mapped woodland polygons","decorative":true,"surveyed":false,"confidence":"none","order":2763},"geometry":{"type":"Point","coordinates":[-77.0952578,38.707099]}},{"type":"Feature","properties":{"sprite":"tree-elm","scale":1.11,"cover":"woodland","source":"generated","method":"jittered grid inside mapped woodland polygons","decorative":true,"surveyed":false,"confidence":"none","order":2764},"geometry":{"type":"Point","coordinates":[-77.0947444,38.707089]}},{"type":"Feature","properties":{"sprite":"tree-elm","scale":1.11,"cover":"woodland","source":"generated","method":"jittered grid inside mapped woodland polygons","decorative":true,"surveyed":false,"confidence":"none","order":2765},"geometry":{"type":"Point","coordinates":[-77.0933693,38.7070868]}},{"type":"Feature","properties":{"sprite":"tree-oak","scale":0.92,"cover":"woodland","source":"generated","method":"jittered grid inside mapped woodland polygons","decorative":true,"surveyed":false,"confidence":"none","order":2766},"geometry":{"type":"Point","coordinates":[-77.0894794,38.7070866]}},{"type":"Feature","properties":{"sprite":"tree-elm","scale":1.08,"cover":"woodland","source":"generated","method":"jittered grid inside mapped woodland polygons","decorative":true,"surveyed":false,"confidence":"none","order":2767},"geometry":{"type":"Point","coordinates":[-77.0904513,38.7070538]}},{"type":"Feature","properties":{"sprite":"tree-oak","scale":1.02,"cover":"woodland","source":"generated","method":"jittered grid inside mapped woodland polygons","decorative":true,"surveyed":false,"confidence":"none","order":2768},"geometry":{"type":"Point","coordinates":[-77.090272,38.7070523]}},{"type":"Feature","properties":{"sprite":"tree-oak","scale":0.8,"cover":"woodland","source":"generated","method":"jittered grid inside mapped woodland polygons","decorative":true,"surveyed":false,"confidence":"none","order":2769},"geometry":{"type":"Point","coordinates":[-77.0897817,38.7070512]}},{"type":"Feature","properties":{"sprite":"tree-elm","scale":0.84,"cover":"woodland","source":"generated","method":"jittered grid inside mapped woodland polygons","decorative":true,"surveyed":false,"confidence":"none","order":2770},"geometry":{"type":"Point","coordinates":[-77.0937651,38.7070287]}},{"type":"Feature","properties":{"sprite":"tree-oak","scale":1.11,"cover":"woodland","source":"generated","method":"jittered grid inside mapped woodland polygons","decorative":true,"surveyed":false,"confidence":"none","order":2771},"geometry":{"type":"Point","coordinates":[-77.094894,38.7070181]}},{"type":"Feature","properties":{"sprite":"tree-oak","scale":0.89,"cover":"woodland","source":"generated","method":"jittered grid inside mapped woodland polygons","decorative":true,"surveyed":false,"confidence":"none","order":2772},"geometry":{"type":"Point","coordinates":[-77.0893897,38.7069968]}},{"type":"Feature","properties":{"sprite":"tree-oak","scale":0.82,"cover":"woodland","source":"generated","method":"jittered grid inside mapped woodland polygons","decorative":true,"surveyed":false,"confidence":"none","order":2773},"geometry":{"type":"Point","coordinates":[-77.0935651,38.7069877]}},{"type":"Feature","properties":{"sprite":"tree-elm","scale":0.98,"cover":"woodland","source":"generated","method":"jittered grid inside mapped woodland polygons","decorative":true,"surveyed":false,"confidence":"none","order":2774},"geometry":{"type":"Point","coordinates":[-77.0929035,38.7069756]}},{"type":"Feature","properties":{"sprite":"tree-oak","scale":0.9,"cover":"woodland","source":"generated","method":"jittered grid inside mapped woodland polygons","decorative":true,"surveyed":false,"confidence":"none","order":2775},"geometry":{"type":"Point","coordinates":[-77.0915924,38.706964]}},{"type":"Feature","properties":{"sprite":"tree-shrub","scale":1.06,"cover":"woodland","source":"generated","method":"jittered grid inside mapped woodland polygons","decorative":true,"surveyed":false,"confidence":"none","order":2776},"geometry":{"type":"Point","coordinates":[-77.094629,38.7069626]}},{"type":"Feature","properties":{"sprite":"tree-oak","scale":0.8,"cover":"woodland","source":"generated","method":"jittered grid inside mapped woodland polygons","decorative":true,"surveyed":false,"confidence":"none","order":2777},"geometry":{"type":"Point","coordinates":[-77.0924721,38.7069601]}},{"type":"Feature","properties":{"sprite":"tree-elm","scale":0.82,"cover":"woodland","source":"generated","method":"jittered grid inside mapped woodland polygons","decorative":true,"surveyed":false,"confidence":"none","order":2778},"geometry":{"type":"Point","coordinates":[-77.090809,38.7069588]}},{"type":"Feature","properties":{"sprite":"tree-shrub","scale":1.08,"cover":"woodland","source":"generated","method":"jittered grid inside mapped woodland polygons","decorative":true,"surveyed":false,"confidence":"none","order":2779},"geometry":{"type":"Point","coordinates":[-77.0942656,38.7069468]}},{"type":"Feature","properties":{"sprite":"tree-shrub","scale":1.21,"cover":"woodland","source":"generated","method":"jittered grid inside mapped woodland polygons","decorative":true,"surveyed":false,"confidence":"none","order":2780},"geometry":{"type":"Point","coordinates":[-77.0938926,38.7069339]}},{"type":"Feature","properties":{"sprite":"tree-oak","scale":1.08,"cover":"woodland","source":"generated","method":"jittered grid inside mapped woodland polygons","decorative":true,"surveyed":false,"confidence":"none","order":2781},"geometry":{"type":"Point","coordinates":[-77.0951559,38.7069292]}},{"type":"Feature","properties":{"sprite":"tree-shrub","scale":1.06,"cover":"woodland","source":"generated","method":"jittered grid inside mapped woodland polygons","decorative":true,"surveyed":false,"confidence":"none","order":2782},"geometry":{"type":"Point","coordinates":[-77.093165,38.706927]}},{"type":"Feature","properties":{"sprite":"tree-elm","scale":1.2,"cover":"woodland","source":"generated","method":"jittered grid inside mapped woodland polygons","decorative":true,"surveyed":false,"confidence":"none","order":2783},"geometry":{"type":"Point","coordinates":[-77.0865218,38.706925]}},{"type":"Feature","properties":{"sprite":"tree-shrub","scale":0.79,"cover":"woodland","source":"generated","method":"jittered grid inside mapped woodland polygons","decorative":true,"surveyed":false,"confidence":"none","order":2784},"geometry":{"type":"Point","coordinates":[-77.0891786,38.7069173]}},{"type":"Feature","properties":{"sprite":"tree-oak","scale":0.9,"cover":"woodland","source":"generated","method":"jittered grid inside mapped woodland polygons","decorative":true,"surveyed":false,"confidence":"none","order":2785},"geometry":{"type":"Point","coordinates":[-77.0932249,38.7069151]}},{"type":"Feature","properties":{"sprite":"tree-elm","scale":1.08,"cover":"woodland","source":"generated","method":"jittered grid inside mapped woodland polygons","decorative":true,"surveyed":false,"confidence":"none","order":2786},"geometry":{"type":"Point","coordinates":[-77.0918091,38.7069098]}},{"type":"Feature","properties":{"sprite":"tree-pine","scale":0.95,"cover":"woodland","source":"generated","method":"jittered grid inside mapped woodland polygons","decorative":true,"surveyed":false,"confidence":"none","order":2787},"geometry":{"type":"Point","coordinates":[-77.0945037,38.7068769]}},{"type":"Feature","properties":{"sprite":"tree-pine","scale":1.12,"cover":"woodland","source":"generated","method":"jittered grid inside mapped woodland polygons","decorative":true,"surveyed":false,"confidence":"none","order":2788},"geometry":{"type":"Point","coordinates":[-77.0926948,38.7068739]}},{"type":"Feature","properties":{"sprite":"tree-elm","scale":0.78,"cover":"woodland","source":"generated","method":"jittered grid inside mapped woodland polygons","decorative":true,"surveyed":false,"confidence":"none","order":2789},"geometry":{"type":"Point","coordinates":[-77.0898714,38.7068707]}},{"type":"Feature","properties":{"sprite":"tree-oak","scale":1.05,"cover":"woodland","source":"generated","method":"jittered grid inside mapped woodland polygons","decorative":true,"surveyed":false,"confidence":"none","order":2790},"geometry":{"type":"Point","coordinates":[-77.0948751,38.7068628]}},{"type":"Feature","properties":{"sprite":"tree-oak","scale":0.87,"cover":"woodland","source":"generated","method":"jittered grid inside mapped woodland polygons","decorative":true,"surveyed":false,"confidence":"none","order":2791},"geometry":{"type":"Point","coordinates":[-77.0919915,38.7068579]}},{"type":"Feature","properties":{"sprite":"tree-pine","scale":0.96,"cover":"woodland","source":"generated","method":"jittered grid inside mapped woodland polygons","decorative":true,"surveyed":false,"confidence":"none","order":2792},"geometry":{"type":"Point","coordinates":[-77.0938695,38.7068555]}},{"type":"Feature","properties":{"sprite":"tree-elm","scale":1.0,"cover":"woodland","source":"generated","method":"jittered grid inside mapped woodland polygons","decorative":true,"surveyed":false,"confidence":"none","order":2793},"geometry":{"type":"Point","coordinates":[-77.093383,38.7068547]}},{"type":"Feature","properties":{"sprite":"tree-pine","scale":0.95,"cover":"woodland","source":"generated","method":"jittered grid inside mapped woodland polygons","decorative":true,"surveyed":false,"confidence":"none","order":2794},"geometry":{"type":"Point","coordinates":[-77.0893381,38.7068497]}},{"type":"Feature","properties":{"sprite":"tree-pine","scale":0.93,"cover":"woodland","source":"generated","method":"jittered grid inside mapped woodland polygons","decorative":true,"surveyed":false,"confidence":"none","order":2795},"geometry":{"type":"Point","coordinates":[-77.0929016,38.7068478]}},{"type":"Feature","properties":{"sprite":"tree-pine","scale":1.08,"cover":"woodland","source":"generated","method":"jittered grid inside mapped woodland polygons","decorative":true,"surveyed":false,"confidence":"none","order":2796},"geometry":{"type":"Point","coordinates":[-77.0931045,38.7068451]}},{"type":"Feature","properties":{"sprite":"tree-oak","scale":0.94,"cover":"woodland","source":"generated","method":"jittered grid inside mapped woodland polygons","decorative":true,"surveyed":false,"confidence":"none","order":2797},"geometry":{"type":"Point","coordinates":[-77.0915426,38.7068443]}},{"type":"Feature","properties":{"sprite":"tree-oak","scale":0.81,"cover":"woodland","source":"generated","method":"jittered grid inside mapped woodland polygons","decorative":true,"surveyed":false,"confidence":"none","order":2798},"geometry":{"type":"Point","coordinates":[-77.094304,38.7068211]}},{"type":"Feature","properties":{"sprite":"tree-oak","scale":0.95,"cover":"woodland","source":"generated","method":"jittered grid inside mapped woodland polygons","decorative":true,"surveyed":false,"confidence":"none","order":2799},"geometry":{"type":"Point","coordinates":[-77.0917733,38.7067801]}},{"type":"Feature","properties":{"sprite":"tree-pine","scale":0.84,"cover":"woodland","source":"generated","method":"jittered grid inside mapped woodland polygons","decorative":true,"surveyed":false,"confidence":"none","order":2800},"geometry":{"type":"Point","coordinates":[-77.0925483,38.7067766]}},{"type":"Feature","properties":{"sprite":"tree-pine","scale":1.2,"cover":"woodland","source":"generated","method":"jittered grid inside mapped woodland polygons","decorative":true,"surveyed":false,"confidence":"none","order":2801},"geometry":{"type":"Point","coordinates":[-77.0871481,38.7067706]}},{"type":"Feature","properties":{"sprite":"tree-oak","scale":0.98,"cover":"woodland","source":"generated","method":"jittered grid inside mapped woodland polygons","decorative":true,"surveyed":false,"confidence":"none","order":2802},"geometry":{"type":"Point","coordinates":[-77.0923254,38.7067695]}},{"type":"Feature","properties":{"sprite":"tree-pine","scale":0.85,"cover":"woodland","source":"generated","method":"jittered grid inside mapped woodland polygons","decorative":true,"surveyed":false,"confidence":"none","order":2803},"geometry":{"type":"Point","coordinates":[-77.0863921,38.7067674]}},{"type":"Feature","properties":{"sprite":"tree-pine","scale":0.93,"cover":"woodland","source":"generated","method":"jittered grid inside mapped woodland polygons","decorative":true,"surveyed":false,"confidence":"none","order":2804},"geometry":{"type":"Point","coordinates":[-77.0904466,38.7067274]}},{"type":"Feature","properties":{"sprite":"tree-pine","scale":1.14,"cover":"woodland","source":"generated","method":"jittered grid inside mapped woodland polygons","decorative":true,"surveyed":false,"confidence":"none","order":2805},"geometry":{"type":"Point","coordinates":[-77.0864885,38.7067023]}},{"type":"Feature","properties":{"sprite":"tree-oak","scale":1.22,"cover":"woodland","source":"generated","method":"jittered grid inside mapped woodland polygons","decorative":true,"surveyed":false,"confidence":"none","order":2806},"geometry":{"type":"Point","coordinates":[-77.0939305,38.7067008]}},{"type":"Feature","properties":{"sprite":"tree-shrub","scale":0.78,"cover":"woodland","source":"generated","method":"jittered grid inside mapped woodland polygons","decorative":true,"surveyed":false,"confidence":"none","order":2807},"geometry":{"type":"Point","coordinates":[-77.0897419,38.7066919]}},{"type":"Feature","properties":{"sprite":"tree-shrub","scale":1.04,"cover":"woodland","source":"generated","method":"jittered grid inside mapped woodland polygons","decorative":true,"surveyed":false,"confidence":"none","order":2808},"geometry":{"type":"Point","coordinates":[-77.0942183,38.7066844]}},{"type":"Feature","properties":{"sprite":"tree-oak","scale":0.92,"cover":"woodland","source":"generated","method":"jittered grid inside mapped woodland polygons","decorative":true,"surveyed":false,"confidence":"none","order":2809},"geometry":{"type":"Point","coordinates":[-77.0935573,38.7066726]}},{"type":"Feature","properties":{"sprite":"tree-elm","scale":1.03,"cover":"woodland","source":"generated","method":"jittered grid inside mapped woodland polygons","decorative":true,"surveyed":false,"confidence":"none","order":2810},"geometry":{"type":"Point","coordinates":[-77.0895515,38.7066461]}},{"type":"Feature","properties":{"sprite":"tree-elm","scale":1.05,"cover":"woodland","source":"generated","method":"jittered grid inside mapped woodland polygons","decorative":true,"surveyed":false,"confidence":"none","order":2811},"geometry":{"type":"Point","coordinates":[-77.0893674,38.7066458]}},{"type":"Feature","properties":{"sprite":"tree-oak","scale":0.87,"cover":"woodland","source":"generated","method":"jittered grid inside mapped woodland polygons","decorative":true,"surveyed":false,"confidence":"none","order":2812},"geometry":{"type":"Point","coordinates":[-77.0923426,38.7066407]}},{"type":"Feature","properties":{"sprite":"tree-pine","scale":1.15,"cover":"woodland","source":"generated","method":"jittered grid inside mapped woodland polygons","decorative":true,"surveyed":false,"confidence":"none","order":2813},"geometry":{"type":"Point","coordinates":[-77.094457,38.7066404]}},{"type":"Feature","properties":{"sprite":"tree-oak","scale":0.82,"cover":"woodland","source":"generated","method":"jittered grid inside mapped woodland polygons","decorative":true,"surveyed":false,"confidence":"none","order":2814},"geometry":{"type":"Point","coordinates":[-77.0933799,38.7066366]}},{"type":"Feature","properties":{"sprite":"tree-oak","scale":0.91,"cover":"woodland","source":"generated","method":"jittered grid inside mapped woodland polygons","decorative":true,"surveyed":false,"confidence":"none","order":2815},"geometry":{"type":"Point","coordinates":[-77.0926631,38.706629]}},{"type":"Feature","properties":{"sprite":"tree-oak","scale":1.11,"cover":"woodland","source":"generated","method":"jittered grid inside mapped woodland polygons","decorative":true,"surveyed":false,"confidence":"none","order":2816},"geometry":{"type":"Point","coordinates":[-77.0929124,38.7066209]}},{"type":"Feature","properties":{"sprite":"tree-oak","scale":0.97,"cover":"woodland","source":"generated","method":"jittered grid inside mapped woodland polygons","decorative":true,"surveyed":false,"confidence":"none","order":2817},"geometry":{"type":"Point","coordinates":[-77.0873558,38.7066157]}},{"type":"Feature","properties":{"sprite":"tree-oak","scale":1.05,"cover":"woodland","source":"generated","method":"jittered grid inside mapped woodland polygons","decorative":true,"surveyed":false,"confidence":"none","order":2818},"geometry":{"type":"Point","coordinates":[-77.0938317,38.7066076]}},{"type":"Feature","properties":{"sprite":"tree-elm","scale":0.83,"cover":"woodland","source":"generated","method":"jittered grid inside mapped woodland polygons","decorative":true,"surveyed":false,"confidence":"none","order":2819},"geometry":{"type":"Point","coordinates":[-77.0869518,38.7066071]}},{"type":"Feature","properties":{"sprite":"tree-oak","scale":1.09,"cover":"woodland","source":"generated","method":"jittered grid inside mapped woodland polygons","decorative":true,"surveyed":false,"confidence":"none","order":2820},"geometry":{"type":"Point","coordinates":[-77.0877776,38.7066018]}},{"type":"Feature","properties":{"sprite":"tree-oak","scale":0.94,"cover":"woodland","source":"generated","method":"jittered grid inside mapped woodland polygons","decorative":true,"surveyed":false,"confidence":"none","order":2821},"geometry":{"type":"Point","coordinates":[-77.0918293,38.706584]}},{"type":"Feature","properties":{"sprite":"tree-elm","scale":0.89,"cover":"woodland","source":"generated","method":"jittered grid inside mapped woodland polygons","decorative":true,"surveyed":false,"confidence":"none","order":2822},"geometry":{"type":"Point","coordinates":[-77.0863315,38.7065805]}},{"type":"Feature","properties":{"sprite":"tree-pine","scale":0.98,"cover":"woodland","source":"generated","method":"jittered grid inside mapped woodland polygons","decorative":true,"surveyed":false,"confidence":"none","order":2823},"geometry":{"type":"Point","coordinates":[-77.0931383,38.7065662]}},{"type":"Feature","properties":{"sprite":"tree-oak","scale":0.98,"cover":"woodland","source":"generated","method":"jittered grid inside mapped woodland polygons","decorative":true,"surveyed":false,"confidence":"none","order":2824},"geometry":{"type":"Point","coordinates":[-77.0875787,38.7065615]}},{"type":"Feature","properties":{"sprite":"tree-shrub","scale":1.19,"cover":"woodland","source":"generated","method":"jittered grid inside mapped woodland polygons","decorative":true,"surveyed":false,"confidence":"none","order":2825},"geometry":{"type":"Point","coordinates":[-77.0903671,38.7065497]}},{"type":"Feature","properties":{"sprite":"tree-pine","scale":1.12,"cover":"woodland","source":"generated","method":"jittered grid inside mapped woodland polygons","decorative":true,"surveyed":false,"confidence":"none","order":2826},"geometry":{"type":"Point","coordinates":[-77.0890261,38.706517]}},{"type":"Feature","properties":{"sprite":"tree-elm","scale":0.94,"cover":"woodland","source":"generated","method":"jittered grid inside mapped woodland polygons","decorative":true,"surveyed":false,"confidence":"none","order":2827},"geometry":{"type":"Point","coordinates":[-77.0884945,38.7065151]}},{"type":"Feature","properties":{"sprite":"tree-oak","scale":0.94,"cover":"woodland","source":"generated","method":"jittered grid inside mapped woodland polygons","decorative":true,"surveyed":false,"confidence":"none","order":2828},"geometry":{"type":"Point","coordinates":[-77.0952562,38.7065023]}},{"type":"Feature","properties":{"sprite":"tree-pine","scale":1.05,"cover":"woodland","source":"generated","method":"jittered grid inside mapped woodland polygons","decorative":true,"surveyed":false,"confidence":"none","order":2829},"geometry":{"type":"Point","coordinates":[-77.0871337,38.7064928]}},{"type":"Feature","properties":{"sprite":"tree-shrub","scale":1.08,"cover":"woodland","source":"generated","method":"jittered grid inside mapped woodland polygons","decorative":true,"surveyed":false,"confidence":"none","order":2830},"geometry":{"type":"Point","coordinates":[-77.092726,38.7064825]}},{"type":"Feature","properties":{"sprite":"tree-elm","scale":0.87,"cover":"woodland","source":"generated","method":"jittered grid inside mapped woodland polygons","decorative":true,"surveyed":false,"confidence":"none","order":2831},"geometry":{"type":"Point","coordinates":[-77.0948233,38.7064787]}},{"type":"Feature","properties":{"sprite":"tree-elm","scale":0.83,"cover":"woodland","source":"generated","method":"jittered grid inside mapped woodland polygons","decorative":true,"surveyed":false,"confidence":"none","order":2832},"geometry":{"type":"Point","coordinates":[-77.0869699,38.7064779]}},{"type":"Feature","properties":{"sprite":"tree-oak","scale":0.86,"cover":"woodland","source":"generated","method":"jittered grid inside mapped woodland polygons","decorative":true,"surveyed":false,"confidence":"none","order":2833},"geometry":{"type":"Point","coordinates":[-77.0916257,38.7064709]}},{"type":"Feature","properties":{"sprite":"tree-pine","scale":0.99,"cover":"woodland","source":"generated","method":"jittered grid inside mapped woodland polygons","decorative":true,"surveyed":false,"confidence":"none","order":2834},"geometry":{"type":"Point","coordinates":[-77.0904757,38.7064666]}},{"type":"Feature","properties":{"sprite":"tree-elm","scale":0.83,"cover":"woodland","source":"generated","method":"jittered grid inside mapped woodland polygons","decorative":true,"surveyed":false,"confidence":"none","order":2835},"geometry":{"type":"Point","coordinates":[-77.0894053,38.7064487]}},{"type":"Feature","properties":{"sprite":"tree-oak","scale":1.05,"cover":"woodland","source":"generated","method":"jittered grid inside mapped woodland polygons","decorative":true,"surveyed":false,"confidence":"none","order":2836},"geometry":{"type":"Point","coordinates":[-77.0866503,38.7064456]}},{"type":"Feature","properties":{"sprite":"tree-oak","scale":0.85,"cover":"woodland","source":"generated","method":"jittered grid inside mapped woodland polygons","decorative":true,"surveyed":false,"confidence":"none","order":2837},"geometry":{"type":"Point","coordinates":[-77.0892754,38.706421]}},{"type":"Feature","properties":{"sprite":"tree-oak","scale":0.82,"cover":"woodland","source":"generated","method":"jittered grid inside mapped woodland polygons","decorative":true,"surveyed":false,"confidence":"none","order":2838},"geometry":{"type":"Point","coordinates":[-77.0929071,38.7064138]}},{"type":"Feature","properties":{"sprite":"tree-oak","scale":0.96,"cover":"woodland","source":"generated","method":"jittered grid inside mapped woodland polygons","decorative":true,"surveyed":false,"confidence":"none","order":2839},"geometry":{"type":"Point","coordinates":[-77.0882157,38.7064118]}},{"type":"Feature","properties":{"sprite":"tree-pine","scale":1.06,"cover":"woodland","source":"generated","method":"jittered grid inside mapped woodland polygons","decorative":true,"surveyed":false,"confidence":"none","order":2840},"geometry":{"type":"Point","coordinates":[-77.089912,38.70641]}},{"type":"Feature","properties":{"sprite":"tree-pine","scale":1.2,"cover":"woodland","source":"generated","method":"jittered grid inside mapped woodland polygons","decorative":true,"surveyed":false,"confidence":"none","order":2841},"geometry":{"type":"Point","coordinates":[-77.094649,38.7064019]}},{"type":"Feature","properties":{"sprite":"tree-oak","scale":1.15,"cover":"woodland","source":"generated","method":"jittered grid inside mapped woodland polygons","decorative":true,"surveyed":false,"confidence":"none","order":2842},"geometry":{"type":"Point","coordinates":[-77.0902692,38.7063972]}},{"type":"Feature","properties":{"sprite":"tree-shrub","scale":1.03,"cover":"woodland","source":"generated","method":"jittered grid inside mapped woodland polygons","decorative":true,"surveyed":false,"confidence":"none","order":2843},"geometry":{"type":"Point","coordinates":[-77.0950559,38.7063945]}},{"type":"Feature","properties":{"sprite":"tree-oak","scale":1.11,"cover":"woodland","source":"generated","method":"jittered grid inside mapped woodland polygons","decorative":true,"surveyed":false,"confidence":"none","order":2844},"geometry":{"type":"Point","coordinates":[-77.0925145,38.7063825]}},{"type":"Feature","properties":{"sprite":"tree-elm","scale":0.88,"cover":"woodland","source":"generated","method":"jittered grid inside mapped woodland polygons","decorative":true,"surveyed":false,"confidence":"none","order":2845},"geometry":{"type":"Point","coordinates":[-77.0873804,38.7063745]}},{"type":"Feature","properties":{"sprite":"tree-pine","scale":0.87,"cover":"woodland","source":"generated","method":"jittered grid inside mapped woodland polygons","decorative":true,"surveyed":false,"confidence":"none","order":2846},"geometry":{"type":"Point","coordinates":[-77.0887888,38.706372]}},{"type":"Feature","properties":{"sprite":"tree-oak","scale":1.18,"cover":"woodland","source":"generated","method":"jittered grid inside mapped woodland polygons","decorative":true,"surveyed":false,"confidence":"none","order":2847},"geometry":{"type":"Point","coordinates":[-77.0875459,38.7063648]}},{"type":"Feature","properties":{"sprite":"tree-oak","scale":0.81,"cover":"woodland","source":"generated","method":"jittered grid inside mapped woodland polygons","decorative":true,"surveyed":false,"confidence":"none","order":2848},"geometry":{"type":"Point","coordinates":[-77.0935908,38.7063634]}},{"type":"Feature","properties":{"sprite":"tree-pine","scale":1.03,"cover":"woodland","source":"generated","method":"jittered grid inside mapped woodland polygons","decorative":true,"surveyed":false,"confidence":"none","order":2849},"geometry":{"type":"Point","coordinates":[-77.0883971,38.706334]}},{"type":"Feature","properties":{"sprite":"tree-pine","scale":0.82,"cover":"woodland","source":"generated","method":"jittered grid inside mapped woodland polygons","decorative":true,"surveyed":false,"confidence":"none","order":2850},"geometry":{"type":"Point","coordinates":[-77.0951838,38.7063253]}},{"type":"Feature","properties":{"sprite":"tree-shrub","scale":1.12,"cover":"woodland","source":"generated","method":"jittered grid inside mapped woodland polygons","decorative":true,"surveyed":false,"confidence":"none","order":2851},"geometry":{"type":"Point","coordinates":[-77.0891232,38.7063087]}},{"type":"Feature","properties":{"sprite":"tree-shrub","scale":1.16,"cover":"woodland","source":"generated","method":"jittered grid inside mapped woodland polygons","decorative":true,"surveyed":false,"confidence":"none","order":2852},"geometry":{"type":"Point","coordinates":[-77.095359,38.7063077]}},{"type":"Feature","properties":{"sprite":"tree-oak","scale":1.02,"cover":"woodland","source":"generated","method":"jittered grid inside mapped woodland polygons","decorative":true,"surveyed":false,"confidence":"none","order":2853},"geometry":{"type":"Point","coordinates":[-77.0931248,38.7063075]}},{"type":"Feature","properties":{"sprite":"tree-pine","scale":0.97,"cover":"woodland","source":"generated","method":"jittered grid inside mapped woodland polygons","decorative":true,"surveyed":false,"confidence":"none","order":2854},"geometry":{"type":"Point","coordinates":[-77.0913704,38.7063053]}},{"type":"Feature","properties":{"sprite":"tree-oak","scale":1.0,"cover":"woodland","source":"generated","method":"jittered grid inside mapped woodland polygons","decorative":true,"surveyed":false,"confidence":"none","order":2855},"geometry":{"type":"Point","coordinates":[-77.0915789,38.7063009]}},{"type":"Feature","properties":{"sprite":"tree-oak","scale":1.15,"cover":"woodland","source":"generated","method":"jittered grid inside mapped woodland polygons","decorative":true,"surveyed":false,"confidence":"none","order":2856},"geometry":{"type":"Point","coordinates":[-77.0868312,38.7062966]}},{"type":"Feature","properties":{"sprite":"tree-oak","scale":1.15,"cover":"woodland","source":"generated","method":"jittered grid inside mapped woodland polygons","decorative":true,"surveyed":false,"confidence":"none","order":2857},"geometry":{"type":"Point","coordinates":[-77.0936126,38.7062773]}},{"type":"Feature","properties":{"sprite":"tree-oak","scale":1.18,"cover":"woodland","source":"generated","method":"jittered grid inside mapped woodland polygons","decorative":true,"surveyed":false,"confidence":"none","order":2858},"geometry":{"type":"Point","coordinates":[-77.0901467,38.7062587]}},{"type":"Feature","properties":{"sprite":"tree-pine","scale":1.03,"cover":"woodland","source":"generated","method":"jittered grid inside mapped woodland polygons","decorative":true,"surveyed":false,"confidence":"none","order":2859},"geometry":{"type":"Point","coordinates":[-77.0877048,38.7062458]}},{"type":"Feature","properties":{"sprite":"tree-oak","scale":1.1,"cover":"woodland","source":"generated","method":"jittered grid inside mapped woodland polygons","decorative":true,"surveyed":false,"confidence":"none","order":2860},"geometry":{"type":"Point","coordinates":[-77.08805,38.7062449]}},{"type":"Feature","properties":{"sprite":"tree-oak","scale":1.16,"cover":"woodland","source":"generated","method":"jittered grid inside mapped woodland polygons","decorative":true,"surveyed":false,"confidence":"none","order":2861},"geometry":{"type":"Point","coordinates":[-77.0869385,38.7062446]}},{"type":"Feature","properties":{"sprite":"tree-pine","scale":1.11,"cover":"woodland","source":"generated","method":"jittered grid inside mapped woodland polygons","decorative":true,"surveyed":false,"confidence":"none","order":2862},"geometry":{"type":"Point","coordinates":[-77.0875661,38.7062363]}},{"type":"Feature","properties":{"sprite":"tree-elm","scale":0.86,"cover":"woodland","source":"generated","method":"jittered grid inside mapped woodland polygons","decorative":true,"surveyed":false,"confidence":"none","order":2863},"geometry":{"type":"Point","coordinates":[-77.0889765,38.7062295]}},{"type":"Feature","properties":{"sprite":"tree-elm","scale":0.93,"cover":"woodland","source":"generated","method":"jittered grid inside mapped woodland polygons","decorative":true,"surveyed":false,"confidence":"none","order":2864},"geometry":{"type":"Point","coordinates":[-77.0887345,38.7062153]}},{"type":"Feature","properties":{"sprite":"tree-elm","scale":0.98,"cover":"woodland","source":"generated","method":"jittered grid inside mapped woodland polygons","decorative":true,"surveyed":false,"confidence":"none","order":2865},"geometry":{"type":"Point","coordinates":[-77.0899011,38.7061992]}},{"type":"Feature","properties":{"sprite":"tree-pine","scale":0.83,"cover":"woodland","source":"generated","method":"jittered grid inside mapped woodland polygons","decorative":true,"surveyed":false,"confidence":"none","order":2866},"geometry":{"type":"Point","coordinates":[-77.0918249,38.7061949]}},{"type":"Feature","properties":{"sprite":"tree-elm","scale":1.03,"cover":"woodland","source":"generated","method":"jittered grid inside mapped woodland polygons","decorative":true,"surveyed":false,"confidence":"none","order":2867},"geometry":{"type":"Point","coordinates":[-77.092811,38.7061924]}},{"type":"Feature","properties":{"sprite":"tree-shrub","scale":0.99,"cover":"woodland","source":"generated","method":"jittered grid inside mapped woodland polygons","decorative":true,"surveyed":false,"confidence":"none","order":2868},"geometry":{"type":"Point","coordinates":[-77.0944093,38.7061921]}},{"type":"Feature","properties":{"sprite":"tree-pine","scale":0.94,"cover":"woodland","source":"generated","method":"jittered grid inside mapped woodland polygons","decorative":true,"surveyed":false,"confidence":"none","order":2869},"geometry":{"type":"Point","coordinates":[-77.0921899,38.7061821]}},{"type":"Feature","properties":{"sprite":"tree-oak","scale":1.0,"cover":"woodland","source":"generated","method":"jittered grid inside mapped woodland polygons","decorative":true,"surveyed":false,"confidence":"none","order":2870},"geometry":{"type":"Point","coordinates":[-77.0946517,38.70618]}},{"type":"Feature","properties":{"sprite":"tree-shrub","scale":0.93,"cover":"woodland","source":"generated","method":"jittered grid inside mapped woodland polygons","decorative":true,"surveyed":false,"confidence":"none","order":2871},"geometry":{"type":"Point","coordinates":[-77.0870238,38.7061482]}},{"type":"Feature","properties":{"sprite":"tree-shrub","scale":0.84,"cover":"woodland","source":"generated","method":"jittered grid inside mapped woodland polygons","decorative":true,"surveyed":false,"confidence":"none","order":2872},"geometry":{"type":"Point","coordinates":[-77.09509,38.7061255]}},{"type":"Feature","properties":{"sprite":"tree-shrub","scale":1.1,"cover":"woodland","source":"generated","method":"jittered grid inside mapped woodland polygons","decorative":true,"surveyed":false,"confidence":"none","order":2873},"geometry":{"type":"Point","coordinates":[-77.0878341,38.7061213]}},{"type":"Feature","properties":{"sprite":"tree-elm","scale":0.83,"cover":"woodland","source":"generated","method":"jittered grid inside mapped woodland polygons","decorative":true,"surveyed":false,"confidence":"none","order":2874},"geometry":{"type":"Point","coordinates":[-77.0894325,38.7061012]}},{"type":"Feature","properties":{"sprite":"tree-pine","scale":1.14,"cover":"woodland","source":"generated","method":"jittered grid inside mapped woodland polygons","decorative":true,"surveyed":false,"confidence":"none","order":2875},"geometry":{"type":"Point","coordinates":[-77.0914682,38.7060948]}},{"type":"Feature","properties":{"sprite":"tree-shrub","scale":0.98,"cover":"woodland","source":"generated","method":"jittered grid inside mapped woodland polygons","decorative":true,"surveyed":false,"confidence":"none","order":2876},"geometry":{"type":"Point","coordinates":[-77.0932025,38.7060898]}},{"type":"Feature","properties":{"sprite":"tree-oak","scale":1.07,"cover":"woodland","source":"generated","method":"jittered grid inside mapped woodland polygons","decorative":true,"surveyed":false,"confidence":"none","order":2877},"geometry":{"type":"Point","coordinates":[-77.0925358,38.7060688]}},{"type":"Feature","properties":{"sprite":"tree-pine","scale":1.21,"cover":"woodland","source":"generated","method":"jittered grid inside mapped woodland polygons","decorative":true,"surveyed":false,"confidence":"none","order":2878},"geometry":{"type":"Point","coordinates":[-77.0935449,38.7060662]}},{"type":"Feature","properties":{"sprite":"tree-pine","scale":0.82,"cover":"woodland","source":"generated","method":"jittered grid inside mapped woodland polygons","decorative":true,"surveyed":false,"confidence":"none","order":2879},"geometry":{"type":"Point","coordinates":[-77.0944905,38.7060614]}},{"type":"Feature","properties":{"sprite":"tree-oak","scale":0.89,"cover":"woodland","source":"generated","method":"jittered grid inside mapped woodland polygons","decorative":true,"surveyed":false,"confidence":"none","order":2880},"geometry":{"type":"Point","coordinates":[-77.093372,38.7060593]}},{"type":"Feature","properties":{"sprite":"tree-shrub","scale":1.02,"cover":"woodland","source":"generated","method":"jittered grid inside mapped woodland polygons","decorative":true,"surveyed":false,"confidence":"none","order":2881},"geometry":{"type":"Point","coordinates":[-77.0951835,38.7060567]}},{"type":"Feature","properties":{"sprite":"tree-pine","scale":1.0,"cover":"woodland","source":"generated","method":"jittered grid inside mapped woodland polygons","decorative":true,"surveyed":false,"confidence":"none","order":2882},"geometry":{"type":"Point","coordinates":[-77.09127,38.7060401]}},{"type":"Feature","properties":{"sprite":"tree-elm","scale":1.14,"cover":"woodland","source":"generated","method":"jittered grid inside mapped woodland polygons","decorative":true,"surveyed":false,"confidence":"none","order":2883},"geometry":{"type":"Point","coordinates":[-77.093046,38.7060362]}},{"type":"Feature","properties":{"sprite":"tree-pine","scale":0.85,"cover":"woodland","source":"generated","method":"jittered grid inside mapped woodland polygons","decorative":true,"surveyed":false,"confidence":"none","order":2884},"geometry":{"type":"Point","coordinates":[-77.0947086,38.7060318]}},{"type":"Feature","properties":{"sprite":"tree-shrub","scale":1.02,"cover":"woodland","source":"generated","method":"jittered grid inside mapped woodland polygons","decorative":true,"surveyed":false,"confidence":"none","order":2885},"geometry":{"type":"Point","coordinates":[-77.0896145,38.7060264]}},{"type":"Feature","properties":{"sprite":"tree-shrub","scale":0.95,"cover":"woodland","source":"generated","method":"jittered grid inside mapped woodland polygons","decorative":true,"surveyed":false,"confidence":"none","order":2886},"geometry":{"type":"Point","coordinates":[-77.0890227,38.7060264]}},{"type":"Feature","properties":{"sprite":"tree-elm","scale":1.17,"cover":"woodland","source":"generated","method":"jittered grid inside mapped woodland polygons","decorative":true,"surveyed":false,"confidence":"none","order":2887},"geometry":{"type":"Point","coordinates":[-77.0899211,38.7060221]}},{"type":"Feature","properties":{"sprite":"tree-pine","scale":0.89,"cover":"woodland","source":"generated","method":"jittered grid inside mapped woodland polygons","decorative":true,"surveyed":false,"confidence":"none","order":2888},"geometry":{"type":"Point","coordinates":[-77.0960566,38.7060012]}},{"type":"Feature","properties":{"sprite":"tree-shrub","scale":0.99,"cover":"woodland","source":"generated","method":"jittered grid inside mapped woodland polygons","decorative":true,"surveyed":false,"confidence":"none","order":2889},"geometry":{"type":"Point","coordinates":[-77.095482,38.7059972]}},{"type":"Feature","properties":{"sprite":"tree-oak","scale":0.78,"cover":"woodland","source":"generated","method":"jittered grid inside mapped woodland polygons","decorative":true,"surveyed":false,"confidence":"none","order":2890},"geometry":{"type":"Point","coordinates":[-77.0898189,38.7059685]}},{"type":"Feature","properties":{"sprite":"tree-elm","scale":0.79,"cover":"woodland","source":"generated","method":"jittered grid inside mapped woodland polygons","decorative":true,"surveyed":false,"confidence":"none","order":2891},"geometry":{"type":"Point","coordinates":[-77.089556,38.7059502]}},{"type":"Feature","properties":{"sprite":"tree-pine","scale":1.16,"cover":"woodland","source":"generated","method":"jittered grid inside mapped woodland polygons","decorative":true,"surveyed":false,"confidence":"none","order":2892},"geometry":{"type":"Point","coordinates":[-77.0911513,38.7059497]}},{"type":"Feature","properties":{"sprite":"tree-elm","scale":0.85,"cover":"woodland","source":"generated","method":"jittered grid inside mapped woodland polygons","decorative":true,"surveyed":false,"confidence":"none","order":2893},"geometry":{"type":"Point","coordinates":[-77.0914166,38.7059394]}},{"type":"Feature","properties":{"sprite":"tree-pine","scale":1.06,"cover":"woodland","source":"generated","method":"jittered grid inside mapped woodland polygons","decorative":true,"surveyed":false,"confidence":"none","order":2894},"geometry":{"type":"Point","coordinates":[-77.0881248,38.7059319]}},{"type":"Feature","properties":{"sprite":"tree-pine","scale":1.08,"cover":"woodland","source":"generated","method":"jittered grid inside mapped woodland polygons","decorative":true,"surveyed":false,"confidence":"none","order":2895},"geometry":{"type":"Point","coordinates":[-77.0892708,38.7058988]}},{"type":"Feature","properties":{"sprite":"tree-oak","scale":1.04,"cover":"woodland","source":"generated","method":"jittered grid inside mapped woodland polygons","decorative":true,"surveyed":false,"confidence":"none","order":2896},"geometry":{"type":"Point","coordinates":[-77.0919219,38.7058899]}},{"type":"Feature","properties":{"sprite":"tree-pine","scale":1.02,"cover":"woodland","source":"generated","method":"jittered grid inside mapped woodland polygons","decorative":true,"surveyed":false,"confidence":"none","order":2897},"geometry":{"type":"Point","coordinates":[-77.0915711,38.705878]}},{"type":"Feature","properties":{"sprite":"tree-shrub","scale":0.94,"cover":"woodland","source":"generated","method":"jittered grid inside mapped woodland polygons","decorative":true,"surveyed":false,"confidence":"none","order":2898},"geometry":{"type":"Point","coordinates":[-77.0947004,38.7058755]}},{"type":"Feature","properties":{"sprite":"tree-oak","scale":0.83,"cover":"woodland","source":"generated","method":"jittered grid inside mapped woodland polygons","decorative":true,"surveyed":false,"confidence":"none","order":2899},"geometry":{"type":"Point","coordinates":[-77.0884918,38.705867]}},{"type":"Feature","properties":{"sprite":"tree-oak","scale":1.01,"cover":"woodland","source":"generated","method":"jittered grid inside mapped woodland polygons","decorative":true,"surveyed":false,"confidence":"none","order":2900},"geometry":{"type":"Point","coordinates":[-77.0929997,38.7058669]}},{"type":"Feature","properties":{"sprite":"tree-pine","scale":0.79,"cover":"woodland","source":"generated","method":"jittered grid inside mapped woodland polygons","decorative":true,"surveyed":false,"confidence":"none","order":2901},"geometry":{"type":"Point","coordinates":[-77.0873699,38.7058648]}},{"type":"Feature","properties":{"sprite":"tree-oak","scale":1.15,"cover":"woodland","source":"generated","method":"jittered grid inside mapped woodland polygons","decorative":true,"surveyed":false,"confidence":"none","order":2902},"geometry":{"type":"Point","coordinates":[-77.0888131,38.705849]}},{"type":"Feature","properties":{"sprite":"tree-elm","scale":0.83,"cover":"woodland","source":"generated","method":"jittered grid inside mapped woodland polygons","decorative":true,"surveyed":false,"confidence":"none","order":2903},"geometry":{"type":"Point","coordinates":[-77.0928468,38.7058309]}},{"type":"Feature","properties":{"sprite":"tree-pine","scale":0.81,"cover":"woodland","source":"generated","method":"jittered grid inside mapped woodland polygons","decorative":true,"surveyed":false,"confidence":"none","order":2904},"geometry":{"type":"Point","coordinates":[-77.0956028,38.7058238]}},{"type":"Feature","properties":{"sprite":"tree-oak","scale":0.99,"cover":"woodland","source":"generated","method":"jittered grid inside mapped woodland polygons","decorative":true,"surveyed":false,"confidence":"none","order":2905},"geometry":{"type":"Point","coordinates":[-77.0890918,38.7058228]}},{"type":"Feature","properties":{"sprite":"tree-oak","scale":1.13,"cover":"woodland","source":"generated","method":"jittered grid inside mapped woodland polygons","decorative":true,"surveyed":false,"confidence":"none","order":2906},"geometry":{"type":"Point","coordinates":[-77.0966203,38.7057856]}},{"type":"Feature","properties":{"sprite":"tree-pine","scale":1.0,"cover":"woodland","source":"generated","method":"jittered grid inside mapped woodland polygons","decorative":true,"surveyed":false,"confidence":"none","order":2907},"geometry":{"type":"Point","coordinates":[-77.092889,38.7057852]}},{"type":"Feature","properties":{"sprite":"tree-pine","scale":0.84,"cover":"woodland","source":"generated","method":"jittered grid inside mapped woodland polygons","decorative":true,"surveyed":false,"confidence":"none","order":2908},"geometry":{"type":"Point","coordinates":[-77.0884899,38.7057838]}},{"type":"Feature","properties":{"sprite":"tree-oak","scale":0.83,"cover":"woodland","source":"generated","method":"jittered grid inside mapped woodland polygons","decorative":true,"surveyed":false,"confidence":"none","order":2909},"geometry":{"type":"Point","coordinates":[-77.0922143,38.7057779]}},{"type":"Feature","properties":{"sprite":"tree-oak","scale":0.95,"cover":"woodland","source":"generated","method":"jittered grid inside mapped woodland polygons","decorative":true,"surveyed":false,"confidence":"none","order":2910},"geometry":{"type":"Point","coordinates":[-77.0910028,38.7057674]}},{"type":"Feature","properties":{"sprite":"tree-pine","scale":0.86,"cover":"woodland","source":"generated","method":"jittered grid inside mapped woodland polygons","decorative":true,"surveyed":false,"confidence":"none","order":2911},"geometry":{"type":"Point","coordinates":[-77.0892497,38.7057573]}},{"type":"Feature","properties":{"sprite":"tree-shrub","scale":1.06,"cover":"woodland","source":"generated","method":"jittered grid inside mapped woodland polygons","decorative":true,"surveyed":false,"confidence":"none","order":2912},"geometry":{"type":"Point","coordinates":[-77.0927831,38.7057534]}},{"type":"Feature","properties":{"sprite":"tree-oak","scale":0.87,"cover":"woodland","source":"generated","method":"jittered grid inside mapped woodland polygons","decorative":true,"surveyed":false,"confidence":"none","order":2913},"geometry":{"type":"Point","coordinates":[-77.0919503,38.7057518]}},{"type":"Feature","properties":{"sprite":"tree-pine","scale":1.13,"cover":"woodland","source":"generated","method":"jittered grid inside mapped woodland polygons","decorative":true,"surveyed":false,"confidence":"none","order":2914},"geometry":{"type":"Point","coordinates":[-77.0912364,38.7057492]}},{"type":"Feature","properties":{"sprite":"tree-oak","scale":1.15,"cover":"woodland","source":"generated","method":"jittered grid inside mapped woodland polygons","decorative":true,"surveyed":false,"confidence":"none","order":2915},"geometry":{"type":"Point","coordinates":[-77.0956496,38.7057076]}},{"type":"Feature","properties":{"sprite":"tree-shrub","scale":0.8,"cover":"woodland","source":"generated","method":"jittered grid inside mapped woodland polygons","decorative":true,"surveyed":false,"confidence":"none","order":2916},"geometry":{"type":"Point","coordinates":[-77.08875,38.705705]}},{"type":"Feature","properties":{"sprite":"tree-elm","scale":1.14,"cover":"woodland","source":"generated","method":"jittered grid inside mapped woodland polygons","decorative":true,"surveyed":false,"confidence":"none","order":2917},"geometry":{"type":"Point","coordinates":[-77.0877612,38.7057029]}},{"type":"Feature","properties":{"sprite":"tree-pine","scale":0.82,"cover":"woodland","source":"generated","method":"jittered grid inside mapped woodland polygons","decorative":true,"surveyed":false,"confidence":"none","order":2918},"geometry":{"type":"Point","coordinates":[-77.095329,38.7056882]}},{"type":"Feature","properties":{"sprite":"tree-elm","scale":1.16,"cover":"woodland","source":"generated","method":"jittered grid inside mapped woodland polygons","decorative":true,"surveyed":false,"confidence":"none","order":2919},"geometry":{"type":"Point","coordinates":[-77.0918006,38.7056794]}},{"type":"Feature","properties":{"sprite":"tree-oak","scale":1.14,"cover":"woodland","source":"generated","method":"jittered grid inside mapped woodland polygons","decorative":true,"surveyed":false,"confidence":"none","order":2920},"geometry":{"type":"Point","coordinates":[-77.0961892,38.7056784]}},{"type":"Feature","properties":{"sprite":"tree-pine","scale":0.87,"cover":"woodland","source":"generated","method":"jittered grid inside mapped woodland polygons","decorative":true,"surveyed":false,"confidence":"none","order":2921},"geometry":{"type":"Point","coordinates":[-77.0882311,38.7056761]}},{"type":"Feature","properties":{"sprite":"tree-oak","scale":0.92,"cover":"woodland","source":"generated","method":"jittered grid inside mapped woodland polygons","decorative":true,"surveyed":false,"confidence":"none","order":2922},"geometry":{"type":"Point","coordinates":[-77.0949005,38.705668]}},{"type":"Feature","properties":{"sprite":"tree-shrub","scale":1.1,"cover":"woodland","source":"generated","method":"jittered grid inside mapped woodland polygons","decorative":true,"surveyed":false,"confidence":"none","order":2923},"geometry":{"type":"Point","coordinates":[-77.0965068,38.7056596]}},{"type":"Feature","properties":{"sprite":"tree-oak","scale":1.18,"cover":"woodland","source":"generated","method":"jittered grid inside mapped woodland polygons","decorative":true,"surveyed":false,"confidence":"none","order":2924},"geometry":{"type":"Point","coordinates":[-77.0945936,38.705654]}},{"type":"Feature","properties":{"sprite":"tree-elm","scale":0.92,"cover":"woodland","source":"generated","method":"jittered grid inside mapped woodland polygons","decorative":true,"surveyed":false,"confidence":"none","order":2925},"geometry":{"type":"Point","coordinates":[-77.0890282,38.7056424]}},{"type":"Feature","properties":{"sprite":"tree-oak","scale":1.1,"cover":"woodland","source":"generated","method":"jittered grid inside mapped woodland polygons","decorative":true,"surveyed":false,"confidence":"none","order":2926},"geometry":{"type":"Point","coordinates":[-77.0894151,38.7056411]}},{"type":"Feature","properties":{"sprite":"tree-shrub","scale":1.12,"cover":"woodland","source":"generated","method":"jittered grid inside mapped woodland polygons","decorative":true,"surveyed":false,"confidence":"none","order":2927},"geometry":{"type":"Point","coordinates":[-77.0923562,38.705611]}},{"type":"Feature","properties":{"sprite":"tree-shrub","scale":0.9,"cover":"woodland","source":"generated","method":"jittered grid inside mapped woodland polygons","decorative":true,"surveyed":false,"confidence":"none","order":2928},"geometry":{"type":"Point","coordinates":[-77.0912806,38.7055889]}},{"type":"Feature","properties":{"sprite":"tree-oak","scale":1.01,"cover":"woodland","source":"generated","method":"jittered grid inside mapped woodland polygons","decorative":true,"surveyed":false,"confidence":"none","order":2929},"geometry":{"type":"Point","coordinates":[-77.0946856,38.7055795]}},{"type":"Feature","properties":{"sprite":"tree-oak","scale":0.78,"cover":"woodland","source":"generated","method":"jittered grid inside mapped woodland polygons","decorative":true,"surveyed":false,"confidence":"none","order":2930},"geometry":{"type":"Point","coordinates":[-77.0951869,38.705576]}},{"type":"Feature","properties":{"sprite":"tree-elm","scale":0.9,"cover":"woodland","source":"generated","method":"jittered grid inside mapped woodland polygons","decorative":true,"surveyed":false,"confidence":"none","order":2931},"geometry":{"type":"Point","coordinates":[-77.0922276,38.7055751]}},{"type":"Feature","properties":{"sprite":"tree-elm","scale":0.98,"cover":"woodland","source":"generated","method":"jittered grid inside mapped woodland polygons","decorative":true,"surveyed":false,"confidence":"none","order":2932},"geometry":{"type":"Point","coordinates":[-77.0881073,38.705567]}},{"type":"Feature","properties":{"sprite":"tree-oak","scale":0.84,"cover":"woodland","source":"generated","method":"jittered grid inside mapped woodland polygons","decorative":true,"surveyed":false,"confidence":"none","order":2933},"geometry":{"type":"Point","coordinates":[-77.0884282,38.7055627]}},{"type":"Feature","properties":{"sprite":"tree-oak","scale":1.09,"cover":"woodland","source":"generated","method":"jittered grid inside mapped woodland polygons","decorative":true,"surveyed":false,"confidence":"none","order":2934},"geometry":{"type":"Point","coordinates":[-77.0957902,38.7055405]}},{"type":"Feature","properties":{"sprite":"tree-oak","scale":0.81,"cover":"woodland","source":"generated","method":"jittered grid inside mapped woodland polygons","decorative":true,"surveyed":false,"confidence":"none","order":2935},"geometry":{"type":"Point","coordinates":[-77.0928677,38.7055274]}},{"type":"Feature","properties":{"sprite":"tree-pine","scale":0.94,"cover":"woodland","source":"generated","method":"jittered grid inside mapped woodland polygons","decorative":true,"surveyed":false,"confidence":"none","order":2936},"geometry":{"type":"Point","coordinates":[-77.0919474,38.7055235]}},{"type":"Feature","properties":{"sprite":"tree-oak","scale":0.78,"cover":"woodland","source":"generated","method":"jittered grid inside mapped woodland polygons","decorative":true,"surveyed":false,"confidence":"none","order":2937},"geometry":{"type":"Point","coordinates":[-77.0891482,38.7055235]}},{"type":"Feature","properties":{"sprite":"tree-oak","scale":0.92,"cover":"woodland","source":"generated","method":"jittered grid inside mapped woodland polygons","decorative":true,"surveyed":false,"confidence":"none","order":2938},"geometry":{"type":"Point","coordinates":[-77.0886638,38.7055194]}},{"type":"Feature","properties":{"sprite":"tree-elm","scale":1.07,"cover":"woodland","source":"generated","method":"jittered grid inside mapped woodland polygons","decorative":true,"surveyed":false,"confidence":"none","order":2939},"geometry":{"type":"Point","coordinates":[-77.091374,38.7055152]}},{"type":"Feature","properties":{"sprite":"tree-elm","scale":0.98,"cover":"woodland","source":"generated","method":"jittered grid inside mapped woodland polygons","decorative":true,"surveyed":false,"confidence":"none","order":2940},"geometry":{"type":"Point","coordinates":[-77.0916217,38.705507]}},{"type":"Feature","properties":{"sprite":"tree-pine","scale":1.1,"cover":"woodland","source":"generated","method":"jittered grid inside mapped woodland polygons","decorative":true,"surveyed":false,"confidence":"none","order":2941},"geometry":{"type":"Point","coordinates":[-77.0888508,38.7055065]}},{"type":"Feature","properties":{"sprite":"tree-shrub","scale":1.19,"cover":"woodland","source":"generated","method":"jittered grid inside mapped woodland polygons","decorative":true,"surveyed":false,"confidence":"none","order":2942},"geometry":{"type":"Point","coordinates":[-77.0955772,38.7054904]}},{"type":"Feature","properties":{"sprite":"tree-oak","scale":1.16,"cover":"woodland","source":"generated","method":"jittered grid inside mapped woodland polygons","decorative":true,"surveyed":false,"confidence":"none","order":2943},"geometry":{"type":"Point","coordinates":[-77.0953837,38.7054864]}},{"type":"Feature","properties":{"sprite":"tree-oak","scale":0.81,"cover":"woodland","source":"generated","method":"jittered grid inside mapped woodland polygons","decorative":true,"surveyed":false,"confidence":"none","order":2944},"geometry":{"type":"Point","coordinates":[-77.0929702,38.7054802]}},{"type":"Feature","properties":{"sprite":"tree-elm","scale":1.19,"cover":"woodland","source":"generated","method":"jittered grid inside mapped woodland polygons","decorative":true,"surveyed":false,"confidence":"none","order":2945},"geometry":{"type":"Point","coordinates":[-77.0909194,38.7054766]}},{"type":"Feature","properties":{"sprite":"tree-pine","scale":0.9,"cover":"woodland","source":"generated","method":"jittered grid inside mapped woodland polygons","decorative":true,"surveyed":false,"confidence":"none","order":2946},"geometry":{"type":"Point","coordinates":[-77.0926871,38.7054718]}},{"type":"Feature","properties":{"sprite":"tree-oak","scale":1.11,"cover":"woodland","source":"generated","method":"jittered grid inside mapped woodland polygons","decorative":true,"surveyed":false,"confidence":"none","order":2947},"geometry":{"type":"Point","coordinates":[-77.0947148,38.7054267]}},{"type":"Feature","properties":{"sprite":"tree-elm","scale":0.87,"cover":"woodland","source":"generated","method":"jittered grid inside mapped woodland polygons","decorative":true,"surveyed":false,"confidence":"none","order":2948},"geometry":{"type":"Point","coordinates":[-77.092943,38.7054078]}},{"type":"Feature","properties":{"sprite":"tree-oak","scale":0.82,"cover":"woodland","source":"generated","method":"jittered grid inside mapped woodland polygons","decorative":true,"surveyed":false,"confidence":"none","order":2949},"geometry":{"type":"Point","coordinates":[-77.0920471,38.705361]}},{"type":"Feature","properties":{"sprite":"tree-oak","scale":0.89,"cover":"woodland","source":"generated","method":"jittered grid inside mapped woodland polygons","decorative":true,"surveyed":false,"confidence":"none","order":2950},"geometry":{"type":"Point","coordinates":[-77.0911458,38.7053488]}},{"type":"Feature","properties":{"sprite":"tree-elm","scale":0.92,"cover":"woodland","source":"generated","method":"jittered grid inside mapped woodland polygons","decorative":true,"surveyed":false,"confidence":"none","order":2951},"geometry":{"type":"Point","coordinates":[-77.0916043,38.7053304]}},{"type":"Feature","properties":{"sprite":"tree-oak","scale":0.98,"cover":"woodland","source":"generated","method":"jittered grid inside mapped woodland polygons","decorative":true,"surveyed":false,"confidence":"none","order":2952},"geometry":{"type":"Point","coordinates":[-77.0918699,38.7052962]}},{"type":"Feature","properties":{"sprite":"tree-shrub","scale":0.86,"cover":"woodland","source":"generated","method":"jittered grid inside mapped woodland polygons","decorative":true,"surveyed":false,"confidence":"none","order":2953},"geometry":{"type":"Point","coordinates":[-77.0953122,38.705296]}},{"type":"Feature","properties":{"sprite":"tree-elm","scale":0.95,"cover":"woodland","source":"generated","method":"jittered grid inside mapped woodland polygons","decorative":true,"surveyed":false,"confidence":"none","order":2954},"geometry":{"type":"Point","coordinates":[-77.0924626,38.7052903]}},{"type":"Feature","properties":{"sprite":"tree-pine","scale":0.94,"cover":"woodland","source":"generated","method":"jittered grid inside mapped woodland polygons","decorative":true,"surveyed":false,"confidence":"none","order":2955},"geometry":{"type":"Point","coordinates":[-77.0943916,38.7052804]}},{"type":"Feature","properties":{"sprite":"tree-pine","scale":1.15,"cover":"woodland","source":"generated","method":"jittered grid inside mapped woodland polygons","decorative":true,"surveyed":false,"confidence":"none","order":2956},"geometry":{"type":"Point","coordinates":[-77.0910452,38.7052553]}},{"type":"Feature","properties":{"sprite":"tree-shrub","scale":1.17,"cover":"woodland","source":"generated","method":"jittered grid inside mapped woodland polygons","decorative":true,"surveyed":false,"confidence":"none","order":2957},"geometry":{"type":"Point","coordinates":[-77.09171,38.7052501]}},{"type":"Feature","properties":{"sprite":"tree-oak","scale":0.98,"cover":"woodland","source":"generated","method":"jittered grid inside mapped woodland polygons","decorative":true,"surveyed":false,"confidence":"none","order":2958},"geometry":{"type":"Point","coordinates":[-77.0950995,38.7052368]}},{"type":"Feature","properties":{"sprite":"tree-oak","scale":0.94,"cover":"woodland","source":"generated","method":"jittered grid inside mapped woodland polygons","decorative":true,"surveyed":false,"confidence":"none","order":2959},"geometry":{"type":"Point","coordinates":[-77.0907036,38.7052367]}},{"type":"Feature","properties":{"sprite":"tree-pine","scale":1.07,"cover":"woodland","source":"generated","method":"jittered grid inside mapped woodland polygons","decorative":true,"surveyed":false,"confidence":"none","order":2960},"geometry":{"type":"Point","coordinates":[-77.090565,38.7052251]}},{"type":"Feature","properties":{"sprite":"tree-elm","scale":0.98,"cover":"woodland","source":"generated","method":"jittered grid inside mapped woodland polygons","decorative":true,"surveyed":false,"confidence":"none","order":2961},"geometry":{"type":"Point","coordinates":[-77.0913865,38.7051561]}},{"type":"Feature","properties":{"sprite":"tree-oak","scale":1.05,"cover":"woodland","source":"generated","method":"jittered grid inside mapped woodland polygons","decorative":true,"surveyed":false,"confidence":"none","order":2962},"geometry":{"type":"Point","coordinates":[-77.0950139,38.7050739]}},{"type":"Feature","properties":{"sprite":"tree-oak","scale":0.87,"cover":"woodland","source":"generated","method":"jittered grid inside mapped woodland polygons","decorative":true,"surveyed":false,"confidence":"none","order":2963},"geometry":{"type":"Point","coordinates":[-77.0909346,38.7050664]}},{"type":"Feature","properties":{"sprite":"tree-pine","scale":0.9,"cover":"woodland","source":"generated","method":"jittered grid inside mapped woodland polygons","decorative":true,"surveyed":false,"confidence":"none","order":2964},"geometry":{"type":"Point","coordinates":[-77.0920203,38.7050496]}},{"type":"Feature","properties":{"sprite":"tree-pine","scale":0.89,"cover":"woodland","source":"generated","method":"jittered grid inside mapped woodland polygons","decorative":true,"surveyed":false,"confidence":"none","order":2965},"geometry":{"type":"Point","coordinates":[-77.0918427,38.7050411]}},{"type":"Feature","properties":{"sprite":"tree-oak","scale":1.06,"cover":"woodland","source":"generated","method":"jittered grid inside mapped woodland polygons","decorative":true,"surveyed":false,"confidence":"none","order":2966},"geometry":{"type":"Point","coordinates":[-77.0910304,38.7050262]}},{"type":"Feature","properties":{"sprite":"tree-elm","scale":1.1,"cover":"woodland","source":"generated","method":"jittered grid inside mapped woodland polygons","decorative":true,"surveyed":false,"confidence":"none","order":2967},"geometry":{"type":"Point","coordinates":[-77.0907115,38.7050215]}},{"type":"Feature","properties":{"sprite":"tree-shrub","scale":1.2,"cover":"woodland","source":"generated","method":"jittered grid inside mapped woodland polygons","decorative":true,"surveyed":false,"confidence":"none","order":2968},"geometry":{"type":"Point","coordinates":[-77.0902637,38.7049858]}},{"type":"Feature","properties":{"sprite":"tree-oak","scale":1.12,"cover":"woodland","source":"generated","method":"jittered grid inside mapped woodland polygons","decorative":true,"surveyed":false,"confidence":"none","order":2969},"geometry":{"type":"Point","coordinates":[-77.0913061,38.7049649]}},{"type":"Feature","properties":{"sprite":"tree-oak","scale":1.13,"cover":"woodland","source":"generated","method":"jittered grid inside mapped woodland polygons","decorative":true,"surveyed":false,"confidence":"none","order":2970},"geometry":{"type":"Point","coordinates":[-77.0903233,38.7049641]}},{"type":"Feature","properties":{"sprite":"tree-shrub","scale":0.78,"cover":"woodland","source":"generated","method":"jittered grid inside mapped woodland polygons","decorative":true,"surveyed":false,"confidence":"none","order":2971},"geometry":{"type":"Point","coordinates":[-77.0916243,38.7049389]}},{"type":"Feature","properties":{"sprite":"tree-oak","scale":1.21,"cover":"woodland","source":"generated","method":"jittered grid inside mapped woodland polygons","decorative":true,"surveyed":false,"confidence":"none","order":2972},"geometry":{"type":"Point","coordinates":[-77.0897638,38.704876]}},{"type":"Feature","properties":{"sprite":"tree-shrub","scale":0.93,"cover":"woodland","source":"generated","method":"jittered grid inside mapped woodland polygons","decorative":true,"surveyed":false,"confidence":"none","order":2973},"geometry":{"type":"Point","coordinates":[-77.091362,38.7048749]}},{"type":"Feature","properties":{"sprite":"tree-shrub","scale":1.04,"cover":"woodland","source":"generated","method":"jittered grid inside mapped woodland polygons","decorative":true,"surveyed":false,"confidence":"none","order":2974},"geometry":{"type":"Point","coordinates":[-77.0901096,38.7048544]}},{"type":"Feature","properties":{"sprite":"tree-shrub","scale":1.04,"cover":"woodland","source":"generated","method":"jittered grid inside mapped woodland polygons","decorative":true,"surveyed":false,"confidence":"none","order":2975},"geometry":{"type":"Point","coordinates":[-77.0902294,38.7048417]}},{"type":"Feature","properties":{"sprite":"tree-oak","scale":1.19,"cover":"woodland","source":"generated","method":"jittered grid inside mapped woodland polygons","decorative":true,"surveyed":false,"confidence":"none","order":2976},"geometry":{"type":"Point","coordinates":[-77.090986,38.7048336]}},{"type":"Feature","properties":{"sprite":"tree-oak","scale":1.21,"cover":"woodland","source":"generated","method":"jittered grid inside mapped woodland polygons","decorative":true,"surveyed":false,"confidence":"none","order":2977},"geometry":{"type":"Point","coordinates":[-77.091109,38.7048268]}},{"type":"Feature","properties":{"sprite":"tree-shrub","scale":0.8,"cover":"woodland","source":"generated","method":"jittered grid inside mapped woodland polygons","decorative":true,"surveyed":false,"confidence":"none","order":2978},"geometry":{"type":"Point","coordinates":[-77.0895955,38.7047928]}},{"type":"Feature","properties":{"sprite":"tree-shrub","scale":0.88,"cover":"woodland","source":"generated","method":"jittered grid inside mapped woodland polygons","decorative":true,"surveyed":false,"confidence":"none","order":2979},"geometry":{"type":"Point","coordinates":[-77.091762,38.7047797]}},{"type":"Feature","properties":{"sprite":"tree-elm","scale":0.94,"cover":"woodland","source":"generated","method":"jittered grid inside mapped woodland polygons","decorative":true,"surveyed":false,"confidence":"none","order":2980},"geometry":{"type":"Point","coordinates":[-77.090426,38.7047567]}},{"type":"Feature","properties":{"sprite":"tree-oak","scale":0.9,"cover":"woodland","source":"generated","method":"jittered grid inside mapped woodland polygons","decorative":true,"surveyed":false,"confidence":"none","order":2981},"geometry":{"type":"Point","coordinates":[-77.0908997,38.7046798]}},{"type":"Feature","properties":{"sprite":"tree-pine","scale":1.02,"cover":"woodland","source":"generated","method":"jittered grid inside mapped woodland polygons","decorative":true,"surveyed":false,"confidence":"none","order":2982},"geometry":{"type":"Point","coordinates":[-77.089653,38.7046657]}},{"type":"Feature","properties":{"sprite":"tree-pine","scale":1.09,"cover":"woodland","source":"generated","method":"jittered grid inside mapped woodland polygons","decorative":true,"surveyed":false,"confidence":"none","order":2983},"geometry":{"type":"Point","coordinates":[-77.0900758,38.7046633]}},{"type":"Feature","properties":{"sprite":"tree-pine","scale":0.96,"cover":"woodland","source":"generated","method":"jittered grid inside mapped woodland polygons","decorative":true,"surveyed":false,"confidence":"none","order":2984},"geometry":{"type":"Point","coordinates":[-77.091504,38.7046313]}},{"type":"Feature","properties":{"sprite":"tree-pine","scale":1.02,"cover":"woodland","source":"generated","method":"jittered grid inside mapped woodland polygons","decorative":true,"surveyed":false,"confidence":"none","order":2985},"geometry":{"type":"Point","coordinates":[-77.0899915,38.704617]}},{"type":"Feature","properties":{"sprite":"tree-oak","scale":0.88,"cover":"woodland","source":"generated","method":"jittered grid inside mapped woodland polygons","decorative":true,"surveyed":false,"confidence":"none","order":2986},"geometry":{"type":"Point","coordinates":[-77.0904464,38.7045957]}},{"type":"Feature","properties":{"sprite":"tree-elm","scale":0.83,"cover":"woodland","source":"generated","method":"jittered grid inside mapped woodland polygons","decorative":true,"surveyed":false,"confidence":"none","order":2987},"geometry":{"type":"Point","coordinates":[-77.0906569,38.7045734]}},{"type":"Feature","properties":{"sprite":"tree-elm","scale":1.14,"cover":"woodland","source":"generated","method":"jittered grid inside mapped woodland polygons","decorative":true,"surveyed":false,"confidence":"none","order":2988},"geometry":{"type":"Point","coordinates":[-77.0910861,38.7045583]}},{"type":"Feature","properties":{"sprite":"tree-oak","scale":1.12,"cover":"woodland","source":"generated","method":"jittered grid inside mapped woodland polygons","decorative":true,"surveyed":false,"confidence":"none","order":2989},"geometry":{"type":"Point","coordinates":[-77.0910257,38.7045151]}},{"type":"Feature","properties":{"sprite":"tree-elm","scale":1.14,"cover":"woodland","source":"generated","method":"jittered grid inside mapped woodland polygons","decorative":true,"surveyed":false,"confidence":"none","order":2990},"geometry":{"type":"Point","coordinates":[-77.0905989,38.7044902]}},{"type":"Feature","properties":{"sprite":"tree-oak","scale":0.9,"cover":"woodland","source":"generated","method":"jittered grid inside mapped woodland polygons","decorative":true,"surveyed":false,"confidence":"none","order":2991},"geometry":{"type":"Point","coordinates":[-77.090739,38.7044229]}},{"type":"Feature","properties":{"sprite":"tree-oak","scale":1.11,"cover":"woodland","source":"generated","method":"jittered grid inside mapped woodland polygons","decorative":true,"surveyed":false,"confidence":"none","order":2992},"geometry":{"type":"Point","coordinates":[-77.0902011,38.7044021]}},{"type":"Feature","properties":{"sprite":"tree-shrub","scale":0.92,"cover":"woodland","source":"generated","method":"jittered grid inside mapped woodland polygons","decorative":true,"surveyed":false,"confidence":"none","order":2993},"geometry":{"type":"Point","coordinates":[-77.0903792,38.7042927]}},{"type":"Feature","properties":{"sprite":"tree-pine","scale":1.17,"cover":"woodland","source":"generated","method":"jittered grid inside mapped woodland polygons","decorative":true,"surveyed":false,"confidence":"none","order":2994},"geometry":{"type":"Point","coordinates":[-77.0908244,38.7038604]}},{"type":"Feature","properties":{"sprite":"tree-oak","scale":1.06,"cover":"recreation","source":"generated","method":"jittered grid inside mapped recreation polygons","decorative":true,"surveyed":false,"confidence":"none","order":2995},"geometry":{"type":"Point","coordinates":[-77.0977132,38.7026486]}},{"type":"Feature","properties":{"sprite":"tree-oak","scale":1.18,"cover":"park","source":"generated","method":"jittered grid inside mapped park polygons","decorative":true,"surveyed":false,"confidence":"none","order":2996},"geometry":{"type":"Point","coordinates":[-77.0972646,38.7019054]}},{"type":"Feature","properties":{"sprite":"tree-elm","scale":1.11,"cover":"park","source":"generated","method":"jittered grid inside mapped park polygons","decorative":true,"surveyed":false,"confidence":"none","order":2997},"geometry":{"type":"Point","coordinates":[-77.0972655,38.7009365]}},{"type":"Feature","properties":{"sprite":"tree-elm","scale":1.19,"cover":"park","source":"generated","method":"jittered grid inside mapped park polygons","decorative":true,"surveyed":false,"confidence":"none","order":2998},"geometry":{"type":"Point","coordinates":[-77.0963591,38.7007808]}},{"type":"Feature","properties":{"sprite":"tree-oak","scale":1.14,"cover":"park","source":"generated","method":"jittered grid inside mapped park polygons","decorative":true,"surveyed":false,"confidence":"none","order":2999},"geometry":{"type":"Point","coordinates":[-77.0968662,38.7007166]}}]}